-0.04119702105583331 0.03329854569939856 0.3870496767769348 -0.014496691168342919 -0.17738058391345482 0.026019740830283376 0.021703970279281816 0.012800165454663849 -0.08466246172367932 -0.061012787308818074 -0.04496090898758777 -0.0035113635494595304 -0.12090974869067951 0.11864346652779695 -0.048278231675419135 -0.7377174688776378 0.005090127316050973 0.18428052356437866 -0.023267795008048882 0.17743524064094182 0.055250310277672986 0.08838847191341688 -0.1080272131933788 0.015859156633495665 0.357987342861153 0.010284403466664798 -0.09043722751094 0.031420049098366064
-0.04097896798406413 0.03143515626782673 0.3869817548316752 -0.012965653766526242 -0.18157650905091027 0.023937828587103208 0.02278788767393047 0.013157979749462305 -0.08469962616337082 -0.062079302422726905 -0.04285295377710746 -0.00586808960620128 -0.11798331083083433 0.11716673644212433 -0.04438634681592936 -0.7374860939643397 0.004310213930806453 0.18808607413066442 -0.02388882036268066 0.17736547415484746 0.05663802959993403 0.08615052483357649 -0.10558385431543398 0.013810013330492263 0.35802944754051846 0.010569255913887389 -0.09036981935370657 0.030254747216651817
-0.042355007460802827 0.03562477919584209 0.38750936673450637 -0.013043207417865983 -0.1776468013205382 0.0300461666353525 0.021511633199372614 0.013146062888020966 -0.0824796082252176 -0.060975357701415434 -0.04378776993747486 -0.0028489790646417856 -0.1224152525160295 0.12193049630637569 -0.05280137825279725 -0.7375661605222908 0.004385115050601336 0.18315935305032544 -0.023901423044613894 0.1732736852568684 0.05503265752479964 0.08706955423835468 -0.11108180133657565 0.01808007608420039 0.3577734802532496 0.010570350573961225 -0.08841823229739482 0.03235850225882782
-0.04038534830438212 0.03319203342977386 0.3849432920523714 -0.01722171999200391 -0.19115897253017047 0.0362451119811824 0.02451286946020782 0.013198546889403305 -0.0838224171407144 -0.06238128512863096 -0.04153768651458077 0.0023425134490591506 -0.1330806445163477 0.11674092684573259 -0.048087309215223584 -0.7335389425852437 0.008782625120131574 0.19068512185930367 -0.02388239472042472 0.17556543469671024 0.057012568109678634 0.08449166694001184 -0.10655264804496557 0.015821552946525604 0.3562142355706525 0.010536804962526864 -0.08939419946786031 0.031050767498452873
-0.04225793446969365 0.03514583320327422 0.3890880389929072 -0.011518452525478942 -0.1730651274472718 0.02541409468310931 0.02012027185409159 0.01316226811750466 -0.08220898710482767 -0.061850931976846345 -0.04140512024943197 -0.0034246930886128336 -0.1187393564030679 0.12185411528874421 -0.05128114997650523 -0.740181180534657 0.00356942724683617 0.1773515434338282 -0.02382476438670823 0.1729143175243982 0.05570827390203169 0.08432856107429527 -0.11119527998895747 0.017039370283266377 0.3588204981103214 0.010484847585697923 -0.08836035733747014 0.0324597679242648
-0.041316830149579875 0.04184773454763978 0.38417862590528895 -0.01513202162654593 -0.18693187840952846 0.028625778428392947 0.022959890706418476 0.01378973616783777 -0.08144121873775324 -0.06589045854772502 -0.0477291590030706 -0.002420119485289682 -0.10219466666899932 0.1189573958196017 -0.06510768803307984 -0.7358343797322229 0.006305144191496653 0.19200571768966546 -0.024994071639587504 0.1711226477932368 0.05990402341719482 0.0916620625603825 -0.10798850102635174 0.024050551905926656 0.35908737935952445 0.010991065322720915 -0.0872374110973333 0.03124585402940441
-0.04208870368948711 0.03493457661490719 0.38765735472587814 -0.013506879198756297 -0.17860797554751254 0.03275427623759666 0.0216898747171748 0.013394955854525234 -0.08140489193694378 -0.0613989001647817 -0.04302518545633382 -0.001193388661456609 -0.12334126104467594 0.1211439949597709 -0.051451850885913954 -0.7380574032991439 0.004448164501262745 0.1824813522178214 -0.02438042459454463 0.17147438418589894 0.05558484601322182 0.08634229371090889 -0.1102711856179455 0.017406591201907688 0.3581293502198042 0.010794555678950024 -0.08765699078249131 0.032068783489820195
-0.04153857025462735 0.03304576173148096 0.3869731262326422 -0.012230924436049844 -0.18026231064658443 0.02816141434392957 0.02206851362603885 0.013399516658046392 -0.08408880907412192 -0.06219571896791546 -0.04173004245818416 -0.0032685163747300265 -0.12077793282747694 0.11962823617869568 -0.04789592045072717 -0.737437937548387 0.0033066093889374546 0.18424188499281072 -0.024539294869365513 0.17654793832403462 0.056359275376308124 0.0858490391297552 -0.10903821990662892 0.015686459625641285 0.3577102753099101 0.01096574153471073 -0.09019992025979275 0.03178413836458304
-0.044608205369566396 0.028988528875608998 0.3880336199115438 -0.011656303250498925 -0.184751187330569 0.005419277522210474 0.02195511785995527 0.012753740112908358 -0.0844883242610346 -0.06394611754695106 -0.04174909146928653 -0.0052083246273435 -0.11141101071872131 0.1282565068981668 -0.04051265546514267 -0.7358240805282605 0.0006378161175435909 0.18526493755075804 -0.023212253745025863 0.1771802322668549 0.05768896079762433 0.08639366962875025 -0.11676266555361291 0.012318366206093145 0.3556349678890259 0.010274601249926206 -0.09027407925413866 0.03398920233971705
-0.04567712355483691 0.029850581329473453 0.3866919515208706 -0.016435566715242954 -0.1853728350603275 0.0242145967159343 0.0230914611369816 0.0140210571202436 -0.08558083925751132 -0.0625550678011349 -0.04715886734808253 -0.005478291563023924 -0.1208234183142621 0.13184030628531646 -0.04217610555388427 -0.7320158668799481 0.0034531175035435236 0.19052528908898772 -0.025504939350125926 0.17692030737477557 0.05673269571607468 0.09026964904856748 -0.12101937037310241 0.013347942007774123 0.3530124420136231 0.011292756985031733 -0.08926825944852258 0.03573235449674027
-0.0534489926379884 0.0196236605699795 0.38463570317040724 -0.025609233327606236 -0.17171388309532637 0.00641327537903227 0.02093796741514005 0.014697883204284126 -0.09160342960783106 -0.07285152474076376 -0.04097873010242141 -0.016413016654123667 -0.07276495271525958 0.15362109383700281 -0.02277908451250857 -0.7306674145724131 0.011019547322602649 0.18955359270639277 -0.026769333520685328 0.19000410025692727 0.06661561153960953 0.08180543861678545 -0.14105943676727214 0.003997428240947325 0.35213119204938576 0.011932354848576162 -0.09611688312508737 0.041838461987383814
-0.04128869265603599 0.040402104730869456 0.384465646158415 -0.015715825707040637 -0.18679400483216055 0.02610491477411912 0.02267261229088843 0.0133032585867711 -0.08189917183071958 -0.06472358377517606 -0.047110076949564636 -0.00045308917952855006 -0.11222433271682684 0.11886978733002337 -0.06279934488844191 -0.7353373445375444 0.00652444989256331 0.19076413639159923 -0.02411398796643278 0.17239147181428136 0.0588216988897208 0.09047800848947135 -0.10789679540627564 0.023113909435774526 0.35839460188795214 0.010595956065558514 -0.08799688046735997 0.03120654739144536
-0.04786439354843812 0.033801670824579765 0.3847680535004873 -0.018325375025035798 -0.1870351745946411 0.025772691950704713 0.02326994333657402 0.014190951138918922 -0.08659284400839047 -0.0616572081132335 -0.05022565343158573 -0.004091249092991336 -0.11921549089584621 0.1389264922894751 -0.048954549564861546 -0.7286246291777255 0.0058413272257871 0.19176323418629304 -0.025853891548205388 0.17862805686423017 0.05611250902585181 0.09247372959609536 -0.1286315694450476 0.01622053556434584 0.3514777708833064 0.011478651369640682 -0.09007697901632945 0.038434638981015526
-0.04476851149522898 0.02982711648374046 0.3890400738469722 -0.01225526454031872 -0.17686035700748146 0.00664536650428091 0.020462310501178776 0.01297768834902954 -0.0860310675584487 -0.06306914246061525 -0.041685373359368325 -0.005416106573829373 -0.11584280872704668 0.12962876951868288 -0.04221491640612684 -0.736815965487745 0.000947673734638723 0.17766420027005977 -0.023711352604164956 0.1799850382304795 0.05665334200405922 0.08636836336329676 -0.11893458189969766 0.013207082288284105 0.3555427991393003 0.010550994339609559 -0.0915969922395891 0.03493555983184132
-0.04300649268715801 0.03627610722913833 0.3865329613528875 -0.014812692313748594 -0.1807908190456299 0.03004164731262674 0.02233099922715724 0.013608034655075877 -0.08314166123773635 -0.061600062507654194 -0.044082003017581514 -0.003405631326120402 -0.12043380001762909 0.1237650790529404 -0.05439916689377231 -0.7357267006667056 0.007022382522878315 0.18587735555977206 -0.024835095053066716 0.17456684502904343 0.055853789051489106 0.08785715410232327 -0.11296824728043131 0.018971186437082326 0.3569496212959883 0.011053690502759624 -0.0890048298224694 0.0330332682946281
-0.040203303546288524 0.03346524056358522 0.38461780220708547 -0.018582248526478266 -0.1945857993142094 0.03394125429138979 0.025441278243346046 0.013228689222490615 -0.0843909949365381 -0.06198984833798492 -0.03959107458681613 0.0016368347386090446 -0.1341492704074596 0.11657092974604102 -0.04851613754148187 -0.7323590850428058 0.010154216191124037 0.19321609339997073 -0.023945460927635037 0.17664979090847946 0.05660476173102971 0.08264826968460105 -0.10677038171054595 0.01602183546738593 0.35531187701452455 0.010571108675097092 -0.08991752304020076 0.03126600802205822
-0.04193965133892486 0.029984157653137705 0.38590654500935706 -0.01158106871299947 -0.1765029787387941 0.04476866467055797 0.02121616828904632 0.013032279705919742 -0.0849644514891454 -0.06389675512376145 -0.0431326806938034 0.002249265437739914 -0.1423409526828957 0.1203309061803434 -0.04224995770754196 -0.7345506803998849 0.0034077412423546387 0.18294101743864616 -0.02346535030387044 0.17738511674324825 0.05877581507355569 0.0877458633433656 -0.1094008469629615 0.013317649892810651 0.35665536561518774 0.010283715207003075 -0.09017085101824765 0.03185123130178617
-0.04372099738416938 0.041465883226732794 0.3863419269370869 -0.02811701380080233 -0.18801039368773473 0.0403464003730119 0.025357615018349294 0.012185992355645964 -0.0835571193033856 -0.06222771167751169 -0.042023371103640225 -0.0010174435091597866 -0.11721068113594375 0.12389463156503926 -0.06408804193650283 -0.7322773578481132 0.01413627187979892 0.19998827677336978 -0.0221399858025064 0.1724544831529239 0.055722193554355225 0.08327277782175989 -0.11112947823398936 0.02372077224328639 0.3528796016849202 0.009778394082778611 -0.08653871639167567 0.03190989310621855
-0.049389022414583476 0.026241578504612985 0.3879876699798171 -0.014743961417616346 -0.16430427306511647 0.029024566658810216 0.017767765290533987 0.014558919367557167 -0.09164908605550816 -0.06330901133367897 -0.05831747101533472 -0.007973503092778644 -0.10444816388329833 0.14323493968786477 -0.035516653183229316 -0.7348110760378208 0.0005751563329907193 0.16062841903829106 -0.026495380376904378 0.18826687204663256 0.05717668576491172 0.10047226085595286 -0.13283203151708875 0.010284915210210618 0.3542701257929434 0.011798112603364124 -0.09461321896188762 0.039842311588388864
-0.04098038756667606 0.03324342022629011 0.385420104243887 -0.02124607310678886 -0.18955358785987728 0.03746792495023144 0.02378382925296503 0.013800767991713777 -0.08455468204820533 -0.06264734453028836 -0.04168736922240641 0.002500157919570559 -0.1292683155857387 0.119470377724876 -0.047865599959834956 -0.7340968479767871 0.011518208393444949 0.1841253764498209 -0.025072428868037924 0.17733835124628164 0.05713476753108359 0.08422703260370179 -0.11011832023670338 0.01566445626939887 0.35630917146429275 0.011163875450247144 -0.09031232890852313 0.03247064680022491
-0.04152619932985531 0.0334690054669203 0.3868330891372021 -0.017548060826795085 -0.17654627544009432 0.02272591354870351 0.02162468405227475 0.012845685995400594 -0.08437995920161624 -0.06192027958912828 -0.045317824895052684 -0.002998242279861458 -0.11896027243006531 0.1195339676735267 -0.04851767841019209 -0.7376553842264754 0.008056290364000195 0.1850851118658878 -0.023340569525427124 0.1770940660449794 0.056045056035019844 0.08862722334110654 -0.10888636142451916 0.015931954834197477 0.3582383915176978 0.01031184447927682 -0.09034777882210139 0.03171120822841723
-0.04253957441250274 0.03286893710730804 0.388926045960248 -0.012442736555774186 -0.1765932148130516 0.026889159124242067 0.021432724919110056 0.014064327339408284 -0.0821519380126474 -0.0629248740961803 -0.03760081780172511 -0.0003961939377930538 -0.11580301130140074 0.12177441255012024 -0.046793810025398196 -0.7395831116920611 0.0029897699799982633 0.18289674751539878 -0.02572282759363474 0.17292815715899915 0.05729439046687438 0.08138480800356405 -0.11016270647540942 0.014917296960847832 0.35824481758951976 0.01147213898345759 -0.08844037245472705 0.0317586902465908
-0.039013929995248366 0.03735772690681902 0.3896725047147318 -0.01642575063184538 -0.17628263852754428 0.03549683660208812 0.02107176829108605 0.013785133068359183 -0.07971653114340929 -0.059620117662125 -0.039457324026646624 -0.0011734316554866556 -0.12143379153834805 0.11262264418789576 -0.05619436231454412 -0.7419830029473135 0.008080064275345978 0.1778473165946747 -0.02517210444462231 0.16783738566973233 0.053874334838177586 0.08331270362168458 -0.10236948015136389 0.019743414289556827 0.3602932520988515 0.01121758022949744 -0.08590306639280726 0.02961273194984419
-0.05354400355833493 0.018744657987779596 0.38493106988494946 -0.02563312237888858 -0.1703536423905355 0.005978139774218179 0.020687400033153253 0.01484204773421193 -0.09130708950160649 -0.07323987545763963 -0.040168328211044206 -0.016696843041595986 -0.07483172529642684 0.1537951913035676 -0.0212058508095338 -0.7310892548123756 0.011061734888866763 0.188291235185243 -0.027035541256772332 0.18960292792673492 0.06698316955030487 0.08097458348653305 -0.14111940194075578 0.0032624293711162045 0.35231483682724707 0.012055971046525154 -0.09599601153765207 0.0418286216216398
-0.04248042815420544 0.03445982154338045 0.3858083459494205 -0.011419191771424229 -0.17215994058570386 0.03180297003171973 0.019543629766606358 0.014000254868010785 -0.08435413195133212 -0.061034137558832906 -0.04357789425589869 -8.520561106248206e-05 -0.12827728881415432 0.12113571825642508 -0.050641777872563444 -0.7385821030462145 0.002307148328362933 0.17629653087264008 -0.025957037141020843 0.1773683297174048 0.05534279219686309 0.08768917052536238 -0.10929050390853268 0.01699076608156245 0.35958229378580553 0.011814871085481923 -0.0907284576591393 0.03144980843588085
-0.036587406177371294 0.03916799617608255 0.389833507759203 -0.009727676032467205 -0.18224489552510223 0.03936414849214262 0.02342621981682004 0.012849239797228107 -0.08484801583536772 -0.0599597285160935 -0.028526671136609446 0.0035208797927418723 -0.10868545506976424 0.10534293172753748 -0.061007509170220284 -0.7410169342176293 -0.0005996925272505085 0.18776390794719003 -0.023331735427797214 0.17680484885212927 0.05424468449591307 0.0703468523844294 -0.09521850081727368 0.022397700299487545 0.3588561104425643 0.010367624971380213 -0.08987564062912223 0.02730259566419436
-0.05627753789390043 0.039989707860128045 0.3870554367091197 -0.025646809130454435 -0.16207823695545 0.048542539885127294 0.017802819413708048 0.015521940204223275 -0.08776391260210571 -0.058348248509481566 -0.06025718447925735 -0.007772967629837371 -0.08617762328256846 0.16239294701854093 -0.06290084599790313 -0.7312564696753187 0.008819469392696443 0.15607108613788934 -0.028440233736510848 0.1813563761895568 0.053207951008633306 0.1006462332575504 -0.15087577133873895 0.023419227438565324 0.35109553637152124 0.012676783079236953 -0.09153988826479412 0.045556994920957744
-0.04191410440296442 0.033190011600968565 0.38378540101590347 -0.012640858222662437 -0.1922299621509631 0.036199438539029176 0.024786778222742712 0.01249973371917336 -0.08289522140651522 -0.0626035021580204 -0.045687045138551444 0.0004817586972763396 -0.14247933120981646 0.12250492910363582 -0.04844289499594636 -0.7315661694881823 0.003612587205557733 0.18586587556664444 -0.02239931923153566 0.17293228748662448 0.057169359681845965 0.08849512033865024 -0.11346497775371811 0.016122975944297496 0.3560917165426257 0.009774101430548472 -0.08774307175701553 0.03375100102154192
-0.04351770459910838 0.03630368149941106 0.38695360457189243 -0.01540763554288321 -0.17711705295764077 0.026173528095411083 0.021359904673342006 0.012836190189718039 -0.08315864734247615 -0.06194555387961721 -0.04459399555758692 -0.0036579892590175773 -0.12300325629747597 0.12503588969249008 -0.05400661398202784 -0.7365281039663641 0.006675817404147566 0.1820682223203484 -0.023355032677837985 0.1748217705119737 0.056022581673329186 0.08768819219964029 -0.11383263802805174 0.018636192792079065 0.3572377564198685 0.010330540962618318 -0.08928573844857253 0.03317493068324585
-0.044802308201349034 0.04037448585821937 0.38505851814721453 -0.031927025735243544 -0.18360827225943605 0.0397361341741537 0.02457620904291647 0.011435455792635125 -0.08481220419018642 -0.061800696924834 -0.05702048171344849 -0.0041608590009400235 -0.12221670336251016 0.12642825921226225 -0.061134806411205 -0.7299311143473157 0.016763802113821502 0.1987139008104424 -0.021137750683991353 0.17412612210808517 0.05520742338416726 0.09922926920789331 -0.11300572462908862 0.02198608507737127 0.3520184230196159 0.009504731378597867 -0.0870390598330493 0.03228751617265534
-0.04275611638162115 0.029830847104461905 0.38479314990390606 -0.014031244121512446 -0.19804115932108443 0.028740312108669456 0.025782018978911088 0.013203569169478454 -0.08447488493253877 -0.061063304671357004 -0.03916600206089033 0.0026047048164517445 -0.12548635386818058 0.12166053850662319 -0.04146144456614783 -0.7328508347509776 0.005416959090763229 0.19216724175575617 -0.023786014390117752 0.17638106292921069 0.05598263999687876 0.08184450139764683 -0.10959490360790425 0.012566862787719334 0.3558538367072467 0.010407659548593113 -0.08956310897369142 0.031528067091262775
-0.046621517615748 0.027794715862384307 0.38553641638508723 -0.014404969901784137 -0.18585019451331405 0.035556774310402973 0.02329032714069205 0.013876739003703762 -0.08770808561297246 -0.061473552531345205 -0.04591204600586802 -0.00155570127224621 -0.12516219067820214 0.13521509818070762 -0.03789857755235509 -0.7294328193252213 0.0018359579446228656 0.19190576899718345 -0.025303764742960658 0.18131728623726076 0.05554944129938664 0.0889381965198379 -0.12491689779491384 0.011120535552165899 0.3516614033555304 0.011220561397336373 -0.0915595081483079 0.037193190464626366
-0.039913224104821565 0.01810806484605362 0.3744445573697293 -0.0061681510221625315 -0.21599994138974157 -0.024122733883732216 0.030088618143331552 0.01098713621062736 -0.09696363152705506 -0.059717988542046706 -0.05465972548478344 0.014018542767238285 -0.16099911991047852 0.11550292456939418 -0.0195292549414487 -0.7192147926190721 -0.0018002417934591239 0.19243150916359128 -0.0196886190631005 0.2030326199618441 0.05523759395325923 0.08988639761542185 -0.104911758969956 0.0022322508295893164 0.35198730712238474 0.008519757382634614 -0.10409798697346534 0.030227881066437364
-0.05397356498713483 0.024224625399826 0.38574389121929875 -0.024110080298867707 -0.17318456881021072 0.029744741465408373 0.021129529367129436 0.014117722315177599 -0.08661964981930073 -0.07189629285728082 -0.03465740982586222 -0.011575465992837583 -0.08059073909435242 0.1545581765268386 -0.03166573704164385 -0.7320810788003609 0.010343347271353005 0.18718198096914818 -0.025481658645907408 0.18206039803364302 0.06576337030794102 0.07642588075618152 -0.14170894709037019 0.008273737184357045 0.35281300122323234 0.011219509465585892 -0.0929452057582761 0.04200682269574391
-0.05324777330506672 0.020164283419274655 0.38473053778947086 -0.026279641487882137 -0.1731832238646263 0.007162948351009879 0.021110859162410952 0.014866963574979972 -0.09183705722069523 -0.0735657085192996 -0.04075123666106548 -0.016372562483666735 -0.06949331843317677 0.15302703654388206 -0.0239819162618293 -0.7304304247074352 0.011580038786006983 0.19008439380525052 -0.02708331073466638 0.19041898400978205 0.06736080462712424 0.0815036912595738 -0.14046291883834092 0.004671063120320184 0.35195252939534005 0.01209282962779172 -0.09629916869787536 0.04162960471480717
-0.03203631399006365 0.015000337148852044 0.38478249150982136 -0.053389846490425566 -0.21929563814988343 -0.08797838477085483 0.03133556480761756 0.014084729843538406 -0.07302824541090856 -0.06165664530906113 -0.06684707907787098 0.042440843791670055 -0.16333733811354478 0.08995694770920269 -0.010190515641583816 -0.7229153100660645 0.04504338655521809 0.20781105233144007 -0.025589665166774026 0.15577994079139193 0.05517693867246075 0.10856680482478161 -0.07873511111023015 -0.003305443088679245 0.34600651789181297 0.01138737957125232 -0.08028557215325584 0.021667763481826467
-0.041727550303583605 0.033267158301337904 0.3870262133683845 -0.01782458852545465 -0.1753337119551725 0.02425147780266331 0.021454969595308914 0.012719587038800136 -0.08501348089273844 -0.06215370338968259 -0.04503172056757947 -0.004471552031045978 -0.11997871538263692 0.11984611280329681 -0.048261391649008424 -0.7374204093345229 0.008503918393487898 0.18427478427809257 -0.023141126049148086 0.17854916187048017 0.0562964540303506 0.08881161159186174 -0.10893362018026943 0.015860574264837744 0.3578337867978646 0.010236551652483702 -0.09115038910972845 0.031635607749690695
-0.04444954136949886 0.04088862376366548 0.3863343388969297 -0.02508862698653479 -0.1859721777482438 0.040610438043069165 0.02509033515911172 0.011938497644536914 -0.08340599916950599 -0.06196802993755227 -0.04229258326412584 -0.0012896609789593302 -0.11809739376150788 0.12619144168482802 -0.06285040156570137 -0.7326362737562672 0.01128469969162986 0.1982328525676731 -0.021555083693199657 0.17210444723023824 0.05541560642510561 0.08389722417676224 -0.11351315618342137 0.02307666438673506 0.35304767805890086 0.009458548963234906 -0.08636261478961715 0.032730794308302454
-0.03673955285578035 0.038992400529922804 0.3870957488868131 -0.004081257944520105 -0.198439267199181 0.007230494323337346 0.02417062931384053 0.012694218139291733 -0.07786551277717488 -0.06383475779797307 -0.0618688647942395 0.0007963609855708164 -0.10189285630751925 0.10655771695217596 -0.06026620036451445 -0.7357601530633068 -0.004001010440868908 0.19852167215755168 -0.022985985283489115 0.16402811985984514 0.05831840283332551 0.10392201277391404 -0.09667519164319581 0.021857819811295625 0.35725993202504325 0.010077569141723508 -0.08380515821967968 0.027777192165321738
-0.043755201316725 0.042118536218521234 0.38663941813587227 -0.02902291946937693 -0.18842483524659348 0.03847751500600035 0.0254270649930963 0.012035145201351335 -0.08353210217818464 -0.06297974298734743 -0.04186568128267427 -0.0009377837022053219 -0.1158607743731632 0.12378970077482779 -0.06529234598639956 -0.7323695099396274 0.015218213022207695 0.19918785651514584 -0.021864124050971483 0.17255828120901578 0.056493856867083116 0.08312798862174195 -0.11080501243234211 0.024290771513346514 0.35269201143043266 0.009649852821704009 -0.0866411733200338 0.031732877898072324
-0.05386789083478893 0.019091974379076677 0.3843311697428885 -0.024618743514535472 -0.1716301128265286 0.0049675258950535334 0.02091632634750457 0.014631079917513529 -0.09190422786423658 -0.07328370078922122 -0.041040236435822455 -0.016270124548675033 -0.07278548342471734 0.15498239336416944 -0.021611164560767736 -0.7301965936140314 0.00999570140846976 0.18917135629423062 -0.02665463424503668 0.1905756682576626 0.06705864039451237 0.08183692565993879 -0.142482947632113 0.003365785298315441 0.3520058773410535 0.011895198182514473 -0.09635171195378468 0.04232471343930595
-0.044679584462129475 0.030957749578838494 0.38950905280453757 -0.017536741803524138 -0.17359712902325933 0.02007423339605772 0.019375335612552416 0.013844740840745946 -0.08690666230799912 -0.06152416260155115 -0.03839403499063746 -0.005044376909046791 -0.11721976105316892 0.12918692931302184 -0.04417210459533126 -0.7378709221710776 0.005863012434351166 0.1722800207946472 -0.0254850451638894 0.18181801713373688 0.0552530994600223 0.08300271921128576 -0.11852536118032146 0.014028741487164823 0.3560040983307604 0.011472144337155947 -0.09245673663747447 0.034846659175809785
-0.04156036586648191 0.034653057087235914 0.3893573536282754 -0.010705432634276632 -0.17228680145490413 0.023087962934344668 0.020066092204186328 0.013358774105532427 -0.08287363173772433 -0.062311952303500805 -0.0419680468861846 -0.003918248136617584 -0.11861600202133617 0.11985082217511409 -0.05015709708539077 -0.7404716285113924 0.002946059928191691 0.17776282395999782 -0.02416891409058487 0.17392463843161737 0.05616259300243937 0.08494424155495636 -0.10932612007514032 0.01642461330458177 0.3588152839235357 0.01062922734119224 -0.08873168882956392 0.03189306477004863
-0.04515868050625756 0.028070095234602174 0.3852856035965244 -0.006943279919123709 -0.19064877518683673 0.0058595967381759205 0.023537980310212547 0.012022495823187134 -0.08748087311701609 -0.06502109228939396 -0.051552344536602845 -0.005076453369104813 -0.11086821959331036 0.1291439004533729 -0.03877713646496914 -0.7308636908582166 -0.0044124397088823415 0.19284686137909474 -0.021843231223081325 0.18311181380075733 0.058848944673040714 0.09543462306903656 -0.11686068701227433 0.011336274309110295 0.3534325500872197 0.009616528075159734 -0.0931760947634624 0.033751282424759124
-0.044251095891492113 0.037244654558699 0.3859611013122094 0.0015675299298827572 -0.16904786296146684 0.035288421899904776 0.020849588934301184 0.013984223324360796 -0.0905835057349708 -0.06297930735910919 -0.03772411238917753 0.0029644804800885004 -0.1277081810176245 0.1278144796362759 -0.05711424775792116 -0.7337888606513876 -0.00975263348842455 0.17857318968118668 -0.025614400378833377 0.18908403608681457 0.057670966809435176 0.08213394045511345 -0.11722343662653055 0.020738044233762472 0.355029895584864 0.01144831598346043 -0.09627673700716523 0.03454888156304888
-0.050351792290665304 0.030041451006383686 0.38142648802447554 -0.015559871218282015 -0.18604552060528423 0.016392867642420164 0.023761885704303574 0.013671061863911389 -0.09032387534542563 -0.06393737922224724 -0.04906274063855889 -0.0011184343455546467 -0.1495344977899753 0.14661739601373316 -0.04083203364763056 -0.722720475580049 -0.001452422814167439 0.18686251917161206 -0.024683429290372705 0.1867184713595626 0.05917144535159759 0.0890987483221154 -0.13614161663913502 0.011995387993013147 0.34862901243901273 0.010815137711702187 -0.09415112546660434 0.040766997987299554
-0.05493057781332162 0.014677830556764753 0.38369517489726906 -0.03249367574722216 -0.1543195069535942 0.0031851673145438897 0.01937551740912211 0.014184401778895536 -0.10209033935601057 -0.07102260738501666 -0.04067134242618709 -0.015790023716472697 -0.0864926591793901 0.16003442680455135 -0.013901766693558403 -0.726344495904063 0.014442149208794214 0.179287599152734 -0.026335714772637256 0.2098735123280855 0.06564231575316574 0.08092336426764335 -0.14935487675583511 0.000138923210238409 0.34970867205874245 0.012031492399132473 -0.10542941176101192 0.04519549241799979
-0.040590344981290875 0.03475766167358176 0.3890321819049776 -0.010402561115038681 -0.18063358923631406 0.029917348750584733 0.021844945330530913 0.013908966971161129 -0.08129924593632981 -0.06483927580478958 -0.03794038243891783 -0.000755789489432589 -0.12941617954937498 0.11643294925888296 -0.051194564258594276 -0.7380674054404252 0.0016073091328825417 0.18458626185624674 -0.025402194282322686 0.17153364268330382 0.05938596045459985 0.08117553834750971 -0.10521862577285215 0.017393276267300965 0.3566209152762399 0.011321249288659232 -0.08786331227869587 0.03020903022537354
-0.046766461084060046 0.031483500404259235 0.3895486208917808 -0.012047991518138863 -0.18502684692713925 -0.005298226580061507 0.022596745864660095 0.011390349931662483 -0.0856024426035037 -0.06023502013413345 -0.02297771592446258 -0.008913742607349024 -0.09860075059678065 0.13716298268774718 -0.04515408031399907 -0.7361463160628906 0.0014462245859478801 0.18383591789195358 -0.020630952267826727 0.1800971214753357 0.05361613498212663 0.06757013316873516 -0.1276443471567336 0.014470721176412925 0.3540691655453692 0.00909372651207626 -0.09204234997554403 0.03814178473792381
-0.04953125940364383 0.018591830926259247 0.38542589171489555 -0.020014124891467852 -0.17326192611987096 0.0012545705546884252 0.02224324751104048 0.01665547858409931 -0.09401365318806736 -0.07026530214632051 -0.025033750258580144 -0.021828591146390873 -0.07922618024027564 0.14269965966867562 -0.02209274985736926 -0.7333068723895144 0.008315483224354329 0.19549652098936351 -0.030441199744604405 0.19303363806782836 0.06373994289109824 0.0647931509912072 -0.1312549205962691 0.004248614866648301 0.35309617454084113 0.013643781016769285 -0.09665162347434968 0.0389840966380296
-0.041162677127201605 0.034346114991250544 0.3856479207087792 -0.019978887798253794 -0.18886227960491467 0.030876668325808168 0.02364967184715501 0.013442494571189316 -0.08473831603517248 -0.06254241866579033 -0.04304593478290918 0.0027595384735001733 -0.12574057196345176 0.11995949263383521 -0.05002495165900763 -0.7344423302283473 0.010148323448770933 0.1838151465994485 -0.024277214553865827 0.1775445803469467 0.057040866183691565 0.08608973149705781 -0.11050045250891341 0.016733395990953186 0.35649271656314124 0.01073566697153276 -0.09032303418974431 0.03255734538908361
-0.044521760236175184 0.03126008124272284 0.38597895115446434 -0.013197992552447243 -0.18486943039598736 0.029852195838733737 0.02306051074195404 0.014581431740804549 -0.0870017189409426 -0.06244427773797223 -0.048891903351017243 -0.01021571643039595 -0.1220521763303803 0.12760614651365756 -0.044802802663699015 -0.7318132886778782 0.00029714394577655287 0.19116010957333265 -0.026466199039646733 0.1796373777014156 0.05661326211475975 0.09192788526286758 -0.11602728208256394 0.01455156874508459 0.3536224247246898 0.011677126651283143 -0.0905626451088619 0.03382369282034394
-0.04935477430190649 0.026079551023334764 0.38842291686633934 -0.013435972750162731 -0.16246101880406735 0.03188213732593762 0.017575883367604003 0.014411013832767805 -0.09119166708133299 -0.06350693044369306 -0.06001869043205275 -0.008319251499969654 -0.10410787551171845 0.14297458531254373 -0.035212555004109095 -0.7353504897494917 -0.0006500980587550496 0.15945072211265574 -0.02619636758738045 0.18727472480751545 0.05737740890166928 0.10177240700873359 -0.1324153086381945 0.010147011692955383 0.35439666163466077 0.011650379885528769 -0.09407231401355545 0.03964293677800723
-0.03223918444898368 0.03869167899115161 0.39658149325231645 -0.0189339690396398 -0.1771088919687534 0.0032304563940785576 0.022564444516756342 0.01490422026081368 -0.062251627031288746 -0.053634707201892916 -0.060388527321687216 0.01935239071295623 -0.10878043133619614 0.09342049927759556 -0.06265188390239357 -0.7496957224460465 0.013339826451201263 0.18191984411383136 -0.027483295772728573 0.13503862099520886 0.04793663580964916 0.10503551660910872 -0.08378850057400734 0.024613769949460573 0.36259411137665626 0.01264439708119809 -0.07077315726877234 0.023509612391493274
-0.04062447148566704 0.03383839323310334 0.38685691819398127 -0.016425784333510253 -0.17730387721141658 0.026737788614920672 0.0214279278487505 0.012705982238543839 -0.08553615571286068 -0.060033511724579845 -0.046048071320302496 -0.003969392268313934 -0.12396029233059287 0.11700893460759319 -0.04971157375518273 -0.7372964683353954 0.007229392100883422 0.1833593758656506 -0.023032776682140255 0.17926832453704492 0.05429744646479615 0.08953096119718994 -0.10639289898424704 0.016740452282739574 0.3577703990480912 0.010145888216054312 -0.09140190577610094 0.030854294641936394
-0.0407864952118374 0.03555296865015076 0.3872686671108234 -0.009027657878347702 -0.16310742505511977 0.031643239115354445 0.01955224128808398 0.01509348337794619 -0.0851036625833203 -0.05238757070231523 -0.03749406031987405 0.007421998037814986 -0.10530090187939904 0.1179615843963059 -0.052946338698838434 -0.7429531827832797 -4.7373455805867695e-05 0.1804017145346768 -0.027923928551258092 0.17948766017217338 0.04620869228001503 0.0813426612352973 -0.10798212134154676 0.01777448386069153 0.36279231502159265 0.012735795254069366 -0.09226415832973205 0.03167217920674151
-0.04912957600297347 0.013155485953421224 0.3865267894369121 -0.03942525982901896 -0.15439160859440845 0.0037793457731749103 0.018142229758040918 0.013972951522858618 -0.10154801141483523 -0.07034311091868313 -0.04420304710690489 -0.01949983019677046 -0.10542793419160365 0.14257032005870404 -0.010917956942304623 -0.7301974812611746 0.020723686141894113 0.17647435703682693 -0.025918249584170588 0.20841332950623653 0.06527985726548075 0.08410372197352575 -0.1320280163682672 -0.0012453453399993355 0.3502557690041749 0.01181432931774048 -0.10443617518586434 0.039538287828913936
-0.056376465608584066 0.04023450086805879 0.3869736870238778 -0.024784635335028265 -0.16168141971707894 0.05041061524539954 0.017963087921291032 0.015505819339893008 -0.08886521299799367 -0.058395757397150985 -0.05922481524148332 -0.006434408464490326 -0.0829470460890961 0.16258605040494392 -0.06334064896000402 -0.7309393980616425 0.00797428387986521 0.15660633594058396 -0.028368702134134192 0.1836309708435942 0.053219360303487714 0.09934814333610709 -0.15101080409684928 0.02361206029965901 0.35089057341164437 0.012625101071245579 -0.09273062883343391 0.04559440167675281
-0.04394574084635358 0.03929785998160405 0.38540886835141275 -0.02937510350210315 -0.19591930056783965 0.036045923674038936 0.025937905998043857 0.011515665141223866 -0.08038834021609713 -0.06122379168858721 -0.052977885077457244 -0.0027099843213417713 -0.13434884621071172 0.12279293965613454 -0.05961182726367975 -0.7283239807078582 0.015439435012412501 0.2074827042102513 -0.02138450509736722 0.1658530042465882 0.05445054368227754 0.09771579096205352 -0.1085196341994762 0.02153462187904175 0.3500420133444733 0.009640209626084764 -0.08310890922803181 0.03059174323532504
-0.024989473737366555 0.026241785048585816 0.36372063195233356 -0.05554884361132233 -0.28698775170659685 0.04691714103337687 0.032452011916164314 0.011845303626436678 -0.08141585104501915 -0.07256489958696809 -0.10124760307677139 0.010301149331022323 -0.07176065247377535 0.07518818571111618 -0.03390521041503074 -0.6966940192201346 0.04125103284679588 0.2678293180378445 -0.02098336009083228 0.17445892334385968 0.06654103416264057 0.1407497939799639 -0.07162672977641997 0.00938035637128653 0.3396196360411686 0.009223453925374039 -0.09102201049114125 0.022066777950300372
-0.04453412606365096 0.02976941515499213 0.3894812921303688 -0.01417419666595065 -0.17615146603679877 0.021291569841811398 0.019971051911216002 0.013638310371474949 -0.08633999629135157 -0.06125058741701774 -0.039596962361244235 -0.003744902401977017 -0.11382997669556001 0.12878920569981167 -0.04177644937744374 -0.7379028463412858 0.002457026483865359 0.1742237764615158 -0.025093828336070486 0.18099041090532633 0.05506186929984912 0.08405636931222155 -0.11816522293100078 0.01282035773265598 0.35605988780787245 0.011287768546848563 -0.09221355429971655 0.03474424135374991
-0.04965348405514714 0.02022104274800853 0.38753808614014595 -0.030763948415286513 -0.17615136071899798 0.014174721724098966 0.02139180481049013 0.015005062322842036 -0.0883045320301841 -0.07486234905407714 -0.04889652947977432 -0.007138508902200284 -0.06479413747043587 0.14398324408067484 -0.021984481273239247 -0.7308156060923706 0.012933789153778928 0.19816293880230454 -0.027468975321743715 0.18530997514140624 0.06854697541001728 0.09059470933975518 -0.13261790370271576 0.002898388125084763 0.3508102155494688 0.012434800674846985 -0.09450033046301758 0.03933759589860532
-0.043438378563011956 0.03584490025935672 0.3869811091824902 -0.014603210043519022 -0.1810171885752644 0.035084681273787895 0.022428321438328423 0.014633140079158103 -0.08126098679331727 -0.061526597216267846 -0.044319351077975556 -0.0014653796045205091 -0.11846645416206432 0.12464243387907277 -0.0534142752343577 -0.736443927052523 0.006992281954851005 0.18603347741738516 -0.026967420522731184 0.1711254021361326 0.055682743291117574 0.08709348099052254 -0.11355145078680186 0.01835533499399999 0.357135315428203 0.012161281993647348 -0.0873922746373646 0.033183967309328544
-0.046386735877873446 0.04418679797084906 0.38585640563123486 -0.0316957388550966 -0.1840368384981719 0.02170754725452254 0.023332381821254623 0.012974090756836199 -0.08514281915286641 -0.06361306512797225 -0.03859177613786855 0.0007140818814323481 -0.11102531815993963 0.1313554254576272 -0.06990536055146307 -0.7319255714717813 0.01571067906197452 0.19516500379643756 -0.023706997070034184 0.17569918803361537 0.05663318344913886 0.08001409948844054 -0.11841006014464668 0.02682430330495171 0.3532252706727164 0.010541070820675052 -0.08832345633211035 0.03442895936636411
-0.04222603004396212 0.036164622565280836 0.38672761911487463 -0.016004391608124065 -0.17909524417525777 0.029527107858860837 0.02210722849235787 0.013710391372108097 -0.08307724881544275 -0.06174810689017389 -0.04494838221341215 -0.003783857674843551 -0.12441486020093082 0.12121912677703674 -0.054096859494326084 -0.7363400329402905 0.007582227738720697 0.18432933624885117 -0.024980349446169708 0.17443501515691953 0.056060074436041614 0.08898590794930587 -0.1102192033100344 0.018772952129435277 0.3573814860144585 0.011098809338617892 -0.08890982648959854 0.03205423692271166
-0.03896535305240021 0.039737975100378 0.38968214656558114 -0.012230429235742251 -0.1760378029533885 0.036072984588024395 0.020970579729187085 0.013931949886197639 -0.07958959160830709 -0.05998551370833388 -0.04067349720271369 -0.001683040371833761 -0.12004851814667591 0.1126520600226257 -0.060793132121256525 -0.7420558415867037 0.004313746494779223 0.17568203449796016 -0.02542402256324705 0.16763124516891176 0.05416134340340338 0.0846222655455693 -0.10247051226185983 0.021964757537278737 0.36036554459857467 0.011321058757726175 -0.08581976893802504 0.029642886260210544
-0.054829206153530916 0.023892227453025622 0.38669562902111904 -0.018734967670964366 -0.17202918808375162 0.013284164398741673 0.021026388681959857 0.013711185602633184 -0.0857907127685539 -0.07159279772857546 -0.035624892381578385 -0.01009829677487824 -0.06577142050113359 0.1566293470706488 -0.03096508634133539 -0.7333423114882613 0.005668505016815317 0.1880390554099464 -0.02459609435681481 0.1804273325766194 0.06573568293212642 0.07833143768485723 -0.1430047498030646 0.007828511254137893 0.3532231431760308 0.010741498526713456 -0.09218953777840085 0.04211140584338313
-0.04040898165130657 0.03100118478297321 0.38855741825453916 -0.0154247011305811 -0.18710770333039237 0.028185396310453668 0.02408070249360793 0.013700193705134978 -0.08330724031270288 -0.06301793244575118 -0.03937304445541348 0.0019412321166639979 -0.12033350647897495 0.11513737317631362 -0.04270231165168097 -0.7364634250465775 0.005675648245658913 0.19298143469120638 -0.02494738632873598 0.17446949077965362 0.057451503574421844 0.08323308369411916 -0.10344695405842402 0.01282141228599772 0.356193880007603 0.011089603414454556 -0.08897024050007289 0.02954838221604193
-0.04056417030962087 0.04146815935878667 0.38825049406015305 -0.038152114112318364 -0.18266902042025968 0.038963962378144645 0.023937793819417724 0.011920070860481403 -0.08877690181133403 -0.06260616836401081 -0.034380800716647786 0.0019821913128171328 -0.12048530475817419 0.1138706900761215 -0.06431041355086732 -0.7337267904057065 0.023063038718441765 0.19582551541914092 -0.021467752005095916 0.18237268896389433 0.05628122479075943 0.07634259416755557 -0.10040062236476731 0.023895395556664728 0.35275448052181146 0.009347813340223955 -0.09121763653878343 0.028066435808109393
-0.05728302880489473 0.022373500679655812 0.38411647934140564 -0.01836966127517402 -0.16544737483831587 -7.958417026651683e-05 0.0195403109365286 0.015467482774099229 -0.08929378913758781 -0.07264006552751263 -0.04396748274523564 -0.018554276105391104 -0.08190951371063049 0.16383646337608304 -0.027848035914854182 -0.7299833266930038 0.0032898494249884685 0.1839646859479568 -0.028171765374736906 0.18502897172948385 0.06630159736649319 0.08392589949241197 -0.14985578494900798 0.006350660052658936 0.3520379970478522 0.012595538676616972 -0.09350106319297115 0.044267176993791124
-0.05521700144252266 0.038801375791905734 0.3877229508833758 -0.026477537993646022 -0.1605508095385066 0.04963937034058414 0.0174289532758484 0.015577255872973109 -0.08786546326458433 -0.05722964607650241 -0.059862973064106983 -0.009301807244762773 -0.08909690487726701 0.15899776549873745 -0.06053290442649816 -0.73265347414235 0.009532961676978806 0.15516661866535522 -0.028468129059980727 0.18178589912729645 0.052141776776544545 0.09995604030719042 -0.1473620583739768 0.022219524800960632 0.35183706534663284 0.012660283089890038 -0.09185239634728286 0.04437281678769998
-0.04097535401937932 0.034676075914208355 0.3888371627658084 -0.007460070803899052 -0.17970054488671863 0.03558963801472903 0.021631635538027962 0.013980166425255498 -0.08278151900949339 -0.0650636775627911 -0.03895938870527289 0.00015492520796088266 -0.13543633471059574 0.11753075305725716 -0.05087869028607153 -0.7364400193940988 -0.0014861791217613532 0.18369338699406568 -0.025559865933983253 0.1743341421085197 0.05968710359022606 0.08199969175159455 -0.10628419219547704 0.017173677708470284 0.3553298752492659 0.0114142334734029 -0.08922567076599464 0.030555141660391902
-0.04747356851976606 0.0303392832244091 0.3878889440220485 -0.01647604293204415 -0.1687407920983536 0.03094675812899708 0.018584048806798995 0.013747317879564382 -0.09220285897544524 -0.06307018166826295 -0.05492953017735322 -0.006254701382563284 -0.10482899458716874 0.13734677178437976 -0.04309162562684273 -0.7344979544310701 0.0018107820375419142 0.16762143281698277 -0.024965999746936425 0.18933468254910893 0.057124188063005385 0.09683766100945296 -0.12677366714101745 0.013781058835944798 0.3540087892449877 0.011077750334951501 -0.09515178196843303 0.03776072920751478
-0.041890442538625366 0.032931265636918824 0.38425604775965344 -0.012167237047921798 -0.1922220611717465 0.034466996621500004 0.024542239699564265 0.01260425546281811 -0.0829569528958913 -0.062047125186065546 -0.0448412299801739 -0.0003716684616812661 -0.13970337171010747 0.12199120338584009 -0.04784781879620456 -0.7325645250259294 0.003187033192530524 0.18411300873046235 -0.022674580367923403 0.17311464455356984 0.056721452755224236 0.08795994347354028 -0.1125524186196937 0.01579602839145194 0.3566378164469361 0.009933816972196462 -0.08784970882234956 0.03332617798731362
-0.03825484574981306 0.032077478664877125 0.3835105472954872 -0.013733709705314474 -0.1985056851614838 0.04876055385949337 0.026207043763687658 0.012935371297039493 -0.08445317263349111 -0.06502583322605297 -0.02951886550827319 -0.003545515598844053 -0.1543139719896604 0.10938951318998558 -0.04620133846134081 -0.7300008271679468 0.005252113481915823 0.19830163252070293 -0.02378963699417583 0.17699054726370975 0.05883688371141384 0.07617241637290033 -0.09834709600282882 0.014920220912554256 0.3536527724980053 0.01067320327106611 -0.09038477762170585 0.028071938256315366
-0.04317224300976981 0.04273958033150232 0.3866205727775025 -0.03198777783382216 -0.1887370569754489 0.0358393878250808 0.025769911647551547 0.0119410216987621 -0.08249104117972034 -0.06288146034039464 -0.03546224981301342 -0.001063332528403862 -0.12215781880766305 0.12214782813908015 -0.06679967709170416 -0.7325221462130387 0.018027671993541584 0.2014355668023585 -0.02170879205129912 0.17084974511544274 0.056219287145617865 0.07734223177337536 -0.1091951461173636 0.025167849147375475 0.35281676578823573 0.009580266793238685 -0.08591955387360019 0.031171703783852343
-0.04244631568953834 0.022447732609640482 0.38749360393715154 -0.02344646407312115 -0.18526704069381833 -0.002418450107205029 0.02200520796400662 0.009355303212337162 -0.08479439736951415 -0.06532317408958506 -0.043451234600321666 -0.004238997039946985 -0.1346983539138305 0.118146847516468 -0.028260571187705 -0.7349648208691059 0.012441495647339151 0.1895234518471235 -0.017333274979628756 0.17849450515474485 0.05913515940225041 0.08793013204531759 -0.10260312374907891 0.006655339494260561 0.35554336633260114 0.007722177405419283 -0.09148437013318514 0.027916096914727795
-0.04199650366044457 0.031321146743950215 0.3869673721501528 -0.009940732480174262 -0.17679418521373177 0.027395300815037486 0.02174646380822034 0.013292926654576084 -0.08585782981385416 -0.06149955732276943 -0.04581231384302178 -0.006100329802034423 -0.11430699397196976 0.11958686547325753 -0.04406452869106271 -0.738070490716356 0.001742890598538368 0.18349711609046176 -0.024170775397736242 0.17992091297085577 0.055795535884583795 0.08888399671514813 -0.10742486744667003 0.013611819987144289 0.3585645324943917 0.01071427624461968 -0.09173547760402008 0.030695842030250487
-0.040549288268356264 0.035120133077304126 0.38913786003195766 -0.015678619154572807 -0.16893335880895458 0.0248781426871952 0.019840916884474775 0.012795678981503864 -0.08215150584853781 -0.06234358389903307 -0.04407272773281681 -0.00047439161588275723 -0.1182589241810817 0.11663215762772103 -0.05148777014521424 -0.7415583847848904 0.006647775089713106 0.17825376780509658 -0.02318426034088816 0.17264631329204827 0.056611227403885335 0.0872392914716481 -0.10598889986678875 0.017248535046994917 0.3601147212669679 0.01021435093887961 -0.0881268368254102 0.03073001457117853
-0.04481940187062331 0.03844730741841082 0.3846039856070853 -0.03296400203766903 -0.18501802918763735 0.038554357107529504 0.025115787715193495 0.011366868998033856 -0.08614521637340153 -0.06170411392620929 -0.05626758576632222 -0.00395444174618938 -0.12210760161930377 0.12641300426306118 -0.0575470974471925 -0.7290630784968146 0.01814485385328925 0.2012815600316946 -0.02102041971721178 0.17637476959953424 0.05510900098093338 0.09881006748118316 -0.1129227191036346 0.020321014253341874 0.35164577024460825 0.009459482322833352 -0.08797852263292191 0.0322496790940161
-0.03576409099540125 0.03571794563171226 0.3894270561003564 -0.003850890672480589 -0.17650819528871897 0.04216657893675161 0.02181867271483171 0.01397708128010805 -0.08961400853870094 -0.06260686489220547 -0.031253765023172494 0.005592845404886955 -0.10302028427709675 0.10455460521538892 -0.05449910795541535 -0.7411333336009568 -0.007386589274639369 0.18075489437241707 -0.025623403182148032 0.18660615996081176 0.057120733895894296 0.07310898071115189 -0.09590531955295781 0.019293273879952846 0.3593465099161265 0.01150131127733054 -0.09482079499631121 0.028001537454142862
-0.051838196649374974 0.018121595998501782 0.38405978473974206 -0.02558401148951022 -0.1782893356802733 0.015147537809882823 0.021794564187306048 0.01454212523528684 -0.09007816076584874 -0.07348718840048006 -0.039437961874262836 -0.01695920433299611 -0.08022264339085522 0.14839633104632247 -0.019820497311991887 -0.7305632487357205 0.010397205256058603 0.19487553658647472 -0.026580850380769776 0.1872235919854439 0.06710781244568596 0.08019630186273558 -0.13546691790797843 0.0025139540918477695 0.35260370342120084 0.011900405449399576 -0.09486691721438036 0.03984778724938953
-0.04519157548078208 0.02838947579235664 0.3876995113697369 -0.010386652327065388 -0.18547285156888277 0.00248908054506247 0.022445246995396056 0.013114209108855307 -0.08415658638627434 -0.06371810133808672 -0.04125140192902297 -0.006435565496253436 -0.1098154693024086 0.13000973182155526 -0.03940343484444294 -0.7355660201030947 -0.000682924361806504 0.18605124947069876 -0.023932322758963006 0.17626578676687302 0.05743848089161303 0.08615923727013167 -0.11853575656244035 0.011839548090389531 0.35589859820926195 0.010632101939817082 -0.0897112329621076 0.034598540225063056
-0.04665496018779309 0.0314573178324637 0.3892399354592682 -0.011709795737278077 -0.18643129881611856 -0.005406316928320929 0.02279038673784283 0.01154452606368561 -0.08597241664474442 -0.06037846271136933 -0.022134163109815724 -0.008834891782453398 -0.0954282928154969 0.1368006631904114 -0.045248890560333085 -0.7359911421063837 0.0017624873184114178 0.18475204890558092 -0.02095556581417276 0.18088167459169624 0.05373179596604882 0.0666896629841427 -0.12728835141590228 0.01458375509363601 0.3542238898568939 0.00926165232745493 -0.09243126069827229 0.038038465096795725
-0.04498131087578679 0.04134572649419919 0.38582791694777724 -0.026052119344280866 -0.184562793920691 0.036535063759345246 0.0249763430461258 0.011920055171245936 -0.0832842709773446 -0.0613706513453398 -0.044164400005427755 0.0012292179716408376 -0.12032770164349273 0.127335841919098 -0.06379744658503284 -0.732480564248771 0.012307684495729995 0.19765618168797194 -0.021530195141941467 0.1719947802970964 0.05463548073704679 0.08564983230828022 -0.11433130420661956 0.023589023600541905 0.3532321731899136 0.009456227724740392 -0.08634546996766626 0.03291405760676373
-0.04850340317490347 0.03368302610065528 0.3852893022560103 -0.017466607622442096 -0.18626322838722076 0.026569522383128815 0.02309246639480376 0.014024876271451686 -0.08580315511446117 -0.061663752121693206 -0.047997700544963724 -0.005236843836402146 -0.11837292754005582 0.14094595419160733 -0.04876664958918556 -0.7290946764141308 0.0048953113337090425 0.19101582145911095 -0.025512482532080202 0.1769995885958712 0.05604047494815118 0.09032892025984705 -0.13075025318458924 0.01614280921181625 0.35146349417228717 0.011308156184773956 -0.08923364839392146 0.03918142455569972
-0.04495046533569186 0.04080965929480232 0.38497624674677294 -0.03162352277650899 -0.19040116147221575 0.0454100333664779 0.02548361246336398 0.013614208758877479 -0.08684841944201181 -0.062499065902578685 -0.04217499300044348 0.001069200190643266 -0.11577129085451876 0.12898627872904372 -0.062338385996556986 -0.7291169949271334 0.01658928073099994 0.19799040888878944 -0.024951585495801162 0.17871337506787463 0.05587925782812001 0.08336688274014781 -0.1175137146177948 0.02274236361529305 0.351319532248028 0.01117756294357587 -0.08954960311549294 0.03443695493585946
-0.050429123462839544 0.031246871804507765 0.38181451174867587 -0.015276800594227705 -0.1866246708001531 0.01827027215944356 0.023745408714239788 0.013495109963022204 -0.08965819608594822 -0.06354737933258456 -0.04868688162369747 -0.0004116364115064064 -0.1515784620109333 0.14709381480471498 -0.04313430269642621 -0.7223997770087688 -0.0015608432710394046 0.18697226739129796 -0.02435288676021234 0.18531581286149085 0.058806626016876855 0.08862889000348817 -0.13680743991028244 0.013114371153532782 0.3480773910873409 0.010662983729952379 -0.09338599463508493 0.04103751812942825
-0.04680243960375337 0.03066606024637378 0.38950988395021496 -0.010545726427067506 -0.18343292117557342 -0.0006487722543380739 0.02252115727776721 0.01157875600862865 -0.08564121943559787 -0.060991611918153894 -0.02385747929256957 -0.008279245102985435 -0.09821963725661488 0.1374461130180606 -0.04365764299704683 -0.7359574092875201 0.00023665067692484412 0.1859463496454044 -0.02097848113552784 0.1801420215465541 0.0542927313503789 0.06855356008744642 -0.12810297582462576 0.013835805922148971 0.35388661468593097 0.009253076788202178 -0.09205013977252119 0.038336179625193346
-0.045582559261601485 0.03317667941973666 0.39297423484662175 -0.012604023943751754 -0.1689596919034696 0.0010021567610395941 0.018549826948234403 0.011410898394877576 -0.07911901295382512 -0.05815464051753453 -0.017627053895750436 -0.001665129590530026 -0.11277153688279726 0.13474097282338535 -0.048603253940989175 -0.7442421088546467 0.0022572340570955977 0.16571729965545903 -0.020603186819038315 0.16714356726923668 0.05218441081207 0.06332755455564325 -0.1262783580894692 0.016289957471563057 0.3584629359486681 0.009023575790211815 -0.08558570992733776 0.03806386008031331
-0.04129554731653185 0.031558269262915065 0.3879029218343541 -0.014971976868901987 -0.17633791030921434 0.022831712544029967 0.020725123237426677 0.013443892736620217 -0.08361850969898196 -0.06274459784144472 -0.03744395292058782 0.00014459604420816405 -0.12421854425033745 0.11973685158290813 -0.0454672712017741 -0.7393689239622895 0.006250636840798251 0.1791832848886807 -0.024549877724786506 0.17584594570642442 0.05727176622751391 0.0807875860729816 -0.10970772062970638 0.01479130922389911 0.35857246703243356 0.01093589431706146 -0.0899461314188814 0.032122719397291576
-0.044162725305233276 0.03077009167214435 0.38946009269218484 -0.015916150783214966 -0.1741310384801634 0.01912449950290043 0.019495547241226947 0.013968002887699388 -0.08678772228982154 -0.06157009465094532 -0.041147270071546886 -0.00472812153079062 -0.1147702095721004 0.12758254535644792 -0.04385704262574086 -0.7382803673481141 0.003965968648837231 0.17223394714652093 -0.02572927627145149 0.18158285842423372 0.05524307362807297 0.08578077077813555 -0.11685617756379045 0.013911254555519632 0.3564054878325058 0.01159013785833218 -0.09236675681422875 0.03426507516923567
-0.04199215449638012 0.03309356044518445 0.3870899153494878 -0.01842908049222424 -0.17773655195764615 0.026071698345934667 0.0218207781011309 0.012925021390924982 -0.08503994732517203 -0.06231843802270973 -0.046561114142736136 -0.004553990301127555 -0.11665318679595257 0.12030100427896818 -0.04813949354620672 -0.7367188598232806 0.008657271858789992 0.18648143194749653 -0.023503714654353216 0.1783676735656703 0.0565299471211211 0.09052704799696729 -0.1090814803509399 0.015897678092401717 0.35701049693239123 0.010391578372623845 -0.09094636767067112 0.03158872373457391
-0.04614479426342401 0.02527821779217612 0.3878068492658096 -0.010257272894839867 -0.17945753873510714 0.026679549968178905 0.01994757546393709 0.013998546468929706 -0.09853803224342954 -0.06608501613213506 -0.04316709263065949 -0.010607541970537813 -0.08255369043663285 0.1334167558675332 -0.03335148914494982 -0.7334195580442168 -0.003694571041954324 0.17235271423193638 -0.025440144173352358 0.20107399996669711 0.059882007964664315 0.08609610419167392 -0.12273242991810895 0.009200237382142361 0.35360680881956696 0.011319653732194169 -0.10054810615980926 0.036302189448935394
-0.05092475848691082 0.026757270259054656 0.3879311205387104 -0.004621978988112459 -0.16515486549516986 0.03919194795139596 0.018430734317258234 0.01340130131381317 -0.08626668524654073 -0.062352046512436386 -0.052694264112903746 -0.010906191173066994 -0.12586169025960742 0.14692273927989744 -0.03634050338371275 -0.7336210014381563 -0.008859398156909143 0.16832800067488096 -0.023991730446030368 0.17688057565893195 0.05643817024320482 0.09473725024525867 -0.13555815773195876 0.010530721863644536 0.35377001473248076 0.010480280465597827 -0.08861477221332792 0.04044819545890877
-0.04394629701339269 0.03653407678902697 0.38677459677619147 -0.017641826053398754 -0.1758716796295162 0.030389369454955684 0.020834321001000494 0.012777763610169517 -0.08387897216120388 -0.06182879691729115 -0.042702093085984806 -0.00477790865370755 -0.1242331323642364 0.12632677950273635 -0.05481338492062333 -0.7363158284403962 0.008805191517788528 0.18021424264961494 -0.023265811467481187 0.17612336003673704 0.05589548230067605 0.08590183048591962 -0.11512009578848507 0.019197723451937057 0.3571565199668786 0.010302900595000278 -0.08987615963546332 0.03360260637071359
-0.04183921264333271 0.03200771090462558 0.38500657789823545 -0.022687934765943742 -0.18971608318699285 0.03875798007890833 0.023746149175573637 0.013513205291078804 -0.0844464147780033 -0.06248050519579219 -0.04169874074643314 0.001642804476318157 -0.13454250019635897 0.12202640507967295 -0.04561582291795248 -0.7331253968939253 0.012723793303306677 0.18332331682550207 -0.024492725610583452 0.1772076972009365 0.057073079365304674 0.08416311593559422 -0.11268206282181918 0.01463044333740959 0.3556848333997623 0.010864508897839157 -0.09029170558696205 0.033329532827376836
-0.047179015271368106 0.03539066373685757 0.38441942568950344 -0.029911101762082736 -0.15846924976096854 0.030040470383430527 0.018060644421513995 0.011127808151873022 -0.10240508435416097 -0.0555788634664069 -0.05851120806422646 -0.001521915172766086 -0.05893814313061948 0.13755382204507505 -0.05068448122985625 -0.7326673912070626 0.013272853156756272 0.17380166199735686 -0.020738764373446954 0.2104106126591022 0.05125518170692449 0.09487452537803498 -0.12745847296370424 0.01656365417011466 0.3558446140269901 0.00935830896015009 -0.10596593465805026 0.037959356079601145
-0.04083288091772839 0.032048279112240376 0.3840009616887023 -0.011572141308248235 -0.1905462303887803 0.040140039603502 0.02459146630770035 0.0125330020911419 -0.08269473243459058 -0.06243399429396651 -0.04529900167421632 2.7099649010015132e-05 -0.14907056192698448 0.11958024493250076 -0.045916075271166486 -0.7319896123175575 0.002266571802125784 0.18506973046579822 -0.022401057651736382 0.17262159967847224 0.0570048204818259 0.08807505868230336 -0.11083314971669628 0.014718357174536862 0.35621151488034675 0.009742368429039971 -0.08760861675114708 0.03296787760562372
-0.03962957094236641 0.04495546125072549 0.3849714883577478 -0.009298877521910876 -0.21037249104271727 0.006751323192603489 0.027501745241552644 0.011178350955821816 -0.07358224437044504 -0.06412719563870388 -0.06198951092503032 0.00017667529951699996 -0.08873307065952535 0.11578404545483537 -0.07229664221901891 -0.7310317798735724 0.0010667147639140005 0.21092179415798454 -0.019657898021173868 0.15604089005167363 0.058313542407705275 0.10479115961056931 -0.1063319573374147 0.027854680229267265 0.35427875801349684 0.008309316408210251 -0.08009472624507273 0.031086476802923785
-0.04138091579533781 0.033422390814079654 0.3877980433411523 -0.011159184044078303 -0.18384480915788218 0.03159473265314816 0.023604653125530183 0.013151594428339752 -0.07798997622629596 -0.061701540220513114 -0.047049169663471876 -0.0006091069660594647 -0.11482244322142009 0.11803670776151004 -0.048338482581523345 -0.7390539972712892 0.0026216967414667107 0.1884613701058943 -0.023954703507942085 0.1650797986359091 0.05600380614817591 0.0898823312524329 -0.1062917781944385 0.015720059596560417 0.359241656406557 0.010609254924788881 -0.08466321205139073 0.030473014012824012
-0.041275959585299 0.03398112385763761 0.387032800622023 -0.008758280521983899 -0.1780638347598133 0.027584255485141134 0.021339901845590297 0.012983301329227674 -0.0852093874024645 -0.06288356748176373 -0.042724682747414824 -0.00491078856718847 -0.12073202798498137 0.11937900316971257 -0.049831276910253616 -0.7376447513341495 -0.00023374400654053288 0.1807787222258847 -0.023796180224274432 0.17862397345523973 0.05684601176492451 0.08666482011778172 -0.10931378885658614 0.016703648641996 0.35790559723092713 0.010620085323051295 -0.09123669326860855 0.03203133323876176
-0.043658544495319695 0.035740724520374086 0.3867760776960101 -0.014855401334814467 -0.17899553421437484 0.024024532773581173 0.021637998014812313 0.013127328248325488 -0.08302651280694767 -0.06136269475431421 -0.044716468069314584 -0.003955829966827508 -0.12194127630022672 0.12569349145390216 -0.052894382842461306 -0.7362688925386942 0.006181503538818634 0.18307893212846726 -0.0239255084540558 0.174489424863728 0.055488475689496386 0.08788796359991444 -0.11473587948529153 0.018098116342549302 0.3570237840848748 0.010612825549079406 -0.08908301291039719 0.03355836191847613
-0.042264486523369275 0.034387975926080415 0.38730836569870175 -0.0151729564330844 -0.17325317822634065 0.0296085724249109 0.0210968737153441 0.013012525119547104 -0.08371757247057801 -0.06250751310834249 -0.04645998038378349 -0.0038851317576975818 -0.1162923772052767 0.12162206909992566 -0.05039047552816355 -0.7381914252510103 0.006053476476488286 0.1825183468897062 -0.023697369317845583 0.17585304157720533 0.05666779901861053 0.0903948239699197 -0.11088967719472548 0.01690314148720357 0.35833166981179915 0.010498336942975922 -0.08975288433815325 0.032355151104964355
-0.04047516630523828 0.03174674871597173 0.3877970884881115 -0.012938776775980819 -0.18106814776587926 0.024616558011557044 0.022913432603876925 0.012957509982114321 -0.083210010808465 -0.062776812205299 -0.045236310779313275 -0.006198576909509034 -0.11494986148720346 0.1156405272669678 -0.04498652993138045 -0.73841210714234 0.004598881300311045 0.1880616145432533 -0.02353426969870504 0.1747152662208271 0.05741910939526081 0.08862780826508411 -0.1041030946327643 0.014073385231619122 0.3581867654548416 0.01041228701733639 -0.0891845340355048 0.02980452687617878
-0.047438392068793314 0.03188033995518389 0.3909424288924936 -0.007862061974505325 -0.16321906176460804 0.002347361934380241 0.017916241197115153 0.012583251466120151 -0.08384135568291806 -0.06379272429878642 -0.03694665234492703 -0.004479291272601975 -0.10765183507054206 0.1370197219450006 -0.045554974284832156 -0.7411312668579385 -0.0026154519264371804 0.16523642701409574 -0.02293855380235373 0.17523777982528696 0.05731946363563088 0.08303129454816548 -0.12557103900077912 0.014578167813382687 0.3583260132526448 0.010190685852095614 -0.08915367386395442 0.036844957676603944
-0.041728480558567906 0.03439763917843999 0.384007947388183 -0.013257421460643005 -0.1943794653229457 0.03395214879989172 0.024983740666867003 0.012461331216305589 -0.08254053039972031 -0.06236447736436509 -0.045719486159261656 0.0004926190689535283 -0.1394510235878007 0.12188149773876576 -0.050912381888129236 -0.7315996025811565 0.004516612393129513 0.1869645508150402 -0.022309316007053496 0.1722665805397455 0.05692261330738422 0.08871543894605449 -0.11279005688656327 0.017392221849431122 0.3558782389369504 0.00972088600378074 -0.08744283928606668 0.03351371515436045
-0.04418754382406422 0.02835313920400162 0.3872245923792409 -0.009462945840903314 -0.1879289167219793 -0.0010082588273137949 0.02292950149241517 0.012809365988593792 -0.0837087846234512 -0.06388289309713215 -0.03745556881550619 -0.004223582558330189 -0.11451689985361187 0.12675381410175326 -0.03903596342693375 -0.7351917410008192 -0.001238196375762546 0.19247175231282565 -0.023283188765410103 0.17551618667210386 0.05743886470057099 0.08175300275924263 -0.11503018818143092 0.01151920951749349 0.35571223267284774 0.010301139081723138 -0.08939778857729196 0.03333265680495968
-0.05048751808936119 0.03073369102571532 0.381590686496836 -0.011674631399368042 -0.18652185896369733 0.017446822423351882 0.02400551509521629 0.014023770818088352 -0.08885939978635626 -0.06467554887317088 -0.046993519929924565 -0.00044313945086304265 -0.14949251283715292 0.14730991972247337 -0.04220893790921687 -0.7227614206323104 -0.005091990173223412 0.18893545369743311 -0.0252416176518232 0.18406184524043598 0.05997001209194442 0.0872239511130806 -0.13712442729358543 0.012724818172547479 0.34861676492283006 0.01103727090562886 -0.09290144196890351 0.04117699936031514
-0.0415775564514887 0.037189895035015706 0.38778217558409356 -0.018310522731964374 -0.17927243524287934 0.04053438133047353 0.021531362278730967 0.013470964865360603 -0.08217601842766392 -0.060028392256742114 -0.04827910803260794 -0.0003161001808078005 -0.12088161853330291 0.11929845445744879 -0.05589620291710392 -0.7370226005617384 0.009038948245432691 0.18279594520824527 -0.024483181076330535 0.1730426236622818 0.05438335174301186 0.09142921598513976 -0.10809335918441712 0.019574573857452156 0.35715420138484555 0.010842111538908333 -0.08841246276727004 0.031239263376938296
-0.043437170704326095 0.03430112066552974 0.3881831519284324 -0.012157371464362535 -0.1769589409742965 0.03382586934426218 0.021374470121018355 0.013563021483702777 -0.08042731562093272 -0.06280105359908382 -0.0428637650464345 -0.0014741439423022343 -0.12169598654878264 0.12502237659662596 -0.05016204927611175 -0.7382435521241398 0.003349693549873353 0.18054758433198226 -0.02470863191952161 0.16960409197554935 0.05687882380885113 0.08617356489553575 -0.11400979780312302 0.01674067912552332 0.35792876913495414 0.01096519142890736 -0.08675492205722558 0.03327135784442478
-0.04215707574637327 0.0344869671272442 0.3886660291529878 -0.013705755000088212 -0.1765814239993298 0.029485361926945747 0.02158613666995568 0.013706828551645378 -0.08209384903160974 -0.06107197594036853 -0.04242313518368316 -0.002310658981689099 -0.11676823283586629 0.12135647654493771 -0.05079684658858435 -0.7390249172126274 0.0043665445597082 0.18188351309437514 -0.0252026135650455 0.1727952341425457 0.05528055960029455 0.086429273681042 -0.11071578118298148 0.01712668036104025 0.3578285596125094 0.011330065188700516 -0.08841518944008218 0.03236140590296268
-0.04478594010406986 0.03262088793536505 0.3861193268062719 -0.0227775552673226 -0.18580729600339704 0.015826967330110537 0.022233991592749733 0.015906738077663015 -0.08823896613385951 -0.061569722405850465 -0.040151850890266794 -0.008518646661050195 -0.12080854229355223 0.1286925950080676 -0.047232767455630056 -0.7325538071767441 0.008039082250679213 0.18635225165659713 -0.028915643438004342 0.18233436637859837 0.05587484895519469 0.08274559714237431 -0.11735753968105253 0.015761419717599714 0.35474453997838856 0.01287616594194968 -0.09199668068219427 0.03435251262251941
-0.04527836944074765 0.041498175590021294 0.3864472555993385 -0.026874227044826234 -0.1859528806898956 0.0425586390010922 0.025124753061386965 0.012125741487352447 -0.08307780910872006 -0.06148829537789852 -0.0432727807584651 -0.000191049321914033 -0.11215304501260276 0.12847125542135335 -0.06407857269432478 -0.7328077629986418 0.01284721814003879 0.1970851511557601 -0.021951965830902597 0.1714824559834459 0.054946165782964816 0.08441577670735634 -0.1156321729081948 0.023653173614510036 0.35306690375448646 0.009678282960247623 -0.08606884980837583 0.033398405987220096
-0.050394793571860795 0.019790914007791992 0.38445134467324704 -0.0150956182101991 -0.17107558397252315 -0.004402261749748218 0.02171354624609247 0.016835907421969307 -0.09431642087503427 -0.07125867668621254 -0.025551631489326758 -0.02421263195064063 -0.08121201801954413 0.14540918430585165 -0.024657899516610817 -0.7324668218112687 0.0029762817470308923 0.1946254047021406 -0.0309741048549741 0.19405966913403674 0.06463436303976215 0.06462712987084418 -0.1339823680574774 0.005662807121172017 0.3533180491855058 0.013996720722538937 -0.09729886493769306 0.03985873320596267
-0.04287061004289337 0.03595951447906202 0.3870313049092376 -0.014566541816826874 -0.17826471189057672 0.03275617441023969 0.02178722505296007 0.013500762247610446 -0.08265674051740145 -0.06264688952712237 -0.0449058457114385 -0.003942786820724269 -0.119942094778046 0.12324924412241166 -0.05382575389329486 -0.7365601861113972 0.0071083614058096494 0.18422475641461744 -0.024671571015110402 0.1735903971199201 0.05679438878998412 0.08891380397123592 -0.11235508700808168 0.018707163687242324 0.3573633716183435 0.011003752145688848 -0.08849008838428687 0.03279143865536721
-0.05289420620382352 0.026201588322859303 0.381270249167053 -0.020960777093947804 -0.1741687535012961 0.06166328830545815 0.01921439742516131 0.01312066645309345 -0.09816514236948265 -0.056396156314379955 -0.011489668466156733 0.0011675007079480848 -0.12097028014002 0.15301041730212028 -0.03564998763628861 -0.7266805013891886 0.008492826067433457 0.17525957468929337 -0.024073568347091838 0.203554932261428 0.05163162880668683 0.054398622434557876 -0.14159299375072767 0.010765791154869907 0.3530023503283917 0.010840111451977554 -0.10288271040862579 0.04235999221058496
-0.04023228651457329 0.03563363055383713 0.3867946360348946 -0.014005034802031233 -0.1805267055571573 0.02107102736675579 0.021623660097410572 0.01251640821199562 -0.08512378136526476 -0.05953749781357461 -0.04560678665261937 -0.007054396044537757 -0.12841154422083711 0.11579160321997253 -0.05388992080151385 -0.7362911174170068 0.005660626414809725 0.18517449382019238 -0.022775186747943026 0.1785989630026846 0.053793566949271704 0.0887899837155847 -0.10513404641765914 0.019051190730864878 0.35714294092289794 0.010082760449135553 -0.09105322516381698 0.03042849696335702
-0.040303708701950464 0.03221651835549683 0.3881558548351506 -0.012464249230904315 -0.1762697943426385 0.025398615196100767 0.02143860266034304 0.012525826854413353 -0.08462824046642299 -0.0617000217558817 -0.0385897606452266 -0.0022694118354353175 -0.11246828582010532 0.11592235015946387 -0.0460387352694315 -0.7406484731796013 0.0017341088494405616 0.1817341127744604 -0.02278807092754224 0.17748836379969044 0.05570437014367607 0.08250969052309069 -0.10520332111111826 0.01473580009613988 0.3598364572806376 0.010067466685182672 -0.09054368885538282 0.030422842437812604
-0.05502949551064869 0.02566970318893039 0.38448978692641095 -0.02307750169812713 -0.1752133236232814 0.0363112589584729 0.021700834318891422 0.013502468195228273 -0.08753465008119267 -0.07313566416653577 -0.03425242885583628 -0.010141911431918586 -0.07519434553912757 0.15788019781285084 -0.0339926136447718 -0.7297412207167633 0.009900095190938039 0.1899466946805472 -0.024318595865666533 0.18435207778701157 0.06702303289168317 0.07571390262389979 -0.14513205605335416 0.009223618067709329 0.35176563227916324 0.01068835977553605 -0.09426925379341355 0.043164428821692385
-0.04344316347394377 0.03316560571329324 0.38406083747912184 -0.01057658620650837 -0.17935099642597221 0.03144438966390863 0.021276927344859416 0.013716325314191084 -0.08455299868922991 -0.06109954407619381 -0.046689647107460854 -0.0012088905625915428 -0.121453839764384 0.1247608801331708 -0.047776135586641656 -0.7363854322011121 0.0015588816031175512 0.18077800496664326 -0.025456486163076657 0.17742213003623217 0.0552431702426306 0.09086800356948163 -0.11353935914023161 0.01543104414722716 0.35918696538734085 0.0115879880764527 -0.09047986247756389 0.0330395710365781
-0.04127934449930171 0.03323281853312011 0.38549988550375786 -0.019997244906096875 -0.1897148098612537 0.035620065162418474 0.023846136669152366 0.013528913889523642 -0.08400454427738456 -0.06275824470420198 -0.04060706842519235 0.0024683335896917903 -0.13162444463958764 0.12052881403415852 -0.04793891048967139 -0.7341450507690023 0.01033101668885073 0.1832325142066928 -0.02454106061216615 0.17633323034564155 0.05732241110185356 0.08305430580139389 -0.11129034077639026 0.01574159864200032 0.3562744116054395 0.010899051047851245 -0.08985932025012751 0.0328784285868975
-0.04193291130384515 0.0352442996088737 0.3887151435439715 -0.012288714134271716 -0.17854066101013846 0.024007241210054545 0.02103663774999851 0.013213464814426413 -0.08124117618712767 -0.06252365257423442 -0.04158714939153203 -0.0074190385922898484 -0.10801985151814673 0.11984397362891677 -0.05140539261813491 -0.740251417128542 0.004636972457781533 0.18316155413865018 -0.02408253135757907 0.17126273185577381 0.05617436658326305 0.08517179999220717 -0.10816716494938354 0.01709836570220076 0.3593119529798009 0.010658248898808688 -0.08757442217790012 0.031121434895260862
-0.04364227309279232 0.04135418538770272 0.3868086310994103 -0.030289565325596634 -0.19001007425774266 0.03645973242759817 0.02559063460631549 0.011911937917017612 -0.08338199527836317 -0.0625951433043066 -0.04220364723768086 -0.0014522907940019278 -0.11564046461194713 0.123284790391406 -0.06401755603827397 -0.7324353294841821 0.016529169653835968 0.19899231243933788 -0.021574437937822148 0.17245115115722945 0.056008443754581125 0.0837469895809214 -0.11005181331350959 0.023749836195715097 0.3526197602417461 0.0094780955860773 -0.08668282254744505 0.03138311204597698
-0.04300915095546181 0.04192850529903336 0.37427509587098645 0.010682239549599891 -0.20256229037442414 -0.039919193317988044 0.02427818078249557 0.013218030653985312 -0.09546521594200322 -0.05843752075775129 -0.03156405646759544 0.010412147736929372 -0.15023798948768105 0.1268035181144754 -0.0662953161701543 -0.7195750802307367 -0.016253667829417975 0.19891532734077882 -0.02392418900906986 0.1975843152948771 0.052526167419937146 0.07095510210856791 -0.11832738052257837 0.025410779833551424 0.3537517553646832 0.010733981808117913 -0.09976040547487455 0.035328472328289055
-0.03444700510218692 0.03491260737045315 0.38525099923916206 -0.020909645800032024 -0.20101865033484437 0.019938729166779908 0.023673296542896818 0.013901057829402852 -0.09663460321753671 -0.05457441922453532 -0.03900243332679608 0.008024007008676861 -0.11655777711764502 0.09907274837853206 -0.04994841161760392 -0.7333040889964842 0.012699994953878649 0.18404368079974961 -0.024651338984848264 0.2002230377303041 0.049932998600731054 0.08276533750468854 -0.08893723992601484 0.01608207997755603 0.35551184194185065 0.010678413014847662 -0.10133184620326022 0.025163001137786304
-0.04281708828286167 0.029711492941815663 0.3844549855868469 -0.01484117345269793 -0.19727255084081732 0.029392529440075824 0.025590406202100475 0.013061067137097154 -0.08520316840781761 -0.06089156114623816 -0.041124461431413 0.0018068077291676391 -0.12462440650841054 0.12211674253942811 -0.04138623395800206 -0.7326461642178842 0.006408709227173873 0.19094488201054138 -0.023494862209467032 0.17782210685399238 0.055774097827189166 0.08371565240971664 -0.11033033467055513 0.012586166917753343 0.3559034128577643 0.010255433777059769 -0.0902865551525348 0.03186401865990722
-0.04100189923954221 0.03166322238669582 0.3848595439599315 -0.01583045651865967 -0.1898122485161919 0.03607740036961059 0.024749569968578123 0.012892831993468717 -0.0852144963525166 -0.062052412401682695 -0.0379784660731217 0.0019694396094492896 -0.13399258789105645 0.11948569266615293 -0.04502868662020141 -0.7333383761514803 0.006543885654684457 0.18846919628678127 -0.023359359631458836 0.17826015529364986 0.0566646477016194 0.08151198444695926 -0.11021488053403355 0.01433798430221787 0.35602398893328396 0.01032727880269262 -0.0906830387861113 0.0325728190040299
-0.0453584109197751 0.03898708211895038 0.38555040193645107 -0.03035795320863513 -0.18154739993623534 0.03857236856489353 0.02428236169911648 0.011603733821551577 -0.08407057665603332 -0.06110482247157311 -0.05768584097051195 -0.004961379095749274 -0.11637646340077587 0.12804997577965754 -0.05833075612712339 -0.7311326079866303 0.015161914208490905 0.19879465841204805 -0.021505961308916986 0.17281474880468145 0.05453428573517921 0.09999907801527566 -0.1145784270786082 0.020605526075855626 0.3526663614787171 0.009698530308629216 -0.08649944928347933 0.03279833366765483
-0.042726995291140636 0.03337714970401995 0.3857747292703527 -0.012996841970424368 -0.16965716242987453 0.03034191614050945 0.018989704443426656 0.014045995779220562 -0.0858137554937365 -0.06130650918394742 -0.045933732705094786 0.0018001698983801458 -0.13295842983635459 0.12226026841886248 -0.04836711043771448 -0.7379540296059964 0.0038275085290456847 0.1727415129301245 -0.02604964454405398 0.1800619543678478 0.05565886084762022 0.08967841727036763 -0.11068412153510278 0.015779965328735 0.35890204050120283 0.01185954486553501 -0.09198573544322536 0.03197757201594266
-0.05555833787805701 0.01796540621376822 0.3832005763984837 -0.02296490943520334 -0.16869246606429822 0.010696078354513491 0.020366290761150194 0.014783873386992476 -0.09323167559596619 -0.07481955537953439 -0.04226365477490358 -0.01627580252113243 -0.07077644168090745 0.1597615086559854 -0.01967449416558023 -0.7290721251163176 0.008316553762177745 0.18562985380802996 -0.026914462359736317 0.1931926723686464 0.06844602943742077 0.08280755404767111 -0.1470229805788426 0.002570386532594058 0.3519614722572088 0.012016768726303917 -0.09762174648799371 0.04378374161601377
-0.04916620028096081 0.018423138550018526 0.38509978546353596 -0.020546689693448295 -0.1740633997575316 -0.000703853821502515 0.02238273632428174 0.016482180000357387 -0.09375595320792883 -0.07017412565930278 -0.027981749793078426 -0.0225116812682843 -0.08270753828862204 0.14146268446650467 -0.02185064356523913 -0.7332056459533202 0.008469518169056 0.1955954590359282 -0.030113452555411983 0.19260991995080323 0.0636537221692178 0.06745236057186806 -0.12991160378875488 0.004171205396936801 0.35316080288142754 0.013495874792067155 -0.09646034677280987 0.038515745523862915
-0.033122584412396655 0.015480885187274866 0.38466086102463304 -0.05110965543763262 -0.2196416363208994 -0.09421380297494851 0.03128895302897323 0.013679407355066175 -0.07131189691750399 -0.06211869702207141 -0.06795879157872659 0.04261784027251529 -0.16468373677355846 0.09270507178699143 -0.010927082730091853 -0.7226511954392625 0.0422896407339331 0.20667294859017202 -0.024743820456995434 0.15244541294833605 0.05556342117523734 0.10935671454223363 -0.08101411994281396 -0.002983972335097661 0.34581390339723667 0.010940164745350022 -0.07867043803184479 0.022270986867405713
-0.04274338838311944 0.032039674787014166 0.386792786907683 -0.017987723868402784 -0.18566455126785814 0.03330767247717357 0.023843668997311312 0.013991616296772744 -0.08061282204021077 -0.061354406137931417 -0.03773934679984815 -0.007403271986235956 -0.11954877060362652 0.12363935741063814 -0.04577206132577846 -0.7363926743774313 0.009608355615474193 0.18965148319043526 -0.02555524397436934 0.17024132614024798 0.05599196754420252 0.08246114278159632 -0.11354879754353817 0.014468122308740818 0.35719849436892737 0.011379814461855984 -0.08722141599669482 0.03344997635448337
-0.04439937223020471 0.038338381803925216 0.38603275716229124 -0.03089056488253128 -0.18307714789863475 0.03565208528292478 0.02423044391953162 0.011481093726939435 -0.08512657317281043 -0.061380423651120536 -0.05523706064694948 -0.004587380289503711 -0.12009529826071404 0.12536980005470028 -0.056993548244813105 -0.7312663811830371 0.016118317924454843 0.19785742154650848 -0.021169830636531762 0.1747588277498974 0.05484060354297441 0.09757225021250773 -0.11205095385301464 0.01991894058328746 0.35246871622249354 0.009497382410791656 -0.08732978643529067 0.031992379228488715
-0.040153406841091345 0.03356768447373515 0.38498594902423994 -0.017734010845017016 -0.1935151956337946 0.03800013758063999 0.02475932879872472 0.013164179128875759 -0.08392994299674325 -0.062813910242888 -0.040620433823783525 0.002292559610424218 -0.134164334620397 0.11586803961681155 -0.04874585870693394 -0.7327156935525858 0.009062208324551038 0.19259956688261226 -0.023905629201737555 0.17576082897887352 0.05748707262977691 0.08363072323209123 -0.10544640701330132 0.01611713556532445 0.3554747529360227 0.010588739327345732 -0.0894826246700636 0.030587034838742932
-0.03920963411992183 0.04315623580310225 0.38134112967614303 -0.01717829425159199 -0.1975239556792099 -0.007422922892575096 0.027290379684295363 0.012952966850787732 -0.09204177889694261 -0.0635238235767534 -0.04015684642356383 0.01602937895821711 -0.13314929644305057 0.11573092142616172 -0.0672157055576099 -0.7224429537917113 0.006874789740773494 0.2137398622332795 -0.024277853074884802 0.19166923858229334 0.05831471157245221 0.08612052882348663 -0.10856851737365071 0.02473501375734895 0.3492815933507868 0.01108623083600316 -0.09738393152590738 0.03287917062561808
-0.03927733034384486 0.03373006198733609 0.38710768571113763 -0.010324081151303241 -0.16409608863111894 0.03927390577826185 0.016737086129497026 0.01264205148773511 -0.09027139205124063 -0.06644452907408996 -0.0549228277488858 -0.0008006237517455174 -0.11460227762645643 0.11626965113457932 -0.050489630670605544 -0.7392141693401776 -0.0018957541621555253 0.16315293329175057 -0.022587163639402632 0.1877358280526042 0.061388379778434685 0.09503023183035708 -0.10912534952169325 0.01740291074532742 0.3599958630348596 0.009804972993107047 -0.09523436518562628 0.03286378150534467
-0.0424231684638166 0.02626649280820949 0.3854064088951606 -0.013129288494513836 -0.18510011865083212 0.017843170604161462 0.023349129242834655 0.012265253895366328 -0.09061927143044358 -0.06454207354607923 -0.046279524404347974 -0.009357743760559612 -0.12289424829681697 0.11970921182939258 -0.03553865332435229 -0.7322991841166173 0.0011711775603798565 0.19215280287427672 -0.022372301138296788 0.18845063221888625 0.058337594973513096 0.08992767494116982 -0.10650145966947903 0.009879643656633545 0.35494620714906033 0.009942681308678094 -0.09537380924534569 0.030133846230910807
-0.047339558328220205 0.03280442416582276 0.3835691397106234 -0.01841330847944896 -0.19252263759279806 0.04255887530502047 0.024599504686989702 0.012415172880814932 -0.08235620697173338 -0.06187525501903383 -0.05484315966203428 -0.003431731425889041 -0.12501952383943937 0.13766912191665864 -0.04687906786579745 -0.7265992662949942 0.0042534049300761954 0.2001562713402771 -0.022490032222973546 0.1715689829052111 0.05629743836674438 0.09574935579187824 -0.12764391274274778 0.01494541192597956 0.3510203643408303 0.0098743623440274 -0.08706403792854697 0.038165332802839555
-0.03464175358067582 0.03688791577283503 0.3885924281394369 -0.002792782953180702 -0.1812630356186062 0.044896203839503886 0.02354829712725725 0.013822317601610916 -0.08948842826720002 -0.06125448130658867 -0.02782836456007096 0.004862714268535684 -0.10514172201909959 0.10036218117536726 -0.05730467543974551 -0.739948380526552 -0.00810951223476724 0.18883368792518532 -0.025410401633934727 0.1861211509321007 0.05580368645662396 0.06953694699287101 -0.09085105028297807 0.020899063117921494 0.3590569105348439 0.011421689037324205 -0.09453117242181201 0.026026956903605417
-0.04173322864891163 0.03275405769958827 0.3870375974875486 -0.016771528965893928 -0.1776433632712557 0.021746227783958724 0.0217873989009055 0.013560525881852888 -0.0835350532964133 -0.0620168708181026 -0.044386774871403946 -0.0032678717560438164 -0.12109482936656399 0.12029850138279839 -0.047267129090617185 -0.7374242927187018 0.007224690475374468 0.18600776283323156 -0.024761958212615322 0.17550880195901106 0.056242203142238475 0.08773982717218202 -0.1098015676234739 0.015357384277534136 0.3578363224599286 0.011008865940429132 -0.08961258796128177 0.03206625025566236
-0.039758360572685725 0.044631660835858365 0.38074756286245287 -0.0169251743893253 -0.19755308831794732 -0.01144783565115799 0.027000110252820113 0.013078047397035969 -0.0917719865555677 -0.06334359996208985 -0.03968646934309981 0.01622082316882526 -0.13895610991793356 0.11666911322113613 -0.07008831360913369 -0.7217771118072774 0.006539693462867496 0.2122492413765944 -0.024618842774386387 0.19127183449148716 0.0582228973299689 0.08556266807603084 -0.10873250896492875 0.02612661302974366 0.34913277408857596 0.011299746143713409 -0.09725763923227697 0.03264870627368195
-0.04637015238978208 0.04549963564039763 0.3853521859841158 -0.02973281575504949 -0.18245430527829887 0.024603401753718522 0.02288126015265539 0.011987551044300574 -0.08643081048832252 -0.0635488987710352 -0.04361282860683503 0.0011199231341657463 -0.11124001246472001 0.13109124667545682 -0.07285067662188754 -0.7315623631465161 0.013862131740702959 0.19184915915196968 -0.021669254457445955 0.178377845490036 0.0565495958800743 0.08410839909718179 -0.11802796975783775 0.028406472219746074 0.3532232056568821 0.009504650711301927 -0.08970206350580644 0.034286012138496184
-0.05741456851010853 0.007863562746842953 0.38105844556683244 -0.00433936263220506 -0.19431999317018614 0.0209064488628121 0.017922174193395844 0.01869669310706678 -0.08270439385226798 -0.06699719364333777 -0.0242793924857703 -0.02196727726842056 -0.0669249539884888 0.1645255330623383 -0.0021640061235416366 -0.7300936236033791 -0.007765675181677919 0.19739041686414058 -0.03383590049278455 0.17136773611361725 0.060721568642506905 0.06401757887622318 -0.15082809862888324 -0.005060384209770072 0.3547293906604674 0.014998519143455949 -0.08605192860721683 0.044739411154532394
-0.052804303558152625 0.028813167171290635 0.38071848759675075 -0.019584999094926437 -0.17937984154988135 -0.0021087821599967294 0.02287397255656231 0.012180404393099196 -0.09314846597887441 -0.06821583657345248 -0.04033239213805575 -0.002626149138749778 -0.14250369571041366 0.15582041025510826 -0.038130880970360756 -0.7218591275946252 0.002693204194861971 0.18266088676254355 -0.02185096968481373 0.19239033145841336 0.06318942211851045 0.07963661069952438 -0.14723746647429498 0.010501490619907402 0.3487370152055488 0.009453507821843097 -0.0968715265155146 0.04509921196067308
-0.04205281142177976 0.035198305124728956 0.3893701747139694 -0.01135460893687115 -0.17441608242287565 0.030393806197622376 0.020907326421408398 0.014146575383132331 -0.08161603602677588 -0.06512225589016846 -0.03957397770962278 -0.00035229608352001565 -0.12448615520661081 0.12046240364197511 -0.05185975074094249 -0.7392132136516956 0.0026608246156022684 0.1788593825839669 -0.025891053347842367 0.1721993517855371 0.05978466949021971 0.08306424263124444 -0.10882127690946453 0.017639302528066624 0.3575391338879692 0.011567640762471985 -0.0881934400508841 0.03125276380342652
-0.057464135169496736 0.02308826169360209 0.38230487057982004 -0.028421700575571633 -0.168350004045846 0.013443481387282278 0.021882492481116667 0.01588630042745549 -0.08739428949348524 -0.06950051331010935 -0.04982605758703205 -0.018414482945506808 -0.07761331658119579 0.1641615028942306 -0.02976145142176374 -0.7274460038635171 0.013577013388550453 0.19472209564370055 -0.028930049246556643 0.18402985777382144 0.06349362877375957 0.08942705669987065 -0.1502531948686755 0.007561077322750112 0.3508802427731228 0.012909321283600282 -0.09428997530268374 0.04448893733534598
-0.057709868315530155 0.019555250859514064 0.38173545058345765 -0.027968165160552585 -0.18904128907058196 0.018395587679389914 0.023486715355355577 0.015946472465673274 -0.09046902170913833 -0.07024788961545048 -0.030647761628998266 -0.016298104415857242 -0.06806901443934611 0.16634738337780172 -0.023137295911544772 -0.7232008831627158 0.012164205830838569 0.20347209817809048 -0.02920366673901842 0.1876711701563667 0.06438732353392268 0.07201327824015091 -0.1536771478091642 0.004449675810847725 0.3475930884208588 0.013086968263148693 -0.09498629240261192 0.045968912107858945
-0.04393669498670517 0.02716998994633612 0.39091144423012647 -0.008303033656203086 -0.16266882648105174 -0.01836227774151324 0.01787686037196078 0.013040285845278068 -0.09356261453458062 -0.05981663356768911 -0.043870901980075684 -0.012862563585183192 -0.09974815690201848 0.1272418472234117 -0.03577439046282559 -0.7400185317358627 -0.0031404900427090747 0.16330372193177392 -0.024067875674314697 0.19534995653583498 0.05366873444745923 0.08682606808983441 -0.11672062356412727 0.009353917299565771 0.3564485174248358 0.010822055260853138 -0.09896683505407974 0.034306941438574635
-0.04648344947447647 0.030598674402715978 0.3915065821342631 -0.015949098392849782 -0.18180063512952252 -0.002089996719517565 0.021999489637494304 0.011448468020196494 -0.08351205921896321 -0.060784023496107745 -0.018241796726459453 -0.006703032904999384 -0.09671932220433212 0.13623039876090395 -0.0433522228114067 -0.7392189052666144 0.0054660419435374405 0.18000320097335498 -0.020670213885719803 0.17557119232918675 0.054106022412485355 0.06316210595660152 -0.12664487189537188 0.013565594480715636 0.3550357978001314 0.009070130529904286 -0.08961773190808625 0.037801095113358676
-0.04029278201488544 0.032816859654349675 0.3839245605542352 -0.012242971979591323 -0.19203502615994372 0.04287114869620437 0.02491032314039263 0.011803769302749048 -0.08184664422619305 -0.0624385422929247 -0.04678169805242439 0.000502951203238766 -0.14940762334130767 0.11777466190480004 -0.04729118840750422 -0.7317360298701276 0.0033151921589252703 0.18780039591626543 -0.021009155313077035 0.17084676410754915 0.056999574943455346 0.08917999651443215 -0.10883089231555781 0.015312815314694894 0.35607727398192585 0.009078025025954445 -0.08671662924778345 0.03222856687379181
-0.03518622452385926 0.03484101881351116 0.3895540086785571 -0.004100313000683386 -0.20271318267132032 0.026867031999938375 0.028501426883146674 0.012616961089371612 -0.06931738878157545 -0.06187983225048435 -0.03242781776974567 0.0007692700131279694 -0.14639535636433038 0.1002379230521894 -0.05161702365543403 -0.7381990648244228 -0.007250942255074297 0.2029684938561636 -0.022955514611859896 0.14757959214074634 0.056505086032213325 0.075102784453351 -0.08911743440781122 0.017881590621166878 0.3564824645648949 0.010188538580490396 -0.07596656603596962 0.024908732900858033
-0.040930749894863325 0.033218697509514325 0.38910270048731144 -0.014982705527992626 -0.1843347303079864 0.03422307714313048 0.022603208160187592 0.01354495688090191 -0.0779294365867523 -0.06536676884771055 -0.039898079586740846 0.00020277120982811872 -0.11891666167395154 0.11676620985791882 -0.04814202885290318 -0.73956014255129 0.0058617251390922455 0.18653417844615164 -0.02460421553177695 0.1649402261205899 0.05983031818288517 0.08325255911350281 -0.10482250538723643 0.015916683609801686 0.3580613380766347 0.010931298062577262 -0.0846297296433772 0.029823845056192306
-0.04289425364546306 0.03540700353990245 0.38738923313918533 -0.015819473685759287 -0.17958673932331679 0.038075938694674835 0.021874366241763255 0.014263666580597193 -0.08105282243861194 -0.06200606052962625 -0.04849636513187805 -0.0015147364855812937 -0.11929088549126163 0.12318066978254535 -0.05269319737502534 -0.7367550080016619 0.008545853502167414 0.1839453333849805 -0.026280868280833456 0.17076991868118696 0.056144789747633685 0.09101292021153093 -0.1122082882085992 0.01807779944656012 0.3570845202549475 0.011838055719083038 -0.08722603294013005 0.03275501389841187
-0.04674217452751348 0.029886181949629415 0.38541639737480304 -0.010499892915537132 -0.18069955201129148 0.033088344616309336 0.022325032624870726 0.01319486481824106 -0.08886352042162576 -0.061705239381873056 -0.052931862992552564 0.0005134097069371524 -0.11911948317818714 0.13579473639499035 -0.042058910335419364 -0.7298881212093568 -0.0019693643052133857 0.1879292109746396 -0.024079691738397954 0.1838272837616767 0.05613381358945323 0.0953463869977022 -0.12571464420720221 0.013205304573014017 0.3523326321559228 0.010651869323412685 -0.09289609470720701 0.03753904562795154
-0.04361723912589973 0.03573062619729221 0.38670221418826217 -0.013804969791403086 -0.17809451797667572 0.02700101015784253 0.021391620701886042 0.013186119400436548 -0.08336447581844605 -0.06174740548675389 -0.046614874685822 -0.00460353573423664 -0.11983858274802078 0.12503767343468297 -0.05298112696279791 -0.7364224623553636 0.004991340294041693 0.1832094585635091 -0.023988811456419602 0.174894783504395 0.055768849609598506 0.08927038315311031 -0.11361587568228419 0.0181911567064391 0.3573612435741284 0.010626644052970103 -0.08916646711163816 0.033052456084071466
-0.04073528157723137 0.033428727288532294 0.3891772508648135 -0.007757639380632396 -0.17856704011133012 0.03364828566061926 0.021344541991599988 0.013874438047739907 -0.08291319569011009 -0.06464222822384144 -0.037285303478347916 0.0006820517519179559 -0.1353155036041591 0.11677754915854593 -0.0483440434173642 -0.7372294159142934 -0.001264806735898388 0.18345006161070956 -0.025356460532300684 0.17475921917011483 0.05925391596155554 0.08020598987587488 -0.10553275063846378 0.015869051658493578 0.3557784696500232 0.01132533859060614 -0.08946485666083198 0.030318739652498084
-0.05380952153657 0.0393071643816099 0.3835008439356027 -0.03361769308435876 -0.19247120738094162 0.045490656225398766 0.023973271768315235 0.010097908766122533 -0.08136765514969611 -0.06664697009176365 -0.04079316255343922 -0.003928311676728785 -0.07632032563446493 0.1513428011650616 -0.059386161555866145 -0.7301188804695132 0.01878670982424411 0.1969359289023124 -0.018046196024687277 0.1666965841710243 0.05910415854750094 0.08325966612385188 -0.13579847672900702 0.020926352487043394 0.35273022420717565 0.007778027419394327 -0.08317238690303694 0.0392675677509063
-0.04147232493769 0.025544133519582825 0.3847397242016845 -0.011845241590919852 -0.19025105998358283 0.009192249093737708 0.024210081791094865 0.0129636430879843 -0.09140022743052532 -0.06283713481933002 -0.054280856844561 -0.006387993689676929 -0.120420466842269 0.11575478169221425 -0.033968523354960256 -0.7309171211460765 0.00013622620417151192 0.19535788659159745 -0.02381010741178731 0.19013751176651164 0.056630918921536356 0.09791085986913303 -0.10157506805225514 0.009098608208785225 0.3544037818863718 0.010700981317777618 -0.09620552684316552 0.028193980898721292
-0.041968315149733676 0.03518533817676144 0.38998303268898904 -0.014334656533321314 -0.17236757604418354 0.02012270853834638 0.01999938099039354 0.013194491930149044 -0.08191882879824532 -0.06275488671951607 -0.04022061603160142 -0.0026165007922769783 -0.11358534646204985 0.12066765655623768 -0.05149815902835769 -0.7412809598612824 0.006495799995458377 0.17754240781488112 -0.023867116656119416 0.17238774958667696 0.05641795030622698 0.08341857550297205 -0.10969235232702255 0.017212018873272096 0.3590503085926211 0.010488232001830647 -0.08815488842743795 0.03184620584366414
-0.04003477193924986 0.017881558900275426 0.37413159601728396 -0.005371121616381419 -0.21811882743216504 -0.02359306055046826 0.030630301443226125 0.010841189911604099 -0.09644993310014312 -0.05935201345545522 -0.0540986723197728 0.013674311542201546 -0.15925613104949635 0.11585089158482562 -0.019213276651837086 -0.7189303186633146 -0.0027489863709699532 0.1948243819939318 -0.019339991105905674 0.20209396004856658 0.05485465329685622 0.08955383717143563 -0.10522911643917424 0.0021252561867542404 0.3520164496009373 0.008318168224240282 -0.10364738358108638 0.03031341342764894
-0.03949981074075057 0.0394525381323992 0.38898109568710143 -0.011690047505115082 -0.17676277867829587 0.03945340576969971 0.021431015018879677 0.014130068817286838 -0.08072979578524402 -0.059727370453943066 -0.04287242894627929 -0.0011022299331687774 -0.11644110893197811 0.11425004256953877 -0.06041906740418656 -0.7406941392461529 0.0034340013905632184 0.1785218999592272 -0.025819984974573575 0.16974150121816922 0.05398364897836601 0.08702585237210056 -0.10402471363370497 0.021899769541565427 0.35977165874134703 0.011520410591730175 -0.08683581891158383 0.030131532834245408
-0.046549736321729485 0.03725256507403135 0.3748713976088081 -0.04940926906063053 -0.19083337264016492 0.067017991211071 0.023862939358577098 0.009156964513849643 -0.07278764577596206 -0.07925972597159668 -0.061761501530699904 0.018764853768055496 -0.17700425903701844 0.13620556422847824 -0.05633291242659824 -0.7170216886938761 0.0387273973180714 0.20911073061459606 -0.01643101342656276 0.15347388532825706 0.07347592462717727 0.09833914649894714 -0.12640559723057332 0.02003748071189699 0.3476519230080433 0.007256160418384246 -0.0784485029208168 0.037703650488046546
-0.048264744284796164 0.03639670799098802 0.38279040629364725 -0.03277606499894807 -0.1605722506187983 0.03884864491929774 0.018599621678847666 0.01145401389613846 -0.1027887114722044 -0.05535743247553401 -0.06044492554589769 -0.003802632158454147 -0.05733656652009815 0.1414940078167022 -0.05202982363647406 -0.730274701440748 0.016485655574422817 0.17556370745389654 -0.021305014103410038 0.21062702441471343 0.05089260655396377 0.09640176699990292 -0.1321170884873331 0.0169454974391602 0.35490411849798775 0.009603637199950252 -0.10579594784353993 0.03974309298383609
-0.04709980241920857 0.03595362569972209 0.3853101026036411 -0.016573064121705713 -0.18023147805976855 0.013931135689766191 0.02242685396424018 0.013688009850433423 -0.08437992509136157 -0.061064417411478146 -0.05277268238226272 -0.0044162789953367376 -0.10922047621344061 0.13578503885433876 -0.0536016828696021 -0.7337738824618858 0.009703397154083608 0.1815030656269847 -0.025180942383165594 0.17705067811896427 0.0548002883537295 0.0953137516103791 -0.12463397969375406 0.018519030050936136 0.3555829871788608 0.011287100171486437 -0.09032686768584178 0.036835740070929386
-0.05490440484764534 0.022997916462232842 0.3859611378459254 -0.007673314474643961 -0.16910841538555238 0.05241037785588003 0.02124307782997033 0.014684218682146363 -0.08398278913807722 -0.07113053279931993 -0.039188247827500015 -0.003852449302453159 -0.08118060987179135 0.15830215756380295 -0.02788179604146857 -0.7327839839631204 -0.003787792321034413 0.18198303413718067 -0.02620960881575725 0.17786162858901877 0.06491685284510777 0.07889474422950128 -0.14646119880976396 0.005725323283896115 0.3529801348790603 0.01144021216029515 -0.09124359591292643 0.043933052143190494
-0.04164998479880738 0.032051081459951496 0.3882987734877438 -0.013052050471673205 -0.1871106287677852 0.03840880129022969 0.024202487872818836 0.011923034576364263 -0.07735519925372561 -0.061991151589160215 -0.04546261705054388 -0.0016316377502797847 -0.12103668326609025 0.11805661370756726 -0.04620808637585871 -0.7384002850997073 0.004392628221511103 0.18822116555613533 -0.021552195935068935 0.16318894911732 0.05620431126268404 0.087954026661614 -0.10578227123352757 0.014979609396501862 0.3583426462226082 0.009432808014205738 -0.0834466148411839 0.030199423579227502
-0.04609333185190332 0.031657779948456526 0.3908186523392297 -0.010158044572440711 -0.16455346706270685 -0.0006190910160159784 0.017861064005482527 0.012581430643800783 -0.08612971600256773 -0.06258937076519241 -0.03619499855255396 -0.006083081270254762 -0.10236062801953706 0.13262755964404677 -0.04490542166714828 -0.7415088107907868 6.817637515305266e-05 0.16662355598118933 -0.022858804059587155 0.1798614723254213 0.05609397411154054 0.08211934277683221 -0.12087366629401496 0.014177421237402513 0.35892373432116426 0.010118385636964806 -0.09148125301256385 0.03518136294967682
-0.042461614242708334 0.034926469954145424 0.38884687671726154 -0.010144617968024926 -0.17330760768399703 0.027644850791024175 0.02020026856107347 0.013087700757024558 -0.08203803040702595 -0.062166275726312656 -0.043081057922813366 -0.004332707642153853 -0.11907501438256944 0.12200447051404982 -0.0509687049132903 -0.7400917799877205 0.0022206344979850395 0.17702810768361518 -0.02373531524176812 0.17260318325584914 0.056116932876482145 0.08542779578386944 -0.11092061101524375 0.016912170075995905 0.35882434907369143 0.010458749038901184 -0.08824098233032061 0.03224452025985857
-0.034769996642202254 0.03449534320471058 0.38530230895744977 -0.018838185616635982 -0.200565925801606 0.018952226130852776 0.023369399100702393 0.01415238414323619 -0.0964731630616062 -0.05461988372821773 -0.03978791192441257 0.007387654460165924 -0.11576663157669155 0.10030816894551207 -0.049043371070356986 -0.7336542553734158 0.010761109424131424 0.18202817672123384 -0.02518969153055606 0.20008362897690507 0.04999874958139524 0.08343591259407387 -0.09041485314454534 0.015589917634690227 0.3557504795434592 0.01096068194464874 -0.10135378486171094 0.025730755995744228
-0.04290313193234019 0.029425111550248278 0.39357732066209067 -0.007317370167086378 -0.16914181832632177 0.010652811467461883 0.019394950817005607 0.015887366226882967 -0.08230121519393842 -0.061682490645304365 -0.029336390394891027 -0.0032440529021650188 -0.0830372702155363 0.12247618339702286 -0.038306892423113297 -0.7465043227101454 -0.0003528996698644233 0.17268352324362776 -0.02887651552005696 0.17266687950851703 0.05578878442658543 0.0750575235768492 -0.11058621015697875 0.010056733041102554 0.36113338332553624 0.012882955158592547 -0.08810336200382966 0.0318644090485277
-0.04937503490948965 0.024778862702165092 0.38871890540453474 -0.010935123736457214 -0.16100299805492574 0.02787015828050557 0.01722672109642348 0.01428789595763668 -0.09018708472274996 -0.06346011353300245 -0.060888837108126044 -0.007986983169876848 -0.10590826605198093 0.14331670551061107 -0.03245994933076263 -0.7361833827696544 -0.003097725108403917 0.15779763950172887 -0.025964749136700407 0.1851944061980578 0.05739754099416192 0.10262099502923643 -0.1330667255280728 0.008714995994338783 0.3548977797345064 0.0115375958822765 -0.09298058795836109 0.03998146522533791
-0.048731178645611904 0.05615365398038617 0.386262494179641 -0.00519948906593723 -0.17825030352756716 0.028766693774638672 0.020016987240261647 0.01816858717029434 -0.08044869362708236 -0.06347272116804158 -0.052106322509153515 0.0019788099213498985 -0.08615491493110938 0.1395778950230378 -0.09286717871151844 -0.7326420604225484 -0.010082817472658726 0.18351608325164787 -0.03480974998355191 0.16805766587126275 0.05699646231615668 0.09069799186418803 -0.12781200150143768 0.03773557140230108 0.35353710075954065 0.016369745996484393 -0.08512226700169906 0.03781439974538862
-0.04179744731715687 0.03094752755799905 0.385714216843795 -0.023575075041477843 -0.19453661061121943 0.036716958252103846 0.02608224807148293 0.011667671396559451 -0.08561647181751682 -0.0592039400383528 -0.033610052595445576 0.008995150374954129 -0.15286643860548046 0.12018045123760414 -0.04350933253318759 -0.7294583857334708 0.015101396352950512 0.19379388749382337 -0.02106632460601646 0.17892569823995919 0.05421321848648059 0.07528496865109911 -0.10943980577451212 0.013557381608301331 0.3517511828846604 0.009179280993055563 -0.09084499993569119 0.03192106460179571
-0.040083880121935256 0.04384126125109105 0.38608283515703684 -0.0014259533375426878 -0.18203773391099165 0.019068308154841406 0.023029297538010342 0.015275249704459681 -0.08531723231472184 -0.06904553116263175 -0.03290907866612703 0.00213520611889123 -0.08103121193090161 0.11474763268288361 -0.06942566321288354 -0.739134025350091 -0.0074601638867170155 0.18800060673311414 -0.028039539038694876 0.1789340047355061 0.0621656712628624 0.07836615163804118 -0.1028639042651092 0.026148454052138028 0.36101965021830623 0.012571455170627806 -0.09122609469980655 0.029133750851131488
-0.03709604627605276 0.039237685971178465 0.3863334094896415 -0.002981297848843773 -0.19987692474131635 0.006319581348660314 0.024267867248117577 0.012714352124819039 -0.07930156370750222 -0.0631606085625908 -0.06226117841133118 0.0022875247282121234 -0.10130484554671679 0.10724889653918332 -0.06056820962469886 -0.7346616918928675 -0.004656380351697013 0.19944648032459097 -0.022998478882739187 0.16651441796572883 0.057825699412701465 0.10465434427025695 -0.09698480674111484 0.021886105087882177 0.35698691091978957 0.010057259074747617 -0.08491180982292577 0.02776359221518396
-0.0422992834147438 0.027599024107009634 0.39039427889207146 -0.010342151105449213 -0.17876020845282084 -0.0023169339360330516 0.019497050038917867 0.015867929830778862 -0.09751639052665632 -0.06664790898054147 -0.04110372574969647 -0.008115675322570143 -0.07253105887597361 0.1223535763525999 -0.03819685586612463 -0.7376011298611198 -0.00522086930052489 0.17373369732554717 -0.029084384246165752 0.19900242773490745 0.06012422934648762 0.08303928163928202 -0.1119838923853091 0.011644823453518145 0.3548075519430251 0.013125885721780712 -0.09954139368340612 0.03279354657362288
-0.04306754174874655 0.040539909500865286 0.3872999020744195 -0.025652710759830246 -0.1835866008839799 0.03471126608047588 0.02494950003004308 0.012155728305199209 -0.0822450668805644 -0.06339776611766934 -0.04483230758592375 -0.0028912490336982792 -0.12732249289975686 0.12222429275208974 -0.0623406602871983 -0.7332488355286836 0.011543373246670935 0.1983020193657667 -0.02187895567122593 0.16955953942247567 0.056565436408451644 0.08637407017651229 -0.10970191334726336 0.022834225639311444 0.3527752691043993 0.009581280860377149 -0.08505781189449489 0.031501039617044424
-0.037569693134817214 0.04352806182227751 0.3837772358742282 0.0013810448162008156 -0.21145938339702583 -0.0001419479571902013 0.026253837077176025 0.011546577466017532 -0.07795564907941062 -0.06305967367066168 -0.05892256327211424 -0.0006450457177821555 -0.10209346580214576 0.11065149307476782 -0.06847167682433676 -0.7306858947759467 -0.009183104397177124 0.20588651834897845 -0.02039212273426733 0.16403558400137006 0.05714366558547333 0.10319173788258186 -0.1024685844936664 0.02555933508528528 0.355245849960025 0.008642370454891716 -0.08385869376338677 0.03025887083393294
-0.03833654246809947 0.03214550293328031 0.3816044540718323 -0.012976396633543594 -0.2037114768661598 0.048567387562161723 0.027428951748985908 0.01307517451485863 -0.0854644971505282 -0.06495342978072419 -0.027527466567077104 -0.001798461068351268 -0.1572840243976243 0.11016398313299487 -0.046419036348597814 -0.7272217225846432 0.004315391563692964 0.20371019111362043 -0.02408923376013358 0.17879262367099524 0.058967553581406124 0.07401918948111146 -0.09958972157040931 0.015011443132277282 0.3526348724012617 0.010824675980481513 -0.09116032211352322 0.02863136216527014
-0.04186069025876928 0.028477881195906992 0.3939946332146899 -0.003007216392252582 -0.16723622882835754 0.0073069239882932 0.0182023260747264 0.007667152717250836 -0.07954419682614677 -0.06889820631830815 -0.059989655155547716 -0.012636821458031267 -0.09625589324552554 0.12027745603559643 -0.03988762471840897 -0.7442234371818675 -0.0073234514931176135 0.1696452356292928 -0.012772724683600828 0.1676383980498373 0.0625056202887291 0.10436821079273667 -0.10963899287942283 0.012007609012466012 0.35669828325532893 0.005009122279944284 -0.08610211498769338 0.03200794595938244
-0.056082459951704924 0.016064493635071765 0.382756146782644 -0.019913383861103688 -0.16427431368122608 0.01095482308647094 0.019530718562221983 0.014141338311885538 -0.09527620990270355 -0.07499393672911568 -0.04008423490735439 -0.015179045716568005 -0.07301740945357975 0.16165299843091477 -0.01642893191015392 -0.7289418945510042 0.005739553143286742 0.18163643580887823 -0.025608311987735426 0.19760169855954968 0.06857158041530959 0.08043938177921528 -0.14930379391065038 0.0012341288036491276 0.3522319455563064 0.011360938287983806 -0.0999734205926741 0.044703620316249026
-0.03855939195506092 0.029796286069578428 0.38911632321441886 -0.016616667411527408 -0.18945968536676452 0.007324048302280951 0.022980293213656 0.012025997918742497 -0.07701507132510486 -0.07194636755121314 -0.02894502512100931 -0.010150030203077512 -0.13329315499373628 0.11163791129368039 -0.04082167127772345 -0.7387242912391786 0.005698697440235399 0.19227646467744264 -0.021797420525398938 0.16395296452895528 0.06481984760797875 0.0773682804303541 -0.10149998400279885 0.012215479947564436 0.35571569586239316 0.009746356902009106 -0.08467569476033064 0.029358401970185112
-0.040250401351514344 0.03341005177860148 0.3849308257195029 -0.01529460242487218 -0.19320814253312069 0.03865735010785126 0.024992373831898663 0.013373844596510349 -0.08382216680377777 -0.06291554457258097 -0.04232507402073871 0.0017358470110884379 -0.12921859202729036 0.11629190317546087 -0.04849608228223969 -0.7331080388072603 0.006906540965404913 0.1929804401946028 -0.024230336443391166 0.17558787285496175 0.05750194825861881 0.08503769288989946 -0.10605198664666159 0.016003224581256206 0.3558386399023413 0.010719406009473022 -0.08941160039681123 0.030861619084652608
-0.0423774388717432 0.03454167685976587 0.3877666992614933 -0.01424188603414502 -0.17123342599186184 0.029508830734690544 0.02064995282013877 0.013222103900525793 -0.08337951445934048 -0.06303217245572348 -0.046231167378058866 -0.004351766637956965 -0.11493625894068665 0.12203895523553422 -0.05063511151300263 -0.7389441584526434 0.0051105494295731555 0.18094515962488042 -0.024048331690714537 0.17521018027653507 0.057145428182165205 0.0900138324703121 -0.11131198528310318 0.017003890300039393 0.3586235698971775 0.010646252061867636 -0.0894105387989369 0.032470873944480616
-0.04366823682827026 0.030012198573789138 0.38744898523214294 -0.019728353243878557 -0.17860757143211256 0.020977124024619934 0.022694318413752444 0.012963191614365948 -0.08279959992629872 -0.06160537077846697 -0.05101736517662319 0.002734645068751538 -0.11809403987413641 0.1263595069453078 -0.04149086645744792 -0.7360122528683876 0.011838028532625732 0.18683431880475837 -0.023368867574752573 0.17419249355165473 0.05555771815723159 0.09339325070840296 -0.11596538431579625 0.01237546508359238 0.35568369390853816 0.010246256787850929 -0.08903017944012269 0.03412164067597037
-0.041327458512670376 0.03293180712102091 0.38714025561707655 -0.013369806457716377 -0.18778834852329523 0.030755270873398948 0.02444887578714397 0.013059038036529596 -0.07964135934634149 -0.06157750299033615 -0.04656900766404697 -0.0012809698406457501 -0.11336885162620412 0.11790582298126469 -0.047450353752949447 -0.7374433143908979 0.004888373293465546 0.19151213784325724 -0.023844572440227297 0.16835580192900307 0.05582015607396046 0.08937639949592173 -0.10614542970729225 0.01537097033754731 0.35824309953464384 0.010586406903634974 -0.08628069002737246 0.030406138478664694
-0.04575744815710453 0.0319494925352235 0.38965408672163676 -0.011768668562597522 -0.1884668538312397 0.0023679998931106986 0.02330399124256531 0.010940412806361684 -0.08429452707551738 -0.06051312101805295 -0.025474862814996578 -0.00970269768785537 -0.09101166730846315 0.13453574553037023 -0.04626855518643175 -0.7369229798349658 0.0019913950167662385 0.18616705272331052 -0.01979657748159047 0.1775212135429732 0.05377304111028861 0.06939421947567792 -0.12550445204259303 0.015079219897989615 0.35448400680151637 0.00871706789158787 -0.09074583329701477 0.037621888798147665
-0.026764183213345664 0.041466866902500336 0.39268116764503175 -0.012644154332267609 -0.20629390532373515 -0.006643444819184235 0.028477248681615854 0.014483438766748645 -0.06752141911148278 -0.06775456619822456 -0.02749401545395374 0.018767486277982616 -0.08485280140062197 0.07348494404745227 -0.06360576442094996 -0.7462754759358392 0.00335901258565487 0.20961670832596596 -0.026384940729209574 0.1446952429692806 0.06191923760439702 0.07075552295585576 -0.060650635864493437 0.023095335808493843 0.36202389289448933 0.011743454085679488 -0.07547083199664008 0.014912474044326652
-0.0410598699800923 0.03699287342618428 0.3883557459139558 -0.013135815687042328 -0.17605774489640827 0.027814961851793933 0.021285882060772348 0.013278726006265498 -0.07954329395225579 -0.061981313514373367 -0.04694534448320786 -0.003302223677458435 -0.12664357440628873 0.11825086672207757 -0.055434207040031123 -0.7391614621334717 0.00453857756412101 0.18148653653808122 -0.024085759664385288 0.16763292096479138 0.05596316035011818 0.08980156286084483 -0.1076384815901622 0.01940367270535964 0.3584290694460916 0.010610563424722445 -0.08575330099554927 0.031307527207735567
-0.04934303808153741 0.03336713268932602 0.38939631164381583 -0.02773539986452565 -0.17703420183842705 -0.01615151868639856 0.021706060270579898 0.009380972979055865 -0.08627208813498577 -0.061663897894937834 -0.014845063799450138 -0.004097312089010608 -0.09366590200879342 0.147010435793093 -0.049482225004614876 -0.7354077445862639 0.016471953144909603 0.17663834449482618 -0.016641414431215727 0.1814881919081402 0.05513484846031001 0.06058710145293544 -0.139216816568813 0.016963672093361925 0.35393274818216214 0.007140288429043373 -0.09252428871145213 0.04247298030160915
-0.04877120619543395 0.014202593576973826 0.3868124787896897 -0.03974421310492723 -0.15141587144916438 0.0006005606514773866 0.017433002101325666 0.014432243768816126 -0.10231526732110523 -0.07060178581301817 -0.04485013909475181 -0.020465415697451632 -0.10969217990409075 0.14144031102639346 -0.01300041134302262 -0.7303969593182825 0.02131386895928293 0.17342642206967537 -0.026803845790196512 0.2097570210064119 0.06545554605169768 0.08473862189216279 -0.13086479127840503 -0.00021588091535896771 0.35022890576785287 0.01224596727254622 -0.10500350723168748 0.03915132332769229
-0.03919026690302003 0.03550546558602151 0.3879996894606905 -0.015164306593494698 -0.17808903138590715 0.025415032614102828 0.021107320272811217 0.012373345589090864 -0.08412428163479375 -0.059831031935813246 -0.0456240825396378 -0.007711388708890253 -0.12945687958899113 0.11263968127031951 -0.05357841786973796 -0.7380772557907903 0.007262254266623328 0.18230441148303647 -0.02238563278961429 0.17651387468906615 0.05395140645374017 0.08914595101518721 -0.10195478014030228 0.01892065932477501 0.35775411366364296 0.009833777346587408 -0.0899632586338202 0.02935757189303524
-0.03981357357663387 0.04141852329674702 0.3915346806313456 -0.02536344883388692 -0.16890228636582136 0.003318157861322626 0.02006288865512333 0.010529305198304246 -0.08254968832743183 -0.059204529914740435 -0.02279631876054945 -0.007480555496499948 -0.11558034775295133 0.11359935523113014 -0.06464614104086719 -0.744536079538169 0.015129459219373783 0.17533703023007755 -0.01899003723076744 0.1727206571349195 0.053634602494895316 0.06709690935154446 -0.10225897505959478 0.023983930609338015 0.3603301538360163 0.008272756136485728 -0.08769836457135088 0.02931270581615399
-0.04426775601076604 0.034257332857581584 0.3849700245912422 -0.02303615839889955 -0.18735049161941997 0.01828913804245835 0.023126002518983228 0.016050185343663512 -0.08807252384175135 -0.05965571885750753 -0.04209955574424663 -0.008416286448855503 -0.12315821942332063 0.12776608851204366 -0.05022090574751501 -0.7315087556702676 0.007800609130781162 0.19021490895758322 -0.02920595149642676 0.18219109862983696 0.054047383749961535 0.08416354989852716 -0.11681315616299424 0.017140424348725133 0.3543988276290542 0.013006977198647268 -0.09196356635712612 0.034221530028614326
-0.041349882418654275 0.03328482710991609 0.38452149142871206 -0.0222851848616088 -0.19219893218345854 0.04085932622925952 0.024805585424249734 0.013598454229099765 -0.08428822039051108 -0.06255555640364481 -0.042471288960548095 0.004070156143486915 -0.12434806017027303 0.12043817493812486 -0.04792749049945591 -0.7332821081395792 0.01241395498856651 0.18766586647057706 -0.024622341903885063 0.17682266376378877 0.05713784752537121 0.08501912506307012 -0.11100738770772564 0.015644919772622397 0.35637247245139503 0.010915452820018682 -0.0900756289096768 0.03276572708604042
-0.04492254664919209 0.030229059690165153 0.3856249925785937 -0.020563276251122305 -0.1882876459391938 0.03194574115167881 0.0235033478840598 0.01232773096707794 -0.07989640723382346 -0.0603760679676548 -0.03990704296995012 -0.005541493342504998 -0.14124500173862112 0.1305439192590272 -0.042149470592741135 -0.7330956390163195 0.012695128155683806 0.18574057913263425 -0.021970872386378806 0.16688280728112254 0.054908635849592206 0.0841086533237736 -0.12059257763358772 0.012850675329878106 0.35581197630628497 0.009560161305418117 -0.08449981081759825 0.03588679463474574
-0.03994721367851209 0.040878208035494315 0.38892843550277706 -0.03915078727657399 -0.18260961951423405 0.033859839575199155 0.023866853562847592 0.011853878027751188 -0.08866044903806881 -0.06281332355708441 -0.03338748076772086 0.0014018953958766013 -0.12106305401599446 0.11209276327279531 -0.06323555329581285 -0.7344527065604578 0.023622344757439497 0.19551196955405328 -0.02141494433368149 0.18203702752929318 0.05646413702712871 0.07515264963003601 -0.09867888336717841 0.02341231393701184 0.3529011813401787 0.009360366652658818 -0.09101753597890319 0.02751145909206987
-0.042745305170520796 0.030976441680827943 0.3843142979495075 -0.011961899752657695 -0.1993704794810996 0.02667163682036888 0.026126680786911965 0.01317677219903261 -0.08494190421485238 -0.06021390790381992 -0.036181087488803776 0.004209604822980462 -0.12786888650479258 0.12143884213462147 -0.04367767394361928 -0.7321981614936278 0.003217662207349593 0.19386426004366186 -0.023762353537652513 0.17743832488631425 0.05524372862976923 0.07893299067698178 -0.10914012138958773 0.013663339711235562 0.35570847837306774 0.01041516331714259 -0.09017208262392877 0.03127167525110297
