-0.0022766394949392966 0.16259228736141046 -0.013620213849589408 -0.14583799670122605 0.02637253102168069 -0.07377249557998364 0.07195009095122407 -0.039097989230010094 -0.09927803625162998 0.22564566604347752 0.34357952959711824 -0.20909781531288302 -0.004728231348518424 0.32493303061867745 -0.3199059057648823 -0.10708534445278262 0.1085484262017335 -0.24979831748343073 0.09661833275909597 -0.13867169062172802 -0.07381153244589105 -0.024803405062171078 -0.17679628903447234 0.37958658548982344 0.40301398603048333 -0.12113895327614549 -0.18086232188164342 0.057878712377287325
0.26325186277967344 -0.06754192895873776 -0.053676158854575585 0.2362235678315661 -0.09912823829487824 0.4017397129902608 0.37432289218165543 0.3039540036600727 0.07483318410008807 -0.2126068696845682 0.10049823867366796 -0.11275859195358037 0.1851393525748583 -0.1719516791089858 -0.14343337387668037 -0.32232198817712604 0.04488678795346495 0.2921623462744611 -0.18337892372758213 -0.2292296025311722 0.02202646914225334 0.05498889270118963 0.09138582757757947 -0.06605101623914691 -0.09927920756327636 0.044388284292813794 -0.00817060592883413 0.011753410011834884
-0.10187447966971429 -0.2597923162912498 -0.28960301229852126 0.09156277726536283 0.1649600044593717 0.03278396452239591 -0.11038127949535485 -0.09643314730286764 -0.03378698995574804 -0.3742697917857709 -0.35337726712062134 0.1517535675754152 -0.1512222044496669 0.03803217198507289 -0.17986205067549496 0.29507561997754483 0.17497818697731743 0.07158744712661518 0.30644674999292243 0.27946548327129556 0.03577425200731901 0.2946818528454951 -0.1493037283183102 -0.031470607363311566 -0.1457031307070496 -0.04502865666377446 -0.06842731923048252 0.012494006744201676
-0.23247469830932804 -0.08133420173624561 -0.03399961347370464 0.03127872156160022 -0.1667300548802828 0.38828554575789836 -0.16525954286445424 0.0948568532299541 -0.003659128902304416 0.14528447252900423 0.04543691667075987 -0.1137917585790937 -0.12862938032565122 0.44478998199367276 -0.280460635634257 0.03496358054986151 -0.03749911997218307 -0.16696595670688988 0.047164397816806904 0.3703499469027158 0.06106132944821727 0.02360179475935733 -0.3922829762283301 -0.10538143064039023 0.21991328456284812 0.06551274459075489 -0.006435452695393834 -0.03598928178603163
-0.02903979504955344 0.05183861147414729 0.07192811434140561 -0.19223835380051715 0.14623765594659172 0.019583962240040352 0.0038784436633993234 -0.007041968892790054 0.1075279664156115 0.03895392876226137 0.05709133318600856 -0.15023997677759018 0.06751211556427439 0.4279226933736159 -0.3050975466703568 0.016441845501735875 -0.34487843535920537 -0.03551222514171573 0.20459558411866527 -0.19882479270751713 -0.22641572022875495 -0.15550837297700115 -0.3451729827052206 0.3432225165380503 0.1867859629933968 0.08759138768720487 0.2193467875042598 0.08890841543840432
0.03702591102554491 0.31733179716693405 -0.03950330249243837 -0.4764325333048874 0.10298712742643489 0.056575446507443825 0.12941315815546534 -0.1575511245923159 0.1677173713849747 -0.08910859493392739 -0.041469963733311 0.0901349772664503 -0.05589815536820035 -0.052975108625690104 -0.22960484102662582 -0.12117753051953085 0.1935297020792554 -0.3061727681663708 0.4345075553076718 -0.2602750026757945 -0.07565483450451513 0.05287256937649604 0.2750402616570477 -0.04927834660059871 0.13518271460875464 0.009915521122629282 0.028832826267310183 0.034970503054245955
-0.33127654258266476 0.10245381164722468 0.011440213211008908 -0.2901541394322089 0.2546463639382801 0.1546409800623008 -0.10996541684618082 -0.00247530766623273 0.4104196240409471 -0.09040063341847888 -0.12662189346426592 -0.1289469779626228 0.05086838499737843 -0.10689357649922054 0.18190854986510882 0.16604223257322978 -0.03465363682108386 -0.3566790376913757 0.0672732224840247 -0.16517523588211952 0.11773263243213158 -0.3319578104083692 0.309359635183951 -0.054758720905353664 0.03554070110866713 0.007027715831699097 0.13864900604224084 -0.08429594004584978
-0.27967699510118443 0.19621757542408244 0.04065213747783211 -0.06186375708868124 0.05631471412295982 0.01586866261048172 -0.015998767534475593 -0.03725188303421774 0.19049611853851905 0.11578645863612447 -0.1779291838289529 -0.11845220007492886 0.14152468610952226 -0.16316978166701077 0.2835826225521299 0.1993172435595833 -0.13892398624365446 -0.28059014835653157 0.03999227265865005 -0.23010930624110465 0.14349428005271467 -0.3433254512046185 0.30932905589043336 -0.0007769056648525794 0.36208633977659316 -0.029809214272500953 0.23513034778554814 -0.1911491861777864
-0.005044981015905701 -0.06258625071726519 -0.16114166125905466 0.21226212110107284 0.19415178841937955 -0.10122436261579598 -0.349961340614884 -0.0539000044601384 -0.2263662308197879 -0.3075218281758961 -0.348153386423044 0.06494821666208127 -0.0017629693601010357 0.003728839432460396 -0.2863172661203124 0.2157685668898725 -0.051016116132634876 0.15489366513054456 0.3126900136308622 0.2286918379241934 0.162893969522937 0.27957978739572903 0.000248889048686697 0.1671601989125449 -0.049205566163876675 -0.18055922362067464 -0.059791619390357854 -0.06336969792612591
-0.13465278177725692 -0.06544093207094669 -0.05053660548875412 0.1012291704492759 0.09085583545374183 0.01349109532344591 -0.07903734095821939 -0.09829007567752764 0.0994850703229694 -0.20772719907128048 -0.43535383715810927 0.24521572547752493 0.039101453096926087 0.31516929510419045 -0.23375503080909632 0.019309739103444596 0.23566722021874612 0.06665353341603286 0.3922310450993084 0.33917133175032566 -0.06691416658470002 0.17485780881044083 -0.2079672560440666 -0.08127002961922165 -0.059022610704846004 -0.2011056692991071 -0.151887451327205 -0.03293453725028903
-0.09194936164387368 -0.04010854153858868 -0.03953699925443175 -0.005507054885802772 0.05546642071343844 -0.007564757983054249 -0.13389357918899122 -0.28619185734467695 0.00022741077702419685 -0.14925141740421113 -0.45842134903455367 0.16221796752236345 -0.05833729596312908 0.014383556376413718 -0.09968131554210287 0.21158524946798046 0.2861538846384118 0.23858552923832418 0.4696847308328609 0.13735818704377295 0.08700994591986116 0.3331729898240097 -0.17294190986360605 0.06769917832367014 -0.14854021975177126 -0.014903407450738829 -0.12052361441854588 -0.012768188984934564
-0.23409023174042454 -0.13143695894641014 0.08325099542602704 0.26964374132079 0.18009901083418745 -0.1526227760553735 -0.15900425011376 -0.23007489715906765 -0.293302462690199 -0.20811624688081204 -0.20682732822487707 0.1924907800332915 0.10460764363668293 -0.05942303668362625 -0.29210691042762904 0.08810260544703274 0.1053273252015396 -0.03916638150710458 0.3299983127082036 0.48726485712201856 0.04205011725114379 0.1533994326110228 -0.03507571528646753 0.006245387090573373 0.04328585741206737 -0.02024442657168286 -0.09675740638909933 -0.02102212491425735
-0.07656572741401546 -0.12330735674540785 -0.014043099076356192 0.08375933825676839 0.1705735591085037 0.04324404582547261 -0.1908126825568341 -0.33085279925013594 -0.13172167830607662 -0.06100125440495689 -0.3510111073549151 0.152603880019961 -0.07944200299066444 -0.14050419138727388 -0.15511510075442858 0.2524993333802443 0.08158495701424993 -0.008498666105181222 0.2584229671929963 0.34457290720711903 0.04075135098830589 0.4341810809554752 -0.286157601624459 -0.007004340342912805 -0.1268906960519918 -0.16599620819868574 -0.07351359404175344 -0.005791302582227242
-0.10028187077666567 -0.005940611896272611 -0.1419756402015161 0.17522551748486778 -0.023941957144612835 0.05251559389808455 -0.0886964731528761 -0.3132220793505146 -0.03020547776266019 -0.10870752752126044 -0.3954273499717319 0.28118676605775234 0.04955880577852066 0.03835190289611649 -0.1087999562600354 0.3139579275376858 0.10880010045792593 0.30448087398553514 0.4878113787148762 0.09659687987727374 -0.15583686331060032 0.114717629809415 -0.10251637256686165 0.029078826738846177 -0.24510706873301033 -0.07598765953798832 -0.027529061798137723 0.0012858721386539262
-0.07300362620804828 -0.16442231688156514 0.0644880466256298 0.15863152277600578 0.06349324578701807 0.152086278197987 -0.20447196121141809 -0.15820077113479253 -0.08602193145199676 -0.08617404856771126 -0.28045317218781257 0.15589261857083472 -0.039326260051253135 -0.32531454341089416 -0.21305330094883798 0.2800102593638186 -0.18146679090585974 0.08566193975238888 0.36471759732581094 0.386348925036957 -0.008534371560499642 0.2923475534820164 0.038658892744748465 0.15705083223568228 -0.02497426293713143 -0.17834061371215218 -0.16560175981927264 -0.03541756056377553
-0.06951740590394823 -0.20713494930884002 -0.13761977834660502 0.29440803091424644 0.10876328507406527 0.05065381627099009 -0.11298215951350887 -0.02742872771804447 -0.042712648280383 -0.3665266853250312 -0.26202512926490945 0.23388300872320125 -0.14311702106018018 0.0346010610481794 -0.15775662980636876 0.3677870884764797 0.14588302470804893 0.13626832450531898 0.21919717122319918 0.35883493542403544 0.015370206083834465 0.2620634381100094 -0.18881195314139995 -0.10112807447039915 -0.12638013009180404 -0.02712713917720371 -0.1704207362633871 -0.013174320955595538
-0.18669352557348795 -0.18796129123167896 -0.2906219659969295 0.0651484159970193 0.22250768398363457 -0.08839361166241692 -0.11307935419302854 -0.0447732159520423 -0.1112834054937169 -0.29762927334825734 -0.1711259593327523 0.26759402119304493 -0.13995335476406098 0.24203378647886878 -0.058334311021160816 0.21261442888972815 0.2520281642657547 0.2082341443791641 0.16103245043121844 0.4068151537324277 0.02792311081888163 0.254790056936753 -0.04549452666972499 0.049740813450890015 -0.218527210514085 -0.0858353160045265 -0.1262910094021903 -0.02721265997464893
0.0560854647969924 -0.06967867408743783 -0.5482952625318105 -0.14220169627847215 0.04978760046973412 -0.24413633157735476 -0.13247821037469068 0.22493542820888615 0.16792059320021024 0.1611351128447102 0.12281692808210781 0.0685134346217163 -0.043767125699813156 -0.3113587310435509 0.05547958419141189 0.04856432761921729 0.32822562203376354 0.0630913558232056 -0.325023998776656 -0.06895052350098019 -0.03473591447768369 0.17433953452052753 0.2640433346069301 -0.08939229393748264 0.1111909047285001 0.059207029980923004 -0.08759163060836894 -0.08790343298540287
-0.015226256667167313 -0.13106213191243063 -0.20632780600728784 0.24629284157059514 0.013770505911341872 -0.053480726932160896 -0.09634686258260214 -0.03906240895065715 -0.17738045360490753 -0.45958913301686743 -0.2644369765188706 0.3228345601489095 -0.1160553863050565 -0.003708137194020431 -0.019578297569771683 0.3457941713048859 0.2208886314309548 0.1017973923616555 0.26775343191351975 0.19309182465639022 0.09233874347631756 0.22287658838901128 -0.19035386892412817 -0.08522097547344043 -0.1612711696563612 -0.12738116271145772 -0.04790650922045081 0.029473707309114278
-0.06186433345648486 -0.07382476633599341 -0.0049581239850645 0.04993282278826855 0.19381549345616567 0.06095563481378042 -0.1279049263944256 -0.29376237824460455 -0.045406504841135634 -0.04557518566940296 -0.3344872379849814 0.09376201383682065 -0.10080864776283285 -0.1618890345099087 -0.16420894941834158 0.24281762728116307 0.04314048386050582 0.09034747180439856 0.3850290585610284 0.343218942375895 -0.024150911058884582 0.34507881334574797 -0.31468192580299886 0.06050678483525569 -0.19160207449264824 -0.2429852853317705 -0.05180383768539726 -0.017488116197422077
-0.13016420575309326 0.049896949594107606 -0.0944158351666518 -0.2429409495713141 0.23483824278299184 0.1195342922009189 -0.0005187394762653752 -0.003490058916813333 -0.05849559054434622 0.09137311901642245 0.4651784636759592 -0.23434944316017386 -0.01946984857389252 0.3447784462363754 -0.20232807107517342 -0.06819894775239392 -0.2672612905776261 -0.3755131544725333 -0.025707901762262505 -0.03426799035034533 0.16177490005287634 0.08409382640440632 -0.19870629315414975 0.311773641221894 0.10499078386690565 0.005118209954986101 -0.0011594161958444627 -0.002858766015636564
0.0033953308865242757 0.018795641105115113 -0.03703444944773937 -0.06840844831140905 0.2976486735416037 0.15607241315922998 0.02736947581472853 -0.009726438764895633 -0.07304455800904995 0.17169840555459967 0.22761973129803093 -0.1933238217806958 -0.1170020703255032 0.23351913299074128 -0.3886462987309871 -0.28377823895981036 -0.21391843118492068 -0.28850913038396625 -0.16741840011878958 -0.04993247316654789 0.1416543306970483 0.21348418653405504 -0.154681578828381 0.27850616425310604 0.3040578595472263 0.153367840088385 -0.08311383789762047 0.08033937998035905
0.00971418110778605 0.06485959947530494 0.011952458754169152 -0.2780779858215093 0.24916306667532667 -0.015130353016197758 0.005868647418611103 0.08711899243237485 0.023843900017763847 0.2716384386444541 0.4041265721420529 -0.3172440140810244 -0.0969857374289193 0.13936708768196024 -0.1566014146199701 -0.15758701060188784 -0.17465006794051494 -0.25386270522488236 -0.23268079359866653 -0.035081750613742746 0.10711227242968738 0.15312433742234588 -0.16161733388185678 0.2644802062230374 0.3236975621174392 0.08933085642940694 -0.18992767133422236 0.0405651243580773
-0.013277873369375436 -0.0390495236172018 0.168282145404464 -0.10774780895725171 0.1748331449942307 -0.014466743812510051 0.014509511500437727 -0.11657253346852033 0.11346855677181203 0.15926012482506874 0.4452171260212733 -0.2361326783497893 0.022831768228770227 0.3329102357341576 -0.2876012415509189 0.021566631315677 -0.11813763497953221 -0.20044958611811148 0.3639115480018021 -0.20083420347370476 0.04000702262406734 -0.1475315496879421 -0.06531539162410717 0.24384181978004105 0.3108955767549053 -0.05299081893744575 0.11656202462732426 -0.0021094956558564176
-0.13433246338910393 -0.3197450324786219 -0.036674271217331876 0.2056743012872662 0.14884398126515425 0.14439171828813568 -0.17245666649130237 0.02271634949137519 0.06388198408558099 -0.24756075456471835 -0.16967492877346146 0.275138135780749 -0.1770903362855425 0.0013335487889783895 -0.015208250448108427 0.28737817348029027 0.07789414100676123 0.2283835776331796 0.2653686730968246 0.4606868666277279 -0.09275083642882004 0.07111325874368139 -0.14782004295817933 -0.16355176422309714 -0.2664928972302 0.00021882220898587006 -0.06778580831383936 -0.004405109726078153
-0.11225150068002804 -0.007065374059983049 0.17431236303494857 0.08400143541112812 -0.1545536720138177 0.02430886254401287 -0.0017232432475983454 0.13872089133431018 0.01013344546802966 -0.0904919039893385 0.08856361405014329 -0.19629679330871644 -0.028361168464561597 0.2624725118782361 -0.35916389632710966 0.20518280328874303 -0.17789343435028676 -0.30386996162274066 -0.4137993004393732 0.36656378298824144 0.23549882688806806 -0.19577272749634822 -0.1009999766186587 0.007437687314849151 0.25823604208449763 0.0015020264250667442 0.08172700197893341 -0.06107263656564533
-0.039593611747113254 -0.20133397698450153 0.004661103263541096 0.2549463095013265 0.02193601089026751 0.1458157160329675 -0.19073220745825814 -0.09284844783797361 -0.12249285659409298 -0.05735569963815843 -0.08525553341917867 0.03747898089062701 -0.0160688410587573 -0.36030808260738284 -0.16284291390004743 0.23803000264634824 -0.2797259391950244 0.1123824136085568 0.45425118537726855 0.3613808207099933 -0.036991061160439 0.17244232905166054 0.10065587618759457 0.11653208318502148 0.10798683971199925 -0.20764601976732447 -0.18205827581689485 -0.12391577010225036
-0.35243818842944896 0.03422349553978911 0.03871715925106354 -0.23941599524134805 0.17076955233457253 0.1357475576623281 -0.05021533689070928 -0.16468183108585205 0.39342175618740455 0.005089711322878539 -0.24021341013081368 -0.0231291114180786 0.2151764075091719 -0.06504227513077236 0.1745982706549428 0.25128072883203817 -0.03405929124068877 -0.22316803739999957 0.13793028287766593 -0.23273325280161583 0.055404153448735796 -0.38241952245902466 0.26367727165502297 -0.05552938759997832 0.07982078380832149 -0.04986121205202554 0.12367137067738816 -0.10552049714828414
-0.2843958569810685 0.036207796228883114 -0.12276331881707359 -0.2320544998407735 0.3155304687190805 0.10723871357424133 -0.10629519791935262 0.03517232161520061 0.4071780763436109 -0.060115232187805144 -0.1261181964589844 9.424966558538002e-05 0.05855060392903545 -0.18282999038774356 0.2403682440222722 0.17069706298059562 0.02576052639176934 -0.24954039553548912 0.003253543454552896 -0.10900957764184123 0.22268533846650007 -0.3265505626963829 0.23663322003542228 -0.11257268514717182 0.20411061447820247 -0.1316709294469678 0.19214600320051128 -0.143427418294426
-0.22329938844283373 0.19009710032430333 0.002450402542267029 -0.42914314952444865 0.24230775242416114 0.19998581009492764 -0.14915603664171312 -0.11539076090615363 0.2545285321427742 -0.13717036875189567 -0.007538626065150733 0.054529368316344515 0.16867494916990725 -0.029615374951428162 0.2337115920956249 0.30074242622925323 0.044627758877829056 -0.20905543440221044 0.10626137357543369 -0.25158130896565317 -0.13186844022998362 -0.40981600080763575 0.0852993901543659 -0.09545989485934861 0.053550216226016696 -0.005816648281579555 0.09210173642349148 -0.03380625641074857
-0.3164093497675469 0.060677413823518704 0.12135901592511811 -0.25418102160907036 0.2649601550894663 0.1412357276016522 -0.10871889756243928 -0.0183019340764213 0.38358566995347615 -0.037265843727248706 -0.25964738655609093 0.047246303369331014 0.12975434285081164 -0.21137258144072743 0.16080847093399242 0.17247607053378233 -0.09310258346059368 -0.1901890598452443 0.11291073378553838 -0.2595366420907049 -0.012480037991160958 -0.3409955027078911 0.2812823073050708 -0.050476522739665616 0.10411459858333796 -0.06885525460917347 0.18573469042301427 -0.07833230973622031
-0.38381926549352774 -0.021229246675612767 -0.16753400539326443 -0.3656228333990989 0.20899243752367316 0.16785614692081233 -0.03657650479626621 -0.14302930321495239 0.33904203217939943 -0.1905547175389606 0.00468186758679747 -0.0775514758198898 0.12920837111148686 -0.25573358957650416 0.09805301009741711 0.10016005894984968 -0.13256449129684397 -0.29148976092171214 0.16176116611746402 -0.10034452036139016 0.06750941030718413 -0.3369233287684177 0.2752156914169033 0.0035693902349224695 -0.029855349681221156 -0.03481565529092461 0.0287913096956329 -0.04752882547836988
-0.017076115355905894 0.040297785441862716 0.16113575874399308 0.04402695590235852 0.3194590261050584 0.13866769361244913 0.04954631874945098 -0.03490932303642981 0.060773195796504045 0.14961638165870894 0.22395566385175242 -0.32800847162832386 -0.28139862256293685 0.2195757798020187 -0.38905877707441017 -0.3409126354423102 -0.08692467972999104 -0.1618735559783087 -0.07399377785859385 -0.0903140474405828 0.14986434813960423 0.3182713108143179 -0.1802235485475819 0.17964317881491565 0.16680879045297725 0.0350917553291262 -0.003920649241387795 0.037990897658060005
0.06520089212559135 -0.008010645368546924 0.09688994550433543 -0.1372154517971012 0.24878163991049063 0.07733094828655891 0.058936599747578186 0.0014882871257777316 -0.2781813016717548 0.058002248678019966 0.2943561458766621 -0.09507690864875618 -0.0557217785520563 0.30861816844076484 -0.3873326739481595 -0.2787277245228555 -0.23562134186022538 -0.2789668452712151 -0.13359726286431717 0.02098052027402197 0.11391730894799743 0.06584932654088436 -0.0844608955504533 0.3409632367243642 0.3143769522360435 -0.04361692758051082 -0.02353791168024119 -0.00044388051724080413
-0.15327990764776095 -0.02494420432549067 0.39627954471368987 -0.28657855008639027 -0.4951530945121753 0.008526461314403039 0.044227158090071834 -0.07769467690332875 0.10322554598279488 0.15693312825149383 0.08748086069656272 0.08406847491263839 0.04790570570510096 -0.023454217774571625 0.4227538526977222 -0.054283547520252835 0.050547589043076976 -0.11006462278521001 0.03936564703954988 0.0322622032716444 0.1828820776053671 0.022055315854329384 0.34121939393981726 -0.06526845989759437 -0.020746306019343016 -0.0798783656916278 -0.21435623249652638 -0.15594144101473756
-0.12741212476408914 0.14573740126998924 0.20042047728438128 0.3718094607855809 -0.18668842124333643 0.00791781559420551 -0.0877858244528339 0.08497469403138726 -0.2067525391378864 -0.1584180310986938 -0.033269616296299 -0.006609246126683388 0.11519062838625121 0.0991198840735219 -0.3159765759613013 -0.5359212339397753 0.043409009763467975 0.2226047191211693 0.1257921513653585 -0.04853758243599866 0.24371698783890444 -0.25316139032328516 -0.07125475287137849 0.10671792495221152 -0.10626232136767493 -0.17095239860457098 0.06138398573059384 -0.03575191590685919
0.2927991991029133 -0.15290646204581868 0.1379811358239418 0.2188098921418583 -0.13796508768572888 0.48305973642829053 0.29719624647466025 0.3850815787963379 0.0959502238685656 -0.09465184506702366 -0.02110951482718366 -0.24294950885493355 0.03750371094643411 -0.04473026657434057 -0.08625420179460039 -0.14562625708547447 -0.11017481265535141 0.24477840962270106 0.010485306900193038 -0.29053785402185883 0.015745330196989833 -0.2297496431798183 0.06956508839734481 0.0012827317709440636 -0.07087709901164443 -0.04790469506213809 0.057671272187816314 0.013865702137201183
-0.1148874630596633 0.18460625016927198 0.0917998862429704 0.043691611760665154 0.19470028888956126 -0.05635094218865165 0.041244770086959134 -0.166238336797044 -0.2848145592692396 0.07563763319130845 0.16482320815194193 -0.3061001344344383 -0.10710447541784417 0.3285640727945251 -0.2549581674352934 0.11336989835934987 0.1340521583446539 -0.27760864213116404 0.13158184395799719 -0.1169493158989154 -0.035466802551754335 0.07217216029424833 -0.008928151320679714 0.3983777910007296 0.41332423227828774 -0.04458826439002549 -0.05360850109008209 0.001064668773627561
0.028456734945126596 0.16270907014567662 0.1049316850541269 -0.0804337335035752 0.3581604301622288 -0.06382388533007925 0.02241468673575971 -0.03884946257020093 -0.0625805599280294 -0.06917461448388344 0.26865631757130054 -0.2042522601607342 -0.048502933674567976 0.44100092022246684 -0.189399875744469 -0.16933614580113215 0.1104270010818588 -0.1191022815026647 0.0169509407669699 -0.1760448671834899 -0.1377698270416579 -0.017618378672061688 -0.1880115208788956 0.43613464318314765 0.3262440757479086 -0.0761518329528249 -0.14167486861997683 0.04556575027103195
-0.0014721383464588915 -0.0457511501144856 0.21593853562304074 0.06140240654693605 0.22451067558752996 -0.07283772570668455 0.030288668619967676 -0.06840225899882396 -0.18543892053448094 0.04193068940329715 0.3342104351630881 -0.3275380640862397 -0.12238171690788734 0.09073872895440588 -0.1825971320043027 -0.08462655027547139 0.021515358756103362 -0.3635635893494866 0.10382969943651955 -0.1341440781236009 0.04373509637653323 0.1235532562933106 0.0027551399253478584 0.4329016872108936 0.41216451650814945 -0.08042193509895203 -0.15700495380117827 0.01888049371061204
0.014237815234052936 -0.018311653998151156 0.14413346516963924 -0.16887952614890803 0.33763332233822285 -0.07266964758141667 0.09357141007258941 0.1337981678946098 -0.26105912981461654 0.009613133372543015 0.37640071769513217 -0.061933041238687356 -0.04123461952079227 0.31011686454361925 -0.14619011401043636 -0.16546955727642568 -0.19290449504613572 -0.3212556006777289 0.014767693030651789 -0.24741595509181577 0.015449315993588047 0.15189125504917136 -0.14489036792008173 0.2589815790699797 0.3128981470764287 -0.07011905162454408 -0.15717160453646198 0.05568975514436404
-0.014773845019155045 0.07793816573539628 0.023741142190560876 -0.16185358899148744 0.312882270673705 0.1386954655325251 0.009102856709123409 0.01577802198679949 0.011956341526757806 0.2026812341880682 0.47309181105547826 -0.223152515521968 -0.1087038292031713 0.2794681217411322 -0.2655990354423445 -0.11920849049353223 -0.2099407903885057 -0.2679536131311803 -0.1778490404870273 -0.06397248211355357 0.03831223686836308 0.1412906485590557 -0.08235956421592117 0.3167155623616583 0.26544534833726435 0.02263853043695366 -0.09374727559868587 0.009671787928856214
-0.0008698317047569374 -0.01096711214798262 0.12166450253663078 -0.10861413475352273 0.31949879215456445 -0.0042148726880502155 -0.002511969406956452 0.04578960141586318 -0.0065703002345831405 0.13125774135083176 0.4083858185757789 -0.31638893075947705 0.11648563512232883 0.28923158484017125 -0.3188877584250135 -0.031069403040597937 -0.1826735562008415 -0.1926661899970731 0.21288611540422891 -0.2653414238956306 -0.053431671891361825 -0.06341278081009308 -0.10466673834168758 0.317563054895056 0.25823927494503446 -0.001412938018921182 -0.012511493609765875 0.11536102011085306
-0.004787210725140028 -0.11003873376032028 0.2216069233694045 -0.04911523953474759 0.2736653626047861 -0.030398148158506604 0.022235016560998595 -0.05406584761343912 -0.14669885110212047 0.06914077977561152 0.32068512307253727 -0.34703803553061124 0.07415715403614925 0.31991660689566387 -0.35207521366129474 -0.046052510588013504 -0.03704963896945705 -0.2460850303809442 0.038016863408475814 -0.16406422057852418 -0.0428655128188122 0.05282408236319416 0.0006843307189878326 0.4356860305021649 0.25265802159861744 -0.09382240401884936 -0.12642859869045298 0.015712403877191763
-0.1590916177720972 0.034596110254144094 0.20186938811681376 -0.086471685634594 0.40969161451728303 0.010919341476684745 0.008349696272816278 -0.20157490155925215 -0.20374691520723598 0.12022455696175359 0.28657348229486174 -0.06976861286513752 -0.01666533305217971 0.389845337742585 -0.28492053166743875 -0.058535803298062586 -0.08733191900084601 -0.22315716969192756 0.1305824751120496 -0.06870938039106635 -0.046898637922078906 -0.042660443613400316 -0.0737955787626179 0.32150082598089524 0.35584685694225415 -0.06853756676480362 -0.11414273817591518 0.01985079050529685
-0.012445085359921117 -0.014244956568339847 0.0066804166038972185 -0.0638352116597891 0.28683268814765345 -0.07962971012402752 0.061295790285259596 -0.08018857288534241 -0.07437301031109744 0.050078998809240535 0.26002307101536337 -0.2780318143378679 0.16688650930525725 0.4375718510838754 -0.10659682277561029 -0.11870951851668682 0.12132749430959006 -0.4017834961402751 0.08146842974169145 -0.199620471812542 -0.08446191094204941 -0.07924815751618604 -0.14407236141590343 0.36749911811124353 0.3173895451690624 -0.04283454306684105 -0.06480689077605203 0.018979217277030166
-0.14719174209114133 0.03477569576749945 0.2592501073914681 -0.09612890078426961 0.19947456723386792 0.03269998190444347 0.005123485598483419 0.0456595254429703 -0.040298626104120314 0.05613079839105406 0.3256510535528478 -0.21783127406761543 0.04773905948322898 0.4049018086696877 -0.14749180460563716 0.08309211942544686 0.03721199550026786 -0.26833515892640514 -0.2514297553829474 -0.20925556811315454 -0.14828193747245774 -0.0025690340790083355 -0.02327092773971448 0.20609351513077587 0.46278028283238953 0.009157407135354866 -0.2099817079918577 0.02831613937059067
-0.00808020744208944 0.01844972857810402 0.13751211936706464 -0.2616469547078815 -0.24372306119492193 0.32736943142631325 0.015582768433369353 0.003941804703860788 -0.08454772009644314 -0.11868426886974999 -0.03061061037364302 0.01366245174287057 -0.09060099417984108 0.17128048261991866 -0.03821171552247221 0.33838958978535866 0.23142808537425252 0.2570903408046794 0.04373081209788415 0.1886634309836052 -0.15050021031290498 0.23245187873869322 -0.2719322335044425 -0.3517307689219524 0.29590995413587456 0.01659177965102207 -0.22194678539214996 0.03032374437746323
-0.06381305635342592 -0.18975891929864205 -0.11754584675861353 -0.22642320572467503 -0.08288688437733563 0.10185861492392542 -0.25932990266298317 -0.04839483120793556 0.0744884638227135 0.22997660496726471 -0.04353108616413883 -0.0823943115403916 -0.04893775679000744 -0.35604257309750525 0.33347888984036683 0.4534629021332762 -0.21669889125501998 0.029118022422919734 -0.051771886827482023 0.16210774196975256 0.11140923001655997 -0.049219560693117635 0.3145878388909895 -0.03020608192266883 0.2664050983459827 -0.05296779177608638 0.016237479562862714 -0.17133886867585896
-0.03710247418599479 0.17119394332040483 -0.12371395209596352 -0.15023219569331808 -0.12345509427345847 -0.004821651790296823 -0.3988414189997715 -0.12649195135967292 0.07188513150516236 0.05783327951988563 -0.13710711222147515 0.05586049152404688 -0.20806021195711422 -0.26010249764907734 0.18567096681760384 0.5450241835693057 -0.06024660819941515 -0.14210542934695217 0.2636028186828502 0.16885686506692316 0.10405854350556315 0.004173768103986132 0.2835076713157274 -0.08712506292686147 0.1448563160705589 -0.11765179392007125 -0.05295062085210597 -0.09969455821502304
-0.040933589713930775 0.14187960307690126 -0.3249319963629936 -0.28772895853625513 -0.10342644637220443 0.02738412794313268 -0.2929759593316767 -0.22126964975942626 0.24051502027025032 0.08639791615892559 -0.08777391188779123 0.05129534312143453 -0.1166197900730246 -0.31264607967886965 0.24253178511150447 0.439913429021463 -0.08673499606060227 -0.09763944858803306 0.08119713300998035 0.15717205751997304 0.09841905703004011 0.16559894711124226 0.28967165026730834 0.007248830468671953 0.14110643739054543 -0.01652421062485145 -0.07605173279562169 -0.0940800785783106
-0.057835535110070106 -0.17690275984659876 -0.14572294098084462 -0.16849639651787104 0.06094423254760369 0.012478288777767504 -0.24794570418815987 0.14341944202307466 0.2922054869071513 0.0912256917685027 -0.251039325081304 -0.03793875628254627 -0.08428385100300097 -0.3130764495568441 0.39863055202581965 0.45712669075525 0.10152954599944859 -0.03742814277347866 0.03515502049564594 0.19481053926462624 -0.045253784744592365 0.008954304292286084 0.1700397713518752 -0.19449065364147328 0.24152626839150415 -0.03193828122554044 0.046077241548377265 -0.13197594308238278
-0.01610295522281714 -0.21053327963967183 -0.06514640887485412 -0.006567739919395076 -0.11690748833580773 0.3164839559116757 -0.20077484054152644 -0.051414624764999105 0.22495521940236654 0.2543500664169247 -0.16353448482467017 -0.0340952942967899 -0.05497678712962043 -0.40211308927647615 0.2947326145893908 0.4350817149254806 -0.1699592262841188 -0.07502120005538834 0.02233235594670448 0.034090523066369664 0.0048886374031863475 -0.06059151544563004 0.33892194910663476 0.011223510900772997 0.18430640409255186 -0.06376588575952769 0.07327053643835901 -0.10950869809382537
0.007972662186187333 0.010221181610855135 -0.2966985221531134 -0.1477003913167058 -0.0592352850833323 0.2982607488581623 -0.2769493677975626 -0.022260251492031934 0.3124373160777624 0.28937460357999006 -0.20770867220166703 -0.09785125710081259 -0.13955138734828726 -0.3280624549734227 0.20229684072747972 0.47848687209518215 -0.09764280008596546 -0.0006344906796599187 -0.06597078762771934 0.13057988815728175 0.08992801514410403 -0.02603279701355136 0.08415730996675952 -0.09437232901319217 0.12087649643885327 -0.10446067160331846 -0.010553082051333675 -0.08916489303248462
0.21367849140011108 -0.09722467150145764 -0.1559155324088214 0.27355806386443204 0.00830462020651157 0.13045103708447156 0.36108759393584794 0.3008789070046971 0.18880464464025942 -0.08882723912909485 0.03320832111958461 0.10808031998314005 0.2722359818920814 -0.21024821953812375 -0.07019639205234751 -0.04791818985362476 -0.022264755760963303 -0.2266348032377662 -0.18610170143912563 -0.5180224346098355 0.11900205333724984 -0.002468055995753716 0.13370574578070557 -0.09599213668816906 -0.03775077135217943 -0.09144512426319328 -0.011926310162503116 0.14090896372010295
0.2657049768009095 -0.27207974783106187 0.1949585288438195 0.20559599971247128 -0.18671706984665473 0.39777002241318365 0.3840038368141805 0.2829996186878256 0.11293464194399512 -0.05852923143238876 0.003181346579449825 -0.10084588872059241 0.13538113414609995 -0.25742374584924804 -0.208336575806233 0.03460551128900279 -0.07193116114193338 -0.07324260531431093 -0.05489766648701163 -0.34467415547226865 0.08400092553949183 -0.08525003113292123 0.19091029742488141 0.03409988282905681 -0.11194244923066869 -0.026620824687837705 0.013847074429921958 0.03448093714361331
0.16776772063718356 -0.23800237531418808 0.01529346274388218 0.118004443128966 -0.21563777161600556 0.3424678234653443 0.32102787561571955 0.34887302858067093 0.30030596125732006 0.033416456505091625 0.008714978548932231 -0.1838637896027656 0.14379990584458857 -0.04869715395704657 -0.1563589825249264 -0.16146977373743593 -0.06516786904000633 -0.060427941285556154 -0.15162483864816437 -0.35328615625876 0.22118831338073974 -0.2385796232540697 0.13821431696012165 -0.07209440714368175 -0.03468812280615445 -0.055396860697952494 0.14897041157085988 0.03785501098936183
0.18702804803439307 -0.22721120957758015 0.11459365997492535 0.22696055417927866 -0.22201054582813926 0.3021411004080449 0.3496198963111023 0.26419884214080186 0.15257643537230922 0.016655285364423896 -0.14028726969914507 -0.23510941256609294 0.06860674734730127 -0.13281827638300042 -0.2096291151964903 -0.10042183821270302 0.116825089980209 0.14975517774331834 -0.10060966358408997 -0.2226563804084419 0.08106967362198828 -0.2341490841450786 0.27553610013332586 0.08061275551103154 -0.25993099209763165 -0.1437663128303625 0.10016563351949996 0.058256162231164005
0.2889401716085366 0.06590077951999443 0.011696836238926816 0.03509608932957798 -0.3479667601939102 0.16899294690551095 0.332254381277686 0.2786954611561867 0.10892360058914208 0.2823148845809286 0.13663310785452845 -0.102378441852142 0.24503636001626045 -0.06969776196766392 -0.12527853656934904 -0.13984276306386695 -0.10013560861996663 0.11353190212515303 -0.06154960024833284 -0.2538108444066185 0.03532341502190973 -0.3587869832917903 0.3414495400835335 0.023751438848928445 -0.09618891078123254 -0.004760553534411837 0.06696506503198624 0.014805808703716351
0.194827785948102 -0.20894957013298 0.06838898149704539 0.1252401643756213 -0.32042982115665797 0.32423105772087135 0.3892075330995554 0.1666022708058141 0.13734968855986937 0.10245655128330991 -0.05612080721218905 -0.18237794827856332 0.20225117916033414 -0.3305865130434265 -0.051067858290766294 -0.09299110437126723 -0.11689725461183827 0.034197932393625646 -0.012288424988240385 -0.37506503433532495 0.00020030595777540316 -0.20630437409515984 0.21040439659268095 0.013570625279329555 0.06296282379889132 -0.13487688162310557 0.13351608765033376 0.033178280271381894
0.28949864324212365 -0.02293450528305184 0.029292066599705836 0.17402567301568875 -0.13988754838264844 0.38179639233269713 0.3240587052362905 0.2738892083501732 0.40335954683096575 0.14745377807552787 -0.04643769149931508 -0.08648092922590743 0.12692652514647731 -0.07818885508395296 -0.2548613235981243 -0.0958829554569943 -0.06255449008270172 0.0492766876989352 0.0039118553639395865 -0.34186179037804093 -0.018765064767745324 -0.13748124237611234 0.2950922973983458 0.06561056662977768 -0.10999576249506435 -0.03679641634337483 0.033576771836320005 0.01620762826591198
0.010700539708020138 -0.09185467434539889 0.1750888788158134 0.3381660181160782 -0.2147729292158381 -0.08064643202023872 0.21130424012199506 -0.03686529650472485 0.15975489338770543 -0.02391416300255545 -0.20424024782094805 0.2668121727460404 -0.18091301937370546 -0.11139998656232389 -0.08462243092185384 -0.3647379676095699 0.13514524616425233 0.10834933194587276 0.14716519976934936 -0.04623355585609639 -0.3228419298597401 -0.13403505850857622 0.18877261711763263 -0.03620891055858526 -0.2041879792902913 -0.15268622419690367 0.18032661492899535 0.3361615090498694
-0.32859530045729446 0.21515296256687738 0.07230018829697737 -0.2252448053560335 0.11149411706641406 -0.013381457257059033 -0.08870734260389175 0.0482735599399649 0.27127144415256893 0.018495197489277436 -0.1753219223089891 -0.09802082851952514 0.11207653028023123 -0.19818135001228043 0.12067410617724546 0.24862311526847986 -0.18056418787697162 -0.26722650372135354 0.05944573814448242 -0.1978249861885678 0.22787527145526207 -0.336207082662697 0.28826862290423866 -0.012899786005101112 0.26260925992410344 -0.07519225424714689 0.19780275996010085 -0.12578043040700165
0.2601196684905164 -0.12044417659295521 0.07138097129460513 0.20387805677042162 -0.2198663915217762 0.2982718504608695 0.25002421507467737 0.2997181195756801 0.29363292857078865 -0.0843992065908906 0.0007163100549828962 0.02244506812529731 0.3172254366484161 0.025972421952006157 -0.22221292967268885 -0.22725456569985164 -0.09783837047455181 -0.013417265322359484 -0.01612444873163569 -0.4631790109342231 0.053729950861679886 -0.17667950081491848 0.15541533127019455 -0.02935867268227135 -0.015202676232268375 -0.008864087602591227 0.03640955096881025 0.006368587522864287
0.20201492956923753 -0.1954623374520761 -0.022203751918541105 0.11721904346864538 -0.13704973046254137 0.33805226369857855 0.3078957964043776 0.36714797658260934 0.034008543046426726 -0.1423403821080851 -0.025838472796504666 -0.14139294426579402 0.04309424310180245 -0.06738900686059189 -0.2689488987261397 -0.23400566803551892 -0.04915511852558943 0.21930380518759582 -0.13169700324611494 -0.44297395231800857 0.030107493775105073 -0.11961870889553257 -0.03822306747740669 0.04509242063801351 -0.21910604119355145 -0.11976469252614266 0.12263044925418307 0.09135152489828484
0.1932148626598221 -0.24120524598350704 0.17944205375800704 0.21445768559596678 -0.2284250138334302 0.36310703455542037 0.3376129512751595 0.3294874969967171 -0.031615265404122274 -0.13655329651736203 0.06910392790350012 0.027756568218344085 0.14660042289640357 -0.29338235492838427 -0.2933150974547272 -0.10721832901778801 -0.17774512514886298 0.03463567059369717 -0.09877480542104045 -0.23494524059105665 0.042045710310721664 -0.061196685755936314 0.0984937781640019 -0.05614208984584871 -0.2520316482888841 -0.07486612151603025 -0.014265963972351888 0.06322842251927428
0.24652776568809354 -0.054507615104970146 0.06327465644928312 0.3629419093280689 -0.09039970689357572 0.3128052492880488 0.42156821153766355 0.2745364435187722 0.0722932881445064 -0.07102495061585926 -0.018072382437260965 0.0011555124492403479 0.15664021933984704 -0.1425439837702994 -0.3409534634278203 -0.1310906168114361 -0.07889245443016547 -0.12005418659653483 0.07492148138821932 -0.32097643764974704 0.1594210593222912 -0.062212318484453265 -0.014346464010279995 0.0914952393257091 -0.12926341348864245 -0.19253182634110513 0.13365888882631025 0.1172367042071867
0.20369939842964369 -0.13068185889903006 0.1411068011398826 0.0806721768789571 -0.22674708613063618 0.3144793539021954 0.2444716281583397 0.3350596485292288 -0.09376049723286395 -0.05550515247579306 0.1220987345394382 -0.008826112066184565 0.2043947518291383 -0.10046143947495864 -0.0715755901687233 -0.26907783729592394 -0.23306365154799108 0.15464023635320823 -0.03316057678183936 -0.24613415708421862 0.19644333430023853 -0.3750990452123839 0.2270958427793223 -0.0836147391199482 -0.15766242060830904 -0.13310649756477722 0.1205529317334979 0.039222226427322364
0.2661196210586994 -0.19283421039170795 0.055529266212134165 0.22436663528276632 -0.2646655387933944 0.2496307299602772 0.33628166946373633 0.27590181240044176 0.1265543977665973 0.005045899334511108 0.17455474521828565 0.13108445317505876 0.2356708636176698 -0.1318070105953461 -0.3312752559471228 -0.13904610113607918 -0.24858421287499358 0.12288229449436769 0.036174259348361514 -0.3337832465939966 -0.0065188795407063295 -0.14229086512961173 0.005293810101093846 0.015622377519531366 -0.18017266419458014 -0.08222523935532264 0.0253626212565589 0.03569689633468607
0.29813971784129534 0.015443063951192522 0.22421371128877324 0.26530339724812246 -0.21173333934791566 0.27253857754411687 0.305230300952192 0.3733688923446554 0.1300437462927593 -0.16844684212485384 0.007352734245660341 0.10426905330600678 0.1604910838768653 -0.06888936591006216 -0.18189380177265702 -0.15988563584320475 -0.2323683753442742 0.1097023653962263 0.0429571164089786 -0.39489563964933605 0.05972065613183579 -0.1251970367753158 0.07978286604438231 -0.12475833229278312 -0.14318032798678124 -0.08115742678660597 0.026476921616775322 0.019953902100613256
0.3453962311782801 -0.10882921589902095 -0.10077571280821626 0.19009338932314446 -0.10736261942899741 0.3763827803608475 0.33280146344112616 0.30286962914309046 0.13331953785245196 -0.10221133425142633 -0.042405769506454964 -0.10997480729537287 0.16141274281741708 -0.221688277518666 -0.17106041678195416 -0.16594288446276056 -0.21442507935739027 0.20694746347620685 -0.12232985027713622 -0.3504223102171577 0.2154600883762429 -0.06315944567953492 0.11631137701270056 7.203259175228346e-05 -0.03232153925006746 0.017109736305116516 0.030539203431094314 0.0002865919573180689
0.3074629408380654 -0.13753106327924472 0.09823310508002199 0.17102188499033197 -0.27659823407498707 0.308173709539539 0.32997700126375085 0.3919081817767247 0.14419388078145112 -0.026471732625617195 -0.045408736021769244 0.03756769613095433 0.24508720935916045 -0.13158680557847524 -0.202411432753677 -0.2685624439858183 -0.18472849462440663 0.04404460891040512 0.00795551475358839 -0.33190677215801706 0.11624044139183885 -0.0473719927590093 0.06569049889872877 0.035342087268135126 -0.10313624809831647 -0.13697978714971604 -0.0043316162661731885 0.03499485160542637
-0.12198392629700018 -0.19902940261332216 0.003552427905035707 0.031685480142068755 -0.27620179069353556 0.2043388893922322 -0.026992036947222037 -0.034429986680113746 0.0688777733949686 0.129828167737124 0.08555375538700943 -0.22272675727953045 0.024423681243461472 0.33621549807402035 -0.36389035888869603 0.17950015381772147 0.12821591748339597 -0.3305874260799002 -0.15437705943080737 0.3673960407845327 0.24728780151144789 -0.09465486842927803 -0.15283397456890424 -0.02500258272042187 0.26442658552600473 0.11333922753338203 0.011349453457143152 -0.0787726828302602
0.05927564038239302 0.2757902592946433 0.010147962095420451 -0.45515326444010107 -0.0682580769634308 0.054768702293301 0.21206761454382378 -0.05759189173108569 0.12519995643762166 -0.10230967064784753 -0.10303077777367148 0.2438240994169328 -0.22419385153361907 0.060743335721162944 -0.2795325662652394 -0.17061146304997304 0.27180227065589113 -0.16022337831909217 0.38892064938847754 -0.29453544958147315 0.031549902680139665 0.051287910162951575 0.20436080313664154 -0.010548330579376512 0.07707122950970338 0.005525179682929905 0.10118362459817484 0.023145212255083834
0.13674901300384593 -0.016490857966254848 0.09100662686995575 0.33166299663979526 -0.07166348836996722 0.3162475872396502 0.47863045857038405 0.21128240694434602 0.13517812091589929 -0.25382833708818364 -0.0036036002856366647 -0.014242214437149256 -0.10570013495422512 -0.2506432685606958 -0.3483320687525051 -0.2745840571693056 0.0028124819794923834 0.05606996723947547 -0.08636524638455888 -0.24222758610556439 -0.06086988521518247 -0.12792577158231103 0.1880626271619577 -0.0033844531396514236 0.03236437913349025 -0.0341529816306434 0.05724075589237079 0.0011060146875161952
0.014747742206903613 0.09541133867103402 0.02562752434720716 -0.09865460210130919 0.21037977849175488 0.037842249182882724 0.01996290569988179 -0.06768859974844915 0.11813593395378001 0.12942467205057043 0.24056104386579105 -0.3268119843782305 0.06965131157747168 0.3373221387257218 -0.26879785163954806 0.008260092606506033 -0.211979444981906 -0.17529490982816012 0.3378154433167074 -0.2804496079633967 -0.26032938419493507 -0.23362006759624904 -0.24912345810986597 0.21393706538126303 0.18720610100009752 0.01799295531501366 0.09358869344966864 0.023071626659323167
-0.011002727732592907 -0.09845464265438941 0.05860446123964955 -0.10665858414683399 0.344938682099317 0.04946364244789137 0.06672408805330375 0.03196201748908025 -0.015332691432706751 -0.043071475311769906 0.3633634810908843 -0.23728941738743006 0.08754374419308349 0.3441536953243535 -0.25981760735958376 -0.06508216703046407 -0.27295402113068173 -0.2974068461454189 0.017326650140492752 -0.17735501338557158 0.08846858103256774 -0.13466618329171523 -0.18750876458654442 0.3753048434262913 0.24783374106839623 -0.04472978157101987 -0.0011211394206807421 0.00936669610713112
-0.020030846014390386 0.01449174423381187 0.13423347709521807 -0.13490125037840298 0.2539091013767977 -0.07538095751058435 0.047136372576049204 -0.06394970208058318 -0.022775140645475075 0.24966267537223727 0.36549350882329973 -0.2971452508991938 0.016013032675762515 0.3661934103563988 -0.3024281663948266 0.01123438989999823 -0.24856177185776904 -0.23029629365890578 0.22169429058488754 -0.23073703606343593 -0.13857316764504557 -0.07485259801415024 -0.23572731388211945 0.20157979937348044 0.15841758879972437 0.037169872582490854 -0.06911515882857444 0.08102547397116361
0.027665713784656265 0.13123483039990558 0.17110925140626668 -0.10994486714686036 0.16305458851847401 0.005178086606457875 0.044246322407751754 -0.11876356515158513 0.025207629393029514 0.04732937055295603 0.5256448661869993 -0.3923493723094131 0.07857404469491175 0.19530651996071444 -0.2711257269364441 -0.09471896919919535 -0.21527756463294848 -0.28840939267038124 0.21163213053272645 -0.18771285377615765 -0.048963421527032924 -0.10656314226798794 -0.16263969588157548 0.15420055260797313 0.24427085289127487 -0.057047417916144344 0.0343533681393514 0.020497351913467295
0.00364696299909948 -0.1655233696387652 0.23503129476105467 -0.11776483350752745 0.29912278261196534 0.046036822030796475 0.06587820582054044 -0.0255365102943399 0.1377784038042335 0.11440317233332199 0.48050620850181774 -0.27165861112475925 0.06343273033546887 0.24753461157670112 -0.3231642963441089 -0.12126167352906181 -0.18017328125579887 -0.1948403184575903 0.1803622278186391 -0.25534539029282405 -0.08341290124879328 -0.12982996237758415 -0.06055127791736676 0.16753904920756668 0.2450547028414366 -0.02652962661875087 0.035008141809148345 0.0038527143467868724
0.030578256448724382 0.13806211794749582 0.030979131704701547 -0.12783645505720892 0.2633673539645853 -0.05033449417488663 -0.0019734394390366417 0.06483719710348826 0.025539377387622055 0.12385424371466819 0.5237813278882396 -0.2045921249280924 0.16598511342030692 0.20629139000591779 -0.21969749472767539 0.04042577440171564 -0.16347315293204187 -0.3669651172037563 0.13087904280357074 -0.30009535892151507 0.12030638487696153 0.042584863818124076 -0.11053798733025436 0.26123634648833105 0.2155795130910682 -0.13394632883709373 -0.036810906679711285 0.05742924966150947
0.20033559447506954 -0.19955679654034011 -0.16603543017001954 0.4068584379396382 -0.030262691078953366 0.05803094282835215 0.2671039397127601 0.3287779352721347 0.06647649143952027 -0.1464288925521017 -0.14678344137815674 -0.19146897047698208 0.13692331461466456 -0.14171414481395112 -0.2713203925426058 -0.1724341271602095 -0.12103098937989935 0.15512128220025997 -0.003843331087862319 -0.3693359646819749 0.07154579052151201 -0.06374960904357944 0.20755932237688457 -0.11659212288512787 -0.2340164827208165 -0.11528857615351303 0.06010696022791306 0.06566952124334409
0.33626756366499655 -0.07662749096664134 -0.2420806121594806 0.03869040257705654 -0.10373620327083555 0.08851349718732929 0.3866776115276081 0.44372777081436654 0.0070369554721018395 -0.11683435086042794 0.18017849178721076 -0.2982283017114372 0.2424390984967789 -0.13802953055574185 0.027061456132998332 -0.27694081570913553 -0.03160406873798916 0.17686551427831537 -0.0583785357727996 -0.21889732198827555 -0.01866008012892735 -0.15761770957740787 0.15910539211358835 -0.1304729135327192 0.004635717388294313 -0.047283204965346465 0.10954891735974352 0.013759095408438378
0.31642110548075664 -0.16207533943609242 -0.0712974617430694 0.08520104412668059 0.0010126887279301709 0.40189685628706834 0.33710872585166024 0.32098014620714527 0.057752133581448734 0.06750217580897433 -0.1261263510142171 -0.14666603862025882 0.4059266087946725 -0.22025550510254094 -0.1607294510488772 -0.1646988170919829 0.14507862207426964 0.12048617020087626 -0.08518469131046931 -0.24071181725540852 0.013621465151733065 -0.18121790034535434 0.13826042227229202 -0.1074252780448959 -0.048945477913923105 -0.016319464191358435 0.06307930305460782 0.02071111760182138
0.11008558330039746 0.3114614325742261 -0.15081703788400375 -0.13699407410355877 -0.005417818943956233 -0.11893073517698714 0.20309200461685484 0.07656655198732365 -0.26014505981620173 -0.24203115937346945 0.04506513288064102 -0.13990541889366187 0.09378038649904699 0.058710422486891796 -0.4837954078784073 0.1413103310515268 0.10558921589445368 -0.031490493960947274 -0.12854063465972285 0.22161794692782869 0.04043885265592937 -0.14502589302991511 -0.18062008600581772 0.08409686269390862 -0.3895921392578818 0.10921971524394329 0.01261446142274978 0.2644582174825401
0.2883278578155186 -0.04141657189891119 0.061898828397567135 0.12535338889865752 -0.2565471374942995 0.36359565253988424 0.44699635169827584 0.29932898364525357 0.13326892997391857 -0.11679516575523165 -0.01894425968567877 -0.0590612674910963 0.16909899029255196 -0.23249949812382154 -0.18793108797356453 -0.16162770230617318 -0.12458536472965402 0.11665953325155963 0.02279538551725792 -0.21478788141212768 -0.06236106114062485 -0.2782674334654594 0.09457455530540568 -0.11402703038294355 -0.19700002694425986 -0.07188017301986321 0.07262949115576185 0.02325129992035855
-0.10697413331848152 -0.12710094105151712 -0.10251286654160413 -0.1809207392032775 -0.32402321899619396 0.03974761208558759 0.0966336718352212 -0.14580663214762163 0.05073289120531049 0.09837429556461384 -0.06175794666362228 -0.1794776700145491 0.004227857334980863 0.3255151456027305 -0.368112974741332 0.0994361235908067 0.05711112427479266 -0.36006071387739863 -0.19064544169627384 0.38066958270579326 0.26505245021999513 -0.07375296850199814 -0.0854461878031425 -0.010661653326228997 0.28688503982660196 0.07293968360799252 0.0393342238628714 -0.07683740129258312
-0.14375671008476815 -0.09297085990809253 0.08949414524328883 0.017602626909206033 -0.10174873548938408 0.2184037911436437 -0.1331689995614953 0.19306598026013266 -0.048215604794779876 0.11239994968153236 0.03189562355204746 -0.3117652588130408 -0.07679817329723068 0.14088672006752934 0.009220527711216068 0.18863603852210117 0.04615678731636466 -0.3981890094273196 -0.22663178561113193 0.4606466444143138 0.2563890603794664 -0.11065152349490745 -0.2768792307951621 -0.05719870642819196 0.2949876116583504 0.0688416036101507 0.02199320626844491 -0.01803311162167752
-0.17717409492417596 -0.14459671876665947 0.20257070567973903 -0.019284179025263283 -0.31332343668675955 0.02737215632470892 0.02688210530708514 -0.0011570837758116401 0.12605497720772738 0.25852046884223895 0.15927137318603096 -0.3934764674597371 0.020953186674511813 0.3305198505138928 -0.30553475558731236 -0.006770429332072089 0.2179660074613589 -0.29226451968474426 -0.03502530213165666 0.2073705298675511 0.19462378596584318 -0.0635077761543703 -0.20110423865591256 0.0708979619751377 0.24768484489646192 0.09909596807642254 -0.0008623756367662016 -0.0703517621886092
-0.13208337473791112 -0.12691687180400718 0.021047974716842065 -0.14231398306044446 -0.26243800927021516 0.15829236306944955 0.064114346370318 0.012460845410779029 0.05127247914690395 0.11218780240494713 0.14222383599497102 -0.18734629639940303 0.11785013369708792 0.31597075091887294 -0.3087399940447952 -0.027315481597671484 0.22946025584933863 -0.43520953487189734 -0.11075647838269191 0.38935632491459415 0.18867504556815232 -0.1453120499833665 -0.05407866170626031 -0.015252751827178728 0.2837951567939176 -0.005542054928218122 -0.11696877513130263 -0.08468754563988361
-0.0860271156549915 -0.08633137296879835 -0.0036372745694943334 0.0871853818824373 -0.32399496541030065 0.33728232260099755 -0.06133115118322072 -0.12100419445760603 -0.014664279226085668 0.018203112838894864 0.054794130768997966 -0.19953286497558975 -0.043758123190272925 0.38218136406212694 -0.4008989901260061 0.15841749962262658 0.03539255915247315 -0.3062451430152546 -0.006423210931076434 0.32589745501571155 0.14703163520495183 -0.09640530935910166 -0.28878551027850463 0.027033126243517433 0.18896669921231923 0.09195374747364406 0.048299011425571116 -0.020358710933950735
-0.13776821876990886 -0.12464766797865554 -0.04125219131712624 -0.012935289867635695 -0.2026295493340829 0.20461923147368027 -0.03491686286833992 -0.025541417166870764 0.018766910508538157 0.14576275839740147 0.11171555374301567 -0.18216254863773843 -0.018826488824579813 0.3354474198030554 -0.42619770575009636 0.02980173775478103 0.04376351286839079 -0.26578806415360035 -0.118594429036821 0.43751887393658034 0.3636179693149726 -0.06379587016031035 -0.1741376594266557 0.0793158154324699 0.24344125729746946 0.006328039203480278 -0.02179136418026167 -0.07357011386434832
-0.05357423345529427 -0.10268165196735597 -0.18262137110590831 -0.013639557039484761 -0.06536992269088031 0.06121449351413473 -0.007610676113840555 -0.04052520387071553 -0.0634724694640265 0.0937767598297855 0.09963609445634794 -0.24512212804286818 0.033738066667170996 0.3774786812260209 -0.438429588759802 0.15548763058056747 0.11445147589657349 -0.262273849777327 -0.13840330631100778 0.41233065483366943 0.28485760940612903 0.0023271194754205166 -0.18900581013615653 0.0060040247074885245 0.3247257433083971 -0.009506502326548998 -0.0353460173568067 -0.07559669809638078
-0.1726914318324197 -0.1817285831692111 -0.18557298484920012 0.13212909943572976 -0.40510101919261604 0.17071872428304224 0.027110714476452292 0.13501130210887008 0.04064471593206172 0.1532972716391465 -0.05792767620264838 -0.22859539901837103 0.05229606308047884 0.210857677277578 -0.30664569455037544 0.03535643551978286 0.11331285736686375 -0.38883113008331754 -0.19600145913387157 0.34866327485632903 0.1773542580087384 0.10467979055653678 -0.032229412627611434 0.012648356057082848 0.26350913212064575 0.05052610981948838 -0.07804105647893046 -0.06401261949222366
-0.08219183419555608 -0.1438387980001577 0.06085162856630966 0.2116419557675287 -0.2012518867411378 0.1613388196745186 -0.0669726689759148 0.009272739240714435 0.004740636310652822 0.14712509717687605 0.11640576209723774 -0.15910404606765344 -0.015390710926089369 0.35268881744801683 -0.4537959608453589 0.12439468173099855 0.065842896370926 -0.21880326717295487 0.0369238489246538 0.3763399229838319 0.18733213595630258 -0.20453811341935108 -0.2847461561298282 0.007663247456943331 0.2327631576238729 -0.006601460760259428 -0.021965079717761384 -0.19599435639909282
-0.1708844716023319 -0.20060275453563164 0.21913152827268442 -0.019796388443961678 -0.3799901296057227 0.1521421618399942 0.019555213696748418 0.0949985931526852 0.04316936887361511 0.23643261306886199 0.10944151637346736 -0.08901983667260265 0.03142460991132505 0.1323874102231635 -0.27229914843087355 0.3399752398355605 0.02619729629046868 -0.3380363169856091 -0.18169687603195916 0.33648972291539275 0.13945333604081814 -0.10337707675605982 -0.09525253195156252 -0.011500759794356262 0.3276360710951674 0.039931314176230595 0.008910842510144961 -0.09867698646422184
-0.06789722099072916 -0.0032707676164482062 -0.007346405296646256 -0.013862395553049111 -0.27088166000244246 0.07276583594783784 0.007257777201075285 -0.08574350726329483 -0.0956290356435217 0.3669555370969809 0.07386600933498734 -0.20863788313574386 0.04459254130333778 0.40113502778234184 -0.19139793638381208 0.19177334196892606 0.16121983639097182 -0.2732363255361924 -0.2045860210431426 0.3631915656724663 0.20150550990232025 -0.1310908300880949 -0.30222571649446445 0.08736351444935189 0.14156282343359683 0.15288084701007226 -0.04297323612661444 -0.05938635284665484
-0.17264046148036458 -0.2072990943510271 0.0744519917420368 0.03153666103695763 -0.2711554254381529 0.22260554269456284 -0.026527460108677094 -0.07032136499213208 -0.04856861033566703 0.08783953726103445 0.2019336183592942 -0.25521079469910846 0.026608072759835743 0.38759969745553113 -0.3050217156392833 0.051955272077230434 0.2547102891985854 -0.2849374760514237 -0.16417906432153329 0.3179898039760231 0.1681975302425167 -0.05161832199299219 -0.19376241160196225 0.07115353082250847 0.2583735814786952 0.1059898939038107 0.05382777539596393 -0.026554317126344592
-0.10489277589651377 -0.14101781526042945 0.05984539120458167 -0.04274349921435585 -0.13726615342198237 0.20548552674611742 -0.04466729389039442 0.015302069424458458 0.09731742209944512 0.07255550805467914 -0.03284797387573769 -0.2607669860127881 0.037914043032714916 0.23778019642663328 -0.31345573428761764 0.17381937063131103 0.2460430158044919 -0.32241848148468244 -0.11523670487260872 0.48778235869515746 0.33733309602071293 -0.045575684255904886 -0.13849213513646172 -0.1096171335298305 0.253149851716205 -0.011142899824448401 -0.024385928776158583 -0.05076436534974923
-0.053989796500527855 -0.12928298139265018 -0.08748527596967806 0.09881171899092733 -0.17079478886790894 0.24592692908532862 -0.07781749760554128 0.04348284374202644 -0.040095106301799875 0.01465806091415021 0.15732706432640287 -0.25610409233917564 -0.01598076280991914 0.1418160365510684 -0.3794729152348133 0.13691099639774737 0.07763386743076489 -0.34556361575466416 -0.2104827388855799 0.46561327933885793 0.2992104809750153 -0.10263196081525007 -0.16300730587785842 0.11496010922140952 0.15206394326472114 0.12445480996215812 -0.15560494001843939 -0.02947124853608218
-0.10612871732060204 -0.181714860286586 -0.1317485374253379 -0.10267755955052595 -0.40180390089870277 0.10832716788423256 0.005078474982324321 -0.037901295040635344 0.09402496035767102 0.09952608559410461 0.09645821779419465 0.010254608149308914 0.037502710063154 0.41645970876563837 -0.30214076559515646 0.08096514001164473 -0.031374577585335114 -0.2711242017429415 -0.20422028021881952 0.39119264835118545 0.18410886869974338 -0.11034623493982997 -0.13073006031505052 0.051429024559506674 0.21053151946458226 0.19305924813884942 -0.09370734286584623 -0.16405228144798542
-0.13114176882968442 -0.2348183452635881 -0.07217773196973197 -0.07399938720428355 -0.2360578774786897 0.04015069794477719 -0.0010821957470905298 -0.013766405658912817 -0.01810320653386967 0.12290723282354837 0.04183749824510945 -0.308448298244497 0.04012991421204073 0.11998205164144223 -0.3829063908764747 0.06824321506296832 0.09844174385939325 -0.1437971606856007 -0.13936480198403223 0.5024031814050008 0.1284415615903345 -0.13013387698638465 -0.1870645419297435 -0.0035107669300287895 0.37609871028470954 0.18683021568014918 -0.045561065169882495 -0.17543192816393902
-0.08516916374709814 0.03868461908199976 0.006631224938125415 -0.06986292650868145 -0.3269689564964235 0.1301602046513162 -0.0013729542569666175 0.05626145859342647 -0.01860547652910827 0.11260146203397566 0.05208462472215345 -0.33237427908019385 0.17008056978199318 0.23954450883483802 -0.26094816264725085 0.2085096927119238 0.1353309167954988 -0.44076644407049537 -0.04942056978370246 0.3135115942818346 0.18511563898451408 -0.08544373043300446 -0.22352840710330876 -0.08475871117670643 0.2548743375920603 0.029046515103156412 -0.18847153682094087 -0.14782548269952997
-0.06959885282416799 -0.25934824589933264 -0.10917158069999944 0.11884007333426648 -0.3518448109056641 0.034633823496903006 -0.005874935952574483 -0.013205719172141236 0.10906564896060902 0.18025925950187935 0.0809738594918099 -0.05320521550006647 0.16677598591527196 0.470234257026207 -0.14291420195204124 0.13908577874796077 0.1372631882102149 -0.38946945029391566 -0.16809850661681944 0.16043071873804965 0.18309050694321222 0.018767384076319633 -0.3054682850454318 0.04317350494655291 0.2498752197241606 0.06938128633251579 -0.10083609673658218 -0.05637895268940634
-0.13084175498409922 -0.2141576415032711 -0.00800159861963098 0.11160792909698418 -0.21426877208499892 0.24003933038607775 0.013641021092667384 -0.19709125481563763 -0.02572992424480919 0.12630558885210574 0.020930630313058383 -0.34948346382905904 0.0419066349931891 0.25280358988554774 -0.3566843320676009 0.07725743461371747 0.18612098317186773 -0.3926724242495833 0.04357800605110381 0.26641465041375406 0.2222642691575018 -0.04912699884679699 -0.18632139314005358 -0.009821602921844395 0.2904014531697035 0.08603117129847829 0.0020604473074843747 -0.06173598891379387
-0.2411879174669288 -0.14190660542289713 0.07213433617856024 0.16419069080524445 -0.25751786793323406 0.1770090503440231 -0.028703719698553197 -0.032907928702706424 0.011581192352420257 0.1813271489304082 -0.10244681695994334 -0.26994678214966883 0.021283145602156106 0.30378089215496656 -0.2825556548215672 0.3033141594677745 0.09653002848324134 -0.36833775914229633 -0.013005463986612962 0.3890554795661209 0.09507052006010239 -0.031594220774428625 -0.05323540799180423 0.005880881173079856 0.2839709511542084 0.04654730967171284 -0.07622268266340136 -0.10476597893801093
-0.062331131627242874 -0.17958792839909407 -0.09163217359618771 0.13767187334464154 -0.2660197516345486 0.09461039365896108 0.04349922306434885 -0.038776343510514476 0.13561601808536433 0.16838989055417478 0.11206096711207048 -0.171478655538404 -0.02396818032134424 0.2849684814657728 -0.30872205898595034 0.20958716034506755 0.05325810707000948 -0.4433718831883592 -0.08059578422474331 0.364228571144844 0.1481645508696473 -0.033875383879865766 -0.11747417085182192 0.07387830216855895 0.3825988347388546 0.00822990146463014 -0.07785357390203351 -0.10114402697569456
-0.1493685222724844 -0.28234636636159854 -0.013574405813000286 0.093864550921481 -0.3769460178338302 0.17206651961016742 -0.02119860262384808 -0.12685013700044057 -0.0885763276313908 -0.03971803850425328 0.03371870006802026 0.04277984704659665 0.07271472446271603 0.2695340502833737 -0.4202779876890069 0.15698627924891825 0.07052553487526653 -0.3085092962346715 -0.101548242808176 0.2516275729109658 -0.061679607411270446 -0.2176292520131763 -0.1322654215048677 0.09715193339754782 0.34671246815752343 0.14114680526525983 0.05811119820456469 -0.11724278473090927
-0.22232273021720642 -0.19248829906491366 0.1363677167378433 -0.06364731451759757 -0.2187086492630341 0.20530597753986915 -0.038039889729540116 -0.0326005326641472 0.18773279255943812 0.12449533239813747 0.016358584738948304 -0.13564792541704718 0.013961211452194783 0.41795269154775555 -0.34092098769961593 0.21382237715481497 -0.009609711788085193 -0.24188100742516222 -0.11887023639788655 0.42064657985093035 0.17874351188978155 -0.06804372124619185 -0.141149446890722 0.0012551992015120716 0.2717866655430522 -0.03797055205868444 -0.011347920148931122 -0.10260516545737029
-0.24318577011301684 -0.20738361150006288 0.0037118664940901758 -0.08037523564473563 -0.03435316196862732 0.0995404408107737 -0.02639331850295176 -0.024859090802394058 0.003493789977472799 0.1422175429745516 0.0712306924088871 -0.178602210688975 0.08005656111612915 0.3167484509561553 -0.3726366431571288 0.09065435017031856 0.15013174982927235 -0.47679768619319596 -0.11913249558588539 0.2945933771372523 0.170028667110082 -0.1810741093570361 -0.135715580392197 0.19370339414504506 0.27562813804190445 0.1084186441239654 -0.05256182415500889 -0.09471707003524624
-0.14892766651664194 -0.3140155215613154 -0.10213151421952447 -0.1099565917855702 -0.2629713001996913 0.01772037705431539 0.028512606933957445 0.0026754376986464086 -0.006452820880000045 0.062003661526819444 0.034704763274786825 -0.1561762650118037 0.12510700883199175 0.08719869023365441 -0.30196404544334293 0.07223800931728463 -0.012181893450000897 -0.33392099753980586 0.026068725422549913 0.4362896134275587 0.40206261322396786 -0.25741850950640266 -0.1888985134498949 0.11468336377196463 0.2288443902438536 0.04386989695504857 0.027480845319488842 -0.052773282103023816
-0.07988008131501198 -0.2367493986498133 -0.03683046411061082 0.06703442172844283 -0.2566097640627112 0.1412767467851954 -0.012776275929446954 -0.03901444219712838 0.15378112538819805 0.013708390244028716 0.11194206244057148 -0.25995000509309646 0.1396150934731712 0.3793183991488754 -0.25662402402165785 0.17642638173457512 0.03209813640588828 -0.2529308300531112 -0.10804268126497756 0.3376873302005159 0.42945715971589693 -0.1030933156501481 -0.2168023084229489 0.05710598147600035 0.14227012165352598 0.07552389669847102 -0.1051491427326193 -0.08300558533819125
-0.12414310241278238 -0.24919621800076738 -0.011010928414905224 -0.060614956513478015 -0.2524360941420229 0.1801968425868282 -0.021657193308961903 -0.10937352664527954 -0.04258457151858173 0.05811894345374641 0.0286275812363564 -0.12816742129079806 0.0853215927707643 0.34261885612565246 -0.342977699629075 0.3127276298462841 0.04278847210957129 -0.3236258093689013 -0.09565800521701079 0.4410058798399416 0.07470393967607268 -0.0527616823365787 -0.08152719519629834 0.04591877051079352 0.3355235967137316 -0.005369586022128335 -0.011499100894271091 -0.08644321761692893
-0.044758692530065244 -0.05104256129767763 -0.058860075517806004 0.027326119500812606 -0.24332632911673274 0.1457288014306328 -0.02415147889584851 -0.12679334274561455 -0.09881269284627499 0.18088749209915464 -0.021502822115865742 -0.21822670754750267 0.15987579614480293 0.3307704327807204 -0.32190778517572005 0.080910154030534 0.04407988723650963 -0.39303272704147 -0.12933795087807787 0.4517446375187342 0.3075723730506862 -0.04914691594262684 -0.2065989263496436 -0.013737588749224181 0.2014894777075965 0.009576837632671075 0.007917622051708702 -0.022494766744674193
-0.08517584710396099 -0.28355219843682544 -0.16434564149811093 -0.058453612242318695 -0.186732832951787 0.208680587994369 -0.04229945212748524 -0.03188098363447308 0.10315291121713385 0.040862288905543706 0.02905814253589016 -0.07631233239078032 0.016328358541716395 0.3062511467961175 -0.18795014126159582 0.08327871483852098 0.03720178082546117 -0.2955371295027476 -0.19861488402240554 0.39580369191568754 0.25434101273361076 -0.04640809314049159 -0.22581811744644 -0.1444700837915473 0.33864196891863596 0.2492107692705062 -0.03173273800678875 -0.20991642510806197
-0.16575820048413262 -0.14204328717926 -0.09626856332387582 0.01970256021483241 -0.26799584178728714 0.13469006002589592 0.007300762921866685 0.1128231813180727 0.09608983971018378 0.1312359024352424 0.01809418907193639 -0.4197508197054254 0.07065621449808167 0.2702327113895749 -0.4054397991599336 0.08295864897616802 0.11779184233338037 -0.3372067718432009 -0.08139141016527952 0.1345423800727166 0.14111227202385745 -0.18626235460998217 -0.2700974841056181 -0.08181650602587731 0.29986805619579077 0.06641099007499805 0.06453968159710874 -0.05129887930968304
-0.23913863601900157 -0.16174490704941327 0.08762873521971491 -0.027666296693633425 -0.15729580273861196 0.1475156568451738 -0.026209102316588975 -0.08447598078319174 -0.020145777036736576 0.00039902966625334006 0.06824409286502724 -0.16775773166301536 0.09548339072841183 0.2779914610261175 -0.3864707709055657 0.30919759182722967 0.1064690066770155 -0.24882306354613729 -0.06587319316900381 0.3368362232514688 0.3603674131213229 -0.18997623493607654 -0.26546523490650814 0.03874404703044108 0.21810446359581068 0.055151226358192744 0.09359853136886422 -0.031131173911492352
-0.07980819387126452 -0.055643740016715064 0.03251724574807128 -0.021082938639034085 -0.27381619094925264 0.16855009928438364 0.007138050457462048 0.106751475763636 0.018222167041183415 -0.015121440588662036 0.09770952517660496 -0.18180870597119173 0.03857775264235212 0.29226986158724083 -0.3915944251898784 0.0732223076771421 0.028516822489741675 -0.3746460993425594 -0.30966050316509974 0.33186969448426196 0.23851290768728667 -0.15256588848389116 -0.1805833739211843 0.02489208957870366 0.3394490571311031 0.07456837771410103 0.0017580201807907265 -0.06354101775127541
-0.18859987834310354 -0.22708674919697672 -0.0187737705368534 0.08573057731391598 -0.2476272531715903 0.20973074300730524 -0.04914941027409661 0.06114189720717906 0.012337276481571171 0.1251052602823988 0.044975248649773376 -0.13827666490783094 -0.04630245128035481 0.38165563475010744 -0.28310792966544196 0.24891753823412857 0.065041133603559 -0.2651547752266389 -0.09404998672171565 0.4470042066746266 0.04340061245668773 -0.0788240489835432 -0.1389229141351317 -0.07698214228048174 0.33629722430026715 0.06176681134989963 -0.015018462773152193 -0.1821614524660366
-0.12729931125326704 -0.1397279140663926 0.043730519750646776 0.09707979879933393 -0.27841013271292747 0.057238796395677714 0.013832161252164878 -0.08897013736849549 0.07794135650788249 0.07588485448567776 0.12587589171186112 -0.1470106259366489 0.07088723463581431 0.39277602544202195 -0.5233391604129959 0.2095488462154074 0.2193175066150526 -0.26907019074023736 0.047821607357279645 0.30349708868700637 0.12450342938722259 -0.21520363546014815 -0.14705975100162233 -0.010238368191131378 0.1761334423646685 -0.019256243012465864 -0.023851542884810346 -0.08515694046681695
-0.13359887032230572 -0.1709342618948427 0.11218767460655525 -0.04057955702535666 -0.19489525176406775 0.12814989952774405 -0.006265222160608668 -0.04471388475032812 -0.025118173610422657 0.33654317505106796 0.06363025794609782 -0.22819854475255974 0.00747316638276897 0.3095810291738577 -0.44576031390662324 0.20314562390225036 0.1780839759705044 -0.28418403418599136 0.05774716800943368 0.29660684023489525 0.27995600649521424 -0.142561573696003 -0.19248818935653517 0.029043814197148216 0.1600558424926493 0.05712225078923795 -0.032797108568036575 -0.07769758418039863
-0.1524441186098478 -0.28700173597799467 0.025502983220570177 0.166721936435033 -0.22337424332807856 0.10323026428236312 0.032625999993640374 -0.03232708627239515 0.021190008386828586 0.07747941885176755 0.03404159195945744 -0.14522997555084594 -0.03708120010489862 0.2468098537471207 -0.5217717217320906 0.09638770329034882 0.04743797184556937 -0.39996982734560577 -0.03266300784535599 0.3727580431964499 0.20829935182144782 -0.14831903017741066 -0.20916016826196318 -0.04098559076472649 0.12025973844748228 0.04415378598589966 0.03525136472093428 -0.006468105551381678
-0.10468598684143607 -0.08817717945147172 0.10372649070265255 0.17980077298868222 -0.23407386991464788 0.19418457880414094 -0.07811348089121208 0.014775113180014699 -0.000646790229228043 0.14235497867982994 0.061337794606480305 -0.25277516657067245 0.15067611610045598 0.33995495921978075 -0.5122162655077993 -0.023074586873207625 0.15365207406405532 -0.3137826183495013 -0.18229863012964495 0.2644427325520288 0.10043215145710854 -0.01768621265374368 -0.17827530949573453 0.026471454539090555 0.27695886052322843 0.009153119282765895 -0.05110173937773541 -0.0524542085118274
-0.06818980175832631 -0.12092133558516657 0.01754694851660596 0.11271185265447488 -0.2979798212736695 0.14583419450861834 -0.004498877081690954 -0.1260424500722724 0.04874122477107374 0.1487288134482316 0.14173590065515387 -0.3563115633217614 0.01169507378551316 0.41218828509519106 -0.3029256896483037 0.007750582900079067 -0.05756954447575482 -0.3647089027626976 -0.01131305074687684 0.34799955855001974 0.16552951487058903 0.11470637099618353 -0.2545971962437242 0.04145517526304542 0.1858170556136935 0.022299548463247672 -0.09190914977761189 -0.014830534080269539
-0.13280969159182113 -0.19280179058423483 -0.028258735302154638 0.03575824745485117 -0.32672622680124846 0.26022230081577635 -0.06007078639637057 0.07248961417798049 -0.008901442387539572 0.0006295873023815302 0.0019337716423265298 -0.1488503783586615 -0.0483950394083809 0.13230912981544699 -0.2482658068639984 0.19394812576980763 0.12757034851633267 -0.2480119163976284 -0.23006458802427224 0.3791157492437934 0.47628802875172127 0.11879161098122938 -0.02758649669535647 0.07676751074592143 0.258708313198841 0.01270995371252154 -0.15426056618778056 -0.07414260550978476
-0.05155366413236343 -0.10088877027726015 0.095905673342524 0.03947635561387506 -0.3379882964782073 0.1568960469027534 -0.025203983852699223 -0.09876091322067668 -0.034612417409167255 0.1812772911781222 0.018540300175852557 -0.25688319893420763 0.15639978338499563 0.05631004198744874 -0.3395559790410127 0.18793680298964074 0.27423738136281584 -0.3271442080944369 0.07749151382086295 0.34170816483682603 0.4348097933790644 -0.1468771070568879 -0.12813405741554218 -0.07840275039743488 0.06862415100998961 -0.07178264746090843 -0.01962751719138786 -0.008924908274680395
-0.08491399648025164 -0.2231187297511184 -0.0700010347768696 0.31032574516099226 0.1650712354573103 -0.041576190067609 -0.15095886222480592 -0.32982316427702424 -0.08007087858212933 -0.14021842395007852 -0.027875776213070937 0.3132021641665147 0.028109476644071815 0.014632764798687551 -0.21902469222949603 0.3455846218909886 0.12679136273353356 0.15919750371832153 0.2635836362464409 0.3255623456156926 0.004657790448700554 0.09520208270830299 -0.197148093898025 -0.006901846649520924 0.00021725886354664883 -0.22296065820543684 -0.22408182604106433 -0.15197057186476245
-0.11412096136926554 -0.21854840633553996 -0.17228279178342734 0.13839502821472852 0.2141547500065184 0.054163099108020786 -0.14309210406411832 -0.13670040995278268 -0.21277830333288625 -0.2813277335075324 -0.20820956084168746 0.0948260737004132 0.16307822039206352 0.14968584697169557 -0.3573085010862945 0.4395152973282984 0.05778096317259559 0.003457442149738384 -0.0024503452387418375 0.29846261638412597 0.15793687355878355 0.13071409539853307 -0.15319592367934298 -0.1296468165190805 -0.19871077680935303 -0.0693284785796047 -0.19021540808136406 -0.024399128738264345
-0.12362331549582652 -0.1910699225374821 -0.21210050465918792 0.2588233552371567 0.2681171815417064 -0.0041478650886210494 -0.2695953596148119 -0.10964217886194988 -0.23271985675270213 -0.2996709528990916 -0.19514686838552356 0.06409242232958967 0.03675435894827016 0.09219282742801709 -0.2980738875664645 0.2222320438536182 0.07303484727612233 0.07021059136364856 0.1940690903364156 0.2930803106913352 0.19317609088846613 0.27798967932245217 -0.006969393545887808 0.14436488631324942 -0.10343726563674763 -0.14831017112762318 -0.19317609729201096 -0.07790832417687157
-0.1093102083537158 -0.2281612794308086 -0.20252801204356832 0.2277394720805708 0.16554430782591123 0.07824543143097014 -0.11595267320610408 -0.12392749629988721 -0.17207534313804673 -0.30276552700494164 -0.30507118631574237 0.1386581636974948 0.03486248413846376 0.15173190089520117 -0.38363719927729645 0.39862476083912995 0.2095427219679251 0.10328386629093739 0.0877082821812803 0.29924127081845964 0.11327975120882053 0.13519710131216972 -0.13301462299107292 -0.026350252238198844 -0.12377547573554791 0.0007119603713704998 -0.015636625803925972 0.0038747964083915994
-0.03599431156733294 -0.19575928265005046 -0.15093568048756356 0.2875843611213732 0.22892168416531444 -0.02661216219949829 -0.12736432320202737 -0.1817253736354578 0.010707762346556089 -0.15904174030252993 -0.48601590253336047 0.20546337980840676 0.12262413309563704 -0.009046774419518608 -0.41170107449846594 0.26315557115134064 0.03324368735290563 -0.028888093361056265 0.08731493085164804 0.21207169764123182 0.14836919226821232 0.2277731398524419 -0.06925493985999075 0.06473818517226913 -0.060658697581879924 -0.0685463356223787 -0.21652316280386247 -0.046420646042368646
-0.04532262655668664 -0.17782071157312124 -0.18231638101804765 0.2627798514460376 0.23717065893056935 0.04331315570758285 -0.1828936009746291 -0.10503462238190606 -0.2211924123740022 -0.2950198559564517 -0.1573755111224834 0.1968410639772719 0.06065626741171821 0.005178042659568704 -0.36332801173290896 0.4165583124960051 0.1227353001448945 -0.022504718955277968 0.13704214072814355 0.28792035284516754 0.21446652572754563 0.08388152077049438 -0.14343401126924296 0.04527958256432498 -0.11009510059737287 -0.17578273291468888 -0.1239085797562683 -0.03789512360949507
-0.1627540295870532 -0.12922099044907223 -0.14109150725334993 0.14492987738449228 0.13902123588292864 0.024295469161047294 -0.13327250728253232 -0.3454516502634309 -0.12691536562173975 -0.18062426947800123 -0.371941021646849 0.2272403778899677 0.049298166718410974 0.06735863095481892 -0.31464219432974705 0.3113263737873567 0.1449538176894303 0.1366586114079307 0.2690225082329887 0.30676513108179676 0.08404811681513642 0.12020340151178582 -0.23274798519461867 -0.05294037010619921 -0.030115962506000106 -0.14877889513752177 -0.09084329659982072 -0.03656101838119953
-0.174552471104403 -0.1831946356918119 -0.1989186462998844 0.2224005362044682 0.1207587710948959 -0.060972621180280885 -0.11518251529115686 -0.27227525430826366 -0.11849100368904592 -0.23050561025305058 -0.19199274805961297 0.14574605006176533 -0.007254759275951203 0.06777013348904908 -0.27221338193177463 0.4868046108089938 0.10462383132062868 0.17563781107401186 0.14497839452314923 0.367893769080839 0.08167291835477936 0.13692686985640545 -0.13665034645987764 -0.01626837300199457 -0.23086048088432617 -0.014668592788134262 -0.06292609337416856 0.015837586135304914
-0.09108647100389757 -0.35209735869277003 -0.1844195401876039 0.28059778510578204 0.051309974156416284 -0.040944325581736045 -0.005851515135486083 -0.07932544809790722 -0.0785119127508476 -0.10166473242069152 0.12213001370985643 -0.11985193584527662 -0.10450972038127233 -0.08388247544585431 -0.13892540055203792 0.22122627089613014 0.23986296291120981 0.1553512831189102 -0.05661958274084178 -0.4387180958263262 -0.1820602309968931 0.0635336259146338 0.2740857187828755 0.31019404239515747 -0.22307567195341862 0.16310486368747468 0.11198743208590373 -0.19387789518303986
0.201075647558511 -0.2579934063276629 -0.0389098568523712 0.0773715151320833 -0.10306469788963084 0.08990774646253091 0.08045660429489798 -0.1549692578493834 0.5021115386192553 -0.04001759593031294 -0.024451911072738173 0.0703330045722841 -0.023536447735376494 -0.04397699224492313 -0.24072150119246427 0.022214389056843465 -0.32245035317917425 -0.12227342327817667 -0.2465019650174844 0.02952810888508306 0.33167826668284456 -0.23947027199061194 -0.15692847777768493 0.12813419770776094 0.12770281332902955 0.1537431842453589 -0.009111694618758132 0.29518357665826506
-0.2536949769662426 0.013499880396715347 -0.02011291373532455 0.05757495679533636 0.21246722429424056 -0.03183882060316753 -0.09185422834472745 -0.401418576961444 -0.16797301976239778 -0.2726643921219946 -0.16612186736998197 0.17732653352233707 0.07712631832388876 -0.06370623224823557 -0.3414559401081018 0.21822761746721403 0.12090379258293144 0.10347846392803577 0.37977260032664856 0.13576162292029542 0.23267147661645643 0.0819091223770216 -0.20682101768713046 -0.11022872084738128 -0.0659396987444903 -0.22448031725754283 -0.138179982854841 -0.05094272879512181
-0.09987804712044612 -0.12923741796289512 -0.0027464521814663475 0.15042862754929054 0.09726503434842297 0.06968223180582295 -0.21004879167425025 -0.2558589544871131 -0.2303543302530342 0.015217330045289223 -0.4173356330030977 0.13333873823529935 0.10944540285761169 0.12674069455245368 -0.3129090248184827 0.301710307212648 0.19932338698599028 0.13592469836595567 0.23206470395831086 0.23842287216777533 0.12425985481902767 0.13228228835360606 -0.3044668909512238 -0.06485760180201973 -0.1663619176437003 -0.10808757840100082 -0.16178336684950476 -0.016617420877842327
-0.18265011281135196 -0.05340435648400172 -0.22476057352872425 0.1710869178061093 0.29016782623445975 -0.04780531081020169 -0.09525107329256127 -0.38751231901914596 -0.09403596173374014 -0.15133976686998146 -0.3400476070829314 0.28147201843267444 0.04403533822599 0.08463583209625168 -0.26972954995255854 0.16964463294717175 0.22424776697657542 0.156980041607995 0.23894342592101778 0.256509007406687 0.032840986266207406 0.09008150688847534 -0.12647011646783846 0.00035681815240159705 -0.2192924048621771 -0.11558832697171492 -0.12763046437124087 -0.01698672786939517
-0.06900252028552542 -0.1367088881179416 -0.12586221956389362 0.06352406055993132 0.12196063040697379 0.07749761884239163 -0.18711671675663355 -0.3378568501866986 -0.08625869730244863 -0.23979958670111373 -0.3288252632550997 0.3472908953758977 0.13097091770435998 -0.03227967486837624 -0.14970876671735148 0.27853774572988765 0.09506096658903988 0.10077787120907816 0.32870809058341915 0.4083157868267923 0.09044105210325244 -0.07578606373246366 -0.12814905206924704 -0.009660676576888232 -0.03166945190996103 -0.18809503880271375 -0.09543070143983229 -0.06977010206167282
-0.06922156405756918 -0.22763158149727492 -0.13439001289758185 0.2067856470628685 0.18980898940596305 -0.02715598568162821 -0.14122329020666766 -0.30222831307867964 -0.11843702175490423 -0.20746616196444267 -0.37142165808338024 0.24869827004985628 0.06507781061489983 0.01795925951623818 -0.2769923627806729 0.14174631105833158 0.012906081891196913 0.16737543710583372 0.243398833293938 0.19757562538306755 0.018865382052829175 0.12097765853447416 -0.4140079245574457 0.007491964618592892 -0.06751260528420049 -0.17665549557385768 -0.1541777194386065 -0.06184848482157998
-0.14123486992160258 -0.11550992695816349 -0.05548148327310259 0.07008160858149086 0.115193446979488 0.17743369000257175 -0.26804856626499374 -0.37549059904738813 -0.11711219637285275 -0.08872210092373693 -0.34017082100605295 0.3825110080175582 -0.03082895215652339 0.0031744658205328023 -0.12939380298229067 0.2955281210459963 0.10047414783668702 0.050248996450783956 0.26169863445303865 0.26606885568751787 0.15671776191406983 0.13817928866140447 -0.2493789577897695 0.003012472255414163 0.11275058348150417 -0.14307900305643642 -0.12896962585970517 -0.0699857794132754
-0.09143640631874529 -0.07900435356166642 -0.22906324950720117 0.15921185912674723 0.19911438433399106 0.02281977976947515 -0.10696686493514618 -0.27919865657654747 -0.08516745744924106 -0.10889083500541867 -0.43052093557043264 0.26238255465001237 0.11997338167559353 -0.041173053423941855 -0.34409112476476034 0.36626657179191796 -0.036617390165326565 0.08821576782865763 0.20897120981264078 0.29929139140418615 0.21054815773655078 0.11467907457722155 -0.10431440120944528 0.1015464023312343 -0.053537469961035006 -0.09615861318651543 -0.0533240966522503 -0.008806788006239802
-0.19388926688554264 -0.11142803100126299 -0.14046884117298372 0.17269693491256763 0.186728823081492 0.02053467992644417 -0.10020052797423026 -0.36315605007219975 -0.07829856983963232 -0.15144136810156308 -0.28028254714828305 0.21946243901036777 0.09849775961849556 0.07244140794191178 -0.3430203859656189 0.287417505697363 0.1424247284931133 0.16710657470475065 0.24205030148646745 0.2085731848356093 0.10975640779926547 0.09357682574941882 -0.38589305811691943 0.05493914123729453 0.012673960143951161 -0.10936886013160664 -0.11448981548529286 -0.06284229471459593
-0.18287543339335277 -0.18893224905599915 -0.10610309203617327 0.08608344559964573 0.22168622819589917 0.039014834879823636 -0.15971102185041308 -0.23473377038357238 -0.15366064653381423 -0.22170303525138374 -0.22875731637683042 0.24822190522014884 -0.05306342112308676 0.1904639231803069 -0.4946230198105294 0.2448378884823139 0.20663246543724773 0.14612727541865905 0.21010604535713256 0.22398411115361264 -0.0004305715578862091 0.011390397013500588 -0.25208356369918195 0.02524442400952196 -0.1642281504878861 -0.006946710969899398 -0.015286876643346114 0.024312558152289044
-0.12626875142600194 -0.08960539745868445 -0.18517020829451522 -0.030010784468736718 0.11976368106095125 0.13396516403219766 -0.15056336834562728 -0.31677405707688217 -0.17151834367074797 -0.1084407032031354 -0.4101876134794374 0.2664715756791794 0.056190252787726894 -0.14673912074370954 -0.22673682548615867 0.3433136771882772 0.2600286057620504 0.13027165143026276 0.1412048716617878 0.2232388343364343 0.1752165631757506 0.09748900272404437 -0.17829488747538186 -0.1261882727374428 -0.08851551398664805 -0.2185720665980915 -0.10421333050097414 -0.04882790847305221
-0.11537326521980125 -0.015623147679350084 -0.1383581922156983 0.09508426654146875 0.004544540232543161 -0.046485428503901915 -0.12249811572658016 -0.32544606361719597 -0.08401820081501607 -0.16560046223520897 -0.4416182783143829 0.27829977709088194 0.011071729840850893 0.00834213174456732 -0.14220620057836722 0.32568835626604964 0.15609864805072776 0.13468806281370865 0.3916007139557157 0.21889319952496897 -0.08584238979270377 0.2144728226718405 -0.14828498125922956 -0.0011368543915833188 -0.19211361029949148 -0.1842722595219558 -0.1044658572022586 -0.028345178308274842
-0.11137970289721502 -0.006627958281429851 0.018538851206323214 0.16039817537500492 0.06340455779227698 -0.15043902214573057 -0.24411751422869002 -0.26024290947894413 -0.1807597888828786 -0.14062388407824744 -0.24002287518091356 0.2703173057634218 0.042565699541376546 0.015796789272316963 -0.37199841334937855 0.42973074562786245 0.06699214169318712 0.17582468699870604 0.18561214373108675 0.3556672858234195 0.09364063378482707 0.14242938370509833 -0.16204964294961288 -0.1438549394755046 -0.05563109771262141 -0.13138881981316228 -0.07809005659612886 -0.021095106566703315
-0.1311065024864927 -0.15890595300740198 -0.07938329608426452 0.2653382558815134 0.11309983008145709 0.05892725502914276 -0.10805117728511757 -0.2485866235141932 -0.13178357118493791 -0.09218749596319642 -0.338393650745461 0.1321106170563053 0.004031157447205246 0.07589330654583956 -0.4455172244891284 0.3616594538231423 0.23765435110170843 0.11514387420814214 0.20792230578119036 0.2928253306148705 0.13807438659845542 0.11243554514575105 -0.2343477501182773 -0.02555046210662224 -0.09809149463492055 -0.04685816423336693 -0.019517812925373496 0.006227688706290398
-0.1143799450171643 -0.19697630554000883 -0.18463236839665406 0.21591371424707204 0.23794149876270823 0.03306456103372995 -0.132464883675581 -0.3753796426504428 0.026838069823741 -0.03078657821748129 -0.30508097981701743 0.1998678876488275 0.010915679426946974 -0.09625875610232457 -0.2161506410431112 0.30134062952469953 0.07113986216459288 0.1460745085518828 0.18789439420242843 0.3558192662202631 0.0780232171394603 0.16334270663175018 -0.2320049045347786 -0.10669205227163178 -0.0760342137361672 -0.1700404908132705 -0.20667173746777165 -0.07710528144575801
-0.2538853773982848 -0.11480697829367068 0.03114099544640765 0.11431148242322825 0.1589674860428701 -0.035665905033435356 -0.170653123594051 -0.42430404568830443 -0.12738056224412564 -0.14843869674568616 -0.3153479104185477 0.16612286635252627 0.00806033251740879 -0.008706822906613468 -0.4393649797087452 0.09291682564601875 0.2937348932953254 0.188305193403318 0.22583899155927373 0.272778608018919 -0.03840124242862395 0.1421806531304611 -0.08501658548069382 -0.052975065547375265 -0.10837019886954921 -0.07947813856954847 -0.0920655308835219 -0.009856008536348708
-0.137946171308365 0.05742954939629937 -0.06725084330245851 0.04904535342342013 0.17482340586106415 -0.035341652845138516 -0.15879266458845676 -0.13591105774751266 -0.082784675783611 -0.2627306908009389 -0.2698099237481776 0.2655554230118329 0.10163238510770589 0.13496437736578168 -0.3748748700762686 0.3942887859260142 0.2180299988752848 0.06235717469871247 0.19052179276229952 0.32977654347361424 -0.03750971877087829 0.09200635080380506 -0.21856757573923324 -0.2324999415726436 0.015348054060366888 -0.16674200660410074 -0.11738480391062618 -0.038908013299510734
-0.11807687578407511 -0.0829915865286342 -0.027272544952410997 0.021327334259056682 0.12443929995338324 0.14867239436232435 -0.176812634600349 -0.3075461190624195 0.011244287234250562 -0.2324887336554985 -0.2946987622095883 0.11813264597713703 0.1819938261918773 0.08210385068118432 -0.3253429366396744 0.3186563435997387 0.020147462990808378 0.16064824872788394 0.2582873922674859 0.329860686252013 0.059821950538791524 0.11786998201755859 -0.22602228717349837 -0.20372610262526952 -0.13175660639113324 -0.15801153524116024 -0.23514387733915632 -0.05372266275433842
-0.13309725343647413 -0.11674621728601411 -0.09734798453331053 0.0224499797584412 0.1620753176077702 0.03366295380901776 -0.16761557711865646 -0.3231657060566098 -0.17023224358783795 -0.19767072517002512 -0.38918537907540496 0.2611719458023853 0.06044356583295709 0.022794012166076648 -0.3403397419004105 0.22908093498412307 0.18783488271933876 0.12230177785992566 0.18472905574768264 0.30294523323057826 0.1524279319067203 0.1315559549098452 -0.21281344007012232 0.00477456010785941 -0.010743652258861532 -0.16128384759965295 -0.20449215631484674 -0.09269473715018253
-0.1706359679035748 -0.10278412796328748 -0.08881898775763594 0.03450233105670659 0.27061755901614926 -0.05096143496327319 -0.15783591567316096 -0.383522870934468 -0.11009019658636304 -0.24416837642437844 -0.3409929146710818 0.2876122158217146 0.1515130820586535 0.03621742549294737 -0.2600218066930524 0.19744076799025576 0.22294767712925742 0.013707509331131514 0.24539108619214153 0.30812465280172135 -0.01970599301245145 0.07762263921375838 -0.248136467717242 -0.09194487901478596 -0.10347085928134914 -0.03027618045874083 -0.09311213959831237 -0.005147619442351579
-0.26733073629870624 -0.05360589036570901 0.17094923098574802 0.213491518608544 0.23599473287555803 -0.0021931723303662463 -0.1808918960205182 -0.3522498388657012 -0.21663462360158112 -0.19339204279569647 -0.2826270752064095 0.319505887016154 -0.014445186740460237 -0.08905278723912996 -0.35895623872896704 0.15213917413797715 0.08934475698986459 -0.00306492362320615 0.16344209483539252 0.3158074622666867 -0.011538612469105296 0.1636620426177419 -0.12794535588192957 0.0730631701187047 0.07162338737183835 -0.08311792591974584 -0.11573329204083135 -0.058577191169840025
-0.06833664450882153 -0.28525745693951166 -0.20119971931401337 0.23591838062359832 0.05957759667170062 0.16388569925638397 -0.1832700039344883 -0.21557617175843607 -0.26750506213919667 -0.1346011853603765 -0.3623895893563322 0.04045740093362653 0.049668653374782254 -0.11953207076805461 -0.17719226662735182 0.21734531828804485 -0.05880103463556415 0.18689584023328176 0.38123665645946203 0.33958306614268613 0.1083433958320836 0.036718214092281466 -0.1542311988973255 0.0029173614455673597 -0.10792179785436336 -0.20217048627032833 -0.02931862162551367 -0.0035349144003171554
-0.11111140518184866 -0.21960074235796684 -0.0827061697069745 0.09890037184619777 0.14984936001008703 -0.009023150893826565 -0.11146597800818374 -0.2633285068068406 -0.23516066333569652 -0.07267866024142462 -0.2334535683463108 0.21174840696068958 -0.054344744105811214 0.1977127575640964 -0.3799791157966246 0.27072956717040003 0.2534170479183683 0.15182471603735329 0.19424901756621585 0.31598191881953774 0.04705673419500961 0.23489037939399945 -0.297566643316975 -0.08696670329943194 -0.06217868257070701 -0.018429468207265383 -0.1246319200250637 -0.027897624323708344
-0.10954771991604635 -0.11517856031610298 -0.2530901569121868 0.20095044553348343 0.15681942074572724 0.05604756882112695 -0.17673819841644325 -0.24699077313432996 -0.1406368460043101 -0.21966091096114698 -0.46422345150016264 0.27751830694619356 0.17021867709225327 0.06459261509606985 -0.275635548296831 0.31942241063455135 0.10984815770359142 0.12146715421396156 0.15184557262607928 0.2746655982713439 0.060342428018408424 0.10639066633369965 -0.15122710128204597 -0.05489098027743381 -0.06658434116211043 -0.07120613365590828 -0.054169225728696806 -0.004605273743985954
-0.2102432841823455 -0.1653562759568005 -0.0011157766022767688 0.0017669188733701548 0.21275340948249805 0.07889596803637569 -0.11768544595422582 -0.3300440377152912 -0.154517186235825 -0.20293245014653793 -0.41223894575524095 0.21276440512121242 0.15730198302760165 0.02501393867160789 -0.21787018615832593 0.22021250117792088 0.052540044057914397 -0.016347332057327513 0.16295032175076826 0.3409509992024292 0.27538561641057985 0.12193894594571242 -0.20005818214026688 -0.033834674559082255 0.08953660655619552 -0.15693554043718358 -0.18297208477517174 -0.0935894392234766
-0.1254244137950391 -0.07724405455486864 0.12773817122102085 0.1181771326950553 -0.02482067829216686 0.10835276969601929 -0.08451792643268907 -0.3827227749806455 -0.015211027432861048 -0.1219976270673705 -0.24647752804663858 0.11227945158111659 -0.02156193903036339 -0.10101670976243424 -0.37725592677944886 0.349374812883542 0.061911294589441446 0.0911320674420051 0.373387341740263 0.19470547121264734 0.2552055141914003 0.15933715180526994 -0.23512814512509764 0.2174416237766243 -0.061122569810307156 -0.08155832843883018 -0.15141104613774728 -0.05150111627317459
-0.22128234098853458 -0.17652452938185256 -0.04538382795331036 0.22116803579371735 0.18964769415961785 -0.05792585228246677 -0.09987589050658321 -0.2708092244426822 -0.14791590830286963 -0.13474175301354588 -0.2663859472241169 0.39393096652283033 0.029616926680834498 -0.004286739052512934 -0.2967915944323871 0.3116915192871562 0.23097873922621845 0.1255256393048189 0.17390077738938411 0.22248916705327368 0.11781918470588763 0.13674482977559108 -0.22558627733429945 -0.02798403538556702 -0.051791768065342594 -0.2178818113962367 -0.09040361854827365 -0.05022521600117966
-0.1826326122196748 -0.21163494592151447 -0.06147580783992337 0.12915982049089772 0.16899331689722097 0.03334519725704189 -0.09244553161471994 -0.12307102027074691 -0.05617366888832943 -0.10366410633801804 -0.44284475143862145 0.3311928958766436 0.06667213293466608 0.09414094111685045 -0.311751712775668 0.26617193216874574 0.29893464924890056 0.12601079645042249 0.24635403895188826 0.2730115144864222 -0.044281596424739895 0.17346609979887617 -0.23070314560789582 -0.0637321214785531 0.008358063349351488 -0.07761594240019941 -0.10513374655056236 -0.005863533679902466
-0.09605147601936766 -0.1764365993889015 -0.08457026192813279 0.10111310819683242 0.04574670225977732 0.06477843265852697 -0.12462947604637369 -0.23577661157092392 -0.12138657772423561 -0.07898682826442054 -0.456433989245289 0.11295006636190412 0.03571978888243819 0.06773363550496465 -0.3048908419811505 0.3880252609184268 0.007681000997381988 0.15164495022181035 0.22333673178396443 0.3350190134575815 0.13391248593254862 0.24792597360730953 -0.2730356041544265 -0.004027854892788862 -0.048681461961963865 -0.09161162472144846 -0.14911194790512602 -0.03568399462534165
-0.05384916425403122 -0.15081011341807143 -0.14113939047259427 0.1974365583232454 0.1937249183131044 0.033209293299169926 -0.16875787843045026 -0.2420921710089367 -0.12003847271170082 -0.15504802272243556 -0.31970244446582574 0.3551610924019018 0.05068528044213319 0.14418074880036774 -0.2166223822523211 0.12498521273972339 0.2421847006453222 0.1143499831230454 0.2956557694001262 0.24746210433031793 0.12729940838949094 0.13969985410680774 -0.30869847807323975 0.016534388446869157 -0.20660335330131951 -0.1424419534531473 -0.14595208422980221 -0.032985177831895834
-0.177760983704335 -0.02414925603417784 -0.17631290891486295 0.0621580691283553 0.11748368825950695 0.003849325227312495 -0.07722654792853469 -0.31554873360749547 -0.018098168858827715 -0.20597581208958338 -0.3276447720469142 0.14579698106829378 0.0894805428259312 -0.009216440174844171 -0.2971239471452882 0.3804360191292076 0.25389555475702597 0.1265505640216351 0.20896494534590684 0.32520007445477767 0.10818292329574358 0.09370366872368882 -0.31614973694431914 -0.09643412947967596 -0.023192517013050182 -0.13926628601854632 -0.1444136276781493 -0.02503216749415337
-0.16252975324071475 -0.24499474269438015 -0.03712393218388001 0.20763621719638833 0.1370932425135345 -0.030479221983490127 -0.13793293047801888 -0.28874649131706676 -0.036703168071266876 -0.2924925261140728 -0.5460632337252344 0.19709352658608864 0.10177704578328862 -0.021401510773618293 -0.22792753803568858 0.23339300412267427 0.12608175412345057 0.10456514578087445 0.19540588020063285 0.2298047330283482 0.026792577929285098 0.08728422566019811 -0.27780950627617435 0.012777106973742463 -0.018251523711824237 -0.023099753021802776 -0.036694650679206194 0.00788782341301837
-0.2862847448701527 -0.05281629585012636 -0.25751494505381084 0.2052978692571685 0.029328518331609797 0.03915823131692827 -0.03838062514117834 -0.46091568847006315 -0.10633742957896496 -0.19368031330127608 -0.24784417148495608 0.3400870117758004 -0.004729639658079754 0.05660663949235958 -0.2149229030584598 0.1943276896786797 0.017850844480519486 0.04423440189133448 0.23041728860508812 0.32512302623642375 -0.15738953751435672 0.09147586366448934 -0.14710138512694676 0.0207815221074001 -0.03131391364560185 -0.2252618146197834 -0.07514251693239242 -0.061161776291650094
-0.20734951197156068 -0.11501220589007217 -0.08651784208187792 0.06672596379244423 0.09661245586842067 -0.048565794859609684 -0.158472440635479 -0.3194747206490162 -0.17238014120447068 -0.07500541905367182 -0.32296503677637756 0.06325604905720582 -0.05930347305336731 0.00255036550974127 -0.3795903066430121 0.20098607619186448 0.3075802300727485 0.18278038146629047 0.08264575618376031 0.253393461898278 0.22382159092602172 0.3041400258725088 -0.26485395633183634 -0.07486429722111475 -0.0025074113104539214 -0.08356360464231449 -0.18311481797495044 -0.05823927973885163
-0.12061934720201883 -0.2248751842605382 -0.011193139700157215 0.25762931441678416 0.19082351000497325 -0.04052499799792458 -0.1582147594181912 -0.2935381860454625 -0.10221788293881179 -0.1844660615906786 -0.38188811831606373 0.19620244587311877 0.03057573517741449 0.007365784611445935 -0.24494178842000083 0.17549806765844012 0.24716329112791355 0.07370222634071111 0.27646891105643623 0.3443954512505979 0.08324359655106503 0.09609163033203034 -0.3028795450663854 0.04591299448105978 0.027255786221486035 -0.10828171846999818 -0.11478893757139648 -0.03632830600668157
-0.1500855440600036 -0.21819742733479802 0.01173110048112061 0.27587462158970394 0.007507830066965205 0.00885678067736368 -0.16253232128642453 -0.3155418761000038 -0.20470718648518146 -0.004904596165906813 -0.4079935637172758 0.14475508374417323 0.2249908262173162 0.08059660405936872 -0.3054424803476749 0.10747754862968636 0.2137952216210921 -0.025908844690218084 0.23214514333363176 0.16260731834899192 0.16025856554437595 0.12391943768186967 -0.2734303244096627 0.0646849979392403 0.09964432873549782 -0.14370009210933646 -0.2225482783811445 -0.09690570451875409
-0.20082175893277657 -0.290023506548285 -0.18431449505195963 -0.012688885995044778 0.19034234951566922 -0.005265687904746937 -0.09346577400212874 -0.2839561679835136 -0.050882270648826236 -0.2694772879747517 -0.4043568619198627 0.20436546064700534 -0.08458440127760755 -0.020075646789810365 -0.13866543797238434 0.19751317581283512 0.2609343836104003 0.032165767388098815 0.34021107977384174 0.2633051348781834 0.15758606652106663 0.2055789950365936 -0.15218521516011066 -0.013721133469282486 -0.04255479217779087 -0.07166751900975928 -0.13352339846914318 -0.010512348916674819
-0.10279846652563547 -0.1495139979877916 -0.02055789124159699 -0.06539892019185979 -0.02593037106462605 0.1144539018417522 -0.09156306083891465 -0.2463281719665006 -0.0653604533320999 -0.2961965430494488 -0.4276877669764086 0.24060688766968436 0.0030464001506325866 -0.02041234482472755 -0.32781071887225227 0.3143282084957837 0.13412096363564754 0.16593277839431106 0.299757602232564 0.2654865446879694 0.031749591617632585 0.09922380665113763 -0.23452161629344973 0.02412183313376376 -0.17321958596904236 -0.017868741077190883 -0.19030648547785395 -0.03475145545540093
-0.12265695112338877 -0.23375054322430297 -0.042657051489815904 0.1751807676300601 0.09025763534793824 0.12006736979548313 -0.17087303096185205 -0.2981471863028881 -0.1676384028329667 -0.18237650974595696 -0.36188124498919344 0.37265998800380384 0.06627380747759899 -0.014607552673528394 -0.2606733730453162 0.20885389019597259 0.11595667476629631 0.18761979679922536 0.22422862534955382 0.21587329905152755 0.05295340869677753 0.12191142294762744 -0.33887279085269234 0.06430746635005179 -0.02020110744500994 -0.15329481296498243 -0.0609104554907776 0.0012478344492918882
-0.1767458593318931 -0.10914815251155363 -0.20914789877002007 0.2069740823852521 0.18920291997416488 0.08079957541791336 -0.1788616609481928 -0.2887183962188819 -0.25895652773600303 -0.2199825057343192 -0.35529486618204376 0.10293706826088611 0.029622819877985714 0.17733547438964278 -0.2863620750743559 0.2066967088993066 0.07654670992681516 0.10128681252916617 0.1645936086450685 0.1695562757931499 0.19961675530023645 0.2816090505966946 -0.29205315197733644 -0.011348284444763402 0.06605366621261913 -0.056292346582494934 -0.13381949654545566 -0.035835982796894025
-0.11849175156426527 -0.123165252318387 0.05483738714196535 0.19695892285441322 0.11473335761079946 -0.02710767606487549 -0.15131749657026008 -0.32230905801036497 -0.05200282894378005 -0.17498372594017508 -0.30913747476046105 0.2863046197738034 0.035724385494366635 0.10062191843807397 -0.3750920731466114 0.30522586224469817 0.1598150615299076 0.11414459461061706 0.27068315432616086 0.315766760340447 0.01068414939075625 0.15085684793895762 -0.22797578115267533 -0.08439602616933305 -0.06470698602627467 -0.12640380743955976 -0.13606003363917132 0.0009418202596022769
-0.09423099713935885 -0.20438653134294926 -0.18234722169290743 0.01659988891083901 0.19880314276319722 0.02869910810455253 -0.09971512125860739 -0.2858501713293227 -0.25861987838685174 -0.26282800592058775 -0.4088681862873368 0.3706325023743383 0.017996600549855246 0.019321342157009796 -0.11908771817743989 0.3163958494982356 0.10075768375097686 0.10665055090867502 0.1875276392291845 0.27194678855908094 -0.019678815100591347 -0.03418722499448117 -0.27363158927806647 -0.04196688928333492 -0.06746833912702209 -0.12092528046525243 -0.01599236349565716 -0.007792348526835016
-0.1585590543267013 -0.2808190161199777 0.010996640674966474 0.22654674070266803 -0.038931054546254826 0.011090810631129822 -0.044388364766254386 -0.21828248957416518 -0.18620614629774784 -0.16988247998690303 -0.4327905663653106 0.018742597203246062 0.006203363297824572 0.06993805423089114 -0.3450109543990895 0.34554558152411613 0.24232352790689393 0.21401161102399185 0.25811447215302424 0.22144892483913112 0.12580898039955468 0.039534406526502856 -0.12620001171051914 0.0992873934284082 -0.18634929359304514 -0.022992591357229933 -0.009058808254110248 0.006843668059508564
-0.17316653747735597 -0.13507777182809913 -0.13034523918781565 0.06235957193788909 0.2728548240859985 -0.00603297217721868 -0.18708847423437971 -0.36432268750318336 -0.1330735659452381 -0.05505877669003681 -0.25930619279772366 0.274749569813191 0.045764183301758576 -0.0394219388534563 -0.32321722318541524 0.41255271716709835 0.2215103320817812 0.12333412502730971 0.14052534452063306 0.27802721564801663 0.07722965862671785 0.04955857030519791 -0.26267589130893115 0.01834579303148247 0.023819141289723605 -0.07185901665376548 -0.04137340839285197 -0.019018650995562936
-0.19286027768275557 -0.1721332439791973 -0.024490750125835344 0.1367933148377612 0.16080877525366483 0.04056052761245909 -0.09884208160085299 -0.3307273894381759 -0.09661309747551274 -0.10480717863456586 -0.4342477997636113 0.17428096345549074 0.02582130515686868 0.08905592107362628 -0.20634433818398024 0.20877105746388003 0.16031176614028314 0.10437123408968442 0.3444885660467365 0.26736065122766073 0.018244531417607235 0.25994901744230325 -0.2555256540307401 -0.0011734259322166173 -0.12024540470991157 -0.12535051060582805 -0.20725494192319496 0.01041511376252756
-0.0981534293008831 -0.014157670125433687 -0.13832169359692917 0.022000538658085284 0.1867091672613226 -0.05631664667527668 -0.15561825643043561 -0.19625824576227036 -0.2151974582750629 -0.10290577050446793 -0.3096163447000378 0.3053194855736009 0.11102155777617215 0.017364287424231937 -0.24455480308570235 0.4454857680867286 0.1839587257919208 0.19149230009171622 0.25191605695661345 0.2553337683319544 0.13017401505500178 0.04579929645866746 -0.25044237445324496 -0.020021938341483872 -0.035493569455239085 -0.2515483745592165 -0.06577691716874032 -0.05208986533279764
-0.21726346110776745 -0.18420283729072023 -0.02306322911267859 0.06410304013997974 0.09405421742812878 0.04455517617201798 -0.08675835326270553 -0.3385227054599515 -0.12402931087666766 -0.13844600752426786 -0.2915253226403669 0.19550400325011824 -0.04500406230843643 -0.06873952114900991 -0.2940222632348639 0.37369755678946603 0.09883732954407394 0.23482217984874162 0.2928197392330245 0.1364679862807774 0.08712386015535332 0.10727416372430772 -0.33131837266220426 -0.03654803026866414 -0.1874245247350927 -0.20564621901970873 -0.11164468631778982 -0.0359719658255408
-0.06666396200198246 -0.17726155283550507 -0.17530196691129857 0.1706374180876793 0.004440588842393636 -0.00031202670835028085 -0.09657444422586071 -0.2748473066311488 -0.2877989613146289 -0.07782332649696243 -0.4230811060954103 0.20794918161433368 0.02533068519181662 0.0024110281452466523 -0.3071322298471612 0.2986532373122058 0.06845834185065602 0.18752965960302306 0.30457613360213365 0.26930305882827876 0.0984818998079552 0.10081650821951282 -0.2612017073505753 0.008139597897808529 -0.12234267646648261 -0.07729774376585086 -0.09828547070924103 -0.014129140323591567
-0.16682106802307706 -0.1795189078047465 0.015458743990668117 0.09318431724368893 0.04983006983329599 0.004041539017218475 -0.058326258439077634 -0.33082692754970866 0.07127786771049241 -0.0964479460711306 -0.5364068936676749 0.09733246370260107 0.00433038484188228 0.0719077692638407 -0.41720576931261116 0.22058911885216329 0.3014958084566246 -0.023430190341884788 0.26804181844802355 0.1637849846735633 0.04374014276669178 0.13529074153240214 -0.2087935555256242 0.09346661297627978 -0.05756341577382034 -0.06859333887194319 -0.07250287655912374 -0.015224712573651305
-0.030061141710979556 -0.20044247902796136 -0.21285695360635726 0.24594640410589083 0.25931131165265164 -0.04396982202177736 -0.18986900194301812 -0.2339406948357877 -0.20137144786090877 -0.05585753113613209 -0.44959428987847166 0.07669196576686037 -0.031485922016919986 0.04530394725995282 -0.13934944665565485 0.10959102484483686 0.14761055393402064 0.10507540897199832 0.31311809303733534 0.32202205818982793 0.11278116526501379 0.1129475852653239 -0.2076999434073637 0.0036997113804358482 0.14909953021317193 -0.2600700413353811 -0.08729840002995361 -0.07949266641863781
-0.22347143213942086 -0.1891069859699139 -0.10182308813341691 0.1350713544791559 0.12048899089681443 0.07203144501158569 -0.09760369161788515 -0.30820628208343276 -0.18857022183378855 -0.18439701468577868 -0.35006004184153555 0.1142827107921214 0.03210874433333497 0.1319836300260534 -0.2856589977386816 0.30056153889780557 0.12326304029207197 0.09376652072383602 0.2928656209209794 0.047862886181209624 0.11415855155923793 0.1603899005093115 -0.34810713682841377 -0.1585521279649818 -0.16336568143566962 -0.20214301920217978 -0.02901726577101894 -0.019923893121783255
-0.2825211108993291 -0.1245733374559558 -0.0751231644739206 -0.05188275734760899 0.17719381346290075 0.016356314844928797 -0.10728794908184044 -0.37610904373699705 -0.09539178075936351 -0.0854490401439701 -0.3556296653556339 0.12065074627999114 0.10803628655391553 0.17380431197124005 -0.24956960886491691 0.264160140216281 0.2191349382559651 0.18456781944124676 0.23429985898818384 0.27222571275467716 0.2099151525501981 0.14147852835537944 -0.13970023027744655 -0.07327502978865938 -0.16816308333872987 -0.14887413057794954 -0.16747624338962996 -0.04211113648843148
-0.06426180132676114 -0.12173089232607177 -0.2439899079969561 0.12145732733698375 0.14203138479943725 0.00224333873426447 -0.18775908107803657 -0.19901396663113724 -0.1758397888624703 -0.2964196649879 -0.1593350808529588 0.14553729266667184 0.08467228991003446 0.1663654988190981 -0.3978753223833673 0.3972985530298493 0.17069666506617093 0.1179873207050719 0.3092834545112104 0.25735758790258173 0.08629616852430119 0.11842678198270758 -0.20259094785478884 -0.03561855251446202 0.019994656554048976 -0.12285041216830957 -0.09522525500716028 -0.04570732169323355
-0.1919913399005676 -0.13169876821343468 -0.1226450638224171 0.05735718491169304 0.13704478969398784 -0.014862034385613317 -0.06931111156273091 -0.31798906143356215 -0.17771476515039814 -0.2713886299253134 -0.3222203538358317 0.25028454678483125 -0.04427935286659338 0.11356090955058536 -0.34101702972638137 0.35784206263861057 0.06930977494168919 0.027574079003471166 0.3542798517604713 0.16056036641421292 0.0778962812026099 0.1655782939180794 -0.19546039874874527 0.0581515165916201 -0.02194300048135483 -0.10063813656971755 -0.16414421753743536 -0.046429487975336935
-0.3069001587045701 -0.14646688898091276 -0.0769615152550948 0.08857887768968085 0.27350327488762644 0.12514616587340752 -0.2205073970991087 -0.31879327376809263 -0.06725383395275787 -0.1259768769086132 -0.3621917514682465 0.22931981292815046 0.05506110882964921 0.06458740857592782 -0.22154830647128793 0.21897729163751306 0.1960435648659122 0.1958010456221147 0.23722677783931784 0.29914728239859434 0.03786922018940014 0.16681532428551404 -0.12428302708226312 -0.10597565992899032 0.03007780210460828 -0.15545236627099351 -0.11620928352618161 -0.06648686567573428
-0.2922959977058525 -0.0769604310587282 -0.2566526230627567 0.16259838725057582 0.16948866242985655 -0.14894213578089746 -0.07436243501916416 -0.40676835496901287 -0.031245083845380314 -0.22000543359179353 -0.19028631859761916 0.14580726364788 -0.10499337634714272 0.18555958238506562 -0.20274824597363525 0.30074438249275004 0.32311635004397005 0.1501368010148467 0.1822989261574455 0.10707512650656714 0.1464303095171039 0.09945460316186305 -0.2660107219832254 -0.08074036810086824 -0.14492193102686104 -0.0957545882724986 0.011873528720231476 0.0020846959869299086
-0.1689824882534585 0.06560856801850319 -0.23068863097308362 0.17842591032715047 0.23896223427911456 -0.03722791484192344 -0.12978778357207432 -0.2690107626599827 0.027136009047098553 -0.09827579777602818 -0.24359999434497892 0.20398391227890583 0.011412631284520431 0.22369654392478577 -0.3566024846462538 0.25072040351702723 0.10704147856632733 0.08306726005239153 0.2852454597410561 0.38235034202548773 0.19245626964730544 -0.020781888064820793 -0.27215768228744536 0.07398171802748829 -0.11470295179089275 -0.06653791630379909 -0.04090072056394366 0.02567856380494627
-0.16625606518731686 0.005556687100293989 -0.16676122452470496 0.14286189496847732 -0.028661400182571198 -0.012749195891575964 -0.11679705300871948 -0.3135295187686943 -0.15487541293689425 -0.24591674215117007 -0.3079184975311721 0.2150018307698132 0.13463290679767903 0.13153017459225463 -0.28276137107147886 0.37718903791975 0.11618531974321578 0.19270882799672107 0.2555753844356772 0.28342345624833404 0.1135515018888212 0.1233119060417156 -0.23464898918179775 0.03198621800762468 -0.04245008895115997 -0.1340737332897826 -0.16310401704027047 -0.03439486468519274
-0.09219683509803167 -0.0868108573265298 -0.07974924832169672 0.0047007805192756024 0.10622260463538481 -0.033785728434658414 -0.17094528392840133 -0.30797931594186584 -0.05677189454658597 -0.15037182072673724 -0.472680454555184 0.20614419967152353 0.1121015421269578 -0.03594380573787613 -0.3373233357204837 0.2985230557885184 0.24528440054940756 0.14664539415001268 0.16716652033563947 0.14471898572881753 0.22014644684683451 -0.02147362546895188 -0.3146699440413345 -0.030042124296394936 -0.21615927298771173 -0.05456736675643366 -0.052520591933415635 0.0264748570858545
-0.1415216130489522 -0.04773943604674181 -0.004399147201552714 0.1854443973998738 0.2491847538962168 -0.1555723819583642 -0.2312882683874549 -0.17812690428537944 -0.19387236113925924 -0.08199183214039063 -0.3149619265063575 0.19463256150288327 0.1513137002432515 0.09656648270576992 -0.3136120901410188 0.18767941128114937 0.19782043873218957 0.1550404700785093 0.23924596474448132 0.4372455789143329 0.033527973480384034 0.08351222054566332 -0.23411181850129192 -0.017363630358905466 -0.04138497453470845 -0.09644486882627983 -0.18884424185919663 -0.055657672196240904
-0.1697423005729613 -0.19825092301323535 -0.0625292349303534 0.17348351523795638 0.1514447430258403 0.07071221950762155 -0.15342605703397652 -0.2885142165319666 -0.11299726116195555 -0.1642458532361402 -0.36141126848429583 0.16938530854337228 -0.018085460386877594 -0.10008533542161879 -0.34982722846674696 0.34658758422871816 -0.037402205137654354 0.060233136687178376 0.21898686525815042 0.26148427143358727 0.15896912088129164 0.2588603402329693 -0.10872844538078433 0.09953612357983618 -0.09936172088366586 -0.17538035226534224 -0.18592437653697438 -0.02639864470453873
-0.10804977977484721 -0.13284933438630997 0.025493139381335343 0.09813925594271761 0.14841689529916446 0.18161374606498248 -0.24800653281829108 -0.31879828801640214 -0.15543454531149073 -0.20047784079476755 -0.3207419787155859 0.09102002390845815 0.16569162538855345 0.0941394572285866 -0.26125160318019613 0.25140754126057013 0.19440892838369078 0.07387124929263952 0.4177974806476082 0.2604047682723868 0.03984192331380617 0.13161278471732854 -0.19981089283932746 -0.008744614930623087 -0.1618039846786029 -0.08898447646103452 -0.14183563982481892 -0.014679565885019553
-0.13096469293018523 -0.1399612711643523 -0.0528927520944358 0.0420651707489258 0.1948093350664845 0.015126982214500213 -0.23032727917356263 -0.3399859385414326 -0.23815889284917846 -0.09517831382527421 -0.4463757453782789 0.14927762561059862 0.2147700626553944 -0.03688377809254308 -0.1516862143436066 0.22940926220898505 0.17891313132049344 0.21110252622596298 0.2408021917546193 0.2755908153990443 0.07372935247812945 0.08333046584120783 -0.27578665906130573 0.015213011917391456 -0.050532023268135405 -0.16285992183568088 -0.11054669798661729 -0.03092712217869323
-0.16098614547477588 -0.12643135824104923 -0.17187132539929095 0.11252546560463596 0.3604134395674931 -0.043536713347274957 -0.1252121937611787 -0.39266474296694875 -0.0784235009369246 -0.26064730244373546 -0.3000334578204251 0.33617104088184174 0.048499665372813215 0.01181796719207096 -0.14877763972547925 0.26924585550352376 0.047637631294212925 0.1558507310925212 0.1257874056079645 0.346621149273615 0.008904267951760754 0.09961048504485437 -0.21005907576866342 0.07120376410756787 -0.10287136412940949 -0.08102802133951095 -0.03354700328042841 -0.0020678362437004084
-0.17408144453446264 -0.10510036684655781 -0.12682177925601593 0.0797114909897275 0.28681556490312765 0.04443112881132792 -0.1467886448626247 -0.15935000754388234 -0.10047843402168405 -0.20715166080879935 -0.2362426900501749 0.10176370388703047 0.05598894839709827 -0.03457842000955245 -0.33928963277987667 0.33046900762226433 0.07779038341133361 0.07891696660144046 0.2814909487646846 0.4764291435663802 0.05746402573913629 0.18358604925858832 -0.11860659747036126 -0.062276174122656354 0.04658049020339088 -0.10052421756041792 -0.24003158267248167 -0.11773055533313115
