-0.020518066079036175 -0.01683215095567421 0.38481314990859544 0.03528791036462403 -0.214670832928857 -0.029440723119217728 0.02848856875151615 0.003508112019390439 -0.04979294046692863 -0.01892880256559856 0.00960642113229708 -0.0005458222891209309 -0.05134987284048166 0.058953736502554456 0.03595181257799082 -0.7661102608946133 -0.03341391503489809 0.20320141825711746 -0.007087936297656314 0.10029107771558057 0.01822346599602551 -0.004121638323000397 -0.056034144534372096 -0.019027995668285665 0.3817134668400692 0.0035714334190339613 -0.05039835573264121 0.017615043234761204
-0.020700946446825717 -0.016811438619476985 0.38478827445404623 0.03489117869091275 -0.21489375707768307 -0.02773253083647748 0.02859125117380347 0.0035205535100867246 -0.04931283337147601 -0.01884553237248282 0.008697619823264469 -0.0006047220838851626 -0.05052340662812072 0.0595360241569017 0.03589819166056195 -0.7661416946604338 -0.03303604789633093 0.2037729562251516 -0.007118594135242872 0.09931325338061014 0.018151073908315208 -0.0031933015190040008 -0.056646979503673846 -0.018994043374835404 0.38177289165170564 0.003589591737148811 -0.04990114879276225 0.017828364130458057
-0.023952304889818716 -0.001484300473882774 0.3856524729378412 0.009953352263985568 -0.2142859781166207 -0.021132193232204832 0.023063815305455336 0.003796630377175659 -0.04292335614808293 -0.020164875168574174 -0.02171087827511059 0.004748186503336788 -0.0729314389488528 0.06892464717356014 0.005501114072823356 -0.7676136634986871 -0.008730432177390092 0.19986545674953246 -0.0076395941744809865 0.08693178060908348 0.01946543588527376 0.025956762980388227 -0.06565700336871313 -0.003928453539996937 0.3823922359380439 0.0038369424445805107 -0.04391165333838982 0.02070284981098637
-0.020317091904786814 -0.016469378550696117 0.3854384930369863 0.03385511594165407 -0.21179898705674727 -0.029589171181666717 0.027686996653138406 0.0035811490390385953 -0.04937394334388008 -0.018853632680794707 0.009005975283190294 -0.0009339132542375738 -0.05105298414307332 0.05847593936489192 0.0352227292802653 -0.7674399513701968 -0.03195488516243606 0.20045466651751986 -0.007241748945069061 0.09941409434199562 0.01816683796286218 -0.0035057461772296417 -0.055676554511229194 -0.018660678799578712 0.3824177290748006 0.003652004313757726 -0.04994132574614029 0.017534328594699368
-0.024064336242611343 -0.001154562899738241 0.38565628807512775 0.010373450191946082 -0.21479731518735662 -0.02061468999872618 0.022984894238620438 0.0037915537894993366 -0.04263685115734343 -0.020299941548143678 -0.02044796377399424 0.004806473306710861 -0.07037798280904958 0.06926466584654119 0.004841843484637583 -0.7676433636340145 -0.009134568970670874 0.2004977656520878 -0.007629409092381691 0.08637397363252414 0.01960569803288909 0.02466415173690438 -0.06600356686781474 -0.003598453700367603 0.38241041859834923 0.003831850915510423 -0.04364040121055512 0.020821471933690102
-0.022968631366113552 -0.0041518893734322675 0.38901069977869623 0.014400422428541287 -0.19640611210259182 -0.034716221633017574 0.02035391235668446 0.003980393703648557 -0.04192351866285214 -0.018963377627986236 -0.01900075537703756 0.0038443509607966604 -0.07369130075982203 0.066204382973137 0.010659935252893386 -0.7736366356565316 -0.012882547901637518 0.18413035190931726 -0.008005699068072768 0.08496300701914879 0.018298334533907334 0.023162321058242327 -0.06317169733456714 -0.006425834684689621 0.38504519482092636 0.0040194931678579696 -0.042941183285381136 0.019954169412852975
-0.020308889892478255 -0.0170488694694721 0.38494527511279425 0.03586579018254651 -0.21325995187343103 -0.03114338934931467 0.028097286917565092 0.0035036372004837424 -0.0503637545823882 -0.01888050137183269 0.009740077998089009 -0.0005870656468350367 -0.05006065333626716 0.058309842887513307 0.03638008732199203 -0.7664176007116829 -0.033997132230595736 0.2023236009044355 -0.007080660261304873 0.10142044753291651 0.018176955617772265 -0.004270685296265944 -0.05537377238724133 -0.019239512056841757 0.3818883662492702 0.0035686276678348052 -0.05095755293373619 0.01738937823378455
-0.02114941826744917 -0.01679955038444131 0.38384445619635693 0.03802218022808344 -0.21865891468781243 -0.023227509532303316 0.029239420383213203 0.003847917176539938 -0.0496943676860509 -0.018580045695454083 0.005583210985495895 -3.70441344096123e-05 -0.048968925233857916 0.060471725428605176 0.035766039646973724 -0.7647548695930537 -0.03606857385272408 0.20651701117630564 -0.0077707069231629814 0.1000166623829935 0.017911900440922054 -0.00015769316966397754 -0.05719294495422371 -0.01887489690695391 0.38133612106190606 0.003913587423448879 -0.05022667574297701 0.017887040459444885
-0.02390030988745557 -0.001245606101278645 0.3850594905486082 0.010178725716937828 -0.2184807219195186 -0.019912068716279627 0.02287051001394055 0.003827851658309985 -0.04273987098843098 -0.020369370937169888 -0.021493521156851218 0.004420990488082438 -0.07026244035524633 0.06878207195740002 0.00501376325024955 -0.7663350587264491 -0.008876565333771251 0.20409345631202225 -0.007706593973138728 0.08654427986896374 0.019678728528387788 0.025775143650112273 -0.06552688646777165 -0.0036778945816388123 0.381714438018669 0.0038724418025200785 -0.043706842130332574 0.02066315533831237
-0.02079706148864966 -0.016385418959737205 0.384410138129233 0.03468179309276481 -0.2173570903296043 -0.029203055881852256 0.029284990141589584 0.0034785281060756824 -0.049269598279732145 -0.018881320038324052 0.009051437608114677 -0.00042913816557129986 -0.050114243059596886 0.05981010236471983 0.035060179474498 -0.7653120817473329 -0.032836451145655504 0.2057683298084682 -0.007025848481781019 0.09924730066160359 0.018176186296105738 -0.0035558045045677024 -0.056908467733106864 -0.018582545219501614 0.38132064829141565 0.003538861187012223 -0.04987847927679722 0.017911953487392135
-0.021050687783925146 -0.01661201808343493 0.38523983108823695 0.035085774631057276 -0.21167052346755905 -0.02998680637514685 0.02783441547600058 0.003559878255394759 -0.050586258633335324 -0.01862266737139347 0.010289166179890945 -0.0003644185983620981 -0.04906906691084773 0.06040062200108004 0.03556034235316836 -0.7668080569370461 -0.03321960284414261 0.201056477101778 -0.00719193415931181 0.10189522873090406 0.017924823733758793 -0.004720163771583099 -0.05733640550178747 -0.018856440803396265 0.3819872499542039 0.0036236214266694945 -0.05121031263966937 0.018002883062732778
-0.02235261505293185 -0.005365078781916017 0.3888240931789029 0.0142906116792816 -0.19691207717564035 -0.0329518264527288 0.019836823853045294 0.0038934123153916826 -0.04268257954793077 -0.019240393100771205 -0.016058326361362233 0.004006810735071923 -0.07734320605305364 0.06422233175435677 0.013105311522926716 -0.7735416557345384 -0.012772448567331736 0.18390624324236995 -0.007830199542262209 0.08650487783161791 0.018585816397693935 0.02032864777555398 -0.06106510240739809 -0.007656084670344652 0.38513877031966576 0.003931355496601093 -0.04372310146483552 0.01921345164328097
-0.020478511961855086 -0.016607955756221274 0.3859957665224224 0.03558644727437306 -0.20907754954521107 -0.029935912676489075 0.02688630312312239 0.0036299244497265608 -0.04900759414399054 -0.018842581104411758 0.008725825880389457 -0.0010832512591418496 -0.054489269088108236 0.058853585503565065 0.03552672225774323 -0.7682450528732642 -0.03361683698071129 0.197502179427476 -0.007325671563940152 0.09870693328803067 0.018132952122818072 -0.0032146278956982164 -0.05594807563087523 -0.018827109847452814 0.3826615564021532 0.0036872854178967773 -0.049597771570578535 0.017589790498160812
-0.02038574622595478 -0.02090465757726993 0.39264880678827707 0.02103099841460585 -0.17501760907792313 -0.016321718449943394 0.017613769414896927 0.0034535938882706953 -0.05154055654992675 -0.018996300768554974 -0.004747203823459705 0.0019158719899975661 -0.044224401828836836 0.05907384844870603 0.0441905882953114 -0.7794910559699392 -0.019178177873433472 0.1636779767253545 -0.006970659063974492 0.10403999395228039 0.018332407265287995 0.009018820976394308 -0.05667901753788413 -0.023201142411031876 0.38727559962587793 0.003510077494404376 -0.052399861497270744 0.018008274468979443
-0.024043169905133072 -0.0013478290400064936 0.38499299865469333 0.009060877934564523 -0.21781866490600382 -0.022532001779985638 0.02343626798508633 0.0038064344428185844 -0.042620368740121616 -0.02024928545268865 -0.021715114053314326 0.004541407336322345 -0.07421662089117995 0.06923342262733816 0.00522407564110686 -0.7663080158773146 -0.00784208828310174 0.20310607015468565 -0.007659816442469717 0.08631821687132982 0.019545953736731864 0.025974852028061823 -0.06599728685415397 -0.0037881438065305428 0.38174241039559303 0.003847357151811663 -0.043601339231447225 0.020825325186808404
-0.02292244177698768 -0.0040130030767517606 0.3887403008415275 0.014197195924135665 -0.19800470966258768 -0.034864658404732136 0.020516117615951582 0.00396744851100684 -0.042182278985070085 -0.018887350794787594 -0.019225402106990492 0.003889737502671174 -0.07194628172175224 0.06608097298159228 0.010391135566704806 -0.7731789596533031 -0.012695272329151608 0.18568117507230195 -0.007979735538959063 0.08550308644446647 0.01821899642311846 0.02337817089301505 -0.06306304871827363 -0.006295768935938012 0.3848545447795681 0.004006519499679263 -0.04322253668609216 0.01992262714825835
-0.02026498422486241 -0.01595952292380967 0.3850152085672036 0.03440839525920849 -0.21486459687851053 -0.029786135731103412 0.028628541328725426 0.0036109292437522572 -0.04924480413554218 -0.018862356832756097 0.009384548022928794 -0.0009606903199337552 -0.050703457590124464 0.05840582509784626 0.03422284100480396 -0.7664133488447771 -0.032499805726860516 0.2032431254653662 -0.007304892446003492 0.09915278535750918 0.01817266789471024 -0.003935982144598528 -0.05569243826724704 -0.018170741646854477 0.3818186688237859 0.003685312327226389 -0.04980837280633975 0.01756823764498285
-0.020705671180886624 -0.01682086067611197 0.3857021222932195 0.03469158867833464 -0.20980406140317892 -0.02885177214740169 0.027334154532806385 0.0035168186151368114 -0.05056875512468609 -0.01854060889169288 0.010286048091562399 -0.000663241853377255 -0.048953447167179115 0.05937255255946233 0.035960723724443734 -0.7676796043292439 -0.03285727134828338 0.19902742050407038 -0.007107176672194799 0.1018459715715626 0.017848784248802166 -0.004756778583864601 -0.05631422152576887 -0.01904779740911533 0.38238879191506936 0.003581842694096304 -0.05117763699249257 0.017663812081070065
-0.02027000089811643 -0.01620601018376442 0.3847466446435041 0.03599862347539924 -0.21393105215437508 -0.031213633253695673 0.028362499391433788 0.003624450779732106 -0.051080878096578054 -0.018629108482575346 0.01047266252069195 -0.000332443706794001 -0.04810497789145386 0.058005511808538614 0.03481474217128014 -0.7660792443771245 -0.034035930495443796 0.20348082430207842 -0.007313253851017017 0.10283461671979593 0.01793911205748679 -0.004935769022255682 -0.05488438016513217 -0.018518339465949416 0.38175726765250567 0.0036804999624570353 -0.051656835598113286 0.017165382412779196
-0.024283944615563054 -0.001841731559932144 0.385332328625637 0.009909688369662047 -0.21542717451017057 -0.021450859944035255 0.02311396291613491 0.0037900921863438177 -0.04291775420000859 -0.020148269474355524 -0.022538191649509157 0.004770593195699003 -0.07360334486536223 0.06996557753907327 0.0061978542045583946 -0.7669981535135079 -0.008704613009147122 0.20088607107778048 -0.007623038857847497 0.08691240419377014 0.019448474505995947 0.02677585859665953 -0.06674753529868487 -0.004268528587693351 0.38209486682917543 0.0038269646431786358 -0.043898278388423057 0.0210841037214444
-0.020746811930615436 -0.016159014420432615 0.385205415915801 0.033385642953970465 -0.21212924425200871 -0.030908023151323693 0.027659857041905735 0.0036601834126984097 -0.04953489968949363 -0.018922141172389793 0.009687392563912814 -0.001023018268697472 -0.05057811127263939 0.05974969249435748 0.03460166645353684 -0.7671961601512691 -0.03152694837989531 0.2006368957495807 -0.00739507485119536 0.09973547772034204 0.018232822462620004 -0.00414706108248825 -0.0569382620397734 -0.01835059388170991 0.3824008386244578 0.0037262999797819008 -0.050101298230868875 0.01795214414726372
-0.02070116658701462 -0.02139978401934546 0.39280570641916196 0.021697307799398397 -0.17351684310179838 -0.015244994689368466 0.017328519654807212 0.003399839241849145 -0.05198558256173822 -0.018818624452736646 -0.004960257367582211 0.002231263745209783 -0.04548686292014701 0.06003825610459688 0.0451768889422549 -0.7796186274968783 -0.01987572592785467 0.1619614147248254 -0.006859659938702461 0.10495411589162051 0.018135045953768577 0.009210134428654492 -0.057664049680981405 -0.023693136589272558 0.38724095372383877 0.0034530101728470187 -0.05286651822815301 0.018344457963622822
-0.02042117983412617 -0.016619120511357274 0.3857214568627886 0.03325539446123869 -0.21040205251390204 -0.03083194581139328 0.027356204016396643 0.00353640962522239 -0.048806343646212835 -0.01899447901072625 0.00809293881268632 -0.0006859586524178731 -0.05232710636698772 0.05875234670797033 0.03552107225293863 -0.767982069866564 -0.031306698314282816 0.19917758241451616 -0.007152530949549616 0.0982654453607935 0.018303030287893204 -0.0026027142826228846 -0.0559199148435062 -0.01880779665523998 0.3826765128202645 0.003607510113547546 -0.04936024462137479 0.017605348078894467
-0.020605604952445566 -0.016904260061293523 0.38610444826239615 0.03436097503702987 -0.20920776953298134 -0.028835962251532864 0.026897498379112872 0.0036623482797537086 -0.04877852383553838 -0.01886916960159103 0.008725350070947753 -0.0008976973258740902 -0.053754537414026415 0.05928650818696267 0.036137346917991496 -0.7683130568331783 -0.03239065149582081 0.19761566455023663 -0.007392671858385081 0.0982454618298336 0.018159741814799724 -0.003221450444931017 -0.05643279198371662 -0.019140653171877558 0.38262609272492676 0.0037218794323954493 -0.049365949852765476 0.0177688016479707
-0.021866951178361814 -0.005785719479532001 0.38924523673874634 0.013948320738082783 -0.19575437436767293 -0.027702152276699595 0.019662469160877473 0.0036502945025339456 -0.042537217292182905 -0.019165757918491736 -0.016295616117378346 0.004911301197093634 -0.07706229925732949 0.06291877034580945 0.01401655319854198 -0.7742955698733512 -0.01231990973496652 0.18243819033213823 -0.007335414405707503 0.08616922834517766 0.018517482740701613 0.02064973405782703 -0.059913916649330816 -0.008144577027345806 0.38548181535001913 0.0036796286721641463 -0.043531551248297856 0.01888000847496288
-0.020393498960717522 -0.021590997981620046 0.39287779254854704 0.022248836278735674 -0.17344828476973445 -0.012148971069449597 0.017236950753544825 0.0034968103957336853 -0.052015007872153296 -0.018759504975089318 -0.00523890479353064 0.002312824674784559 -0.044224617370439506 0.05914781985206371 0.04555847336283921 -0.7797957961842847 -0.020410851914528298 0.1616680916318915 -0.007053624547533548 0.10503284535066502 0.018073111348731713 0.009495154419510786 -0.05680384607022469 -0.023883544263802337 0.38734912732904436 0.0035499706815734135 -0.05291519211611588 0.0180669348574618
-0.02350024532244857 -0.0012848019602629461 0.38533907277175605 0.008764925074669151 -0.2162891984473247 -0.022403678546214043 0.023684518455820536 0.0038386463189254076 -0.04341119699123936 -0.020435752067048285 -0.021726891060292564 0.005153551448622441 -0.07335088411215043 0.06757776972657707 0.005059379486077882 -0.7668292255194161 -0.0075210962914849825 0.2022284134576288 -0.007722568986953171 0.08792514744732055 0.019733127264897794 0.025969609185114612 -0.06431496509359273 -0.0036864812889840747 0.38192747106675373 0.0038780396868972875 -0.044416106515668685 0.020255423744986113
-0.020711435701935017 -0.01654557132761592 0.384101779406333 0.03527738567656188 -0.21935991775714944 -0.02912497275350381 0.029789930560071485 0.0033610415945865783 -0.0491761306283848 -0.018866700527650587 0.009066847950265283 -0.0007809532262366708 -0.04875231506540566 0.05941843411566274 0.03537999699147089 -0.7646653660561297 -0.03342978274804175 0.20766898592782265 -0.006788231888441633 0.09903499205777208 0.018160423288382195 -0.003540999644899274 -0.05638353043406326 -0.018740930903564396 0.3809884706203414 0.0034187482972570567 -0.04975930126050831 0.017693099373690745
-0.020516009365057042 -0.01604029320199126 0.384462151063424 0.03645454397892178 -0.21476723312522233 -0.03177421336505467 0.02851392285363434 0.0036529552608793275 -0.05149576059529984 -0.018545870608293012 0.008878684859952852 -0.000637799329392437 -0.0512702433622963 0.05868632757609537 0.034473987381801144 -0.7654843766876279 -0.0345279481238326 0.2040707828165479 -0.007367033247149679 0.10365181903157075 0.01786616829058093 -0.0033570349983107744 -0.05550756220807919 -0.018343121182528947 0.381458080381186 0.0037057936237950137 -0.05205803933154838 0.017353813417673555
-0.020731425167432028 -0.017362378879242565 0.38637652429266356 0.0346652513493859 -0.20773475914353237 -0.02835280555947558 0.026455703028053796 0.003606197904172141 -0.048196201264304996 -0.01895631779619641 0.009497567679155558 -0.0010622176611265524 -0.05420066456917018 0.05971414636253997 0.037023631444449236 -0.7689244206379571 -0.03265490569083029 0.19577308020771303 -0.007282153420279505 0.09708424934336023 0.018249873435725556 -0.003928558550592807 -0.056908686768402966 -0.019569136274372678 0.38296156250831676 0.003667340856070493 -0.048788998138603684 0.01794284155581977
-0.02439196928957014 -0.0012164223845591057 0.38538687504142866 0.009867721626023144 -0.21537580065351247 -0.023346581769790525 0.023131114122481884 0.003800174732511539 -0.04245833515724177 -0.0202976127552512 -0.020983959607420152 0.004586418731091952 -0.07346059225123446 0.07020772904790172 0.004948007369563831 -0.7671613634348999 -0.008644850430298594 0.20067564318478137 -0.007644886075895974 0.08600856665368671 0.01958798302992137 0.025204741331284027 -0.06690040646186021 -0.0036440537976724337 0.3822062509199523 0.0038387963269462372 -0.04345338931931312 0.02110286949231847
-0.020482308074875225 -0.017494262332790934 0.38525935333954975 0.03532085035053874 -0.21176292352167794 -0.02838094222152762 0.027731673786994912 0.003528676472225922 -0.04979578481127282 -0.018772751983828367 0.00861995162061954 -0.0005231890426761361 -0.0521374678546942 0.058837630659878605 0.03727463684804561 -0.7671029268953359 -0.03346227608102745 0.2004515495298546 -0.0071302829050066095 0.10029511532335371 0.01806696622729288 -0.003141448993802527 -0.05590726147966389 -0.01968915086822798 0.38226523610949875 0.003593330045445252 -0.05039987314127024 0.01756846157788072
-0.022932189044403216 -0.00540554206759346 0.3887839350313815 0.01413703079965213 -0.1963238359780602 -0.033256148149426276 0.019667836742376658 0.0038586848910725875 -0.04284308976974524 -0.019319382378194836 -0.015321260341880518 0.004168560343458496 -0.07667124152487213 0.0659332338471375 0.013185392721434408 -0.7735038419203984 -0.01267163406484342 0.18359877057568771 -0.007758901434413772 0.08683669040915443 0.018670056612032006 0.019591921607449558 -0.06274930655743229 -0.0076965668446576626 0.3851507763646534 0.0038948579983499854 -0.0438946259751185 0.019766297216821178
-0.020496448239484346 -0.02121983817207706 0.3926650594170988 0.02261388688970419 -0.17449472140116484 -0.01676819615759606 0.017511170752904922 0.00341655740883805 -0.05139350612874687 -0.018906800696289694 -0.003940667603360275 0.0015995597337173887 -0.045489068079463145 0.05941836056945028 0.04478229546217733 -0.7795273343078738 -0.02073108054120368 0.16308202847149358 -0.0068904668806742345 0.10374211657699911 0.018238630483883526 0.008263468733089124 -0.05702761233796948 -0.02347717765434977 0.387284629209193 0.003467135142440405 -0.05224926367114367 0.01812290553552999
-0.020756606695838575 -0.01689243753908541 0.3856966487672163 0.032586360012454074 -0.21132681463414563 -0.03243772229666859 0.027312878847307293 0.003725602293575514 -0.048231628553355256 -0.01892851419156311 0.009425500858578458 -0.0006674236397404732 -0.057856416669563905 0.05982167690708982 0.036112084621147844 -0.7675114425366862 -0.0305515793229944 0.1992263569184112 -0.007518873644576121 0.09716401362461975 0.018230801620738597 -0.0038403326682310843 -0.05704504458307868 -0.019129039281807956 0.38222891543271875 0.003784433632638468 -0.048835761119444855 0.017996885278535633
-0.02055231947124335 -0.015992798941525554 0.3844180644375306 0.036718826538074026 -0.21470900658318315 -0.03129730545108765 0.028553829849623968 0.003574365735283556 -0.05141978232659084 -0.018504007088562688 0.009630350899709353 -0.0005686630573825341 -0.05155349388978952 0.058858238729729485 0.03438274345377484 -0.7654998765265564 -0.034830688974730115 0.20394236667480514 -0.007210767678360957 0.10348304900351185 0.017824998611722695 -0.004094313476605323 -0.05574028347451556 -0.01829981533888703 0.3815155737215099 0.0036281686178513094 -0.051965312891687904 0.017451028880405017
-0.023690597551100895 -0.0012939573475860802 0.3852415342950168 0.009366059756707906 -0.21607955444990418 -0.022325964020794616 0.023258329529052168 0.003792844000510228 -0.043295401027328845 -0.020434829880291383 -0.022043917127391045 0.005143532200886942 -0.07432922490641997 0.0681256417082169 0.005077936130034732 -0.7668194882934899 -0.008093515849907362 0.20186017750538043 -0.007629197855961593 0.087675004819291 0.019739388629595424 0.026287599380797434 -0.06483978788175869 -0.0036960841184147607 0.38201639751590216 0.003830425415414795 -0.044281703974574614 0.02042275777688753
-0.02039419710660716 -0.01581409485419081 0.38436586352136726 0.03362180664047303 -0.21726662435618818 -0.033408057131503924 0.029295461214197918 0.0036740446672044176 -0.04951552073713034 -0.018879382366315495 0.008810895155894562 -0.0007377953041004438 -0.05148827650116909 0.058799781242348095 0.033939890338524695 -0.7653167840769459 -0.03172006022639125 0.20571847195829301 -0.007432363655213737 0.0997124145953085 0.01818929264621862 -0.0033932879891052582 -0.05609629130697443 -0.01803348159775616 0.381367966598733 0.0037496203192212167 -0.050097254521388496 0.017707367703214613
-0.02075129039715645 -0.016825495533944888 0.38608658427623394 0.034049955261128945 -0.20940152387839064 -0.029434396946093767 0.026886317584446373 0.0037103867604294603 -0.048473339310187866 -0.018838130034299433 0.008722559746565748 -0.0009737747225393712 -0.053488783177862924 0.0596883843753845 0.035981124985842855 -0.7683132213457644 -0.03208632676178678 0.19772135124130433 -0.007486830602082377 0.09765501048065243 0.01812690538843699 -0.0031955883898768665 -0.05680453684726512 -0.019063931594017588 0.3826474500641304 0.0037680230677923014 -0.04908074276699287 0.017884336014448037
-0.020605668430772144 -0.01729077651501053 0.38384032918812433 0.03769891545304761 -0.220386899748279 -0.028037530034897437 0.030283033741720925 0.0033725139893486136 -0.049151538689567696 -0.018843315335568104 0.010729126403309358 -0.0008336007954203168 -0.049728278402773135 0.059143194328312367 0.036865693196731684 -0.7640168020543432 -0.03585739019342669 0.20887502349707973 -0.006813184857529631 0.09895687487479615 0.018136012255859882 -0.005163053974124094 -0.05615382873475683 -0.019482106095267702 0.38060921743416715 0.003432183985316143 -0.04970632418050511 0.01763281853952805
-0.01986128793715867 -0.018106154953713465 0.38531304698758945 0.037049448423355655 -0.21188235632016753 -0.027645715819465084 0.027771024769707928 0.0036374959634626024 -0.0508006366068745 -0.018839689372119856 0.008889375465768002 -0.0003669431266846514 -0.04652967049613308 0.05686902123518887 0.03850159117576386 -0.7670779266269042 -0.035149005889758916 0.20069847034722854 -0.007339457203511812 0.10229927684643679 0.01813715832939142 -0.0035421586433851955 -0.05383537718146776 -0.020302507920815605 0.3821853864108994 0.0036935933278269073 -0.051399141889501725 0.016844507666121417
-0.021053818631234286 -0.016705483351968052 0.3855790054514124 0.03313050617230334 -0.21007822721153524 -0.031632852028372856 0.02716097062047903 0.003668259832603541 -0.0490893975344444 -0.019074236864717643 0.007685362332929442 -0.0006714232501298771 -0.05065066480704425 0.06047373191174653 0.03566563255561499 -0.7679214023294689 -0.031184809108358302 0.1987055941032955 -0.007418989341439441 0.09881945817032746 0.018379134150255147 -0.0022530634134318973 -0.057465715842313185 -0.018866172792429907 0.38276854856804265 0.0037421664411875655 -0.04963206669055729 0.01806239294071848
-0.02245388034533679 -0.005368654975279743 0.38925007466512507 0.014700837768560219 -0.19316538637059355 -0.03308117094889907 0.019035133585998208 0.003897234794892615 -0.04309987238303698 -0.019289220954162287 -0.016611961695066502 0.004405869873233 -0.07800528120708146 0.06454112056556241 0.013140666393815784 -0.7744389129913075 -0.013188868829891192 0.1808980284617277 -0.007836846294898496 0.08739044515590014 0.018637965079478132 0.020900495091746997 -0.061395907401072945 -0.007688436048589705 0.3856107542432417 0.0039341783457886486 -0.04419054779261136 0.019326722350258653
-0.020545680852976516 -0.02120533826161679 0.3928033533762185 0.02072277257318863 -0.17359609654287572 -0.017138603255510403 0.017401095791923542 0.0033850043169504347 -0.05180105692310709 -0.018871543374105317 -0.004974513908223193 0.0025009331802195154 -0.046794331883670236 0.05956801847853639 0.04478711348744449 -0.7796581922543624 -0.018934936106167664 0.16214743443871682 -0.0068310720147073435 0.10457875950348373 0.018187044553320927 0.009192125952238735 -0.05718874912971406 -0.023497083447742075 0.3872862442452252 0.0034392230104325935 -0.05267476727416463 0.018183934980110995
-0.023823969487175658 -0.00175670571707081 0.38510264181778797 0.008354212471851393 -0.21719556369819445 -0.021823763386983826 0.0234131265796207 0.003798666643864836 -0.04319911275786665 -0.02023378951809924 -0.0236575302728974 0.005109990436508188 -0.07459692207121588 0.06861834903803841 0.005999032966877032 -0.7663308969687982 -0.007119336373564632 0.20280027323485278 -0.00764190788888789 0.08749462071578178 0.019539049835165526 0.02786777640827505 -0.0654291141325053 -0.0041542445348581114 0.38166135282343866 0.0038374428264189783 -0.044198695547073584 0.02065269353307947
-0.023799281442196722 -0.0010838023450931466 0.3852719101936852 0.010586561299068197 -0.21710248672769977 -0.01966094737552 0.02248955344235016 0.003835109669816418 -0.04260325382454097 -0.020277785471901413 -0.02165557886455382 0.004753542833938414 -0.06993304798141271 0.06853709851189815 0.004675906500914896 -0.7669465641323996 -0.00926921490389056 0.20258541762914897 -0.007724486366431994 0.08626553245703712 0.019591513613734474 0.02590606141812632 -0.06534511972425061 -0.0035018579888775026 0.382108710898113 0.003882959491954454 -0.043563590699568576 0.020625516300556992
-0.02094714994177093 -0.017113751575695602 0.3858620409825299 0.03437275755821293 -0.21037050070377886 -0.03001743617937898 0.027332064296590266 0.0036483511949520807 -0.047691289702991725 -0.018880421946538925 0.009998965858313415 -0.0010313129730734885 -0.05085282528622628 0.06029596803210946 0.036586861659048675 -0.7680549185617189 -0.03247503353159089 0.19909080769954882 -0.007363194979991623 0.09611050154529036 0.018162722094104574 -0.004371483551470867 -0.05742789239376429 -0.01937989056632137 0.38261984390358683 0.003706452516994041 -0.048319069774417495 0.018096172601181605
-0.02622197240972229 -0.00370294355788474 0.3853999102353025 0.009789430754476096 -0.20501306225272536 -0.03450189867431576 0.022919936995067794 0.004246391595889929 -0.04490621844391923 -0.020165790708118497 -0.025140929401173625 0.005320692961808734 -0.08727563437723901 0.07513675558320271 0.009813226809230347 -0.767942859396444 -0.008562228322304214 0.191380198006736 -0.008522215094489258 0.0909974328504067 0.019509938068874882 0.02939356446986452 -0.07131308176220472 -0.006024067852760859 0.3829769764839487 0.004269922827553551 -0.04599578133127879 0.022415349288567366
-0.02142759356317118 -0.016760178823706503 0.38559052596547966 0.036340543548362116 -0.2100778985239403 -0.029776333204502237 0.027129474231212477 0.0037577836868897966 -0.04915115764273093 -0.01874674440290348 0.011553633399281884 -0.0006723965066234714 -0.05444961213716589 0.06167635181137977 0.03587121652608976 -0.7674718685453448 -0.03446949870951127 0.19825226486099906 -0.007573630970899351 0.09903472142125203 0.01804757107918811 -0.006062050805129942 -0.05875575764152751 -0.019016814975811744 0.382296205284993 0.0038074310051057275 -0.04978290438215911 0.01852336032639352
-0.02024384197406917 -0.017438407697260665 0.38562170826889136 0.03441760050257151 -0.2113652350231733 -0.027722735808160433 0.027611486814229272 0.003521615727149652 -0.04950902162500949 -0.018730217510293086 0.008432337076059669 -0.001168855545653972 -0.04897752196014536 0.05833686745303693 0.03717351523587387 -0.7677119298642987 -0.032467168816489075 0.1993149409531115 -0.007130615791322888 0.09971108377393482 0.0180375923868916 -0.003026438594111188 -0.055618748889708504 -0.019643161918808695 0.3825185444657815 0.0036004938973738677 -0.050102402405066616 0.017542351471667342
-0.02060161040190086 -0.016778668517624627 0.3852439551730047 0.034284352149006304 -0.21157496811622492 -0.029764001920132264 0.02771905380946397 0.0037997165414086253 -0.049074824070722146 -0.018700179764306248 0.00820836657781116 -0.0009585322659951116 -0.05280996800084157 0.05937672700740803 0.03584341988664603 -0.7673169955254013 -0.032475354622837314 0.20048398299898218 -0.007671678057411015 0.09886439354790565 0.018016219630813526 -0.002695575280110606 -0.05662241560393448 -0.018973622032785332 0.3824779338775015 0.0038633228736130775 -0.0496918729195006 0.01786382989053465
-0.020668208851609363 -0.015175496812081789 0.3861186612732027 0.034864935688684366 -0.2099952533392092 -0.031212238923113686 0.027377032655795833 0.0032166847047922736 -0.04792045455265794 -0.019182711897891152 0.01330037315980261 -0.0003928965858550495 -0.04858345274944181 0.05931914574093428 0.03262454046596421 -0.7682824223629191 -0.03291292161288429 0.19949107312292366 -0.006513742883660098 0.09661022061915735 0.01847018182701558 -0.0077901011737252545 -0.05631977623142854 -0.017356600589133554 0.38255609593516837 0.0032886118092761954 -0.04858893827844234 0.01768474869046186
-0.02056298798685194 -0.015695928726486206 0.38410418352215503 0.033598628801997064 -0.2184949366855115 -0.03315540227725263 0.029571775337191682 0.003543826801809654 -0.04985483644986723 -0.01890063703302586 0.00896192135960828 -0.0006262203155508598 -0.051868087519523466 0.05926689879889495 0.033700408057498625 -0.7647296822949156 -0.03167840908129131 0.20690452394318165 -0.007173332271496499 0.10038258421732789 0.01820751482351331 -0.003552916864205153 -0.05652236973147354 -0.01791216991362164 0.38103926470594407 0.0036209184544983893 -0.050428431578180145 0.01783491761025118
-0.022944652695045746 -0.0051701785077412805 0.38857801286546095 0.014737259422281246 -0.1962871511313345 -0.03461694147454048 0.019259430106179046 0.003901664582106959 -0.043221269180039906 -0.01939360399117259 -0.014222470058623541 0.004252084598178191 -0.07876597568461781 0.0659289756209516 0.012710506838706418 -0.7732921277019811 -0.013270284946504734 0.18352648025849536 -0.007842106181396033 0.08755939871429891 0.018752065516809843 0.01850266469660669 -0.0627013144764331 -0.0074568048132629666 0.3851450637008373 0.003935266612267586 -0.04423971902029789 0.019735097905541777
-0.019949219481380093 -0.017816587456860117 0.38510709945042204 0.03675085951783032 -0.21253561623536582 -0.027727338176665818 0.027990192971696297 0.003605344269883899 -0.05106775952294253 -0.01892488397281649 0.008525769130991973 -0.00022873990918622015 -0.0473276268545659 0.05709265482931061 0.037928276286829606 -0.766717187824649 -0.03486938666688561 0.20159496765784862 -0.007272819293835707 0.10283536088884294 0.018222289917377607 -0.0031340086921188533 -0.054018377798238724 -0.020018950616725737 0.38202662770184204 0.0036590754062096496 -0.05166886595531644 0.016891847312420757
-0.02037062439422315 -0.01749240860010165 0.3850839759398962 0.033297289881194646 -0.21404952635388663 -0.028038189460346287 0.028246141269928034 0.0034431155834202653 -0.04937024138729293 -0.018903778792088287 0.009318287284344957 -0.0002834456000187311 -0.05112703280205091 0.05839997717388378 0.03728706120400021 -0.766622641988828 -0.03143700231532777 0.20259620837681946 -0.006955852452200993 0.09941304697849147 0.01819161660105539 -0.003867032951067816 -0.05536924354585736 -0.01970366033474686 0.38195311623476846 0.0035043368548297064 -0.04994378975673747 0.017356620226575113
-0.020316244484784196 -0.021279439291983008 0.3933438127808831 0.02101239484816575 -0.1703197265321025 -0.013551148282835766 0.016698533331882228 0.0034857880405181523 -0.05255050036171147 -0.019045697749226834 -0.00628761485474954 0.00217468344393908 -0.04605936305540674 0.05889266160509601 0.044964020621796455 -0.7805484109296779 -0.01915723993201081 0.1584978032538223 -0.007033757735596601 0.10609908075290707 0.01834475483171888 0.01048416239475994 -0.05652779808767203 -0.023601652240505085 0.3876447342851396 0.0035412133477289195 -0.05344533668198897 0.01796854891356515
-0.020211219454009572 -0.017203908082241173 0.38484920680494716 0.03585345704156823 -0.214291450919078 -0.02931549973780511 0.0283719258144358 0.0035117536794371644 -0.050423293590143 -0.01890134097971642 0.010071387932713718 -0.00028817322621468573 -0.048751911230738514 0.05805881575567844 0.036694078455778954 -0.7661236350877942 -0.03398813246677944 0.20340547960796723 -0.007095126699885339 0.10153074929974322 0.018195101674547746 -0.0046392864198032 -0.055164980655448344 -0.019398191561630692 0.38169089773517983 0.003574986226453305 -0.05100822531799536 0.017333789807512934
-0.02046795188225485 -0.016154573925321717 0.3842521635421269 0.03620726387127199 -0.21530788202874504 -0.03204325100167677 0.02875042781595708 0.003520430548043741 -0.051550708037763134 -0.018605200258638845 0.009551009445564697 -0.0005612313143896468 -0.052863895243972614 0.05869894284920141 0.034700696586311475 -0.765149862667839 -0.03432342754494522 0.20476075153237996 -0.007103635886855603 0.10373839593546436 0.017931335760117864 -0.003980054749716981 -0.05567346254784477 -0.01845664201649386 0.38133556495615395 0.0035749353740504594 -0.05208876468362228 0.017459250415098007
-0.021980042066717737 -0.005035578750317854 0.38936952611384246 0.014858308202931303 -0.1955434548635604 -0.030508940529193992 0.019898608406528295 0.003929558428039164 -0.04227792697275576 -0.019254938603801005 -0.015682306164446786 0.003983299893354739 -0.07455237427616766 0.06306526506095335 0.012440555482054663 -0.7744697542301117 -0.013313048265891358 0.1825723045662369 -0.007902329347894482 0.08570173217181241 0.018604462686176854 0.019918345923186163 -0.05987034309758803 -0.00731974217717965 0.3855188853696757 0.0039673554202277785 -0.043325946012061724 0.018802960077608344
-0.02388693782123283 -0.0010062368940022138 0.38527898176571174 0.010064996253433196 -0.2169388667149766 -0.020035803664119674 0.022545998891791902 0.003812381392586822 -0.04309259482741877 -0.020391959195502716 -0.02184174196144992 0.004408973353233945 -0.07073939363444963 0.06879288639008087 0.00452855932100484 -0.7667555219682584 -0.008793297695079081 0.2026827569987278 -0.007675416262199369 0.08725573226860546 0.01970013467469329 0.026143530457213963 -0.0655860379576927 -0.0034327922024423377 0.38191624435912624 0.003856782594598611 -0.044065629921638656 0.020698194429793294
-0.02081938484293852 -0.020874749232221934 0.39265588353090386 0.01932740027866849 -0.1741349004309462 -0.018714095698702932 0.0175691565368501 0.003435927159086445 -0.05168758283525043 -0.01872229375997112 -0.003937707568985702 0.0027345291419264657 -0.04805345459773625 0.0604769715254387 0.04415803066585932 -0.7793977402267905 -0.017564354504166664 0.1630610510803139 -0.0069366405474175245 0.10433332888094692 0.018034748769018553 0.008233843501139574 -0.058186391753241286 -0.023199000648487112 0.3871662990607221 0.003493960087523998 -0.05254203144580753 0.01854659120043747
-0.02236885998537103 -0.003004661585382902 0.39165314305569326 0.014281516206936715 -0.1900848721265661 -0.008651372794928584 0.018191630592765826 0.00421690197637292 -0.04157872775955048 -0.01886774053740033 -0.018798977040026272 0.00327125947644613 -0.05825651273891103 0.06429668240057718 0.008226953164673437 -0.7779628588314762 -0.012593558561593903 0.17444546666769284 -0.008457732991316023 0.08410400631814481 0.01813974702862954 0.02294186275859568 -0.0611451758597066 -0.005138589192168769 0.3866845317645163 0.0042335866125239215 -0.04242360558575786 0.01923564092454416
-0.02309347922098413 -0.004081369671030869 0.38944149888444896 0.011051845607260162 -0.19486309293598847 -0.03363061011973566 0.020057122149257676 0.004084932047421788 -0.04171644018097389 -0.019048401844108432 -0.01779284395187362 0.004303780132714327 -0.07452807832381697 0.06647631432813596 0.0105774250051174 -0.7743554215527281 -0.009465629974293233 0.18192295459800367 -0.00821199003944378 0.0845106929529992 0.018381955354539844 0.021906468328461406 -0.06333933690228803 -0.0064122156767680355 0.3853399901360031 0.004121456020696973 -0.042695755931150194 0.019974779609277973
-0.020774840126730684 -0.016460508287221745 0.38504879472929926 0.03213528336704251 -0.21358081284597857 -0.03314176351575609 0.028205194113828484 0.003467001279756901 -0.049656787593334424 -0.018804274107736395 0.010618916955214075 -0.00127896222357434 -0.05044626303067241 0.05999293717377006 0.035291743884353494 -0.7667570731972041 -0.03024909769710772 0.20097389800842677 -0.0070240563135282544 0.09999481731509804 0.01811213083894754 -0.005202699574264474 -0.0573351740160531 -0.018737684674426745 0.382134936927117 0.003548433411645303 -0.05023880049920755 0.018133658772188574
-0.021177599736743977 -0.022755990145563974 0.39272664990389194 0.021567656799292702 -0.17352293631231808 -0.01010721987246993 0.017001486803632684 0.0036313818487183395 -0.0522932680378128 -0.01867140745395971 -0.004467990704240627 0.002689282151426026 -0.04305932935422613 0.061330444725085996 0.047901344819515065 -0.7794735564554874 -0.019709243683144133 0.16136390408507922 -0.007322691831297686 0.10559724683208516 0.01798270855821304 0.008688973959821693 -0.058815969773989576 -0.025058750704251145 0.3871820314532216 0.0036843573188596987 -0.05320172917282657 0.018680649001135134
-0.021254914522661962 -0.016630508659385562 0.38552449811907447 0.0369615021667476 -0.21089750637176236 -0.028656635974267528 0.027384906206589146 0.003777461612889012 -0.049385704557494595 -0.01868660074597964 0.01099991059753247 -0.0003990645029114764 -0.0554926877511982 0.06116744960261454 0.03563379327795025 -0.7671452365721513 -0.03504366659781335 0.1990061621827433 -0.00761051519827636 0.09950863831915256 0.017992051319932364 -0.005567366803603395 -0.05825319562646839 -0.018908944762072215 0.38203485298440926 0.0038246693788919583 -0.05002096302695471 0.018357100997819693
-0.020133980201092118 -0.0172818417618108 0.38567964815559075 0.03540384034409412 -0.21112580078871207 -0.026548086292562972 0.02762381045572116 0.0034704196755058724 -0.04944969771816703 -0.018860347014140872 0.007388125862575365 -0.0015255671990924158 -0.048945370976286304 0.057870750724442005 0.03688085074977923 -0.7678116414829825 -0.033495706434161145 0.19935069131089828 -0.007028393908468972 0.09959778585462183 0.018172892273880338 -0.002024526413286127 -0.05501882953226867 -0.019507605586087627 0.3825594124671291 0.0035494386641393384 -0.05004929683528183 0.017298755519099002
-0.02000769908400341 -0.01923688494479649 0.39213453394063524 0.021683486022628415 -0.17676150892203962 -0.017548361955482095 0.018047661410629304 0.0034454817683108167 -0.051780609965794824 -0.01896994011729624 -0.007170599702501629 0.0020905066287119117 -0.04950871157297406 0.05804549676575996 0.040861985582593595 -0.7788815199075604 -0.019765729879474704 0.1657821506391214 -0.006938650574289637 0.10446448310375243 0.018297476445820738 0.011585651923988855 -0.05574356894371273 -0.021540376161128392 0.3871553082784217 0.003486969931375589 -0.052584952283711746 0.01772294096129122
-0.019711919350608505 -0.017762103718938504 0.38516488530917325 0.036029747364614444 -0.21272717163387525 -0.028287165280527327 0.028034401193185995 0.003583402157745664 -0.05086254805099742 -0.018986460205153658 0.01023327661110527 0.00013731176847432808 -0.05035458942642143 0.05626746542588001 0.03777062517986835 -0.7666349377136357 -0.034140246730579436 0.20207900631310147 -0.00723796069909056 0.10241154561700956 0.018283244490306775 -0.0049119866103174365 -0.05307884826313159 -0.019917107721407812 0.38188519769467005 0.003646229745786037 -0.051447239396053855 0.01654024144885153
-0.02135180826321602 -0.01703805524945823 0.38763661962402246 0.036858543633478576 -0.19988498815482972 -0.02580338904877442 0.024251470721653377 0.00377512560218801 -0.0483012208025622 -0.018561331714540122 0.005780790780148771 -0.0012905648511802028 -0.04918876979216317 0.0615778360747659 0.036425610080905425 -0.7716314080491903 -0.034806537787917036 0.18797999677023183 -0.007621400975034785 0.09730085129032974 0.01785843238314547 -0.000372771646363096 -0.058776574479831124 -0.019293833116414517 0.3844146575294632 0.003837645040206579 -0.04890236326165797 0.018567378708396795
-0.023676267416354545 -0.006384622397693593 0.38808321407227653 0.01336654403334359 -0.1980762923736181 -0.03884854387350757 0.020232963156732217 0.004029311971811176 -0.042677584438493614 -0.019372938172726967 -0.01656007951763549 0.003808479662886933 -0.07668266391327087 0.06805900070795512 0.015155282716086932 -0.7723809688557991 -0.011846303668900866 0.1858657173709368 -0.008095902474164359 0.08650886803461337 0.018706839705738346 0.020789475399673542 -0.06476211677903818 -0.008685248213629586 0.38472093954159303 0.004061560760002298 -0.04373169632124757 0.020397559618093686
-0.021590694957233474 -0.01601723084617064 0.3847153094675463 0.03542757632772733 -0.21493372485373724 -0.025212035479296745 0.028699527723332983 0.003440259346090447 -0.050136456606377694 -0.018849845260018774 0.009057708066127598 -0.000339302355026739 -0.05414276418424823 0.06214647006116846 0.03432396529526931 -0.7656792607414348 -0.03358239377661354 0.2030863032902276 -0.00695969112564955 0.10090659967312397 0.018149914167130892 -0.0035729892752760194 -0.05920539152356539 -0.018216911156321534 0.381380640694982 0.003510480436724567 -0.050669159917585464 0.018666219873313242
-0.02055690329301005 -0.017552708854688178 0.38324270085015777 0.0385646160008583 -0.22339578553600528 -0.02998112605233802 0.03126791988200391 0.00332337559972256 -0.04919174658478094 -0.018855430566020234 0.011177275938440251 -0.0009161329592031555 -0.050200178753213164 0.05894562285366986 0.0373750480795243 -0.7626555769319141 -0.036724685376415676 0.21220330902329151 -0.006716234922946477 0.09901259688816726 0.018143342837428925 -0.005606139852760889 -0.05590676428319756 -0.01973024134731034 0.3798465931285752 0.003384346857195875 -0.04972216002314049 0.0175346466955319
-0.0202703638575556 -0.017577741488510247 0.3848696278513233 0.03532013294073992 -0.2141994257469616 -0.03137549776542102 0.028379124104623465 0.003498418606934839 -0.05021621183039759 -0.01867903475626159 0.01128320289598815 -0.000324562807184501 -0.05018730892862333 0.058345595952832216 0.03746973186781793 -0.7660806143939151 -0.03349022966272942 0.20309871981958796 -0.007071938323081084 0.10111790169117219 0.01797588545541673 -0.005849131658622075 -0.05555852423807362 -0.019798419538272 0.3816262908246039 0.0035650473175257258 -0.05080290512440945 0.01749971520119913
-0.023884147582110396 -0.001078172389884472 0.3843252978022351 0.008854940855092159 -0.2219693399239791 -0.02230431206702432 0.024028431785816227 0.003938804842377925 -0.04210089985704504 -0.020125968480883216 -0.0217220986326263 0.004118260683565107 -0.07264747529031865 0.06878946230988427 0.004662943497028132 -0.7650441745105602 -0.007631990865279488 0.20725818623635509 -0.007928427702564939 0.08531445476757706 0.019434487033019605 0.025977652611226157 -0.06558360819229166 -0.0034961039944767605 0.3811404102169463 0.003983509842360379 -0.04311793695246698 0.02069628800126874
-0.019961795453750347 -0.015584410699967239 0.3848566210300498 0.03416191974257813 -0.2161174413067173 -0.030356955785279346 0.02893311919067574 0.0036439891105710365 -0.04930891198741752 -0.018777554020161027 0.009762881066126012 -0.0007979820849197176 -0.049196623951241185 0.05747684154098966 0.03346793878930473 -0.7661277783670761 -0.0322688985502792 0.20450402135165935 -0.007370545611750093 0.09928206501592343 0.01808440114293118 -0.004317124095202459 -0.05474326849922845 -0.017790932538401357 0.38169435516515043 0.0037180352994267835 -0.04987347536234075 0.017244982758540143
-0.020348941464275048 -0.02193823609247655 0.3930285067207804 0.020959500785150863 -0.17173050515957675 -0.014818878693906115 0.016927214689676888 0.003482858401446207 -0.05249928359456143 -0.01897044523545575 -0.0065643477819748676 0.002491619211631939 -0.04810317985025928 0.059000491037680944 0.0462727535153941 -0.7799566169626131 -0.01909643664523513 0.16004899600560088 -0.007029148093550591 0.1059948349745069 0.018265872657087005 0.010746600760171515 -0.056646820376470466 -0.024252969713442395 0.38736531339297164 0.0035395878932786688 -0.05339244804232753 0.018012365407806583
-0.023609511229050008 -0.0006353056957207 0.3854270555638074 0.009839797950780339 -0.21655552758292573 -0.020461505155413378 0.02269276951429994 0.0037875003977736 -0.04352699211285051 -0.02033366675160754 -0.022445765085049963 0.004369971514171568 -0.06894869443664992 0.06796072793184159 0.003795212858114865 -0.7669519405964209 -0.008571248856735025 0.2025080528205699 -0.007627741624113998 0.08810521463141519 0.019642435089549697 0.02670252262781912 -0.06475656376141134 -0.0030701250809708706 0.3819660985686569 0.00383395384430496 -0.044480945672233686 0.0204232854818194
-0.02025134865010938 -0.015829849524926876 0.3842415796655298 0.033441436343113654 -0.21848610072687108 -0.03173682419962769 0.029719904503066993 0.003651876011968613 -0.04960575209363874 -0.018985982944456636 0.008565957140286767 -0.0008887802064476209 -0.04955064254071754 0.05834210584875463 0.03398510238787761 -0.7649934833690747 -0.03154895477255279 0.20708301657181707 -0.0073907600587400195 0.09993536301416488 0.01830470110343523 -0.003130410736547233 -0.05561193940908057 -0.01806169944889868 0.38116417642347683 0.0037303433136043665 -0.050230495673884136 0.01753807488215692
-0.020653934394855456 -0.017211409036969424 0.3853601834458022 0.03428655387855994 -0.21247192899774303 -0.026921957341527747 0.02789030635797774 0.0035481534251316726 -0.04968759461475104 -0.018567129984255852 0.007195317674966604 -0.0010808977718874653 -0.04910685021697537 0.05958021982329766 0.036731580234682516 -0.7672375870729194 -0.032271607945871056 0.2001331806804596 -0.007185792368387347 0.1000430205135727 0.017867874796896256 -0.0018118746198619534 -0.05687506506292695 -0.019428886912807843 0.38230582295785254 0.0036292011583136568 -0.05025509805748274 0.017965299535588643
-0.020213265607763674 -0.016288902896921642 0.3859551257792744 0.034353233854597966 -0.20981572275198138 -0.031689110054959294 0.02710617593741255 0.003633483095753339 -0.0490973041377842 -0.018850136230124277 0.007185780431325991 -0.0012745130125340304 -0.053001312362315325 0.058085207271739124 0.034888961319253835 -0.7681220338617017 -0.03237767282883135 0.19856596113691677 -0.0073357529110802825 0.09887680441143687 0.01813775952211113 -0.0016555852030755965 -0.05520859525321378 -0.018508274592040873 0.3825791237317446 0.0036936795275427678 -0.04967821466972734 0.017353294986117544
-0.02064236827904908 -0.015731801686230413 0.38345859444199254 0.03964121625351494 -0.22099967950877525 -0.027836386760499127 0.03053439414587897 0.003304175562373122 -0.05008628767556294 -0.01875149297330452 0.01272723938436778 -0.00031941176047962103 -0.05099725383961395 0.05902394515020003 0.03379698204035618 -0.7635252348946877 -0.037802493317557334 0.20937058181453305 -0.0066798917244021835 0.10079153041586336 0.018038542409684315 -0.007144851313811798 -0.05579947433705647 -0.017971479498768685 0.38049654022751633 0.003367303895454314 -0.05060681594620926 0.017434636226232578
-0.020359886377435306 -0.016067106944756496 0.38517730455282556 0.03730577316612446 -0.2104982108520774 -0.03011697802518756 0.02732087967040815 0.0035581891854470585 -0.051432852192258516 -0.018306512952061014 0.008855050674821383 -0.0010951192703136658 -0.050902861787975914 0.05831965351356822 0.03452680279194013 -0.767174642894193 -0.035397175468369325 0.19951696237776595 -0.0071804302805358 0.10348620934109193 0.01762700592322836 -0.003281271213034797 -0.05524277203419209 -0.018369265245111625 0.3824313385326154 0.0036140530637510148 -0.05195540182676712 0.0172995370364926
-0.022719317124174916 -0.005613582584894247 0.38831928027046925 0.015046274630953689 -0.20010720077359945 -0.03368866800342425 0.020537763399342237 0.0038754736805519125 -0.042443871095752116 -0.01936172933765732 -0.015457445756035337 0.004072844955340138 -0.07500602123572325 0.06526566732135 0.01355257151842327 -0.7724477695370779 -0.013522957794984131 0.18754138135718454 -0.007795235836776598 0.08604209624643205 0.01871274772118456 0.01972292695099149 -0.06205573517084192 -0.0078558113666445 0.3845563038657401 0.003914299046622347 -0.0434992185268665 0.01952738919840007
-0.020305310044344407 -0.015505826922435066 0.3858739971560228 0.03400984510529137 -0.21146402659983876 -0.031136622710723028 0.02780667037687196 0.0032334633816340874 -0.04788522477347686 -0.019253764644173624 0.014795118963381497 -0.00011926315309680432 -0.04538690856388942 0.05821313993994811 0.033272820402364685 -0.7679811280463942 -0.032018958634026144 0.2010748674096155 -0.006545609047116988 0.09655586181803118 0.018546884220048153 -0.009258849399954009 -0.05520001788931473 -0.017674122032577025 0.38250165492729654 0.0033037481327035526 -0.04856836399881163 0.017308198611574118
-0.020435342732866863 -0.017067092056177263 0.38681245244611334 0.03387103416688007 -0.20513327849442609 -0.02565518654335039 0.02587082142014202 0.003691799812619732 -0.047229819926630286 -0.01891009923442374 0.010353671670443184 0.0003291920858789272 -0.05341656325288039 0.058765948294785916 0.03651406195071101 -0.7702514731175795 -0.031962225620442555 0.19369303634725551 -0.007450452170634969 0.0951977090811725 0.018181030261215255 -0.004711222368003792 -0.05590859222983508 -0.019353716421548754 0.38386397788667986 0.003750452254065058 -0.047867594320133496 0.017595017489797905
-0.021593741278464088 -0.004620084709599149 0.3886306625297544 0.012551038723489347 -0.19798582112710403 -0.035256582493204444 0.01999887808041876 0.003813132641657684 -0.04265768806762444 -0.01940241404587455 -0.01434153662200245 0.004087118322953163 -0.07903199459859006 0.06183464611957944 0.011609304551538305 -0.7734485474998667 -0.011010751501718536 0.18471138824256542 -0.007669709559093399 0.08645322978866718 0.01875459089537609 0.01864895128815545 -0.05856176994580525 -0.0069065963803073855 0.38524008503754203 0.0038512443149734013 -0.04369567580189923 0.01833913560426983
-0.019240015101634374 -0.018431343761456324 0.3847488028932138 0.034278476467071675 -0.21545312692345656 -0.02889015123419353 0.028931535672878126 0.003741077902358512 -0.050729703042712 -0.018624594209718067 0.00947936451542341 0.00022416228708366356 -0.052128168540359045 0.055131568118900534 0.039178016400874774 -0.7657777744101922 -0.03250822135451877 0.20445935381436303 -0.007547180893076992 0.10214172485611824 0.017911605169585443 -0.0040527496210201585 -0.05222446691877379 -0.02065318041752766 0.38144984586532804 0.003797710449456382 -0.05131153400228655 0.016349575661204454
-0.020173744778725182 -0.016110427460287933 0.3859289910499437 0.03507649029801187 -0.21051374558055974 -0.028648392273281226 0.027420003581634562 0.0037432493225377957 -0.049649441133190725 -0.0189125517667316 0.007102759025857883 -0.0010294567754765517 -0.04967041838786351 0.05782504075658648 0.03459474860914896 -0.7679527661404192 -0.03310451547339475 0.1992148729446428 -0.007558721314214715 0.10005732486939005 0.018194575341174527 -0.0017268416773475162 -0.054815404251513135 -0.018393679001021027 0.3824359571361834 0.0038069751584464515 -0.050307089153955806 0.017180880168478362
-0.02107247590174281 -0.01528015432794316 0.3858360402460356 0.03696074053396173 -0.20779337038534992 -0.03374770820306483 0.026794346271408233 0.0035797465232810456 -0.051677225202016494 -0.019341686219646125 0.009129920356569631 -0.0013048261014124143 -0.04940151865067062 0.060748288778278245 0.03284102988238051 -0.7678352880468339 -0.03507925685146478 0.19662522934453125 -0.00723555994474198 0.10406600145075168 0.018621798739992246 -0.0037953223451727422 -0.057949551591684446 -0.017467212267495112 0.3824246028664239 0.003647965258844155 -0.052288551886310965 0.018290083364879663
-0.02039273623134832 -0.017156571990255137 0.3845927804261493 0.03538854766025369 -0.21611394265578918 -0.028076940701721547 0.02900459380084799 0.0035958573038386114 -0.0498479867000667 -0.01879661558784579 0.009151247090022295 -0.00042135020533562293 -0.05213489955124735 0.05868437023669566 0.03657262542100823 -0.7655152629676835 -0.03354276816917067 0.20486801033726132 -0.007260987549921668 0.10038452497722995 0.018087584976956422 -0.0036378275103960403 -0.05587067417977505 -0.01932363660609085 0.3813333357238935 0.0036568346863656304 -0.050435473072827496 0.017595563300339363
-0.02191320809247269 -0.004892473157853897 0.38966848570716967 0.015427923777020095 -0.19416562618614197 -0.031020619601621092 0.019666604506336116 0.0038827734255604536 -0.04238043360893986 -0.019070681915077062 -0.01614250665592696 0.0039201903736013404 -0.07252306602378558 0.06284936494545536 0.012131094482935645 -0.7750144919328156 -0.013876020153685265 0.1812365210121874 -0.007806173603125046 0.08591035554846786 0.01841621139976062 0.020387479276560563 -0.059636709426488806 -0.007153954559863536 0.38576750563431683 0.003917922824019302 -0.04343192512797345 0.018718480942882074
-0.01858034507682237 -0.014208003752333593 0.3822051545276131 0.04111874817146753 -0.2252702341056744 -0.022078509896444255 0.03105226066008725 0.0036402680093771626 -0.05246158142516481 -0.018335821427762418 0.003343290959770688 0.00043495520631713015 -0.04884059013359128 0.053052566500549216 0.030763706961943256 -0.7618133423289964 -0.039415899282034886 0.2156933723091458 -0.007322393718839944 0.10555550399807923 0.017691071250344793 0.002220950282995032 -0.05003882885576956 -0.01646443068152123 0.3800439375602636 0.0036738362795266065 -0.05299607286021081 0.015582998257094846
-0.021403533901654056 -0.01601470412432172 0.3838470072181455 0.03822784684626398 -0.2165137938237406 -0.029408248345842724 0.029108969393671486 0.0036314587840350406 -0.05077217006645256 -0.01875053568478381 0.005925195689606506 -0.00011823361808944103 -0.054100824576409856 0.06129213151204568 0.03443069565854399 -0.7646224960458862 -0.0361710080342759 0.2055867630458479 -0.0073295329892592775 0.10220806664498752 0.018071395571194075 -0.0004586554677346698 -0.05805540470008868 -0.018325906700645815 0.3811995576026838 0.0036899983881957623 -0.051340691859127374 0.01818380129472615
-0.022698629893975423 -0.0005526574210122558 0.38300158171373 0.009220964147768844 -0.22752970205208722 -0.023959427249824843 0.02554536191485789 0.0035325510045151947 -0.042288885423288604 -0.020799727213639384 -0.020916831405588237 0.006176575212803405 -0.08123792462343102 0.0650971302732568 0.0035491131813173305 -0.7627443849402223 -0.008038821127648858 0.21280272478014767 -0.0071134678577766865 0.08566529208596411 0.02011038818616438 0.025078833287051964 -0.06177224110241428 -0.0029086481523857596 0.38015337880772115 0.0035746470160920906 -0.04327925976946341 0.019391170907206153
-0.021275988629746376 -0.016226000135187626 0.3855231841340878 0.0374021844877036 -0.21068559714971602 -0.029841849942181125 0.027259613323426385 0.0038275971963275847 -0.04897957267098474 -0.018690078131342908 0.012080008825482954 -0.00046721396575053327 -0.055157607015155784 0.06121817193875217 0.03480675052712592 -0.7673422901794819 -0.03549789498484402 0.19856514969891575 -0.007713029086497779 0.09869089923315832 0.017983271743615983 -0.006574541014661194 -0.058299139758479536 -0.018485646526553424 0.3822323331261438 0.003877123082493423 -0.04961069335188686 0.018373160913419166
-0.02012505139346969 -0.01607008054357794 0.3854076189381903 0.033270547365536016 -0.21241467531064726 -0.030670308539358128 0.027847832605538525 0.003618788007719534 -0.04924650766190326 -0.01881116919640683 0.009715436175145357 -0.001031437624135135 -0.05159067527471868 0.05786490510550039 0.0344552641953628 -0.7673309388903659 -0.03138413772950053 0.2010112003834073 -0.007316217011851666 0.0991750128490936 0.018126805524545334 -0.004204463765221502 -0.05503148523072393 -0.01829376550776101 0.3823450567245452 0.0036890019219288513 -0.049830870592306696 0.01730816112014934
-0.020096308312193646 -0.0161091265762593 0.3861650205607365 0.03411644459325267 -0.20865715280215935 -0.030890340257156416 0.026646410252183166 0.003524703532117024 -0.04944130007129909 -0.01873918143350708 0.006730355252840874 -0.0012477403722768803 -0.052639377286517394 0.0577664301682334 0.034536069677321216 -0.7686117071682963 -0.032138122675582005 0.19714506114470579 -0.0071200426489210844 0.09954891405906056 0.018028863306648834 -0.001221868019357163 -0.054921525498220415 -0.018336032122606614 0.38285388490639266 0.003586765600112547 -0.05000809629819683 0.017268052352646186
-0.020076695560256347 -0.021147371235866148 0.3929776341525713 0.02271623363167554 -0.1723505707330726 -0.014889637332368998 0.016978906440946042 0.003589293256245849 -0.052645919481362345 -0.01893934143948542 -0.00698470855360955 0.002494254421132788 -0.04769447095889861 0.05822416406868578 0.04467187074249605 -0.7798429552973762 -0.020829543564064332 0.16081369714956348 -0.007244524927993214 0.10628277844674137 0.018227497466751227 0.011182965756082339 -0.05591217000142516 -0.02344377455644404 0.387300949559472 0.0036483503968163457 -0.05353424661715159 0.017781836913784328
-0.02026244744225544 -0.016683577704781634 0.385045627534005 0.036115293756583886 -0.21388769702849234 -0.03261341313009774 0.028244170694074658 0.003270278597262598 -0.048863260379192586 -0.01880542545520598 0.009413465536061304 -0.0009885841729788333 -0.049650224356445775 0.05813930297642044 0.03569577660096365 -0.7666184380595491 -0.03417828940588806 0.20287475032633331 -0.006612053321788876 0.09837086783457465 0.018106712381127685 -0.003969616160029637 -0.055172568314595036 -0.018917685935447917 0.3820055469748406 0.003333801544716031 -0.049406482491682654 0.017312324313346037
-0.024781298018068575 -0.001273300752035465 0.38503048071367074 0.008538441607214543 -0.21622152919032706 -0.025101360347064287 0.02319629907865578 0.0038414825413870743 -0.04242485268810052 -0.020470502517834912 -0.021616409082271453 0.004925030217174821 -0.07323411557235823 0.07139514960192714 0.0050400034543002 -0.7665881300805661 -0.007302756522161683 0.20198633973238847 -0.007730656473063574 0.0859116463622452 0.019754076054726045 0.025793689033615185 -0.06811043578936606 -0.003680072136658946 0.38198601090370843 0.0038834830064827567 -0.043390758720399235 0.021514789477092608
-0.020330569810996395 -0.01764315911619393 0.3859126613309331 0.033627731551302095 -0.20963869974355379 -0.02780253135334535 0.027134157550713193 0.003550281401709504 -0.049285381365279234 -0.018777187680355228 0.009332975664308352 -0.0011395565951184087 -0.04925377054236257 0.05858023396844764 0.03758167462513575 -0.7683562266247269 -0.03170655265051504 0.19766777800362098 -0.007188649483769954 0.09924694160239085 0.01807804022240315 -0.003895801836195075 -0.05584676042940686 -0.01984660853865394 0.38287156835698016 0.003629800382332839 -0.049861575224151466 0.01761372231274026
-0.02049876934295564 -0.02248927037001522 0.3923256570912828 0.01970179803286417 -0.1756169682219589 -0.019073812377925107 0.017760470145568946 0.0033675227617052605 -0.0507628943503666 -0.018540657177215484 -0.005589668074137742 0.0025364393359223244 -0.052671586783451095 0.059455025009213264 0.04734718152628695 -0.7790011995839933 -0.01798832097589888 0.16385251001988038 -0.006796129699419193 0.10251579008488397 0.017849552292779045 0.009828001603466313 -0.05710074235330377 -0.024773517016357813 0.38711348535062784 0.003421979710154063 -0.05164977500673476 0.018161599722835667
-0.02085569118585747 -0.016208813921151657 0.3878932205199639 0.03666374657589724 -0.19974287859688122 -0.024169764566022718 0.024158459864207876 0.0036753808234333404 -0.04838170222442571 -0.018291388025768022 0.004829228021226023 -0.0007603551070382593 -0.04969801400781782 0.06001531346204732 0.034742044059896025 -0.7719896375868895 -0.03465800792418653 0.18761941921767772 -0.007419918301292739 0.09748109056671495 0.017597806323413373 0.000530586965576008 -0.05714283339096383 -0.01843838321447154 0.38452350706021815 0.0037360577036698378 -0.04900029755008517 0.017999893056754104
-0.02235528289792851 -0.005160947854879594 0.39007564373528797 0.012122168728980458 -0.1901087478016205 -0.03208335887284192 0.01903740637485786 0.004004346595764203 -0.04225997054449655 -0.01928234106435967 -0.015959183837012888 0.004660260933597656 -0.07481959751507948 0.06416067897244548 0.0127302819852081 -0.775994626201439 -0.010600574783118199 0.17773865704187564 -0.008048548343241561 0.08563868314494642 0.01861863478244741 0.020246303951977598 -0.06093334452586379 -0.007482768238231352 0.38633719120185717 0.004038626215124887 -0.0432803981268572 0.019146238004038557
-0.02355556735442412 -0.005497016006593413 0.38849935761419724 0.013174689542333754 -0.19613568128552958 -0.03943849765480469 0.01984900006935486 0.0040619454057318535 -0.04248984188639514 -0.019469137542396875 -0.01564071729431035 0.004010534816950989 -0.07664869051793541 0.0676629664315471 0.013373822555451427 -0.7731303076511816 -0.011657287738996422 0.18418818477296012 -0.008160610367764057 0.08610162692521246 0.01880095300120581 0.019840495880003882 -0.06433181560150392 -0.007791095667558925 0.38504443257646037 0.004093557428279425 -0.04351230456761903 0.02024272356147141
-0.02118094764380734 -0.01634430805094574 0.383978685394554 0.037675185562344594 -0.21669556307768456 -0.028997010223805082 0.02910921179086686 0.003581286413963569 -0.050552436058612586 -0.018727515570541926 0.0063903516806247205 -6.085195376761128e-06 -0.0528173504599198 0.06065564648901399 0.03508751839280555 -0.7647303008246992 -0.03565159390143638 0.20592871002249868 -0.00723174255387286 0.10177105416927615 0.018051417913320558 -0.0009124608924602277 -0.057449496890833486 -0.0186519954192915 0.3811755587410745 0.003642301390690741 -0.051123777149879174 0.017991836959807633
-0.021968032874009166 -0.006102521804745913 0.38906506345501707 0.012900293448463196 -0.19670689017238494 -0.027765043205895075 0.02007825086340871 0.0036846197718165274 -0.04242315265306913 -0.019344851513708877 -0.016036572076199414 0.005024989470100585 -0.07684444480961475 0.0632062339731492 0.01464752612595318 -0.7740042739851981 -0.011309952343494889 0.18331598864244925 -0.0074038969621582195 0.08594349914476175 0.018690694476191143 0.020397400090573305 -0.06018734375527461 -0.008458446680270494 0.38537677989405444 0.0037138138952455125 -0.04341943645871774 0.018967104957271726
-0.021018797894780585 -0.015235802213350825 0.38602406902070974 0.03303170792789023 -0.20793102680083728 -0.027898435146928875 0.026194564431119102 0.0035209137668985556 -0.04903604805811263 -0.019065515713647296 0.008764411931370683 -0.0010967117623722539 -0.052458915886238106 0.06038905546993163 0.03272530092180134 -0.768998485306932 -0.031117472492130836 0.19581703481875462 -0.007115731971384677 0.09872894611671756 0.018375523027948287 -0.0031575168363466785 -0.05740339570387835 -0.017399171174504 0.38337910843662193 0.0035861219176057083 -0.049592514150610605 0.018050072526272855
-0.019609338374247415 -0.017397081530367457 0.3852702046733009 0.03609135633842783 -0.2120977524775426 -0.03028945030956673 0.027805940053181474 0.003587635340386346 -0.05139490075062881 -0.018984583081893783 0.010742206100066863 -0.00019060093938518167 -0.04807020173281726 0.055978277083856096 0.037042237383364034 -0.7668264138727022 -0.03418670315449906 0.20142905530893215 -0.007246849765061022 0.10349116918863509 0.0182824958615912 -0.005407966617306175 -0.05281153237397536 -0.01955409818333653 0.38197359061676905 0.0036508646607781668 -0.05199385517812551 0.016459530497894545
-0.022483245941964387 -0.005548751931243633 0.38820748623035983 0.01475730841831123 -0.2003810014934566 -0.033973835592178425 0.020783863402159052 0.003910321103235417 -0.04241015018871956 -0.019426308347822677 -0.015729768464018613 0.004240931675446083 -0.07658927474349522 0.06455828937336672 0.013405928396321916 -0.7723217184606942 -0.01321971978903012 0.18789822255068875 -0.007863177986940896 0.08595675853836014 0.01877772205268306 0.01997832367616866 -0.06134975408190444 -0.007774477005454763 0.38453714032792735 0.003947474575971896 -0.043448030024802874 0.019292604530020817
-0.020331644239020924 -0.016679470475579557 0.3854291871402274 0.035393628318833255 -0.20891928085548514 -0.0313939691028249 0.027071779227975688 0.0033966044673920553 -0.052127559585121004 -0.018629674040380805 0.009306283886528646 -0.0004413305783729149 -0.05419145585994278 0.058418723100557325 0.0357602261154847 -0.767329013352157 -0.03350492863987313 0.198322955216101 -0.006851546867940565 0.10487772104451992 0.017954669886197684 -0.0037953539096154953 -0.05551596495861822 -0.018990781364823822 0.38233613353357354 0.0034472078829999395 -0.052650814053722246 0.017445802846588695
-0.018473222882419524 -0.014206799487347248 0.38245752875681865 0.04105593178597295 -0.22380020315883517 -0.01905314835275566 0.030292985700435024 0.00376583644884991 -0.052273990950600306 -0.01861280302193382 0.004169837113973329 0.000471266608388476 -0.045652137223637645 0.05273285317430673 0.03083264683409464 -0.7625447522085582 -0.039371659448649426 0.21477971349470587 -0.0075697021678576 0.10524065870633585 0.017961448794462802 0.0014379454888831232 -0.049719510907284985 -0.016534947017262908 0.38052179810607784 0.003795916517476321 -0.052870500054238746 0.015476258698063928
-0.01960534255178253 -0.0014886396143959013 0.38751120094596697 0.015254110107837518 -0.2080815565010381 -0.02056364646402751 0.021166735973820575 0.00471074642504767 -0.045955378005024826 -0.020012361377655347 -0.01942101192896203 0.0033540192403673603 -0.0681103749842708 0.05559010926984275 0.005195691217247437 -0.7711892879373137 -0.013599135338004423 0.19260910100919337 -0.009456671360336016 0.09285101974462609 0.019355945724521987 0.0235478860832306 -0.05201573827747949 -0.0036224814804900383 0.3840858630635804 0.004739732203875249 -0.04680717154004637 0.01604926455282212
-0.020153487001342126 -0.02098417070902876 0.3933035062176871 0.021583265012286523 -0.17030178606101198 -0.013977407882046235 0.0165899312564485 0.0034565639571935737 -0.05291659105975122 -0.01901749985165541 -0.005695817727045213 0.00195188423829139 -0.04316666509541854 0.05845828400906973 0.044391734185996096 -0.7806218803202298 -0.01973632171704894 0.15853236356614298 -0.006975978523366279 0.10682582973933046 0.018322164660543996 0.009857870277572019 -0.056150529069032284 -0.023324599674973332 0.38775782223893723 0.0035126776165642646 -0.05380533393810354 0.017862824944536185
-0.02081982499174802 -0.0151856334492171 0.3842761758600965 0.036148320705958366 -0.2149657453934155 -0.033483985443938796 0.028563281446687322 0.003526561836353229 -0.05124685270437436 -0.018737375310422306 0.010153708790844625 -0.001040090944859316 -0.053064402447088786 0.05981266164990948 0.03275809165262541 -0.7652568273596846 -0.03429015946247966 0.2044790825048133 -0.007112534797163062 0.10309904079020048 0.01805095334497344 -0.004486858318816037 -0.05683842666211668 -0.017482947604791035 0.3814121291968683 0.0035779654241605424 -0.05175408020142078 0.017862456832507458
-0.021969127823096343 -0.0049210453173405425 0.3892796370019887 0.01537764011930166 -0.19637023896364536 -0.030644439221381724 0.02013496045548393 0.003922009602805613 -0.04286628208076106 -0.01912891812366083 -0.015815971845184643 0.0039228920242620115 -0.07123035874457632 0.06303569520487257 0.012193535813566164 -0.7742297717080431 -0.01382621856351358 0.18360604963297691 -0.007885292579920142 0.08690209583266448 0.018477635840848897 0.020044922064657567 -0.059843778391455785 -0.007187901853709959 0.3853676737476477 0.003957796355414196 -0.04393636031339586 0.018795058367096436
-0.022267209919526652 -0.002915054243205146 0.39141813797989017 0.014209048926499069 -0.19139112200579042 -0.010096733149197294 0.018440315181126165 0.004173080488655167 -0.04181463349191306 -0.01904288614735334 -0.019215505049413488 0.003189208737354212 -0.0594676255774866 0.06397685339296545 0.008016496967595644 -0.7774860490023487 -0.012531158616918224 0.1754924458604084 -0.008368523526664668 0.08456440581246163 0.01831675077592722 0.023354810044615835 -0.060811313491042414 -0.00501868129179269 0.3864516492940898 0.004188125699579405 -0.042649193741308024 0.01911987541557209
-0.019952148648230077 -0.014893829242675478 0.38534728120673534 0.03611678614312455 -0.21412568467816903 -0.027687322045176647 0.028032433162816745 0.0034119196174150247 -0.049246654066498925 -0.019020091688427433 0.009474042541506468 -0.0021913460786400782 -0.050897967074688195 0.05741292020465802 0.0321490927923078 -0.7669239591058602 -0.034333077511520815 0.20198522519579937 -0.00688163227334297 0.0991473363400742 0.018308753888488787 -0.003978990278293631 -0.054645679039553884 -0.017165817008232366 0.3819958798707382 0.0034617387611369254 -0.04979978988640731 0.01720172225932219
-0.023790983249521613 -0.0014424761317102096 0.3851619107926101 0.010201619673857926 -0.21670483369431137 -0.023264340359559092 0.023548120082727768 0.003779985291388444 -0.04358706866740826 -0.020250102920691654 -0.021372752785303043 0.004469092018491862 -0.07346303886516777 0.06850269782893874 0.00544606805997596 -0.7665760257169295 -0.008971965037664422 0.2022016347555551 -0.007607258288713629 0.08825033155320988 0.019551820621993427 0.025603372847155866 -0.06529785295288683 -0.0039150907468287945 0.3818485567887951 0.0038213336967697145 -0.044566465050447195 0.020604093388419762
-0.019904828544788585 -0.016303942518325662 0.3846216583969329 0.03728758154197158 -0.21353057294004688 -0.030786512547974397 0.028017294818118828 0.0036181648172943404 -0.051474788084968595 -0.018178993589597327 0.011492160037041154 -0.0006047032889847395 -0.052205334784604006 0.056943854359959564 0.03500151018855106 -0.7661012412428104 -0.035337946489956126 0.20244734100504874 -0.007300601154481915 0.1035421554575991 0.017516960867320474 -0.005940466840482793 -0.0538622600259019 -0.018608599861197117 0.381916600279557 0.003674330740331638 -0.05197065122936383 0.01683954871148987
-0.02045260586077332 -0.016087006387823687 0.3855943342026911 0.036796105073739385 -0.2085276598016813 -0.02917033702587107 0.026820264775923666 0.003569579382007997 -0.050924175136078574 -0.018308476164035366 0.008391100369037587 -0.0007102311266474168 -0.051380825754176934 0.05853499090766069 0.03456037140582089 -0.7680205888364079 -0.03487195094087749 0.19765858077788215 -0.007202739496191463 0.1024637495975537 0.017628374515000194 -0.002832022846095138 -0.05539791188687003 -0.01838354115785291 0.3828607482269216 0.0036248191317546914 -0.05144127451384651 0.017332082752268014
-0.021337699824439244 -0.01848515385851505 0.3858408800806861 0.03603501296405733 -0.20842745825237421 -0.024666913320292146 0.0266153131219176 0.0037117184298816283 -0.04985932199770064 -0.018485985149674065 0.00845079513092189 -0.00048568262203514673 -0.04284405180748452 0.06119986218874032 0.039242488595011345 -0.7684156701538276 -0.03403917268973063 0.19688544115377987 -0.00749385740550664 0.1004345028734785 0.017780789467257217 -0.0030765651151725636 -0.05806324821926442 -0.02066302307415574 0.38300415327471776 0.0037735586152919305 -0.05047459804458281 0.018217460774216685
-0.024166434118235058 -0.0018736317383971262 0.385336818359241 0.009563586404719472 -0.2164129111303595 -0.021671708398065963 0.023062566250743956 0.003839423643628547 -0.042834990580351964 -0.020347291899657845 -0.021329456412821343 0.004542831221469476 -0.0732678375982341 0.0696167068442386 0.0062621915542834 -0.7668251937068938 -0.008373144848294526 0.20155104416837089 -0.007726549025411952 0.08674145198073732 0.019636445606989267 0.02558505391071829 -0.0663925939255229 -0.004299308290417728 0.3819285656475677 0.003881004105061111 -0.04381010462549937 0.020960733463536465
-0.020551729766672033 -0.02107186552077455 0.39338321098934975 0.022398822189923662 -0.17007157590223126 -0.017254227679305047 0.01658152308898118 0.003547370162214576 -0.051208185990797524 -0.01887486551798622 -0.003940612108064804 0.0007307792007476944 -0.04445872337724229 0.05951068407734696 0.04450206500611533 -0.7808811083984507 -0.020534283562693156 0.1587687950770527 -0.007157425784614055 0.1033868242694121 0.01820477243030717 0.008243874994855429 -0.05704699543622919 -0.023344670783360204 0.38792074987957836 0.0036032960834041896 -0.052079542331285214 0.01810508944922217
-0.020398838955316342 -0.02156438958673612 0.39278317271319385 0.02361029796595244 -0.173792339278268 -0.01430986954329085 0.017380424886829452 0.0035087948684357348 -0.051834777518556446 -0.01867733994916161 -0.005013545599684033 0.002242787575784117 -0.04640454018378121 0.05924724722698123 0.04549484828212931 -0.7795756210777856 -0.021757262829395243 0.16202483964817155 -0.007077605478538854 0.10466861291255943 0.01798429021555261 0.009283148109402957 -0.056985542015756736 -0.023846832498352438 0.3872246473663042 0.0035620988170368133 -0.05273119132295942 0.018154576430958528
-0.02403143909171655 -0.0026078494630065287 0.38533351926021175 0.00940944967201251 -0.21565934479136611 -0.020778221506012027 0.023047182303835376 0.0037842083814219178 -0.04300702892873525 -0.020287260303293145 -0.022707422776711738 0.0043744207337915045 -0.07215816927460189 0.06915490107345593 0.007716317626589788 -0.7671102722444539 -0.008170897614817435 0.20102031246065122 -0.007612879940820808 0.08709801485868084 0.019579806032752955 0.026987995507789433 -0.06588527693020416 -0.005020641202343188 0.3821995958140329 0.003822681350027775 -0.04399427848842446 0.020780021942073307
-0.02028114109964552 -0.01705960569558865 0.3861885392560706 0.033224959292686304 -0.20788026084242558 -0.028949666369752654 0.026627417269476775 0.003515542953975758 -0.04875218684149277 -0.018854270721431178 0.007439322989908671 -0.0007718195787337655 -0.05054036722563429 0.05823841677787236 0.03641472292509373 -0.7690800453795494 -0.031323783437868506 0.19654478803731373 -0.007110726090246217 0.09815581565998485 0.01816934976924352 -0.001968885756579552 -0.055315647129779884 -0.019261221808447457 0.3833110482267296 0.003586570617791491 -0.04930527243928361 0.01737516377054132
-0.019820272384250333 -0.016021123951495506 0.3853778405351273 0.03376642842425156 -0.21302648860674178 -0.029860768181885832 0.02801691596742058 0.0035376720748788487 -0.0492999029897211 -0.018758741903264573 0.009208863243577713 -0.0012573481349970705 -0.05235315284652209 0.05701685973515493 0.03437548499803586 -0.7671332782591039 -0.03189523695489868 0.20172308010805387 -0.007154072663515665 0.09927947699664265 0.01807389021091112 -0.003602023584301331 -0.05424796793296623 -0.018262891719158427 0.38218258792437726 0.0036079192679070735 -0.049881489661962285 0.01706800713808239
-0.024585949983423724 -0.0017317700908968186 0.38546136976170353 0.008938790750491693 -0.21460856562220332 -0.022416229346356918 0.02316659688404736 0.0037291672189373347 -0.04236873572606935 -0.0201923893983061 -0.021231722732330538 0.004825225007867103 -0.07459022961108781 0.07080945868888314 0.005995368552896755 -0.7673178068452087 -0.007699837966187277 0.19996346237854457 -0.007504771525015303 0.08582168013367725 0.019482931371480085 0.025438189309497462 -0.06752116681430427 -0.004176547328183834 0.3822788714753545 0.0037696659040042614 -0.04335648140017371 0.021315779334262
-0.020561849117795516 -0.01602995261396516 0.38526289423470644 0.036999625431974645 -0.2103963208279573 -0.03155430125780079 0.02748494658849336 0.003395229263001857 -0.05148964075470548 -0.018542524776328374 0.008154297458922828 -0.0010476017670879496 -0.055940058551990586 0.05927952521385945 0.03446267506821001 -0.7667650037552804 -0.035184214750214014 0.1997038760295012 -0.006846981922244742 0.1035829912274123 0.017872529056266247 -0.00262623004546939 -0.05654302395522 -0.018342866894299637 0.3819461630785181 0.003444078551143976 -0.05199506091792584 0.017842233363377723
-0.021224778825284483 -0.01600925262056425 0.38441010148005794 0.033335030146848584 -0.21580472720264618 -0.03164354799855174 0.02876031160210298 0.0037851397604973694 -0.04966958996315517 -0.018792201699309678 0.009226017201255989 -0.0018305971997162884 -0.04547852991610403 0.06134497021309806 0.034338103218165036 -0.7657912699203274 -0.031492137000876386 0.20445406138798866 -0.007661542089056604 0.10006022106055121 0.01811370083217417 -0.0037689987143942638 -0.058697998952977865 -0.018235351278502038 0.3817941101249137 0.0038680887772610494 -0.050290228081179056 0.018594401728633598
-0.02256627902021735 -0.006574649212217611 0.3884997384028654 0.014987665887226524 -0.1977504430037285 -0.03453084627650136 0.020360673639645523 0.0039820408585890645 -0.04280005840218179 -0.019421154373245604 -0.016248415207936327 0.0042477320840114685 -0.07853909557059222 0.06477204936588771 0.015469641114785396 -0.772909422806369 -0.013425623494973091 0.18511285574340472 -0.008007397847491101 0.08676078523399673 0.018764063607775605 0.020508687197580738 -0.06153021418036555 -0.0088118351575178 0.38482525076661833 0.004020093129393783 -0.04386356981874242 0.019342358699003796
-0.01982524298360553 -0.01908351042635025 0.3857970071306272 0.0272143445978693 -0.21027011523933492 -0.03371314227538779 0.027274610372840794 0.0032121380222429104 -0.04847679850351214 -0.019454866840160918 0.013341275434435227 -0.0009139169484474851 -0.04707234170679389 0.056828936024278146 0.040470951649215624 -0.7683937087044045 -0.025415257971675792 0.19938398471436275 -0.006515695357044713 0.09767170796767366 0.018772181529286114 -0.008067634438366177 -0.053860517262445486 -0.021295181784253058 0.38298693041534254 0.003294804610299107 -0.049096527015587095 0.016873302510969627
-0.01983890500526678 -0.015630713845181925 0.38464777311693776 0.033921464899993 -0.21747422063933783 -0.030713384111167794 0.029314574254916948 0.003755118603766047 -0.04897177228691633 -0.018765232826861593 0.010493164420112807 -0.0006649616700120372 -0.04940967211881159 0.05711291000146971 0.0335597534650669 -0.7657241265175806 -0.03205879921602925 0.20585478963804618 -0.007590852586371059 0.09860487229776854 0.01807530465977297 -0.005071140223940409 -0.05438471110912547 -0.017836946813687072 0.38150698955873374 0.0038271367335615176 -0.0495332952798359 0.017127478816997808
-0.022583989856843113 -0.0049731526707347245 0.3892046558058245 0.011313854571767831 -0.19065197893457644 -0.041224396506148564 0.019139199882907573 0.0040589770104064215 -0.043048896284103265 -0.019305860843210912 -0.01712940960813484 0.004105299503619344 -0.08009684679221789 0.06477571975490978 0.012314230085293683 -0.774783917010983 -0.009851255912036986 0.17914977860897094 -0.008158669191850779 0.08725252892616818 0.01864986637440041 0.02143483795047818 -0.061472507371952506 -0.007256973734381971 0.38599588233058507 0.004094940673657211 -0.04410320055639396 0.01929916706858252
-0.020499332052693848 -0.015333335457475974 0.38542244867418374 0.03460882356650419 -0.2137430196639392 -0.030709688738325167 0.0284305254441288 0.0032087692653678004 -0.04820493286561257 -0.019287317311950353 0.012937909653999794 -0.00034574833873567254 -0.0488489712177619 0.05880825276865104 0.0329511983526398 -0.7669545375870745 -0.03264290149027598 0.20296216691212954 -0.006498005242866837 0.0971704227847059 0.018569170553291686 -0.007425543199728333 -0.055803948064738255 -0.0175255125728019 0.38192396459641215 0.003280718675986264 -0.0488648277512201 0.01751095670379354
-0.020417930352413356 -0.01631378428729296 0.38407130173466997 0.03656297928695376 -0.21724662255282373 -0.0345409736960928 0.0292452649187936 0.003617990690681289 -0.05077777601040691 -0.018532855021937137 0.009243371207473906 -0.0009266087308124683 -0.05140907328974552 0.05841467718352846 0.034999561648063816 -0.7646039418710632 -0.0346382799502861 0.2068300544001506 -0.007297732559677148 0.10224458320160307 0.017858275046366084 -0.0037153896254270373 -0.05525532150308524 -0.01859424904106553 0.38096785750173806 0.003671499873335752 -0.0513672541800017 0.017275278535136957
-0.02202221880080236 -0.0015534996412120985 0.3915296490330554 0.013525564875076853 -0.19060883678644372 -0.009665560370359864 0.018444297132186628 0.004162200366254356 -0.04205725638564811 -0.019679327882306228 -0.019031097427090044 0.0034121647150615955 -0.059780200329226776 0.06315119276564395 0.00529851143192302 -0.777757347963667 -0.01182499595796729 0.17494725112722823 -0.008352033087859385 0.08506475129297628 0.018945698274132387 0.023148333894991067 -0.059896258971937295 -0.0036648819764999447 0.38660834528343335 0.004182314214501987 -0.04290679652724868 0.018785427309312364
-0.020010968104439274 -0.01637116292851704 0.38607192118621875 0.034391688473537435 -0.21016294750715486 -0.031831656094667156 0.027222533002365986 0.0035771082581771163 -0.04854681611002841 -0.018757495348598042 0.007271571117686943 -0.001507536976701637 -0.05133382384009614 0.05750845276454963 0.03505070175069502 -0.7682509527746528 -0.032386166244599744 0.1989478201355912 -0.007221853066094535 0.09780472601712142 0.018055362404994713 -0.0017424217108186848 -0.05466022588377708 -0.018588406197015635 0.38260088099774264 0.003636220269108452 -0.04915582013172904 0.017179376116905364
-0.020143778605978963 -0.01591074065694577 0.38527258122554664 0.03373270491732174 -0.21283421988294324 -0.028843163039072577 0.02807533043910993 0.003577430506191837 -0.049602483269794 -0.018908158480936858 0.007865387831306669 -0.0007590445425305583 -0.051045569483098366 0.057928767801974854 0.034085086285380026 -0.7671469676968911 -0.03184389029955548 0.20149407377859377 -0.007229833216624795 0.09986671237339287 0.018220384868148323 -0.0023518773221403843 -0.05509937326520363 -0.01808248341318106 0.38229397032338297 0.0036437993827325155 -0.05016538975128483 0.01733098592714846
-0.02049861971397061 -0.017382890710578455 0.38537821788762905 0.035664313072383276 -0.21192897164527247 -0.034259410834127105 0.027649616408755153 0.0032748978511972244 -0.048755562971872675 -0.01920487102965012 0.010513799924929661 -0.0010277211869715846 -0.05008382271915643 0.05888645214241933 0.03710888153634687 -0.7671193565626778 -0.033677022387112364 0.20107056953387156 -0.006626502002685772 0.09815688727029225 0.01850244187732571 -0.0050651830318225516 -0.05595650173694385 -0.01963066813934902 0.38218610413561954 0.0033435917570108996 -0.04929973998880521 0.0175853485528448
-0.023155467464483784 -0.005690572799695454 0.38894126827648134 0.015330118383174324 -0.19590208061680117 -0.030634925521224876 0.019266023930177744 0.003912191716603097 -0.04322623899848108 -0.01966007086972879 -0.014105830364072017 0.0044690276335806215 -0.07589438064143147 0.06650093625719161 0.013744566893837984 -0.7736519279374235 -0.013786979468665318 0.18287372080991118 -0.007861979459444618 0.08759000502641841 0.019014884260999895 0.01834403848829866 -0.06321429391396435 -0.007970843842046322 0.3851507551043915 0.003944558872551329 -0.04426595226581969 0.01988717724969454
-0.024811692836857156 -0.000723089169053329 0.38397740500640776 0.010084434945484224 -0.222587475921126 -0.026585421892018422 0.023979108385663608 0.00407324800087621 -0.04218970967908356 -0.020173228174036183 -0.017458510638128102 0.004985710598344427 -0.07146671376413403 0.07101038135408932 0.0038858706016167226 -0.7646149544206705 -0.008733344149409974 0.2080733297107754 -0.00818480395246863 0.08544446975074836 0.019479910851438725 0.021696186991124983 -0.06724158586608282 -0.003079590991472931 0.3811031457016019 0.0041050847888008495 -0.04315826040424353 0.021060453125700464
-0.019501218867846355 -0.01753505612811774 0.3859567446522412 0.037799022976291695 -0.21192333279204686 -0.029663628565653247 0.02736241264896541 0.003407854240989341 -0.04663782777610275 -0.01830855336038533 0.00897779739782865 -0.002652679019767375 -0.052170848653394934 0.05607298638196597 0.03745214251755764 -0.7681650461451107 -0.035986798331479886 0.19940219597286804 -0.0068690132633416265 0.09398164426158089 0.017613635514820626 -0.0035463770913136414 -0.05332791079157792 -0.019826438228272528 0.38262748605565705 0.003453391042294418 -0.04724559486752811 0.01677332201141153
-0.020716562662347882 -0.018048161293060593 0.3848973263969216 0.0317207732133347 -0.21454650496251013 -0.030359666269082194 0.02831663049589824 0.0034824478376611354 -0.049256560584950045 -0.01870745356875463 0.007893612559028637 -0.00045020300006864836 -0.05161010426566783 0.05943460044807052 0.038390575639774584 -0.7663122414056458 -0.02989876398428382 0.20317550792916378 -0.007035369282830037 0.09917476540346629 0.017991488207383107 -0.0023573680735619025 -0.056397886396039994 -0.02024995097386419 0.3818336551910603 0.003544288382273277 -0.049819103503871136 0.01769672285950097
-0.02230737189785024 -0.004076115784452273 0.3894713298681623 0.013727945598511525 -0.19522257851949912 -0.03472364835195199 0.01999738281085211 0.003961640511664793 -0.042024604248234836 -0.018959517182030712 -0.01855314522196055 0.0037051470931360373 -0.07188182105170568 0.06411024088089688 0.010507884380136048 -0.7744759894477873 -0.012239265614787062 0.18258803667973614 -0.007965934130173413 0.08516709979128018 0.018288749325795085 0.022622067150034713 -0.0609722117201195 -0.006348242235744951 0.3854165840883173 0.003998564505644866 -0.04304453732391293 0.019187300446132587
-0.02161120806622951 -0.01650746083788949 0.3850177506154932 0.037259711154490976 -0.21364426463949937 -0.03002678496604714 0.02801434929497407 0.0037097520062857377 -0.0486169603058953 -0.018803794148887845 0.00949585661933504 -9.18547127395894e-05 -0.05727542527741531 0.06229140106579537 0.03534446220534153 -0.7661126419651566 -0.035292526023241184 0.2016723887615384 -0.0074762592525779124 0.09796720223274297 0.018101637309846992 -0.004045187607082335 -0.059429436164384106 -0.01874002103909876 0.38151537015698817 0.0037582488974506984 -0.049249115356969735 0.018765540093447042
-0.020355422585715634 -0.01648329499477876 0.38425726594478554 0.03822116667430776 -0.215933123759873 -0.025322544465255798 0.028910188848978762 0.0034865400159183805 -0.05118821391398362 -0.01870147854593628 0.005422379347046987 0.00041322482702316627 -0.05087663200768559 0.058320978649561206 0.0353949306453673 -0.7651844671534155 -0.036155615242348615 0.20545957796700184 -0.007040259258807973 0.1030229052699448 0.018025991220157966 8.042628497930383e-05 -0.0552511596331345 -0.018819385161233482 0.381351273319578 0.0035456713460448193 -0.05174026264096316 0.01730289121154271
-0.018664029307758467 -0.01380114167581771 0.38269992901817496 0.04100260528462913 -0.22282500242839717 -0.019035847714055365 0.030109414955975522 0.003797223045642089 -0.0517664817293021 -0.018631981997505064 0.0045938791356445316 0.0005514576402110591 -0.045154013327709706 0.05331409945071546 0.03002847427378345 -0.7630185445826474 -0.039308825380438873 0.21400452338626583 -0.007637060865209793 0.10423232594638705 0.017984014512690338 0.0010132351697961458 -0.050311452250864835 -0.01613759953069259 0.3807529162896658 0.0038316925536175436 -0.052369678961105906 0.015677748662077502
-0.019679462618526825 -0.016091058282922878 0.38534700184648085 0.03258009554177557 -0.2132903358010638 -0.03065044238134528 0.02812397141489045 0.0036722289329904857 -0.04943570296794178 -0.01890898020935315 0.010646499352657197 -0.0012770250226904136 -0.04971490814716723 0.05653927261566985 0.034485542060759426 -0.7672303139832339 -0.030721455186100893 0.20175565067883008 -0.007423760834528302 0.09953209982534103 0.01822679056175599 -0.005161717515972677 -0.05371702168677306 -0.01830275561982333 0.3823064478324837 0.0037430598423499203 -0.04999850041013844 0.01687381943574545
-0.020786242484280477 -0.01721138526381819 0.38489158363601667 0.03598586548777788 -0.2130679310321224 -0.03359690881582219 0.027866133493166582 0.0032733478193730423 -0.048584782029066444 -0.01932090310755181 0.009522636149371143 -0.0011002481380122237 -0.05001959392527592 0.059607402960549394 0.03677253732492221 -0.7666831977830332 -0.034135394137700545 0.20229413575983649 -0.006620367266052345 0.09782022678810133 0.018627300878900653 -0.004107763298406441 -0.0565390861384855 -0.019466192561787617 0.38223688972923603 0.003338817653335347 -0.049135639784926056 0.017734705225698623
-0.020492351369238652 -0.016887365800138623 0.38457206266916777 0.03564067022788351 -0.2165778119676148 -0.026970879083885138 0.02902484535672601 0.0035872565527436126 -0.04913292929694815 -0.018843135801347253 0.00912631986976364 -0.0005065854108850992 -0.052248495996776466 0.05897496431077569 0.03604973319171009 -0.765545049052862 -0.033805443655395215 0.20523442392243785 -0.0072416658864583915 0.09896583959338216 0.01813099228990522 -0.0036120806864351645 -0.05615105602869187 -0.019070067667515744 0.38138246439812346 0.0036460689489686685 -0.04973097322793888 0.017685035521510042
-0.023555488095381657 -0.0016993163321029857 0.3849383991959984 0.010766837112527725 -0.2193862922805537 -0.021000002363358233 0.02319273854351438 0.0038615066161275767 -0.042440152943128646 -0.02044628253494306 -0.0216341218009608 0.004129754500585291 -0.06886683691403982 0.067712092262723 0.005925889224114393 -0.7662323904665667 -0.009412984160954993 0.20506618809651422 -0.007774476622589295 0.08595368931264266 0.019757389662007418 0.02586386014960716 -0.0644240240154753 -0.004136352838919528 0.3817299357671064 0.003906670654730215 -0.04341588186942717 0.020285457417954608
-0.02175793184356779 -0.006395753111024275 0.3868204406540265 0.013289898375598292 -0.210029468224858 -0.03729153074619044 0.02328080433277354 0.00376869129789084 -0.04168058171300651 -0.01958009670862478 -0.01616874623815627 0.004439081258589105 -0.07383246589401303 0.06243489813998505 0.015112808512209851 -0.7694371057935782 -0.011595834212425075 0.1974385778225832 -0.00757901380849785 0.08452543727681254 0.01893530961518158 0.020415603210587743 -0.05926997382707952 -0.008635248511415845 0.3830629926687276 0.0038051681469179217 -0.04274802032133164 0.018611040038533522
-0.019874561623228426 -0.01785276643694843 0.3850810802745462 0.034807001498191305 -0.21394088385694252 -0.031698949094007126 0.028280730197172838 0.0034695635680731395 -0.04938133795365596 -0.01872941082289908 0.012169636109247253 -0.00045492578976857016 -0.050379937394708973 0.05729958441879453 0.03802061438716144 -0.7664296405952852 -0.03302815241523279 0.20308589369423458 -0.007010242605779209 0.09943584473824715 0.01803011820276239 -0.0067177036728540635 -0.05465398332599739 -0.02007484426994163 0.381763983212423 0.00353243113461505 -0.04995739610374919 0.017245230959564567
-0.020307095400639897 -0.016894008558587966 0.38427533053311325 0.037837487179910693 -0.2180569122107692 -0.027320267711839586 0.029681512992866903 0.0034687346787940034 -0.049415243910425476 -0.019047280182366594 0.011271167380362707 -0.0007314231437267508 -0.04958386363575168 0.05825585511250583 0.036086529779522765 -0.7650429642076509 -0.03595535538612214 0.20613273812221963 -0.007009291126908326 0.09947819899501156 0.01834098776872925 -0.005808989998817667 -0.055277910247021673 -0.01909973305375457 0.38119338831368366 0.0035320270313094464 -0.04996383404847798 0.017345734260876083
-0.02213763897944554 -0.004863154962787718 0.3890663332977614 0.015063901160607305 -0.19738106979337738 -0.029538500590399745 0.02040962383198208 0.003834568865909559 -0.04258578434303115 -0.019407792190639515 -0.014624898433771334 0.004272684272098637 -0.07126411841004679 0.06349734165591435 0.012136078869843775 -0.7739579966798064 -0.01353390090421084 0.1846920611984115 -0.007710313247896343 0.08632436491716805 0.018759391594976495 0.018860018995821026 -0.06026528174786564 -0.007187037070568886 0.3853024963584311 0.00387026839990005 -0.04364214238636034 0.01892346780468854
-0.019848355731252047 -0.017483947357196446 0.38465697560318546 0.035461484443789715 -0.21460794559472765 -0.03342464608118823 0.02855423378132144 0.003661328964908016 -0.05106014984085233 -0.0191001798672057 0.01115395108153438 -0.0007197804355444141 -0.05147770416300803 0.05676583932813735 0.03721038864285044 -0.7657296994249981 -0.03357957512862325 0.2036866727091489 -0.007396118272957527 0.10281511451660981 0.018415073561660902 -0.005802709398913986 -0.05367175822533663 -0.01963453989707168 0.38149707759850815 0.0037265576231080423 -0.05165171839700132 0.016771154874881216
-0.02242687599505848 -0.005802932027332909 0.39001756922087577 0.01448858581866571 -0.18844021119558882 -0.037042774861697804 0.01797392185690946 0.0038425938156917924 -0.04212836262797888 -0.019006745851942296 -0.015617144189447024 0.004584715869238892 -0.08220396121939412 0.06455194332719669 0.014014999046454212 -0.7758024660406366 -0.012958523671414573 0.17607851302559205 -0.007717784447515757 0.08546497295490922 0.01834364279251927 0.019925135332283905 -0.061493905284776926 -0.008128313795835057 0.38620230482401735 0.00386972361946354 -0.04323446868235805 0.01938691455267782
-0.020007058310928905 -0.01444129967835756 0.3846031449620993 0.03603183152397728 -0.2180943225793462 -0.028106140626722082 0.02922945682621066 0.003415864171556582 -0.04947741217628155 -0.019054512113313306 0.009598060257126529 -0.002194669266563435 -0.048060391338604534 0.05753479121502566 0.03126482352261437 -0.7655294608152065 -0.03423025331888504 0.20592767449574012 -0.006887345282394125 0.09961086832647591 0.018349864497021976 -0.004170123054771815 -0.05472388468618038 -0.01673430560705433 0.38134376444595086 0.003463466264717328 -0.050033778259063626 0.017212880196216584
-0.02350103565485659 -0.004799799961175642 0.388651079069893 0.013067256142710084 -0.19555675407360337 -0.0403407534144345 0.019701954591580886 0.004023005120500831 -0.042842124211246994 -0.01948284921501509 -0.016427869508650116 0.0038232922936229483 -0.0751437635439993 0.06756344893373474 0.011954759764088404 -0.7733581366180492 -0.011550645724388605 0.18338401098315144 -0.008084535532234434 0.08679850217954879 0.01881185300508792 0.020644940429429035 -0.06429799453434751 -0.007068474886843993 0.38511885816145414 0.004056388388892807 -0.043857387397772084 0.02025388001013216
-0.02084493814281412 -0.017343551597362828 0.3835028780143488 0.03550755710877733 -0.2210918624067595 -0.030486701543578965 0.030248711521553825 0.0034733972015114673 -0.04919097802569493 -0.01869250917255635 0.00956794332904954 -0.00021352253222213055 -0.052569398239750084 0.05990393305155405 0.036954028109550716 -0.7636149539522766 -0.03367729809754228 0.20959597287111817 -0.007009587152247126 0.09904609451206192 0.017984185822014845 -0.004087383219161357 -0.05695313552828061 -0.01951789655595723 0.38053636499339494 0.003527889452232861 -0.04975309171640596 0.017910600736166175
-0.01956863547828342 -0.01743459713312615 0.3851059384616448 0.0360066182436622 -0.21323143886350038 -0.02783391911762121 0.028191675367097976 0.0035660336152486412 -0.05137393217035295 -0.019112950658533034 0.010823343842495446 0.0005274713282700932 -0.05054880169226747 0.055867196273398805 0.03713958986301228 -0.766371226362577 -0.03409013272769639 0.20259660136084665 -0.007200857974177125 0.10345429151372769 0.01841328175606219 -0.005495771368079037 -0.05271196119726633 -0.019614088713599515 0.38167804899092733 0.003626539453984671 -0.05197810456268914 0.016430334469567848
-0.020972256039744168 -0.017611701289003433 0.3847618637780358 0.03169579585705231 -0.21519490179877498 -0.02855956453089856 0.0285940033422446 0.0034141797607669415 -0.04902263662088344 -0.018968218174430042 0.008107196253543274 5.9781330253656185e-05 -0.05335733720709165 0.060310376386090374 0.03755119001711781 -0.7660612833931275 -0.029806189460911143 0.20361137624770434 -0.006895228938642615 0.09872934101136083 0.018261197373312228 -0.002668115086638168 -0.05738484878176248 -0.019848795498921584 0.3817185536674471 0.0034727845323224327 -0.04960669233392141 0.018063371256135306
-0.021561375219897483 -0.020988921503650684 0.3919984716559566 0.016323583118057164 -0.1783479071526466 -0.017393106437568036 0.01835493293599899 0.0035043345226080337 -0.050916873262122846 -0.018793947910833105 -0.003383177506161386 0.0024711027454978277 -0.04552594030843452 0.06268575671286443 0.04437590004237219 -0.778344176910436 -0.014555355031325627 0.16704561689228312 -0.007077163260491115 0.10277180397503632 0.01810794681747994 0.00765312656587462 -0.06037600580706879 -0.023304616876257237 0.3867637081654192 0.003566147702403335 -0.05175024178639277 0.01926946192140419
-0.020013248901867335 -0.016830387349863675 0.3842979430320364 0.03907004627655391 -0.21397361427077957 -0.030951919635053487 0.028186894542737928 0.003491521157062196 -0.05160176990757093 -0.01839790705473729 0.011353685930583187 0.00031730036465147586 -0.05224063061484119 0.057430160248953324 0.035994036930698116 -0.7656641602066027 -0.037070584452624275 0.2029444129238587 -0.007046643027719892 0.10377390723685358 0.01775675140414352 -0.005860840948271798 -0.054513940950180334 -0.019072813076668825 0.3818102119380151 0.0035469990694564925 -0.05207366444563198 0.017113510024442145
-0.020618318196530466 -0.020428432817737038 0.3925994926577488 0.021010309937619976 -0.1744625681815528 -0.016269872873701484 0.017594823602916424 0.0034255804654225583 -0.051863366708499746 -0.018883987105409457 -0.005229759017302595 0.002317422408212076 -0.04577261540345874 0.0598270957590424 0.04325391918803373 -0.7794736652483916 -0.019236873189362083 0.16314509427697355 -0.006913940417478435 0.10466897866259582 0.01819755989983523 0.009469582968523505 -0.057489922773635134 -0.02274141357283066 0.38729510005929646 0.003481418995836828 -0.05270284025431602 0.018298840883169024
-0.020043995267587572 -0.015776912248023644 0.38499039099196625 0.03772691915900399 -0.21302812496482448 -0.029765231682176332 0.027982914762198635 0.00358346192859059 -0.05080036751864126 -0.01852201614014027 0.010785761824629925 -0.0004912040975149461 -0.0488692300339621 0.05737611247999815 0.034011980393399456 -0.7664640222312041 -0.03572747667602914 0.20273722580031026 -0.007230174925923689 0.10228350251349565 0.017838152052657114 -0.0052755583631717414 -0.05430110371010592 -0.01814538919798304 0.38189250921676465 0.0036384769867829105 -0.05138642318541907 0.016985524599356372
-0.0206120708137899 -0.016798494045498852 0.3847736388182377 0.03574170280581944 -0.21482570485768038 -0.027757400065429656 0.028729646922151374 0.003667706475307365 -0.050025968336865005 -0.01892723129726473 0.009508175933950595 -0.0005044895645597663 -0.05183025773226532 0.059314180500072484 0.035857436179845006 -0.7658908645807326 -0.03391117012650392 0.20364667446669232 -0.007401415737540229 0.10073829050204433 0.01821573146642456 -0.0040052844356432684 -0.05647103672260689 -0.018965790797403757 0.3815254205937974 0.003725332615084658 -0.05061042627103336 0.017785332668907656
-0.020707640562634296 -0.01835785541311077 0.38482000732194616 0.03165897169359202 -0.21496450351850352 -0.030129468819025663 0.028402389443486102 0.003561261413160284 -0.049588322564482055 -0.018737732088253106 0.0078028841764269975 -0.0007293686519159099 -0.04916806977587089 0.05938632097161444 0.03900009039176775 -0.7661783547200547 -0.029780640125163755 0.2035319188787938 -0.007193307646616115 0.09980339237465408 0.018029235639572216 -0.002307441584482853 -0.05633152447190208 -0.02055057823909686 0.38177871090228405 0.003623365079103605 -0.050116357954884026 0.017669843654442824
-0.021289685589494626 -0.016804404623843718 0.38530540935305607 0.03570506626311688 -0.2115107640681715 -0.030472107126985767 0.02762130989987668 0.0037540484932446967 -0.049063177094346905 -0.01877299966808921 0.010991381258350436 -0.0006655705924159834 -0.054416693841853554 0.06131904567906806 0.035945448526378654 -0.7669912985410184 -0.03384669567165486 0.1999548555833083 -0.0075694117982742035 0.09885099671895928 0.01807622752555118 -0.0054983631175081656 -0.0584551747986874 -0.0190459348455998 0.3821001773998876 0.003807246816873913 -0.04968720070152481 0.018442095591094942
-0.020022260314580053 -0.017497613329407725 0.38509682869266976 0.034787909271541295 -0.21448478075570937 -0.030365275003796748 0.028442564517855793 0.0034876450028508026 -0.04895632382718464 -0.018849171949857982 0.011130592109518594 -0.0006475865747783379 -0.04995811799470513 0.05775592728927685 0.03731206494287258 -0.7663423474440454 -0.033012530494525884 0.20389993796097924 -0.00704567963586086 0.09857576376893837 0.018143988505295885 -0.00570138822310423 -0.05512309968113142 -0.019722131804368045 0.3816628711383623 0.003549839174332565 -0.04952199307553113 0.017405624007307677
-0.020461017832554267 -0.021333995352862224 0.3931796394946261 0.021374269158362217 -0.17208942576255232 -0.019558189538024615 0.0170249679489076 0.0036082092994961143 -0.05051967386614461 -0.018725592444688452 -0.003325738388700387 0.0007835845260271587 -0.0443985498547377 0.05923970392632832 0.045009192909490764 -0.7805232774157491 -0.019505233365783275 0.16063677022870348 -0.007280460854274934 0.10196392958528254 0.018055882119491478 0.007642646601268477 -0.05677655800221885 -0.023588468026139106 0.3877735484359716 0.0036653242100214817 -0.05134610227857029 0.018014867888648988
-0.022413187620708586 -0.0050568757026346325 0.38853789689599216 0.010940120750182998 -0.19702739511732092 -0.0427848746296097 0.020338534873138296 0.003913829417038034 -0.04313545010762894 -0.019587308137628993 -0.016901823110561136 0.003329647692295958 -0.07881109708554583 0.06431680304503329 0.012460125242142314 -0.7729727578823998 -0.009399382902572122 0.18428040213419333 -0.007870952250459856 0.08740031388465627 0.018915861481169385 0.021157932557864648 -0.06106535086259875 -0.007317456232384063 0.38485048009436057 0.003952184813092508 -0.04416507557026098 0.01918005861307359
-0.020295016571392908 -0.0013375751225936806 0.38766603358272406 0.015155371322713806 -0.20730622314106617 -0.020049023858245897 0.020913081545792033 0.004663151051057351 -0.04569920359784869 -0.020093543287460654 -0.019364429997245136 0.0034982964026246937 -0.06827533038736697 0.0576184808585917 0.004888481568573025 -0.7713020145321451 -0.013474268914869622 0.1918830195485577 -0.009364062587546433 0.09236223371084694 0.019437015525035156 0.023536069810957815 -0.054004459333746396 -0.003466826308971103 0.3840491006523181 0.004694635240882482 -0.04657554271727776 0.016699186482740488
-0.020089857853086753 -0.015530993649164838 0.3854080139790609 0.03376214927436946 -0.21224265370063952 -0.02907302292999562 0.027860757776766054 0.0035779603488894115 -0.04938616566751428 -0.01877248318273508 0.007414327401816079 -0.000632369181538708 -0.051436150683561145 0.05780548088233919 0.033323287117533545 -0.767463115475496 -0.031908106471705916 0.20081105219384215 -0.007232061649478496 0.09943989656490718 0.01808249405449101 -0.0019243931203711086 -0.05501676642131098 -0.01770124391335398 0.38247546966700136 0.003645487558065934 -0.049954229181612804 0.017317619529673752
-0.02146196899293699 -0.015575766880363166 0.385180139338188 0.037279512337413674 -0.21239105354130422 -0.031591612415897107 0.027626324872072595 0.003823957910788633 -0.04897936519100687 -0.01880738656874847 0.012547750011214909 -0.0007358732400865629 -0.054849174481478184 0.061882901773807064 0.033525087694619524 -0.7666982562311028 -0.03537071382852159 0.20005449247835744 -0.007708319290899358 0.09869687284444124 0.018099686176804925 -0.007072367468823557 -0.05906705081039985 -0.01785528279344346 0.38193578871012784 0.003875937176902547 -0.04961572225930552 0.018662328677060837
-0.02206726552952599 -0.017159825720088118 0.38623107868692463 0.03256785692382631 -0.207899966588103 -0.030727089422035114 0.02664959431594201 0.003577987292045019 -0.04707235931562749 -0.01852321785080099 0.008740573914903594 -0.0005652007150840376 -0.0574409313435798 0.0635395706879118 0.036709834915182614 -0.768786181501174 -0.030369392729427427 0.19513486259362944 -0.007221282292115904 0.0948236083676532 0.017824970949152065 -0.002944756008578906 -0.060570973226916985 -0.01945077569149953 0.38298194575426975 0.0036354029508439746 -0.04765285171973164 0.019115424478691315
-0.0204261497619908 -0.014868291875950467 0.38536871051104526 0.034036039459453514 -0.21485660054558603 -0.030510369625817244 0.028722571284430384 0.0032177124674533063 -0.04783751971740402 -0.019339014162274293 0.013423344815351455 -0.0003093792090536397 -0.047565885391371354 0.0586084136609594 0.03201372332069139 -0.7667997986129618 -0.03203820492830508 0.20397195073415383 -0.0065179086170412456 0.09643632493587889 0.018617065296220946 -0.007942198462377202 -0.055624427675777424 -0.01705330472732861 0.3818140826480684 0.0032915874301602636 -0.04849769697845797 0.017457987507874778
-0.02000227965682384 -0.01695769840238535 0.38472974233421603 0.03597100418765749 -0.21507676897175954 -0.0318588313826187 0.028476599523240678 0.003531113007053288 -0.050257777993087144 -0.018687044193007287 0.011658160255977832 -0.0004990840904148717 -0.050178600471794295 0.0575220898108132 0.03623796895145766 -0.7658296309987678 -0.034118352813925605 0.20406756703452136 -0.00713707187059308 0.10116541857659668 0.017984718086436407 -0.006228436300289444 -0.054710194653819426 -0.01918575564152349 0.38151253556080295 0.003597635372800174 -0.05080912646695231 0.017207002975637684
-0.0205543625284939 -0.01782819347196322 0.38612404922144133 0.03613088890900483 -0.2071976273168315 -0.028602314364096975 0.02652182571079569 0.0034719349722488447 -0.049873804347131984 -0.019036831445782904 0.0072453627393400605 -0.0014708523684033913 -0.05123586393255666 0.05916630819161718 0.037959378592445636 -0.7686869328723288 -0.034294076417442775 0.19564087528614266 -0.007026452777018195 0.10042988201305808 0.018330340898010965 -0.0018346418598134725 -0.056352383463528805 -0.020041752050351615 0.38297477056867296 0.0035458632543040208 -0.050459175047143326 0.017757501079356933
-0.021521429164598763 -0.016483840532653855 0.3852287454694269 0.03662914261722541 -0.2126551059412143 -0.02789118474059788 0.027752298274194544 0.0037905164957989174 -0.04945483928413157 -0.01872995428554949 0.011591379276034174 -0.00019105962931210402 -0.053858345038154294 0.062026923018208106 0.03533640685658035 -0.7665205652343133 -0.03470148820095716 0.20067054277567262 -0.007637393230093272 0.09965054402386767 0.01803645065973191 -0.006171098312581839 -0.05917353258833865 -0.01875841536610293 0.3817127850815083 0.003838507267410067 -0.05009370077206315 0.018684411052230517
-0.02036009887826205 -0.0159624540773114 0.38611613771482994 0.03537501613904741 -0.20858384710770952 -0.03089464337419098 0.026695894329313984 0.0035861618031141733 -0.04903678518216376 -0.019001430883898815 0.008793726466891116 -0.0011014544328770734 -0.05486167842075458 0.05849325964235542 0.03421480202960594 -0.7685053603053773 -0.033413201057486824 0.196850413771564 -0.007240989678453232 0.09876984761341252 0.01829185211701016 -0.003292202103232128 -0.05558258499325415 -0.01816109772900804 0.3828040580555564 0.0036463177167688006 -0.04963195653808684 0.017466129223956725
-0.022357348961439275 -0.0028513461337255444 0.39161601573573085 0.013967377081894033 -0.18969507062007038 -0.011561458776040761 0.018051340416808646 0.004164369832088783 -0.04178579294808871 -0.019131757815564605 -0.019902394510636096 0.0029059533542251602 -0.0593052477492039 0.06426917042095372 0.0078867153121776 -0.7779512988915591 -0.012288525444139735 0.17392073251139625 -0.008351557653251268 0.08449118533776309 0.01840999919483535 0.02399659649265669 -0.061126794117301986 -0.0049518600926088275 0.38671929750720907 0.004179871509111174 -0.04260457772793398 0.019233133831884276
-0.022094228486132832 -0.017059243306273758 0.3846835262056142 0.036414219290367665 -0.2119352322960031 -0.02460277255796727 0.027833322830490417 0.003606612095883886 -0.05137903376431856 -0.01864535307089849 0.006801318774600354 -0.000357218517290868 -0.04830467086594274 0.06336222607787526 0.03647873106512453 -0.7662199754843358 -0.034491503331654426 0.20147615646670256 -0.0072826791262223765 0.10338338525259025 0.01798183378162881 -0.001251707791861393 -0.06012442397808415 -0.019328773806997334 0.38196440891159344 0.003668179884560407 -0.051911087915566353 0.01887379459624796
-0.02033674412991218 -0.01704309080711661 0.38670488615073517 0.034594542632387516 -0.20591320715041458 -0.025786270078530744 0.026078202613856974 0.0036267135764751343 -0.047509972265634574 -0.01899892118123005 0.010470196332559616 0.00020274370003819627 -0.0537105936855214 0.058476578605303406 0.036458509528708265 -0.7698694784615743 -0.03270125581643417 0.19452649161739835 -0.007320288412290154 0.09576468046539316 0.018271453821323645 -0.0048374792825638625 -0.05562580566978755 -0.01932206330426675 0.38359060733101563 0.00368547998115809 -0.04815385862838004 0.017503014343468386
-0.022732482964764832 -0.002628807227419325 0.38978739301531073 0.014181850821491326 -0.19246768498017724 -0.030624661588122118 0.019992097187370175 0.004034967941126488 -0.04268903587677913 -0.019057032198530673 -0.01844047663986229 0.0029355748108647294 -0.07027944560332974 0.06551137490553276 0.007647432438361328 -0.7753742258466151 -0.012710474986221838 0.1792474041484795 -0.008108730285482393 0.0865195149973644 0.01837011995667045 0.022564754149538097 -0.06249619961596195 -0.004938153657240032 0.3859750670060891 0.004068217155967427 -0.04373091696257633 0.019735339598320835
-0.020853156414594863 -0.014752056799969233 0.37969240115405806 0.03013038403179887 -0.23752402568979727 -0.03727655832254745 0.03374751256269918 0.003949793624177085 -0.05103039126558854 -0.020021206390577428 0.005162981214468086 -0.003213414219534109 -0.04968500267863589 0.06004224774995635 0.031972565809356694 -0.757280378433307 -0.02826022511752263 0.22465712466078083 -0.007990793245365497 0.10281595860155955 0.01934924409495845 0.00013442721586839077 -0.05718574830453243 -0.017122096335005773 0.3779492461607801 0.00403206947787561 -0.05168774107257921 0.01801403269277559
-0.020713972803621854 -0.017003144847136057 0.3833361879048469 0.03611809190650835 -0.2241964570078092 -0.027981463946697413 0.031664442472130946 0.0033025729083089573 -0.0495594432569662 -0.018569458710020137 0.009026297207180674 -0.0008403313220238397 -0.04933866881617087 0.05929079936617176 0.0362823747091744 -0.7625283492570761 -0.03426154811902526 0.21309740330254123 -0.006678490234720852 0.09976044786814979 0.017852683033532053 -0.0033734521268181305 -0.05612932844547109 -0.019189695488535635 0.3796195512808362 0.003367145389371305 -0.05010405577124216 0.017568958076463023
-0.020969810381478722 -0.016601243953935124 0.3837503571832835 0.035365278063193464 -0.22140721241707387 -0.02893629457840848 0.030355913600351746 0.0034112146299763993 -0.04924414592652926 -0.0189122428745329 0.007908032094846524 -0.0006611022693366545 -0.05027814964276926 0.06028539043584292 0.03549492108707103 -0.7636486466047931 -0.03352650322819235 0.21000617867868748 -0.006893716240569944 0.0991460143973897 0.018208453593815295 -0.002467146249578134 -0.057340192307967316 -0.018799689557437202 0.3803288311407358 0.0034743343519255043 -0.04980392480159686 0.018041280895550293
-0.023174307360289113 -0.006003935701659001 0.38836591264753667 0.013971640057018812 -0.1999670643618527 -0.03344396719039821 0.020705784875364237 0.0038655611858259167 -0.04209307926914137 -0.019356180566521376 -0.015440895629329694 0.0039658002184306314 -0.07324212314745454 0.06659430468392438 0.014326011712463584 -0.7725036566210863 -0.012462147418828978 0.18762910138759728 -0.007771132446768353 0.08533899572285493 0.018708913511062415 0.019718891382014513 -0.06335017945165967 -0.008238672812374214 0.3845643475011069 0.00390023077147351 -0.04314690317631761 0.019948246324113628
-0.020536404766492516 -0.017222852967937 0.384669657392234 0.03401991956045814 -0.2155342431243477 -0.02873616729025727 0.028621955626843117 0.0035758173793564454 -0.05011514019380474 -0.01891884106515055 0.010689379002105375 -0.0005794666251225662 -0.04932871335951886 0.058928464182752466 0.03672513455038722 -0.7658652649918998 -0.032132126352026696 0.20398244176001443 -0.007217093910400439 0.10092050892939616 0.018214372978246185 -0.00525808103834509 -0.05592527362831725 -0.019411816849845977 0.38159927208944106 0.0036328416576956886 -0.050705713491840186 0.017549714442001336
-0.020419643740554327 -0.016152985533811143 0.38506150093859326 0.03786259420297323 -0.2109340443916214 -0.03440831316788863 0.026903435623195804 0.003292034095810883 -0.048733715720350984 -0.01951232746777885 0.005750329066062939 -0.0005281185135631948 -0.05946506240692714 0.058508670354714146 0.03476072368133869 -0.7670565893800715 -0.03613437330776453 0.20025336949842912 -0.006652074284405879 0.0981878572862383 0.018821081389099156 -0.00036725388641062974 -0.05544918222441981 -0.018509797837638134 0.38243842982889964 0.003351745669686129 -0.04935357278557094 0.017376851998060043
-0.023756253276508047 -0.0012120772791377077 0.3853838567876201 0.009061612597415817 -0.21705138557388567 -0.021928112666827797 0.023229965849056324 0.003794937338827604 -0.042496888167559824 -0.0203671596843628 -0.021190536003659503 0.004411674518110773 -0.07368099176506036 0.06846074508430353 0.004954118791558482 -0.7668953057171225 -0.007868089657365126 0.20168256040522622 -0.00764389833593328 0.08605180825478188 0.019655054533988872 0.0254188927343911 -0.06531139279268475 -0.00365335969269876 0.381950020707792 0.0038425574045670785 -0.04345895647329559 0.02062529910950765
-0.022776100056153027 -0.005995067419281644 0.3902748875098474 0.014448818061007503 -0.186118497742859 -0.03723035574331222 0.017547016170673835 0.003868503737215763 -0.0420738145294671 -0.01897413149572133 -0.016014487513382983 0.004701483850901742 -0.08114987853173886 0.06556399763249594 0.014374436163348728 -0.7764308624448463 -0.01291116420795644 0.1740235006618332 -0.007771978887179772 0.08538514720769322 0.018309389973201383 0.020328330974261472 -0.06247072423880967 -0.008296034657744799 0.38657034166806953 0.003897928868950633 -0.04320890654945099 0.019700946337054614
-0.020479680259104287 -0.01519108169954963 0.38511849957048255 0.03652558972963099 -0.21260182637422545 -0.02837607796604674 0.028050792973669067 0.003254791906215799 -0.0505166620525021 -0.01851661480538133 0.005576820511905277 -0.000650412176028672 -0.051363922357448695 0.05905427105156535 0.03280059458118722 -0.7667044811931765 -0.03463244624583159 0.20168624591098752 -0.0065633417891349756 0.10165384622220631 0.017849235714706185 -7.142115976564291e-05 -0.056333116556194725 -0.017519572791756644 0.3820334492474681 0.0033003216845351653 -0.05103853750721264 0.017775506677408844
-0.02025527131433302 -0.01781062555238851 0.3846819225401993 0.035219136259134656 -0.21535067750377254 -0.031258066645839085 0.02875897562935496 0.003546677413245581 -0.049651227920951585 -0.018683768683343153 0.010992485520389776 -0.000498515365331347 -0.049222230736122724 0.05828885368038219 0.037956982808373604 -0.7658004774097485 -0.03338975734052972 0.20445200256412227 -0.007169782274679858 0.10000512221994025 0.01797261146674627 -0.005637513483578515 -0.055487880395009674 -0.020053277930599248 0.3815296680368082 0.003614648310834757 -0.05025356626210808 0.017470773671815397
-0.020188754952649626 -0.015544865948909628 0.38357005365614955 0.03585836423109684 -0.22025449662899704 -0.034470306938657366 0.030245674789987173 0.0038063608152681797 -0.050171646771947694 -0.01863167441233123 0.00871359758697655 -0.0009788585012652368 -0.05087509894219539 0.05804961805924344 0.03343046179359386 -0.7638752583435857 -0.03397852735236569 0.2093914079748444 -0.007699228559107895 0.10100014456278447 0.017941597911226844 -0.003302276874048554 -0.05520870933406281 -0.017790705772678606 0.38071023247905283 0.003884191868741643 -0.05072809984264637 0.017364785256132484
