0.09803906190370522 -0.11195059080925163 -0.04381383902885447 0.05291428593914457 0.46973321172649196 -0.3101186725898009 -0.32776923432405103 0.0450472364455278 0.26336006572090187 0.33061972496479375 -0.1236400398856771 -0.2523266434084488 0.15706554384112686 -0.11680849665841309 0.12440914165481803 -0.4748609401957593 0.020297613928398177 -0.07018952766656765 0.02943148013305042 -0.01095949540154286 0.060152007131669794
0.13356887786471794 -0.0936556389238687 -0.0016135925705167017 0.07365000379975918 0.33756912140662687 -0.2494386773779389 -0.18867559861796732 0.1559320512929393 0.18610340328711622 0.2852976095493612 -0.1781162605346364 -0.3470477278456387 0.20079641117389943 -0.16947959967258813 0.024266082538050328 -0.6146708070545512 -0.01644838184086468 -0.04454775451097379 0.10972723356693083 -0.021015088448068604 0.03860231485227554
-0.31382415416968756 0.15867266463921306 0.14895644060462543 0.3385551383914647 4.4253809153121654e-05 -0.17030214116177209 -0.342949420207518 0.011441361789150667 -0.004052133511744758 0.05096843568542074 -0.2332902394041219 -0.0867089328654258 -0.35442202148214225 0.07808344329858694 -0.04667677843989325 0.3333950852554316 0.061896476841630854 0.25537798252360444 -0.22902647063426831 0.3091196646923943 -0.2571470373954108
0.035165653283410384 0.3360784837692346 -0.0021908543886272804 0.37894284823759394 -0.06832969603038982 -0.44686571809626846 -0.19056094384888264 -0.18747789117884084 -0.24212369464483702 0.09914045831776909 -0.3929749071197161 0.12929518992409816 -0.1374894773758934 0.11815345119181074 -0.051088836192185995 0.42162033332639237 0.013242574016890345 0.05386123297431405 -0.09898953562354378 0.021734052438349232 -0.014439353427406336
-0.08124497913362284 0.1611847517367172 0.001566479262087824 0.31174919027880643 -0.1129285631883243 -0.42079178161943687 0.022955082689986528 -0.0245969745329868 0.2564119504240056 0.16828568279062484 0.33563309803110053 0.36291017508954204 -0.13276261447409304 0.15084702515014164 -0.0024355623257452212 -0.5002108483725386 -0.021886463589211022 -0.11014061182080097 -0.18046282830442117 0.02968068344084867 0.06482551337802049
-0.2603975283759593 0.35278924163429615 0.08835249515386719 0.2526526635854637 0.16450292176316397 -0.3349196997566943 -0.16963483542125854 -0.07358219961379395 0.0968699565781284 0.2610364809206684 -0.19627245599469395 -0.3028890041569101 -0.23466222851592905 -0.277126464749829 0.13851209527752112 -0.054077624375697554 -0.06016399267836869 -0.030063318704809324 0.4257074734329628 0.05053958169841323 0.11225913463544138
-0.006343278443448347 0.5451761824955312 0.14123740297461082 0.3500560413541076 0.19216657797658054 -0.08808408312545885 -0.19851858400706945 0.0025107135196588038 0.0804740504328289 0.06003452855982546 -0.0919442569629562 -0.11391977092377645 -0.3892228705351815 0.028584402160723776 0.0015513599581545986 0.38209503042984777 0.18155482248104313 0.0720816290214894 -0.29794121783211813 0.0721795467459279 -0.11913751063744167
0.21832286157379538 0.4256791075440093 -0.003745455616144987 0.3508029799317745 0.223519814333766 -0.12963424426941278 -0.17018687733045518 0.09190977536294334 -0.015865766818958443 -0.01588365438048933 -0.05085050129205769 -0.07561363376520867 -0.48532448733998196 0.10015450174820047 0.09370524737405678 0.3561775306327974 0.16144489054659558 0.07056289355716845 -0.2967448115557036 0.12236136916530957 -0.14065589958012725
0.054088125255215155 0.26398309184600505 -0.016629874448208497 0.3199758549225329 0.3108186016760036 -0.09877054162768605 0.046892561204797935 -0.005274770367399073 -0.05100284594060613 0.10240708453197521 -0.09361673587561058 0.008702644287108374 -0.49888198950344925 0.03801677039171452 0.018045332925506807 0.5008723530951837 0.07118396363271068 0.12654412958597397 -0.39778932697402686 0.04412505773179281 -0.10684665280381324
0.11114165792930447 0.24879562638432207 0.082951043054763 0.330203068884249 0.2440713861858651 -0.2530324836705513 -0.3218197441744015 -0.07290120286686547 -0.03651706513151386 0.048209499460085146 -0.0760150967983206 -0.009960059133002411 -0.4691457260700502 -0.011624882289206434 0.1304152954603362 0.39011788936525377 0.049267625494987866 0.18958540751897296 -0.2508475324525755 0.10842082212635436 -0.2556108603033656
0.13044926329172282 0.44010300302964633 0.013754615293378241 0.3460599018209218 0.1934438086518028 -0.09205593451085359 -0.14000196782535582 0.006729978484535805 -0.02836197696021385 0.046018405724992044 -0.0766737893663177 -0.026861976624039892 -0.5186565412993085 0.09218465595486021 0.024609601732623988 0.3703996185186092 0.15511096851376974 0.11398063682681518 -0.35012682895005837 0.06077505497934964 -0.1250799107737173
-0.0988986309206798 0.16723835293586772 -0.0020886010614486307 0.09117497904937405 0.6092792697291723 -0.2513916403971143 -0.23991404940326982 -0.1588611955534091 0.15020890045458452 0.07226814206421266 -0.12403136076356583 -0.29250357859507276 -0.10546462317171892 -0.3000128262051527 0.14409920678683855 -0.36556778051738403 0.05630751966723545 -0.15206917013574908 0.028189173568309307 0.002462878037443783 0.1592478832116507
-0.04735641464923505 0.09948879334947751 0.017801892573413622 0.1252226157358489 0.4671045329612909 -0.04548407837982416 -0.36556865366141034 0.045775060136101386 0.0027266836201671587 -0.016460755456599828 -0.010459874126850087 -0.34077897170954397 0.03610163168311989 -0.31153761709946315 0.07469481496110482 -0.360740498649173 -0.09021225179645376 0.07084795232571339 0.2425003241425342 -0.3400737919151366 0.27868634204715387
0.12540641688009616 0.037568829773292844 0.010307704619409542 0.1413518988381905 0.3664000552672563 -0.17561932168526107 -0.10898624837236166 -0.026708973947635502 0.283103701142327 0.39893529492943425 -0.20953338701990526 -0.2808393421730345 0.23457484750795102 -0.2483628410437899 0.12801977296281403 -0.4410327003762164 0.028477183159650428 -0.0812384334979012 0.05719268904439959 -0.1478858641107523 0.2507197743820022
0.20271955179080736 -0.11768063458084801 -0.10465763124359072 -0.028547664290129525 0.41958919224081226 -0.25043579004860855 -0.1963634670227707 0.025666417120666894 0.2853432525568084 0.17208598913392845 -0.02160932705899409 -0.26713530725726614 0.22726131029456295 -0.04079397600456272 0.17883535118192934 -0.5931480682850303 -0.06086595548381347 -0.10010498767850165 0.057626584658913314 -0.09341572314778421 0.09768908548116839
-0.005280007183564013 -0.03121358746776104 -0.013461404745468595 0.062136378029766126 0.36995905023818226 -0.3227689778759303 -0.18367160656456927 0.1325584239963754 0.14526630295800314 0.1940792886359541 0.0523847279167787 -0.2758793305685104 0.033012678283665914 -0.2211305022016902 0.24214611303414324 -0.6102439223814544 -0.1713775821016823 -0.15029337459442366 0.1490950717521888 -0.04700957019503375 0.08693686803061464
0.13962262253753138 -0.1178851177022269 -0.026199610285893498 0.12444766178152895 0.3327229742491018 -0.24695119015912145 -0.22113006243920202 0.05916362744102539 0.3316732910006127 0.32044185050480634 -0.15156375571613262 -0.34264404732406695 0.1775512644359053 -0.10286131898500754 0.12138653215380947 -0.55203160847257 -0.017585507997203074 -0.045157991165756514 0.05159661500924705 -0.01801782036681068 0.07978829519370592
-0.1806388640695657 -0.19511529345657458 -0.013201260954268957 0.11318993783338736 0.4297089595108657 -0.28966773638039467 -0.06774708184232633 -0.0937427840995651 0.24291429762479944 0.29932508067922686 -0.0031365510482484066 -0.21206921167562237 -0.02341510866296697 -0.3512200226676338 0.20399621049211372 -0.3770141099887237 -0.2300411884504266 -0.09517386601386757 0.25824234365622106 -0.042161686748676715 0.05187659939936659
-0.08946196730052265 -0.1531121913800545 -0.008425175939236564 0.09788140159859646 0.31530585652356696 -0.3456531768976312 -0.0931806617353707 -0.08127120968800935 0.24894733784962655 0.27851560137377523 -0.17722936422228128 -0.24940187686347304 0.10606824564465632 -0.247913571576281 0.18849301578114605 -0.49652439100214446 -0.18472608502120158 -0.037835276862306415 0.2978509604115261 -0.059584504344417956 0.09467951640426889
-0.31386890719182264 0.0011276116186584968 0.012686553538844311 0.1487358236579967 0.2799404154176763 -0.5127406862084175 -0.2168992254305302 -0.0024958915803411194 0.23717387361500325 0.2628331200699879 -0.19762481599049742 -0.048804669905524976 -0.04006979685770485 -0.25560758335008066 0.21186684709358278 -0.24975015975732714 -0.0386988249410463 -0.1424740473294611 0.3278094081717966 0.009233215809952783 0.14340917570883463
-0.19940509968815548 0.0297171035492177 0.025384741500457317 0.19052473899137853 0.29792609359581085 -0.32303550502481354 -0.3854194563165597 -0.03375330626269986 0.2707695385785901 0.28582132592127457 -0.10764176886313374 -0.22452652099851877 0.1049728584216342 -0.2823812042411334 0.19706831396588484 -0.2925351778975169 -0.0321845480632007 -0.14926099767132403 0.3109678378743183 -0.07439023860288965 0.1479237236277762
-0.29800264543283284 -0.03579242104986584 0.00047615892756097255 0.031081006947496315 0.38000942833712653 -0.34439198619875616 -0.23062758518950116 0.02705813151976204 0.12240127045964737 0.41195543329553896 -0.19044148356764642 -0.17054579351629717 0.11159777527698474 -0.20581890282857448 0.21676309375495792 -0.36425514014512406 -0.03248409043513585 -0.06928125497207409 0.28008267266643805 -0.07213360057417621 0.13409498151587645
-0.3504104887496925 -0.2042956385587815 0.011640994379707387 0.13986402406577536 0.28821129438694204 -0.16644565434777198 -0.41961604827904786 -0.22648422437183563 0.07368205854769676 0.2684079585574866 -0.1140124124898499 -0.4314654352544041 -0.13916150286203868 -0.2750297416020184 0.06835671802059659 -0.136818545718139 -0.03360944852534394 -0.023123022345555695 0.2653858074062919 0.03607873986612195 0.09595700138626148
-0.1626895926536539 -0.23591156610376093 -0.006156434823627335 0.009161664519714285 0.31585078680253026 -0.27395220599885595 -0.30785689587463627 -0.08338250740909525 0.07818097874083631 0.21160564498995502 -0.09834781186748373 -0.1756406673969644 -0.19036523159900998 -0.3217667648468477 0.23943371198746077 -0.45087412799240295 -0.09662889548640052 -0.11136211953131732 0.13673566743360724 0.08258059904788742 0.31962662936662306
-0.03505168130957999 -0.07499652657463053 0.01175525923494085 0.12900888195464943 0.35227077323711065 -0.315387154720105 -0.12603145596776222 0.024345760675788503 0.19111103912038144 0.2895097388825452 -0.0960867254700093 -0.34045738378845 0.06119068186043243 -0.32532143854556195 0.13809950325780945 -0.5290468112737907 -0.12659856986536425 -0.05596258465262126 0.24488937922700257 -0.025538605012532335 0.05019402664965606
0.09963186904259357 0.2584917587603438 0.1263966017407153 0.40650353878789897 -0.059577640169917276 -0.22560056934933845 -0.13275882115301224 0.05426579647428158 -0.138910340507666 -0.0765909829322026 -0.28697504555355174 -0.1252841020102987 -0.5550726787733095 0.014718778839314271 -0.011802719980201631 0.37222287593836556 -0.15747386036141348 0.045630233677909166 0.10896751188685291 0.2185198035977043 -0.10143955222865107
-0.005985958132196162 0.4459316687499283 0.02963584595130184 0.2842080676840425 0.0733703507497926 -0.2708793070449003 -0.05737172888445968 -0.0892317689135552 -0.12118357694294606 0.017332554859541025 -0.2934400996958705 0.037714295945206415 -0.481665769556352 -0.07541135013095478 -0.017772219673157764 0.5112994223078619 0.030368152050127543 0.09431474139468211 -0.012089740650302978 0.11898313561905434 -0.05810557598122153
-0.023362806319197956 0.12611328134790606 0.0038030781505136112 0.14640793928718587 0.5411619761706337 -0.14430146285071496 -0.23864514776378998 0.09330670918332512 0.12040218293343326 0.0715237970418427 -0.02075308383639952 -0.36172280930757034 -0.07798493982453958 -0.26982863149828884 0.12949018604862667 -0.42772270587528144 -0.06177368773105673 -0.010346851334000163 0.2782779534113891 -0.19237145192076258 0.1868277348723132
0.025360694048267064 0.3051768678209483 0.011285543561867875 0.1500882863943229 0.4533774267204418 -0.08295105111880696 -0.3301517001732198 -0.0023924593387697683 0.17044979948130506 0.12002293643820307 -0.05674202834949048 -0.4538318152809168 0.08816422245092903 -0.21924235411904938 0.06424816151700273 -0.39650912126307275 0.01766873913653538 -0.051734975052638715 0.18106944324006802 -0.08004467485404994 0.2238775825169699
0.08026979704575932 0.2319677382532953 -0.001258930078600954 0.2120398901074209 -0.22648115229389082 -0.33241116922607045 -0.3439695216107749 0.01760924746533972 -0.19393531299332328 0.021894986243017868 -0.09288529730527857 0.07566484423752434 -0.41029687027842326 0.09679508503703857 0.04883499480743207 0.5811568043469411 0.05645711387277121 0.1393843318589302 -0.05253928744569989 0.08237765943722593 -0.10919394896372783
0.08797548697256519 0.14943372618389472 0.10235559286297886 0.3746491062670444 -0.0654973498356282 -0.4254888249335851 -0.1980331163992328 -0.09036313277160454 -0.20224505009725804 -0.026330340051963122 -0.29515859963610447 -0.008014480774010155 -0.4391378009521655 -0.0956576224570159 0.034307947941434894 0.36886459005289823 0.17420624501308776 0.03984114898429265 -0.0741141822608695 0.25167649647552204 -0.13266201111105927
-0.150492646094582 0.038528906702865025 0.0010202870778141249 0.23795016620696344 -0.08896890540519427 -0.27304553028267486 -0.2998207568098718 0.07452516860821709 -0.027383418567832798 -0.2656527779115653 -0.3375085278092363 0.027663714978571858 -0.5023673744425391 0.057734869695354754 -0.06947087266472395 0.4969415369374936 0.11622729519692279 0.03710156332422927 -0.019335992436757075 0.16836991554451322 -0.06512146693026102
0.07204565579046798 0.364995592595825 0.07655780065765808 0.3384654739246435 0.15853348001054923 -0.24142781833908142 -0.2842536319403656 -0.05614738853364043 -0.03880294456549978 0.049475480399202014 -0.09677032749841251 -0.02999810423967245 -0.4939801131583363 0.06381934569438333 0.14561335527262118 0.3989340217922897 0.0944685389334027 0.12715569472524943 -0.2698782229868812 0.07516932171135225 -0.16600740567223293
0.0258067956954406 0.20465970940529202 0.19717687597108502 0.443435099331213 0.1429840832245143 -0.14296138137788286 -0.4663722154298291 -0.019705536463851 -0.09841046767713783 0.10383801606432773 -0.15974761977001153 -0.028067418140979662 -0.35598612029469545 -0.12199924111826577 0.0402899124810353 0.3548825248293896 0.011089155129339577 0.20928199212933696 -0.21540006364843678 0.17250661953201493 -0.16472630067529007
-0.4560075683507845 0.4100546326132835 0.06972462115352437 -0.25509603293329147 -0.13576883457976816 0.33647781622063605 -0.05700342262327214 -0.08183723201473382 -0.034552822195098365 0.12248184856477419 -0.200981500848908 -0.05971093427396472 0.25571182925952807 0.2276170133522332 -0.08933179843014769 0.20744885354481898 -0.21133713522287806 0.18117065558344383 -0.22519637904008966 -0.17880112448961039 -0.15440927147018557
-0.07367853478292878 0.12531339245491763 0.2588723914333382 0.43642826222649705 -0.01283060939437042 -0.33183202308307996 -0.3019211131717425 -0.07323200072918137 -0.16210385891974574 -0.17543075791131713 -0.2994340922517845 -0.10418020227786141 -0.4557474795287936 -0.08063204315154822 -0.08433308291470447 0.3459517223259547 0.01710958121808914 0.05925310301435448 -0.007670237787228677 0.10475086961249654 -0.03437996039837625
-0.11614485471566302 0.0003174561407906022 0.2075115084717961 0.364174583942778 0.005381836876756627 -0.328783987787176 -0.28409316800680523 -0.11213186478939598 -0.049844552241141545 0.0308030523868086 -0.1683456471562524 0.0012181432055301238 -0.3975506030733296 -0.09944362860090145 0.15385386036809962 0.28933998314731985 0.21209711426121233 0.2034237399000432 -0.3740887283113126 0.23495171661391637 -0.14424100976025486
-0.09736786986002272 0.19278977881085899 0.1507081518129308 0.3790034981445872 -0.054764467733837585 -0.45004854485278367 -0.21385838087754885 -0.09260410406370667 -0.08931127195795716 -0.011290526935614055 -0.29690322805808944 -0.06917716035550095 -0.3010699304015418 -0.13572605045779113 0.0031309342611111225 0.2763954677232359 0.3661065041855404 0.08291905366262464 -0.20442516541694772 0.22199846747372312 -0.09299901744507937
0.005631239829594766 0.1195677175813059 0.27078422917919553 0.43075845059036494 -0.12454208143690522 -0.3574496117038928 -0.43856897653725174 -0.14059186133759474 -0.03101332761282205 0.08591764503255543 -0.21248819122780102 -0.04803447123042707 -0.36107635298919705 -0.08885936840581947 -0.006067578051806815 0.34173670762231323 0.03293144801468609 0.0874888089574624 0.006515842445187052 0.19979777460941778 -0.1086721356769283
-0.05330283579854107 0.016529277918175333 0.17393609864749643 0.43797993827471177 0.09165488083079548 -0.40611386984978476 -0.364152062735941 -0.12025023073087518 -0.09880436197480708 -0.036327793127857375 -0.3137971761986674 -0.14530080329835904 -0.32455094425080955 -0.03820002267819962 0.0007909564263955469 0.39108618726908523 0.09913006878945148 0.10716881562148539 -0.030506475562535496 0.1845510659859464 -0.08776790829232671
-0.07053569206499889 0.25318678958435553 0.0751197703396848 0.47302114210131363 0.023473216543264206 -0.34145522284212293 -0.29602077905773055 -0.20238369476267762 -0.13083939433916475 -0.025806718991235416 -0.37525618435555896 0.11732075483029249 -0.16962664242947495 -0.0754998952648224 0.0022632000818290296 0.21384727635252465 0.3944323296810679 0.04479162468291954 -0.13025646087298387 0.1578117361177693 -0.06139308891290162
-0.1072043082654691 0.22498751436549366 0.31995344875412574 0.42660643778191304 -0.04546126491599007 -0.30698755276809897 -0.27963075468818716 -0.03430828911522903 0.07436845506456262 -0.08485564798562786 -0.40525692989072637 -0.14736961909556393 -0.3303610515352997 -0.033668358219635576 -0.07692485037834487 0.28245085673165415 0.20268875882479212 0.07818011961273207 -0.06307354660499294 0.1656024163618138 -0.06781416014557524
-0.0798141707864726 0.1997868604006831 0.0986839743956811 0.3386346409801875 0.04725034614235376 -0.35683907827935946 -0.31739254829951585 -0.13796910773555163 -0.2142677207495076 -0.03811190418411487 -0.3992684078331987 0.06256499198055625 -0.2961278830004645 -0.10530341629897674 0.0763735134743983 0.24438798103457873 0.09588799853657445 0.2664588262628469 -0.3032960090520053 0.15238933554197523 -0.09759711422356863
-0.005386737704661753 0.11983146172001746 0.11297946067000283 0.3675048223836445 -0.05256906528263182 -0.45073262036574513 -0.3701572572373347 -0.14606050072615326 -0.0831934288868049 -0.03054384965199485 -0.32428793514789966 0.04147138328930329 -0.3739111907033005 -0.07165829396247049 -0.012870579022295152 0.3318640577064219 0.17517486597598686 0.09388680924490568 -0.10291848574452561 0.18980572238764343 -0.13196167058185007
-0.09019979751449836 0.07947623692558169 0.13076401489691578 0.29167409467993877 -0.045593963025735026 -0.4143852069268983 -0.37427764380709 -0.16996662835573326 -0.17020569146927914 -0.06923971752622761 -0.30740404630058926 0.0979479884531021 -0.28321177356904964 -0.2893942852934549 0.13064248412607038 0.284208666011055 0.29028045181113654 0.15009697868625496 0.013485233201596518 0.1512988138203036 -0.10529965218125335
-0.16667734672175757 -0.04577724595514941 0.24042304619672283 0.4863847201873935 0.05993124858437107 -0.34965761666608147 -0.2970825563341528 -0.09639412686367184 -0.023645776514534606 0.10262837802850543 -0.2815004212237539 -0.03341632895600021 -0.332800494107437 -0.16199518125689452 -0.004712630436681014 0.21486668974105794 0.20459574738336764 0.07929474211482547 -0.09026913878067619 0.30780390419030834 -0.16330799010833394
-0.1898313075063917 0.0606273476899922 0.08527729399770309 0.33821533098458245 0.004516439074765052 -0.48012082015561386 -0.3546592932884906 -0.21853326435676998 -0.10172127968034898 0.04954786338563032 -0.30057200638833714 0.02508515705332777 -0.2799289365121049 0.0728291679383798 0.07035334920681405 0.23323300996465654 0.22459851811333992 0.1970767295323469 -0.1908486710500761 0.18197146981286197 -0.17012664123438986
-0.07168435908629395 0.008716118881523072 0.07623349890546292 0.38054307699204803 0.1719244589457902 -0.28083831175453483 -0.25551631697853894 -0.14231670746139877 -0.08614387025822702 -0.008301600489765863 -0.28836750875529665 -0.09914460751404094 -0.44746049597014514 -0.11320985578333274 -0.08740936170948695 0.3488155581827948 0.360248346789928 0.08714038714773004 -0.1416460786744853 0.20044034756475565 -0.09875482498374928
0.028010954087593784 0.04658495751571619 0.07002128396341288 0.3417190039821591 0.018681559094957768 -0.3523661590541744 -0.35751654761850427 -0.07517569343317594 -0.23812901696420147 -0.21132688595656382 -0.31552474960102833 0.018990052918202452 -0.3086955464050608 -0.025668850343063574 -0.03937249372862384 0.38890713064091104 0.3116975100342106 0.12483864197140768 -0.0995016269782592 0.18591168230328683 -0.10076949077409059
-0.13905585006801907 0.04282124360313207 0.09827036300062805 0.3448169804933448 0.16551714389570543 -0.3035844649417734 -0.38882246592658243 -0.1170111392225815 -0.17016594613041705 -0.13348972752125518 -0.2640660328240081 0.021663932614530836 -0.38176383329656005 -0.17827955118122576 0.003624235013404375 0.29981257000354167 0.23775166775535578 0.06560079207568581 -0.14512657277307187 0.2896073704483164 -0.12518973826225996
-0.1451659851312016 0.08637562327390777 0.08828846856750674 0.2691219133374473 0.28929877936891896 -0.318971101977366 -0.5032188131201089 0.07422337315860283 0.2777618841977316 0.2509404581239784 -0.10515704389491864 -0.2699191008331617 -0.16632306345371525 -0.18809363206678067 0.048684818381278215 -0.3032779653943933 -0.09865470170963793 -0.1329474074247175 0.13244687777752479 0.06995426272700568 0.12569426350585422
-0.26675513981967197 0.08858305601024669 0.08542373029330264 0.27700302853679504 0.2674749546548334 -0.3243027498687744 -0.481014038695492 0.06642351125942825 0.2202543894056464 0.26498684928059496 -0.08020016112091229 -0.2851650656114436 0.08153276440995809 -0.1469435204024666 0.09711812681417438 -0.20465884219604782 -0.16550064975577214 -0.10166533003272743 0.2738152408717922 -0.06236448457621167 0.14777125712616948
-0.04799691850223358 0.1375621870346634 0.003160161897831384 0.05952058584743657 0.30977295516174336 -0.20612445046569292 -0.5180797494071521 0.10780988089299594 0.08230128890256241 0.09845195090296746 -0.09489964981513929 -0.2890222385500778 -0.02017409086966237 -0.4513892539734999 0.20206643747173766 -0.15626974529859403 -0.09564106880091151 -0.16789006489458325 0.3360750723394311 -0.06590772526289455 0.1539580969966137
-0.18397111222468507 0.09848635847646602 0.06113364210020855 0.36070044171840077 0.2204686960280541 -0.32345358114809064 -0.44369375981386633 0.03893907451312243 0.19344729404360492 0.29714918526048895 -0.041739647205158804 -0.23352521278012087 -0.10830146807739567 -0.18544531770561506 0.11594073763363763 -0.1866739852399905 -0.2644655419795025 -0.06919294905962918 0.33481983759791556 -0.05523723949480455 0.06866135338898287
-0.3031961485950626 0.0674373444432912 0.04185023417382282 0.18426681995386301 0.31670204908531063 -0.20346285500731656 -0.46034440708841984 0.09160629305346722 0.17359846531398204 0.14154792539995759 -0.2822527392496881 -0.36924971501580117 -0.1672409112337635 -0.2272859346491973 0.13435596542614955 -0.05814628194085117 -0.14431624069987123 -0.13632895305418793 0.27925372519153685 -0.07494515697270497 0.1247207765534125
-0.25404909422848715 0.12480825283288924 0.015942740211485975 0.12726141230538499 0.2523814680197512 -0.19522851277096534 -0.4416301431176103 0.08471739387784076 0.19107993208236812 0.26172984337889343 -0.15700390398654004 -0.3560642978517032 0.0050581188004866625 -0.16622836058185664 0.1588688753571375 -0.28015319131215977 -0.22492143061474967 -0.11815405940017303 0.29291759812243534 -0.13453135276510791 0.2076762916109504
-0.2576831584990311 0.11532551775398599 0.04451234211255075 0.1982780950403647 0.3496126006833422 -0.2201960998328413 -0.38140062152010473 0.07193472832977267 0.2460154018509358 0.24809945875409595 -0.01949261165220613 -0.24822121025958288 -0.10616053468079026 -0.2476640230229879 0.1596528545273969 -0.3096542248557384 -0.17287121879795875 -0.20517470771885116 0.16308495314320495 0.02388882655351528 0.2836301874174435
-0.12788009256666405 0.06490132819642627 0.06004224793485662 0.27912910305574795 0.2945283170238043 -0.22776400927203516 -0.3941121283984317 0.18893651004979836 0.2731010191739889 0.2346101712947009 -0.08271205070339692 -0.29384925154301994 -0.062084327916962556 -0.13794859296951417 0.15712133587505323 -0.3075679951977992 -0.15270855211535944 -0.13642595342999939 0.3214681189765878 0.05265834257125379 0.2350336135968397
-0.2995642093171828 0.27323406507991327 0.024261662978831526 0.16663899047506078 0.20300642475887307 -0.26380455767470595 -0.42029270780093014 -0.05017185494897402 0.23443322715780632 0.17031155237371146 -0.14917818567910718 -0.3780292778690449 -0.04652535694969506 -0.22461757948889055 0.09930290210786892 -0.2865975859934571 -0.02610662085319275 -0.06445679478073219 0.3126703700433249 0.03255980903449152 0.140990593400905
-0.278158934921397 0.10893834666744089 0.07676547437015115 0.2392600850020176 0.23919235657220836 -0.17893728132627448 -0.5623968777966759 0.045236362165873116 0.1976017815005888 0.223535854152852 -0.13181707814898405 -0.24150825738831486 -0.04078674279999177 -0.23317076253566693 0.021645775449591023 -0.2790320376982429 -0.10762313202300922 -0.08601880613092491 0.2187460823509846 -0.06392076472670784 0.264687772817334
-0.1833100304545612 0.1447319208244635 0.00908217778147384 0.04623577574800619 0.3619410304349547 -0.18848570830099642 -0.5053225643415389 0.0004629283978574372 0.09562856188756264 0.27359540092675877 -0.05719196262432839 -0.3578980808068127 0.0707179867382183 -0.16647159722379345 0.10435146605164024 -0.29600689092739896 -0.2676524972560922 -0.04499620838610769 0.2676276602827907 -0.022523520504642416 0.17021117145889123
-0.3271468811602153 -0.03633167882392659 0.030316319697941102 0.11124340401461177 0.3153194453585659 -0.2114356183553219 -0.42795313216950726 0.037754844599607915 0.16895061801421396 0.3458385046779712 -0.2321110367101661 -0.23433517491824604 0.023561746487451556 -0.11580540235374713 0.0872133370522366 -0.21377503298995493 -0.29318781294369406 -0.1635200815897223 0.23474632826121614 -0.1270928778832152 0.20370235868355732
0.009286693127812719 0.2684245322665441 0.002856137540039309 0.09105233579813143 0.395471882957571 -0.11908845819753774 -0.3685699138391538 0.11538210096048701 0.19938286048401277 0.10913598504777164 -0.01889164152808414 -0.43482840878043966 -0.014723385889184246 -0.24937927531556534 0.13215316055051413 -0.361995550767693 -0.09709337479359818 -0.11066722894877078 0.3191969754770422 -0.027413509088114192 0.1533134924049228
-0.12496350995008335 0.1289919116589056 0.043460705734224836 0.17188450093889215 0.2177042528601869 -0.3693232347907821 -0.3812736648066268 0.06792195410144085 0.15225772605094995 0.24296278617990252 -0.24732306886439567 -0.2029640897139221 -0.07499287381818827 -0.3384093823776299 0.260103994280715 -0.2332452490019029 -0.2238300674139995 0.07165453225638387 0.33459652665243395 -0.07959652800732986 0.04723196559354978
-0.14874666928444147 0.11938005236973447 0.030989766003888888 0.16157750029399487 0.33107163397144534 -0.15219746680543636 -0.405501411751831 0.09881336939423455 0.20317717986106446 0.21141762509732182 -0.13939231409230685 -0.3014595333209046 -0.12264095103573357 -0.13708391250117602 0.23608641734289265 -0.2851228977310819 -0.2172027793610387 -0.1708516549096114 0.2991864198631893 0.010542675055199145 0.3105561079659836
-0.1236314276617918 0.22758515185650374 0.013163060810749019 0.15492437852092283 0.26862041584463436 -0.2642533409937389 -0.43889371291972185 0.04336428247549342 0.3044583668791286 0.3220900905431648 -0.1695827044929289 -0.2995065980111411 -0.012547091548625116 -0.13485033484031037 0.20311045471916814 -0.2006752607322244 -0.15569810274165066 -0.08096780938992922 0.34209488304207986 -0.014724055555978922 0.0971661472697306
-0.15163326625739154 0.037967220945555824 -0.0008845189900885572 0.06497406760282431 0.3751219074081992 -0.1480213093218921 -0.30844907004673217 0.07684028490636408 0.20088274567062633 0.34683920940648494 -0.12113712086289202 -0.3654850245427785 -0.14192208036356516 -0.34926367417508775 0.1712605439048553 -0.20625314617532073 -0.24282335959342327 -0.06981039492336215 0.2793654879923947 -0.10181491206437338 0.18033592744317523
-0.16899887526778448 0.03366696911927073 0.03541007215148311 0.19237095924669234 0.20363724502953198 -0.22145023176977066 -0.6140865511373816 0.17189136982254444 0.2042158443964596 0.13383312594723779 -8.804324569097253e-05 -0.3668250885143891 -0.16652472085178316 -0.12112121032603053 0.23236570758946878 -0.056186963984311916 -0.2007526355837664 -0.20692680175485767 0.2220836604986182 0.0005068581658693077 0.09337429926059683
-0.37706238194095515 0.06429712108055169 -0.03725660422330352 0.253984354563998 0.18345830270534863 -0.22625601935177414 -0.32667494002124847 -0.025243050088803586 0.23875705205154 0.18892143410590176 -0.04243977222668325 -0.3788013420916475 -0.027509765583350804 -0.1445094927401508 0.1494359039149598 -0.23126057950760753 -0.32003744118848304 -0.0687986584294298 0.3708363854864856 -0.07648528184343528 0.09810337948817535
-0.2548324024045226 0.016636691221049306 -0.013446710535559316 0.08623713170512556 0.2891597548486529 -0.23993866427906585 -0.26953585856432355 0.19367372892752036 0.16516259589313484 0.25257270575078306 -0.2989852439940878 -0.3311131296620699 0.03794721222547331 -0.14399071360431373 0.11206911345642562 -0.3465852178719849 -0.2896345391929102 -0.09122959763150833 0.2579511180268061 -0.02210790222425178 0.26763892768266023
-0.25793903650181066 0.06605969855514564 0.040975002749821146 0.2231145049681325 0.34040054650793283 -0.37258556830187195 -0.3264702622966463 0.06211892493480766 0.08323517851633061 0.1324566558684114 -0.19697219364328344 -0.28123303456871607 0.06240902935228253 -0.2155520470094606 0.25244278034947876 -0.19366990336202813 -0.21993771033776485 -0.1118512061313808 0.28168410070714467 -0.14980035763104935 0.23640040416286764
-0.03631469228180266 0.2802908537527323 -0.0020385367274562164 0.12113794278886221 0.29148633544151953 -0.25204900294273397 -0.5489571677493742 0.06546564739230339 0.29067670527960665 0.3517742996484422 -0.16313036836104083 -0.15444139601968823 -0.01168751010738241 -0.08124277184198107 0.17176404575513787 -0.23699148096783013 -0.16471435381964292 -0.07213384788440909 0.15594310337744663 0.07616881605415121 0.1942842362764065
-0.2845206652608764 0.16188539388445092 0.07791081697772574 0.2288813064185583 0.21517367851511982 -0.3334126876222106 -0.4613425830456031 0.029993410437771532 0.20767610079852505 0.2679821281338981 -0.042905348407663114 -0.27073224242298805 -0.07473107357139064 -0.16731518595352857 0.20779425677144203 -0.23157904149317965 -0.16407685422071508 -0.1830700465217185 0.23875587571550402 -0.036145844740934574 0.15482341583836765
-0.174474780572891 0.08519061499798969 -0.016368990475109552 0.11737090641237208 0.5217251387658649 -0.1952625216730187 -0.3874587931315396 0.14337818273942476 0.18255680892941914 0.19881705142514744 -0.11117846946798933 -0.1823630233354425 -0.0496815273747341 -0.24815149133460634 0.13024324453849886 -0.10279584848195158 -0.30793710992528134 -0.03904342408160731 0.3399264642567892 -0.15406449508151132 0.14685258902727766
0.19594538543140919 0.1133628164167159 0.17899168001747592 0.5002087897878938 -0.0010641189650292707 -0.20359747892654675 -0.222017338541471 -0.09141865762785721 -0.12400726789741862 0.006273801772772811 -0.28407231171614333 -0.034800425841715776 -0.3968100502853175 -0.0688328948419414 -0.12773694309958494 0.41032764909888103 0.1222550122884141 0.11495449601029399 -0.21930895317355176 0.1816778402457844 -0.11804324675671665
-0.12884215198421572 0.03280277901271781 0.125808229694738 0.31238326035915764 -0.08811471475004662 -0.384958290051031 -0.35125098980432656 -0.08812500959661965 -0.11340243460420528 0.07147683289147228 -0.1641466006879789 0.06831284332885124 -0.3672322499647933 -0.14357313989480858 -0.00940426811006259 0.39300830218184946 0.15125332154940258 0.08089647327947207 -0.29319688383418335 0.2525486104097291 -0.20748191181392803
0.01133727547510957 0.17536285340069613 0.1893588541979102 0.271809449850117 -0.06623354961982492 -0.15056252386686722 -0.2953019496708101 -0.12127318094505747 0.05162949665886599 0.025220532888272577 -0.22297188556870434 0.23847705630434254 -0.44124838795609006 -0.16140363919870312 -0.08738390829896682 0.559040989998799 0.08994633391693026 -0.03687848883084603 -0.07326907490171487 0.22835026606295494 -0.11247103802413592
-0.020124554104010515 0.2083831236971871 0.1571237405247023 0.4584949898925044 0.09521183349942107 -0.27821416869898624 -0.15077187213092708 0.006272538489721942 -0.11699514645308579 0.13257865638455746 -0.14616022264532863 0.08029211189519854 -0.33028165747395005 -0.14089348332966217 0.10181441799813797 0.4998844572729688 0.08718738733936612 0.0038035254846949373 -0.015721301535677152 0.339704915554776 -0.20124895911629903
0.01996518593266755 0.13745824936823867 0.11183680041686937 0.37310153082788805 -0.10056787067446603 -0.43611122919864004 -0.26718039308541136 -0.051688619872566136 -0.05806713265495949 0.0196267843110724 -0.34221617860733394 0.04958993819024549 -0.440619530872064 -0.08239346430513755 0.06016478231024989 0.306635448057342 0.12050190166469517 -0.034520051436915895 -0.16768434115969755 0.26519552395755963 -0.13624956960033893
-0.004436069281998366 0.06963690289062388 0.20096277143905492 0.533824493406441 0.02110720352352332 -0.24133955978416946 -0.2733328829422382 0.018135559118584006 -0.05963555877178682 0.20238217306969492 -0.006913160642771767 0.12394321805277675 -0.40267982597183344 0.007631508917822445 0.050796068733446026 0.49896295258426904 0.05836372052048908 0.03104389412680256 -0.009560928635276885 0.2047260340481392 -0.12646707812834523
0.07234755635792937 -0.0004872761344501405 0.17015021493316754 0.4107641748702281 0.05462448602322179 -0.3924515458804816 -0.36551315284360564 -0.04193649336542629 -0.09704915928972799 0.013496899744944542 -0.36659139698157245 0.0015857899101771801 -0.2648697094587703 -0.14417997739729627 -0.03498448048509113 0.3439125071183275 0.13702898624899662 0.12127449492849939 -0.26973446320099287 0.08576764899878571 -0.1915553745044798
-0.006243429979916374 0.10865588152704601 0.19497879595116704 0.3324139880227717 -0.004649572939341469 -0.18014894541667262 -0.24458473379050585 -0.17830093676867337 0.04603560546696743 0.1839667703546602 -0.20978529932842482 0.060489645479995635 -0.4849991494693319 -0.125957905811361 0.0007412677615623428 0.412197313664752 0.02143691724138254 0.10562253200549097 -0.2606679470448387 0.32076849650760725 -0.16871994970825144
0.002842253193759582 0.11802634633947137 0.24813130106127984 0.37132842614818 -0.06014568017861186 -0.30461965217274434 -0.20064512495204875 -0.07636395273407004 -0.03671154619646247 -0.07760480237379237 -0.22554172659194635 -0.0437504295826337 -0.42546385825549915 -0.031671404270455214 0.017840480488236027 0.4492230614422535 0.19277186994073414 0.1680979583393577 -0.2175709178382701 0.2471108162028687 -0.16122282977447425
0.08534600521942975 0.006489114132484719 0.16647669421426767 0.42974588739162944 0.05696213282605686 -0.37237033272750175 -0.3236711965264892 -0.14962973287074885 0.012636308181975536 0.09285929633419089 -0.3145355607108575 0.059450747229989206 -0.26500515270711994 -0.16276754345324657 -0.1000995753880323 0.39975186737611784 0.23420845621612202 -0.041581453103916366 -0.08259719592743155 0.24757755753745098 -0.09343394218053182
-0.02208134021262043 0.07105540417052633 0.05384269455251512 0.3721863674762896 -0.012736487053734681 -0.3082999636479626 -0.26381741266396475 -0.013986331908044427 -0.11919045456707801 0.09765966583298469 -0.33012648848597936 0.10392926831396372 -0.2779704237194802 -0.15605655236908642 -0.16600301352840688 0.48818243523839633 0.17469101628840547 0.04657361589506007 -0.144389890099843 0.27633318073333296 -0.21705323098838272
-0.01015683365670363 0.12183984465181746 0.07184168424003047 0.39291038861632555 0.16283026438932802 -0.3563208865162381 -0.3387932833676421 -0.17103427082008685 -0.14316303853547654 0.10275550844093072 -0.3708443267606548 0.12289366580536762 -0.36363174773255175 -0.12706016056048863 -0.037216587265044315 0.2627818188870748 0.0790604134298671 0.10109596634357502 -0.1480304002172418 0.2307598451947452 -0.18404279989920083
-0.020799975572161105 0.1713194138924347 0.0981549578480184 0.3879930017174147 -0.009833599823891167 -0.23401018092203946 -0.1974543948100027 -0.15508221889946355 -0.09634624934150327 0.05065334959246093 -0.34559616265631093 0.08119040370108994 -0.41818380323815707 -0.03045707586396214 -0.09398265675368159 0.36244920207387793 0.17675934062498352 0.11210588222083685 -0.3313739632896531 0.23982751119081022 -0.16469937371865254
0.06534627917369218 0.026601341212435868 0.24253046392259753 0.4009661347329956 -0.09462039779826723 -0.3470813993560171 -0.20579796876349082 -0.13102554326498497 -0.07952749091168634 0.007616001247299492 -0.1966199672689922 0.009437066907997478 -0.3837080273701935 -0.2730778763465099 -0.06992110959823113 0.36755352910771016 0.21309669199416023 -0.08020457293356978 -0.07865572008318736 0.3300449397110015 -0.11229408949965435
-0.04207371335509727 0.08400117099264778 -0.0038821795564544593 0.3683472450609173 -0.08280902022138903 -0.2859710087205182 -0.34069983572475243 0.025151609464109503 -0.13033473190315684 -0.04402728981985438 -0.3001256823243937 -0.07462105124780678 -0.33926580206023366 0.010187805429006727 -0.0909770325315344 0.4630934564657161 0.2562710261254263 0.07930740579984533 -0.17017996780540037 0.25688585144193804 -0.17524361942438305
0.040287774609678625 0.06089774754859821 0.136631633495799 0.31854609923854255 0.040832166594896656 -0.3787086737836104 -0.1530175783661361 -0.18763261225325747 0.04909351764208692 0.011787332191781158 -0.42268009666807915 0.1183794472825263 -0.39023348201652863 -0.06533727461981301 0.003110780292494988 0.3785427348580251 0.24779817874639717 0.032594296563987185 -0.08245128803074753 0.28835748134104067 -0.1527395764261693
0.02417177357848431 0.07269735488122706 0.1594186316005614 0.4038946416445282 0.004473736586532013 -0.36465629633247226 -0.1807517830766161 -0.09097676582861093 0.004726917695709383 0.08486764165062904 -0.35305867337426994 -0.08813549690611042 -0.5467640738130284 -0.0332799259590038 0.030712770963191933 0.38347423408118236 0.05158977909124323 0.08267047552316209 -0.08109352642764053 0.14747110989337164 -0.07827009655342054
-0.0013158767114928084 0.1114731275224081 0.15981080187769228 0.349981959129721 0.03830124954857233 -0.21837088910319205 -0.2748566233527726 -0.1904085248994964 -0.0631896586599493 0.061593326201251734 -0.2608397749111626 -0.019970712721259613 -0.39207815609049396 -0.2122977796579234 -0.046873561789254205 0.3512709743670019 0.15599441118539506 0.043012607587457806 -0.0385169627744845 0.434879469629146 -0.24737774952891184
0.14372608405498835 0.1665176039824502 0.20656440621696948 0.45178221149661596 0.03579717270839349 -0.30414489645189147 -0.20577411624025024 -0.1308441764359362 -0.08010235894352884 0.009680682258471237 -0.229124662465956 -0.010982073237111482 -0.43938157918754195 -0.18492820990012157 -0.005337119891595971 0.3718507579184208 0.18820652449099684 -0.02914458251202286 -0.15549252582134382 0.24107860652538543 -0.09130777475956023
-0.14936530358833588 0.10882667834880566 0.13391084933000544 0.34412109995794626 0.006960461013313048 -0.37772040288064174 -0.18254725277587758 -0.14339907280182795 -0.10756169359958255 0.0678726939298194 -0.3007649625254285 -0.06326786568269642 -0.38909924589480543 -0.2051324255377867 -0.09746909950361689 0.3551556638654483 0.1863992299894158 0.1208377989282829 -0.08241922339526503 0.3178781163270187 -0.18960375755398173
0.0034961578830637477 0.1626045726390011 0.2107214546808418 0.3010120485334612 -0.0360790625724611 -0.16180241944123158 -0.2634671277469831 -0.2377049649793182 0.004093198458201612 0.044068754978619534 -0.24035605935273585 -0.026986089598240726 -0.358908368519152 -0.13789933951504085 -0.09686068351342553 0.4342507108556733 0.1902428118498506 0.09013273210914777 -0.25992151767681926 0.359167203541109 -0.19497108188442694
0.0851062418934428 -0.1318992270222751 0.11716167797724586 0.4145233954144001 -0.057077937222571824 -0.41375375741953574 -0.28248367008737 -0.020222473479787836 0.02979224547625579 -0.021028053036205755 -0.3802483047853372 0.023300208636211118 -0.38063481379257785 -0.10899473777299809 -0.11689190083305023 0.32688925227541055 0.17129863710312815 -0.02644060582422033 -0.004189486016376465 0.26877678936339916 -0.0954028059531568
-0.04839702651701212 0.3276541407463403 0.16981188616979756 0.40548860359628963 0.013586192003901177 -0.23766971955198016 -0.2252005577686512 -0.05664347064715009 0.002499299230419937 0.034826258258602284 -0.3165917185357399 0.23597680940930768 -0.2875482520337674 -0.10605111805825138 -0.04013417125945968 0.43294620027507336 0.16231809749827134 -0.02506332953806633 -0.049758265166923416 0.2915894586027176 -0.17847698523997532
-0.29798036095394415 0.09121116407761051 0.10863270985842684 0.5117324690561881 0.1493544119829475 -0.21008017006778132 -0.18463117904264106 -0.23833709027906408 -0.06072015768437947 0.2734432730343692 -0.16532499792703187 0.10043116701190317 -0.23405049547124593 -0.07038810823201148 -0.06338642956807544 0.3485554401777223 0.24711380733467642 0.09604415216992322 -0.18727231697665236 0.21325713638763785 -0.14115365248852146
-0.02925795447336495 0.15890711726663442 0.18763023416700794 0.38241621407639476 0.042303672003822484 -0.33351060372516533 -0.21966260908675966 -0.07871559763559516 -0.07145954730656477 -0.06168090195039887 -0.31899220504244413 -0.11203166341838428 -0.35843674047086654 -0.13084761298759087 -0.018742154346218787 0.3941773589943776 0.049086465778477736 0.10825455152451224 -0.19326444606723808 0.34733146887356514 -0.1682750875616966
0.0500195523702989 0.012173548746624175 0.1290398420737652 0.33511910026726055 -0.054828191612090765 -0.24204013512532835 -0.34616539609602476 -0.1300460331240338 0.0314377436867744 0.08518825192159617 -0.26733620564293975 -0.03934652187333079 -0.4000787195496078 -0.1068491077244973 -0.12067308036903229 0.28018638708493177 0.30244968414083656 0.02241526609327877 -0.1237899171691665 0.41922945665813677 -0.20297272590923454
0.04236920554269095 -0.0425777459356986 0.23314525117812973 0.3374396651016519 -0.14325104722249396 -0.4238993892657222 -0.3042621765349147 -0.09570928804943317 0.03157936828439756 0.0539431138867335 -0.30482469071406726 -0.01410397854785885 -0.3463385711909662 -0.07763738757471074 0.04005046005608324 0.3720254950350102 0.10335830179853057 0.10909351112000433 -0.17572645949545618 0.2689093474193326 -0.19348640448340954
0.031204947064770276 0.12761410526910152 0.15767249737877145 0.4435332846150859 0.12013340831295342 -0.3233554439062195 -0.23908142050162923 -0.001583180239268025 -0.00856933371994089 0.04832334602409474 -0.20854054109441397 0.07082283587102765 -0.40493317497071596 -0.10746355567847216 0.016751056950105737 0.4358176794574922 0.0750486613862081 0.07127232346388894 -0.09906205366727476 0.25453228599770816 -0.2881713352139778
-0.06741412805146188 0.19383716281431906 0.03271469059179485 0.28436860001692044 0.017158289056588432 -0.18940353811633442 -0.4077726167084601 -0.11533261779695121 -0.119028372657899 0.17524809576316297 -0.22372068821144134 0.12405060046521933 -0.3645176862632213 -0.15010357470038355 -0.13203818080883134 0.39577442868904744 0.0756290486568841 0.08831955218695114 -0.16872900405359867 0.3394592906409177 -0.25135925560280686
0.22440765110360905 0.17475704304350242 0.11938551445970526 0.4175388899928404 0.11273253152256671 -0.29235411095120795 -0.12983712114591767 -0.006091662952146513 -0.10086842602452498 -0.037901514310290554 -0.3763993077394876 0.06881602018447776 -0.25908913324721583 -0.053464543997345494 -0.027747625641612667 0.473409887563631 0.16402985300836548 0.10370267273850649 -0.22623872297114003 0.25052092776310697 -0.10457031885399497
0.07005176455992326 0.09893908843191283 0.12741666500629883 0.39902336564498364 0.12025320906460647 -0.2740463665108942 -0.21319432616007516 -0.19896237157083063 -0.20653638211843608 0.06830333874711687 -0.23535858512631339 0.07394544228687756 -0.3754473192608792 -0.1508236889736102 -0.06593313552142431 0.42619998286962246 0.11648573947701032 0.11497347307264652 -0.2939485182375773 0.22861043138065937 -0.10911682495581232
-0.06698632679724394 0.07935836202610554 0.14997467530333208 0.3584769588530648 0.036838597105802284 -0.21097483969090883 -0.31855519985145286 -0.15930592397562968 -0.1255841199302455 -0.01751475353059687 -0.2927953349405415 -0.007218345015374105 -0.39631330783968355 -0.250766235973476 -0.13036987463603442 0.4146853567847661 0.1939623727671305 0.09376955258826052 -0.052922203922750974 0.2960864471067532 -0.1335817106678573
-0.04708038840606689 0.19690181183092353 0.19323410820850118 0.4158843952479017 0.029762554163168288 -0.22262970932093215 -0.19787602303285196 -0.09434801310525348 -0.08519820544531702 -0.07037088064288669 -0.3069973960466587 -0.006748340801077441 -0.33769819739086954 -0.19069190192922603 -0.1263847607955042 0.483333873622659 0.16956488420626345 0.013434088620756273 -0.09037113801002719 0.252311790900072 -0.2072552508182937
-0.10082376701631954 -0.046141245031307725 0.160343150612249 0.34558159062813787 -0.020584384396506995 -0.36203763442824594 -0.2657850775556929 -0.23891956747607435 -0.037328743981915 0.15325484041020562 -0.1936065325046997 0.08282552663686861 -0.3130517883645067 -0.219567638934696 0.016576932000151954 0.41370940355764496 0.17564152172647723 0.04991080012997587 -0.1160876357447494 0.25471847566105055 -0.2911790029947422
0.04378904364580526 0.20377129304297253 0.1033016293438659 0.3595097105525257 -0.05977230015216577 -0.25729361640705106 -0.23887210207576445 -0.1458154911742243 -0.11435175403954695 0.10764216086650107 -0.33836425787619734 0.21510902090718576 -0.28936567209725617 0.030602203321953833 -0.006923957797256633 0.49581383808720697 0.07835926990149653 0.22421614871861054 -0.2232116702385352 0.16456860762964384 -0.13875700408888045
-0.043396203078783294 0.22345215351234987 0.10615416741689246 0.29507399278115193 -0.013754980493070399 -0.30987178185232295 -0.29187998738887855 -0.09230286916886803 -0.02607599580033785 0.04612274259039606 -0.342175740117397 0.012497831210653499 -0.4586559970326988 -0.10263399662370612 -0.06615400179258692 0.3577457120609096 0.18384224244022304 -0.014033605038346319 -0.2742314643529412 0.25109192735159785 -0.11989578568258673
-0.005056838331725952 -0.1173720647345439 0.27115790294637404 0.3040148142478403 -0.15119932744858414 -0.26219768240296637 -0.267751404648872 -0.17332642657082464 0.01269852711544193 -0.03062068312229346 -0.27941521635229244 0.092999951100967 -0.471311808481203 -0.13375813488778338 -0.10173953269176722 0.4376556657564001 0.10405695803694613 0.06152447566420771 -0.09996598499671529 0.24320513054948384 -0.11579997050559714
0.06377715326630701 0.10491508419355247 0.2203731165450346 0.42861646913071555 0.06699654408366483 -0.2795543631402625 -0.3610500976926598 -0.20050819771176695 -0.14901126727947261 0.05806520989280528 -0.16462180849105781 0.02202865110025935 -0.18915058463959633 -0.19091845862006185 -0.026933851386344732 0.41541605633766004 0.19912830892245684 0.03328999697899732 -0.3448452845373054 0.14644360156183928 -0.14014084001515387
0.08798777722205316 0.1378325674938405 0.2172800345712208 0.5122021155969977 0.045239604998426663 -0.32105712792522373 -0.24649996500510515 -0.1402219755273121 -0.2612520462526751 0.032748728195888546 -0.19871465251570433 0.09367306170294025 -0.3264900410649172 -0.17246950333004113 0.07411951273614857 0.34742666219568585 0.015098458527443499 0.07236184125822699 -0.18976915586477344 0.2039882669058965 -0.12220679813256874
0.12030000004827361 0.3053495212865821 0.16174036901645258 0.3050999608944276 -0.01059340389364986 -0.2692349804991591 -0.35456188683375617 -0.05242823688044199 -0.0055775548617142704 0.040074736052075184 -0.28732212605035445 -0.05877453906486667 -0.40263887553852296 -0.2251332808075667 -0.03858823295852726 0.33954911684633593 0.1512616719313639 0.036144108143512925 -0.07569707736099941 0.32287767218756575 -0.14346886307336507
-0.07663772993275686 0.022515664283317815 0.09068316030758956 0.26503605293896787 0.03910016711178702 -0.15869146965675618 -0.2453668920087771 -0.0014238760614438868 0.014507983196645672 0.09673071953553503 -0.19928308487207472 -0.017672025390444174 -0.37698071220384755 -0.039763787484457545 -0.004322490571241907 0.6342641756783436 0.22499284556062918 0.17340488068192134 -0.08228367375485109 0.2975078241914605 -0.23803815918226892
0.04945059075604523 0.20551170055748444 0.29758463574411315 0.35815350292913445 -0.08191791278121675 -0.21231630328618017 -0.32717787883053007 -0.2109083587556518 -0.042056138428682034 0.04498097011346931 -0.11031618301948262 0.060196160924681934 -0.39536373547386217 -0.14521061664145707 -0.010390699299592005 0.4219132159857268 0.1114249905032637 0.00622115728133487 -0.2125994709756967 0.2374069280394268 -0.21460470721428473
0.04209023364070208 0.08593348968348492 0.19161940886960302 0.42210943632348386 0.022450619732241453 -0.33253881182568473 -0.18895532396132736 -0.18683566849793484 -0.018282472749592788 0.18138332821730083 -0.25584753416634076 0.1162372491395513 -0.2778304955856862 -0.10694146876204408 0.05459987590339028 0.5086885285433305 0.09966634548917226 0.08556715222376246 -0.12790527275167238 0.22412237458521975 -0.21870376732102179
0.08138463618810733 0.06180253839376592 0.15436798433847626 0.34387191826877683 -0.07178583062302292 -0.4864487555142024 -0.2037382118432579 -0.0986465767424432 0.021385981414567386 0.08254269378820214 -0.22995314380795698 0.040582070418302765 -0.40485681965976267 -0.11348276566649503 -0.032071665095794684 0.31396748510483896 0.19085467651136012 0.05783765415488289 -0.1688961078897665 0.34967263841387514 -0.16030750722123682
-0.04159398514656767 0.23303402753172783 0.150623509934047 0.37517454242469084 -0.006413925826158224 -0.3478394217185729 -0.14432754241487514 -0.12950035601994525 -0.046946125010217075 0.07858869094529562 -0.31649021602481164 0.0766130343394513 -0.40429036668762086 -0.15313671570170595 -0.10635672187162845 0.440412129807981 0.0960404643285343 0.07607763367166845 -0.07740127754017556 0.2336482221072168 -0.1992526230863309
-0.09637906444066056 0.18048322986581578 0.185960775614898 0.42824799278899917 -0.001706337588067068 -0.4149449448946692 -0.23007190347170411 -0.017931946419171382 -0.07132346890532462 0.07770677043783694 -0.3036382378597461 0.020182753134662536 -0.33415016859419155 -0.27473461079813644 -0.053756511208076195 0.3334615643118625 0.04552350045843818 0.051844836062140985 -0.16405260539573213 0.24601611747321492 -0.13256729271883966
-0.10554174699931272 0.08350331633837815 0.17028426661068388 0.3635599962433408 0.005936018889589309 -0.39150618530562503 -0.34435865931423415 -0.15283171652954555 -0.16100220686622238 -0.030461507514412883 -0.2952094915715763 -0.07779110334768907 -0.3903141465131719 -0.14755767065498512 -0.01735098387733991 0.29672141045484474 0.24746403238711653 0.10889827885959363 -0.09385335991322451 0.22139887607424255 -0.10966686515731838
-0.04743946533371709 0.1780706788745062 0.12604839124333475 0.3729248949867386 -0.007081219154525385 -0.25359577150105267 -0.19924476360242532 -0.04897110950630732 -0.02030057238143139 0.03783253171720302 -0.34340696672524845 0.11403658134423438 -0.44070866224236693 -0.1111229646916034 -0.02556300840888433 0.4406089557042508 0.21070730199958376 0.13346843245355994 -0.15244388145544205 0.221967669314299 -0.1891113988396145
-0.04379936001539819 0.09330447807061602 0.19539215524744566 0.3915642277457669 -0.009497974465125939 -0.366712045147211 -0.3483081216622437 -0.12176666111879134 -0.08301371384633387 0.10534455894917523 -0.22298326174383631 0.012048790117402548 -0.3565396496070263 -0.22858237760248923 0.008099545032085941 0.4322255461061543 0.09890663210461989 0.030471959674513733 -0.20005707653800675 0.16782055867505935 -0.1189689082766842
0.09981903727213086 0.07548939334463985 0.15341739818537278 0.34185598256011407 -0.06888337963527433 -0.35102965071301373 -0.20657311501015332 -0.2985479380987713 -0.15326435335028918 0.0613637844801999 -0.275542868463627 0.10228698399480993 -0.3836365455200594 -0.19209532463994014 0.01399308473386051 0.41594719828238785 0.14709592150384368 0.12092590747305881 0.003913392931778136 0.22658843593511735 -0.1600614128818745
0.11440865851302479 0.0048511787317073165 0.23890134167889354 0.46331927212474705 0.04057911532944416 -0.37074505021652393 -0.21182697401035377 -0.1802679326685817 -0.0014836114027474362 0.08120757100556007 -0.4105282940079851 0.01904409541298248 -0.29771572579141947 -0.10421136275946927 -0.0799424429783565 0.36285991508548526 0.13682391569638958 0.08881662780652246 -0.14732209457186754 0.14295988977805005 -0.1299479341147771
-0.01276513915665153 0.17746745830131586 0.23338070340815587 0.3690754079130123 -0.1279240932864137 -0.3139318278568768 -0.18329238563055145 -0.013200173518869372 0.036112537057692434 0.06040261370829288 -0.2869503837233742 0.003648807409571951 -0.45233686527340383 -0.18788551457287764 -0.10180719991505759 0.41672191376268264 0.013102406905033337 0.03277397556693888 -0.09439469248405599 0.2565708539410583 -0.20432418552997925
-0.0882478975753366 0.1215867962970923 0.10786651489656107 0.43046109941754646 0.0867239149230286 -0.2936017343297431 -0.31847851293250573 -0.16853237106191798 -0.09463636182390735 0.21393164377178378 -0.22910197725458237 -0.061588734859284865 -0.4446745929215597 -0.16638491505197664 -0.03883512626275061 0.33731819518837936 0.058789127095813076 0.04805076069533957 -0.011732973705201398 0.27819978313599086 -0.1480865131777112
-0.058635582527126556 0.10638557891976771 0.19820797627707165 0.4080188578319052 0.03054501825962596 -0.3284248483572839 -0.37002264474648205 -0.18359534857866724 0.01901566604037871 0.04389149738946673 -0.3501056217863266 0.11498137570772189 -0.31403092386490683 -0.15665622122484907 -0.07700757128363628 0.2790394634469183 0.044226969017953574 0.025483172498727027 -0.21498517055475064 0.2937721249353933 -0.14106627159270343
-0.03950634443267088 0.11965018375504263 0.18132179354565275 0.3972090731505524 0.15316907555143722 -0.2342848581501204 -0.3701411474936216 -0.07981021886828252 -0.06013355704507773 0.09557945356460781 -0.2740241242265436 -0.056422984842948914 -0.229443013350458 -0.16080472486955813 0.05440221807624185 0.4737945823756697 0.018316529729523044 0.15295708178558842 -0.15843684370551872 0.28962352595376856 -0.20509349746806507
0.09058708924460201 -0.04172111361470051 0.07272997053076631 0.22839269482140667 -0.08009281971261199 -0.3046843072721987 -0.31633457463948605 -0.14807532278669716 -0.011206087904403375 0.20873495904613007 -0.35347825819963774 0.12813782178146405 -0.32934662094113865 -0.11832977564324582 0.05773768053939975 0.46393797592045166 0.22701618002121265 -0.0018741563074250293 -0.1050046113947286 0.30316446038331607 -0.17544067505966002
-0.05368845391191924 0.18343265608298528 0.2623467729694531 0.3635324403862705 -0.08532027011362829 -0.2753748682390399 -0.32315155911002785 -0.2023758912656135 0.015961910392781716 -0.030167475477026487 -0.293130217154157 0.13150906591132808 -0.4200287786979065 -0.12716717581486944 -0.11773093759565996 0.3636870985928967 0.09271519379209359 0.08469800627213417 0.04818292568927665 0.2473309081715932 -0.10780145389151102
-0.10003677023844865 0.05311778839807023 0.12434381904051457 0.3938352396442369 0.0008951608456917534 -0.29183788921919396 -0.3441677806698795 0.0029776756076968607 -0.11811079515441016 0.048347239857118245 -0.28786939223990543 -0.10722715565925607 -0.31070936580039876 -0.05823249408058806 -0.07187913092979233 0.4484305240451626 0.07763185993413721 0.15582756314991109 -0.16965436212783247 0.26867410253114576 -0.2546641453128309
0.03176234589095333 0.11106611926627646 0.14462449689368947 0.34775343634180494 -0.009066786479832407 -0.2896582741660487 -0.08618126085770748 -0.1533051994056463 -0.07248779447623016 0.08704254197790832 -0.3811563090360561 0.004707810803653844 -0.2939462170812242 -0.07416496526311085 -0.05028327175695733 0.4726547081157288 0.12539677610383484 0.26696527999814146 -0.15019649129065868 0.2696766613191435 -0.26766541766851415
-0.035150325626735444 -0.0337337392117585 0.17126813009765907 0.41465453618183495 0.10206929200376479 -0.3926743246199769 -0.11689376168730387 -0.2205909624182014 -0.010467955939224833 0.013037539529226963 -0.27948769132269624 0.01500564931003296 -0.434116189505233 0.00937206557754558 0.026280308658074864 0.3997207895876064 0.09071137762444219 0.09672269367060624 -0.17315455829386292 0.24956387140089034 -0.1787202336107339
0.0937559982798798 0.08074567943513779 0.2908205569667884 0.4047849655413764 -0.0724883409888654 -0.3276495507629127 -0.22096560588076586 -0.13713769605437895 -0.06390491821525447 0.08158242299591564 -0.1803645710091485 0.01462280996997264 -0.3130077695016583 -0.2611967986485892 0.08323329048898294 0.3599996919434846 -0.045860416474987016 0.2014684468581539 -0.22487146978534014 0.24504921743107883 -0.23770194285357554
-0.16738552021205316 -0.02404137046192544 0.2513885795186505 0.5417894891668369 -0.009107184116295495 -0.4136328288271907 -0.1251000233469039 -0.05027728227505782 -0.15194051877682876 0.11625154494489597 -0.19291889656676414 -0.007479518942133442 -0.271830149718302 -0.0952061467795737 -0.000416553448531131 0.3154071543929434 0.11135630802070112 0.16614265894461616 -0.21872646332621049 0.2210702001322202 -0.17969576833727444
-0.0790651468327538 0.07008293934145272 0.11735790120963331 0.32507301281401885 -0.05947444345111476 -0.3967619112923528 -0.26550279828967277 -0.10385891888250401 -0.11867459438341087 0.027507471122565103 -0.24321019979832467 0.01756715928190445 -0.3844500274000656 -0.18635436481120576 -0.04401603240511796 0.2904981753256178 0.19706830939933342 0.0019103054150537552 -0.16401566259630507 0.4315910092848908 -0.17885218393451216
-0.22891189686021446 0.32085241516905877 0.12125170585446499 0.35181694717643025 0.03524378163020763 -0.2107311565332657 -0.4454718349082705 -0.09240785000809634 -0.03223572719793109 0.09228779668795244 -0.3140378147084401 0.059854099232942125 -0.37612649849324625 -0.076617204226568 -0.07961804669942238 0.3305683177382163 0.03811561592709424 0.09373474314092287 -0.1390220850773109 0.16519311765933542 -0.14823186075603423
0.026155440185502053 0.2756162946171627 0.2875604032083129 0.3835721037124382 0.04040682323112016 -0.16497246067510063 -0.17157306829607466 -0.10984424918426859 0.04682492923010951 0.047050604437502204 -0.2271344798328126 -0.07734408436238213 -0.42074276699569324 -0.19491187459252923 -0.03335727896836698 0.46539074285950005 0.07988905662281995 0.07452991041933918 -0.19037299678317154 0.12066881976614624 -0.2564110291176037
-0.1930217335040687 0.4508883473424504 0.15495360741311556 0.33971711116268566 -0.12375057777283927 -0.4227814496031261 -0.16940638038507297 -0.1563488408837017 -0.05776561036304106 0.10020883669686337 -0.26278458886735045 0.12615903896764935 -0.3525884944478091 -0.1233560663819815 -0.04168736356936694 0.2853302522862537 0.057226371391581 0.01815698716143105 -0.13297277750536166 0.14557635037841274 -0.0964691112451804
-0.1189337370742456 0.2073128036867877 0.19343156413368195 0.3053641045749657 -0.12066346111792152 -0.29483086195008773 -0.46112764658066396 -0.18903581708784645 -0.02792926240535083 0.018236241167515932 -0.2994648670759276 0.02052503879976906 -0.3480206928804803 -0.052272432408068455 0.026214307594590702 0.4476488437587883 -0.009099092329721331 0.10728823816868108 -0.0007055101443737803 0.15500262004008675 -0.10292988894016139
-0.039120200378452846 0.3404738927441162 0.1978688713596717 0.2102537647594813 -0.11792450426996187 -0.15163852006419837 -0.24602330168675582 -0.1669704867205714 0.08148363174841222 -0.027135672364213943 -0.282545121352611 -0.0020863855508618068 -0.3863296280411677 -0.04082594133181369 -0.13126088145323755 0.6076891679761038 -0.03763855833964291 0.06395901206399367 -0.1121672707083485 0.14000050347392795 -0.10745883972560483
0.0036817165885681333 0.35130278547759 0.1989483844166242 0.38321512979919886 -0.08005096862912638 -0.3652896158361092 -0.3618396731376732 -0.2501737428604883 -0.03609488679262043 0.053629855761573496 -0.3319831971343382 0.04728476353226086 -0.38569875645327656 -0.07700943756208428 0.028647971643929595 0.22983136413361294 0.03650895861001902 0.05118952089667098 -0.027413043906533947 0.146051623296627 -0.07601530979078563
-0.09779206007274924 0.3182601359416317 0.19213398602212559 0.3561331630365816 -0.05449628711489608 -0.3274198946413258 -0.16716272881895608 -0.24451826927104417 -0.003067381005376704 0.15941763283824836 -0.32110253132385036 -0.012182020538535477 -0.3496357862563097 -0.2641143931252784 0.033234448730734355 0.3538065434738441 0.007769107371758574 0.12217914557014965 0.05966673836326738 0.1929582070107927 -0.15732066507470316
0.01186983902768561 0.3882738833989201 0.11193452190430894 0.326805024641549 0.01988178999405858 -0.4010358079450666 -0.3129948771222512 -0.05252210824870341 0.053378911083906855 0.06852768019891232 -0.35547816936368914 0.09237677708079091 -0.36955716913236725 0.0012599356952346186 -0.04773469333119803 0.3715942644700394 0.056209914437133565 0.04872571212971727 -0.18819384435509828 0.039416823017342846 -0.0770673265184257
-0.029134079673581524 0.3476273982469194 0.0954994269126554 0.4380084313651961 0.03243353668066369 -0.4131347735551128 -0.2783511649519127 -0.07778887228743585 -0.17233699472329006 0.0712926265687392 -0.3675161139050769 0.14582873004183527 -0.25920161052203694 -0.06200886846319239 0.0012070493114417736 0.3268418315455492 -0.029467837478061684 0.08650983486814794 -0.1681333053406524 0.0635099593071074 -0.11154856434479392
0.16461611088708328 0.12601525236181318 0.30399637855671485 0.3470139107037552 -0.11852794526556576 -0.212757199925806 -0.1817640862899185 -0.13404486229570226 0.10963496650648015 0.08098050007513793 -0.25342645514769757 0.0456119868866548 -0.467092694189901 -0.22495352872391355 -0.07476997820688153 0.41351872548322116 0.1336737036596018 -0.0362298818941429 0.03465440695799152 0.26169687561748484 -0.12144972573266176
-0.0036425805228515987 0.3105384923731701 0.18914189021818573 0.34301707199683373 -0.02858201409088477 -0.18132750960528646 -0.12093810887519087 -0.2795905697906945 -0.13842586925354852 0.07606850859557818 -0.13866365936109804 -0.07502426929791525 -0.4412054283691459 -0.07239866579592034 -0.021193235086336307 0.5188508790659772 0.12482552075746535 0.10792006664472399 -0.1342897176602649 0.19705928697886135 -0.14200662720061205
0.10276882020361476 0.2791061686272409 0.2737167069315443 0.38024144986001435 -0.03934724891379047 -0.19225745498709507 -0.24387773380889113 -0.16466447382943994 0.08786133167451848 0.15680213896216474 -0.19753241938701654 -0.09281886174613019 -0.3551310991006584 -0.07207750301403497 0.0019187958185981006 0.5580907319865461 0.01059030594123661 0.06824850439220681 -0.09711348492641327 0.1029486329467336 -0.13931780718711326
-0.16424757769697437 0.40242602629680496 0.16363397298720286 0.3137564653091825 -0.06919962324454482 -0.28822607161479813 -0.1478103484406086 -0.16973439509486077 0.02925049655430097 0.08014034970830732 -0.34029835676885895 0.03674044008045979 -0.427164030188142 -0.13420494396471871 -0.06852479047621865 0.3127611217643733 -0.03578676349163705 0.060081914875122364 -0.09603973985629326 0.23983787204462564 -0.21971300298499316
-0.1652729055003678 0.32785111507627257 0.3693846362861147 0.35810541029194526 -0.14108205735547935 -0.24045752096420936 -0.11660945017247255 -0.20475674145104514 -0.051080368962750214 -0.028832489611652114 -0.19750353570998255 0.019423787429494768 -0.4709700888069101 -0.14583952201466985 0.01189375202411351 0.36164489532474753 0.03188361275933873 0.09920593495636583 0.0052680864784822035 0.1442596695606619 -0.13687238198572554
-0.12152389762223162 0.4169814866188266 0.33217273376957024 0.34698392070348694 -0.06220812863978188 -0.18687549756666152 -0.10026221043599114 -0.09778707280346936 0.19040264641435162 -0.003379900572817293 -0.275209858950801 0.05031558518650419 -0.4354409905331723 -0.07079641506876662 -0.07518861959409058 0.28783922309754123 -0.005982781759765563 0.021905539072003793 -0.14174923761953062 0.2909231851714007 -0.13895123826035374
-0.1094995598479078 0.3237008008809974 0.27733776794957044 0.37219526323800123 -0.08136534998859829 -0.344954479642705 -0.2341639394333316 -0.14375517633679788 -0.058635637659721816 0.10878659390863615 -0.1741963183116982 -0.10177084272816386 -0.3037573524498961 -0.19094929773321517 0.08110711277965643 0.4743463789606806 -0.08035520813018955 0.0841203841320026 -0.06048035564644307 0.1404886740749031 -0.11599308282333429
-0.023617478649224057 0.3755811106805803 0.16966083060394616 0.32311790826195524 -0.05406237568598674 -0.3057838226794119 -0.18029480107961163 -0.0982079309031803 0.09586865530234333 0.19120736555129844 -0.2195594252685183 0.11257842127166086 -0.4138093618057875 -0.07590353041711596 -0.0026919524714583572 0.44994099717912966 0.027099857195299497 0.05026611865074654 0.028327863514435385 0.27659625130516596 -0.14127825718978693
-0.037392341026683956 0.17437580744997094 0.2437732330244323 0.2600478276447717 -0.14846866039194614 -0.23889280647389094 -0.34450609227505163 -0.19893740033285648 0.01649142946318133 0.02801781120355771 -0.25147946357403816 0.04596067585551797 -0.42353033129731626 -0.086655642211932 0.016704429069662602 0.315163514264505 0.15970361715950387 0.09352969690411186 -0.2591137187062133 0.28850821238624247 -0.2573634174071536
0.000556774246836789 0.32718141668471123 0.10854316478348626 0.29557859776959094 -0.019339811956039604 -0.26305240969929816 -0.1751679418184649 -0.13867769137122818 -0.030161981246774477 0.056750874549927256 -0.26341870881653334 0.049512464796104494 -0.5455603180624543 -0.07544268970419635 0.016285682463716297 0.5177916650194737 -0.017964018158724764 0.10033335906649161 0.020152139937790588 0.09058646910645186 -0.08742923359982849
-0.09503224100278125 0.28506563100137244 0.15839282425084025 0.28677482251759573 -5.843803674701161e-05 -0.3365264309420448 -0.32168533850331027 -0.17440472413676297 0.028925854023328795 0.011069302051708925 -0.16816691674806544 -0.06196587929164768 -0.39203470174684457 -0.05402293158383448 0.09869423952168888 0.499053979844096 0.11179374863921764 -0.0831608132727012 -0.038828414726671465 0.26845696416047127 -0.11728293719853568
0.05169932525019904 0.39804517586538746 0.1818692636022114 0.3067753857287425 -0.02490535226882343 -0.2147674749008671 -0.3664921012504491 -0.2095173291745984 0.002942953364228065 0.014710908745843191 -0.2650106462668283 0.1138362697864769 -0.4382829405854712 -0.18836191112228995 -0.04720681926948991 0.392796827440117 0.024087049069643558 -0.032252611485171404 -0.026707781258783543 0.12322767246988509 -0.04143869649284891
-0.1120467948627688 0.1891555890273726 0.18022927345552164 0.34808942706559065 -0.03591266531031797 -0.4165147658504232 -0.30893282567583824 -0.17605504928749433 -0.09897718063865836 0.027051763544407012 -0.2717654232969638 0.008232184286548318 -0.1637400988663797 -0.23301261396681766 0.06869190087118998 0.5034212513486593 0.014776879975011795 0.050863397547599325 -0.09319191920396173 0.21107327410131385 -0.1305981217436401
-0.019551101437558092 0.3092290551822926 0.24793598287196106 0.34467900281185376 -0.1080046049220302 -0.3211259899219396 -0.03921281040738809 -0.07680570417832215 0.09455282054314054 0.02014591659368879 -0.41757810427027264 0.024224357962431022 -0.38943511252727153 -0.09201414507278033 -0.08723623433866912 0.4230888493638807 -0.0414271893735727 0.09807915496583682 -0.022058432514078425 0.19195698956275245 -0.1475831909174146
-0.19959157427838548 0.35928794915116863 0.15989430249781858 0.30430113958250327 -0.014008937541771111 -0.21187175811062142 -0.1372872410004244 -0.0968347044018968 -0.09227155767060795 0.06747253829040027 -0.06270162198014072 -0.08491333289696738 -0.48005491431329544 -0.14814852341473955 0.07090467586718587 0.507648529352433 0.05806851903205528 -0.008305750668473716 -0.0909278712325659 0.21185914744643702 -0.2089561888391653
-0.0004827868309463898 0.28759903855248314 0.2696760878922563 0.35801122479822095 -0.1184701544927391 -0.34843489452877163 -0.23133968893857146 -0.06791437403616644 0.04586897370508238 -0.03230240997601342 -0.40615705382563255 -0.06623006055532965 -0.3674964107522724 -0.14682976296236622 -0.044159424428205 0.35934130750373017 -0.10128651889129654 0.16491085678768233 -0.015348878063877 0.12457649669762084 -0.09706296513809293
0.011637966301521505 0.19725342542442204 0.28636180323111315 0.28885102064744006 -0.12245695051192876 -0.1869893324310171 -0.36778100353595383 -0.19276909469257775 0.13601906520577337 0.01908772038199746 -0.35377513914563974 -0.02861386844429568 -0.36751875297086445 0.021379042389160063 -0.09203956540802351 0.34396776602825824 0.1161027431950103 0.17663263857405395 -0.20743175381862486 0.17790224414950576 -0.21592761343914105
-0.12110687486473469 0.28819273869567935 0.17285919896559004 0.3292384013425844 -0.025341748975127747 -0.3102715929992792 -0.14318909238966843 -0.16521819896190254 -0.12272906474337773 0.019569460599294496 -0.30178631910176773 -0.0007465120423185749 -0.46401362376045446 -0.13483561218217682 0.052852663364960556 0.429026747139002 0.056762169127511 0.16158831665714063 -0.13815031040198958 0.15582749207904345 -0.14043147125735997
-0.04362910516705331 0.3087965507750355 0.2457814862241963 0.4188612654372456 -0.09725797930250916 -0.32856852575474343 -0.13241481434394642 -0.3087390937495152 0.0239215738251677 0.13770412162353488 -0.2469424397352982 0.004173426563323526 -0.36089433560906164 -0.11349914590827416 -0.0416899365858194 0.44036483511011887 0.011628684483013721 0.03757608357040238 -0.02716933930964118 0.09915300454991065 -0.07199056964596254
-0.011744627643824963 0.28682978426933725 0.19739761276316103 0.3432009297315038 -0.10631572951694122 -0.37265641584060916 -0.1019001472073746 -0.24377294483916004 -0.04481023404665564 0.039943326069721195 -0.3090076482938265 0.08575660325833112 -0.36788779563292634 -0.11264696086061535 -0.07678838411542581 0.36963336972210564 0.1795896517339875 0.10149157563540787 -0.12759160276264547 0.2685005687479324 -0.11370470613103208
-0.03455697236135273 0.2668151097464366 0.28356614620236803 0.36239014453579227 -0.180307664536681 -0.4174582029631287 -0.2524074929871259 -0.18116160544104057 0.0910203283958237 0.1179625015154036 -0.25462950602104856 -0.0762666389443235 -0.2560310135326132 -0.15742006362488678 0.016619143522161706 0.4238460777602447 -0.0056980826925575965 0.08848306851076758 -0.023602374755218338 0.1625629661361796 -0.1208927741151353
-0.17268206521198334 0.3428692497783705 0.14706339966108106 0.20414429384018748 -0.24359609186830003 -0.33323221970817196 -0.1806640985110725 -0.13832508115913905 -0.03509440194046963 0.13566080069747577 -0.2097139680169168 0.0015700045435710532 -0.5037362540779894 -0.007130713484394835 0.07683607295519781 0.41034636422635135 0.0035369578737995647 0.12290775938698946 -0.057327024590202696 0.196019146081367 -0.13648204074074186
-0.06684084750291987 0.25663720786510624 0.15365566722809787 0.28319605306640616 -0.10368683803171273 -0.2509624017145822 -0.25869207319555304 -0.06287353730888766 -0.016694006812209856 -0.03065775852936842 -0.28638580383811935 0.03770443503376109 -0.5222253447523043 -0.1023721526436679 -0.015654112137650115 0.4284921805783325 0.08093890930273319 0.014976094283257005 -0.19781328386079133 0.2379421892073661 -0.1643862452784061
-0.152460661818847 -0.19904910374415136 0.0418814521028541 0.18492369131555597 0.2115234705136998 -0.16878249473328202 -0.33011911803655075 -0.07452426492463281 0.049464796404965275 0.2501263203052744 -0.15066397627901001 -0.44003336288390776 -0.17435045037600974 -0.1851240722518869 0.14615378941884363 -0.2816454284386203 -0.17583134833953798 -0.10383696777871038 0.34317101454507337 -0.07391906458642691 0.319061119751667
-0.25383741479510014 -0.03048715687728526 -0.02815437193701034 0.03875222123788293 0.34278462337508875 -0.2447343802756856 -0.42340731680818916 -0.07010182410936658 0.23465622719422466 0.15487291089657756 -0.10533766411633615 -0.10311163957308213 0.012084680956188327 -0.32600212058305966 -0.0014731286025159497 -0.39732731938641047 -0.07428640071124881 -0.1583351173975547 0.2275481849461131 0.1609795142790821 0.3120987229030907
0.021017779205680275 0.22139312008613393 0.014232326540043447 0.029050556036337247 0.42223837116384305 -0.2580968570082845 -0.21857046625173382 -0.06226080558683874 0.12063055446813209 0.23273436851852064 -0.22863893601439578 -0.29882887001782477 -0.11323407178019411 -0.319776329686519 0.0803904420848014 -0.2927778726924303 0.057957145794540324 -0.14915280706685907 0.365289242092641 0.025593985207051112 0.27513533123366357
-0.29127179127221653 0.10778723183824522 0.0019451195254956582 0.09829414881153378 0.3887109841353006 -0.46880807238851496 -0.282164231861354 0.01460897150870711 0.18684889111843475 0.2424679234996808 -0.24471771300119444 -0.16773824362455697 -0.012239949069290032 -0.1849290373430098 0.06250838249336779 -0.23723212173331654 -0.10956813862523793 -0.16933049063362732 0.17529841719485226 0.07429118637534826 0.29997014805388234
-0.18147600251941395 -0.047600462139664595 0.03322707009428785 0.11742708135253303 0.3402305664091797 -0.25720683830416596 -0.24654426055732348 -0.00511666623535123 0.25279074331960516 0.31692491633099723 -0.15811607171609213 -0.24274073408317884 -0.019539928331013996 -0.2561101980075017 0.12866163457318786 -0.3919780514965961 -0.12454110659973147 -0.21402196462290027 0.24477810491528834 -9.816338596354437e-05 0.31860580872370564
-0.12654221889638048 -0.058431205998400314 -0.01557056395517405 0.049756989597566206 0.4513831239322006 -0.48498970054762547 -0.2460413072503284 0.04990678011704545 0.13924734731199837 0.053224477376366444 -0.13740117224530282 -0.1311901644438416 -0.15050046534774433 -0.2112705016182863 0.013941837258032094 -0.38774397023400703 0.0805211252465476 -0.10302411844863481 0.3826086571046315 0.07322044507721778 0.17572617839182064
-0.23451799866064446 -0.002746539157504319 -0.010072465951207464 0.10014951024930097 0.4149521965861327 -0.31033416672558417 -0.31541307165305116 -0.10440748116492651 0.21420264791604346 0.1557516177267204 -0.1949288688170779 -0.28314965826203986 -0.0722348478480078 -0.2881174345616764 0.021139554081654213 -0.3286722421308039 0.05529289518177624 -0.18559581672495518 0.2547103481894998 0.05467063254107782 0.2561247742486668
-0.17886824489133712 0.10612834252564395 -0.01089402022315934 0.03168516980394554 0.272969249984918 -0.20173953127657612 -0.42014192998244815 -0.09761563621379411 0.2212228346220905 0.31251110601483884 -0.12835502669063364 -0.21391907040467048 0.04534953300195488 -0.11442309291288683 0.16638888321784326 -0.46510386844337714 -0.1004671811361229 -0.12982606752795295 0.23767024713653678 0.029052997038497903 0.31950946542959674
-0.1941249804220069 -0.033819086567286945 0.02035171168577965 0.17899324556795423 0.37839744062673425 -0.3920527280840588 -0.4087986197244549 -0.022641242168619707 0.17726825888359896 0.23324422154597257 -0.20409612038356054 -0.24292934609430752 0.042722763078983206 -0.1980263719811156 0.13976123452369374 -0.3115388060574376 -0.06171753616735205 -0.15791449505949465 0.248957109520943 -0.027951680106845116 0.16901774913167708
-0.289186428773459 0.0910449830081339 -0.033347484320671805 0.06550610744549712 0.4087108897712858 -0.14785460573068948 -0.3250542177842091 -0.053053530647099244 0.23853648512628306 0.19400911404202584 -0.19607871424378487 -0.03557482878835289 0.023539091371196356 -0.2481327413471685 0.09071945506583563 -0.41283440542725836 -0.11537117922455538 -0.1901783063907491 0.2808985452238342 0.08376809904235631 0.3079954547966187
-0.21274167229032784 0.013164293412801379 0.02663623819144449 0.1872286052284942 0.3909184854370491 -0.4830639295153773 -0.07805496263731292 -0.016798794892814446 0.2103693380519163 0.1697641871610212 -0.058028395461635365 -0.26199109432099427 -0.12194715304861567 -0.2726244213351673 0.21702141767741956 -0.2585311933855913 -0.04448009897372705 -0.2598672756427284 0.17134246880278511 0.05884504910450875 0.275166784278788
-0.15730180266753707 0.15547581790702478 -0.0006305152568441419 -0.028144073796150016 0.34734333547800617 -0.25538253403367467 -0.17492165774031332 -0.06225390778641132 0.15118895764364687 0.30025654613614694 -0.20601208484815645 -0.19635137437502756 0.010100143982105597 -0.22440963807502604 0.14994341632562175 -0.5174797053625289 0.0022944696542708956 -0.040156579253229484 0.2585233875326974 0.006129540078302785 0.35598247602515487
-0.23700996502114172 0.14449452187266332 -0.014331766333987679 0.015568940434105867 0.42600031948088934 -0.3692563024246701 -0.2939785022015786 -0.016874108218707964 0.15194332943016212 0.2336332049754201 -0.19763335075142272 -0.3081225784661235 -0.0814543741768683 -0.2243795136847746 0.14085889279467498 -0.19282722180187584 -0.1195696028339241 -0.2519322576124559 0.24606421479247464 0.00751467592400194 0.23220713260861486
-0.17004997342482128 0.0835044319839953 0.005680976203500446 0.156423132761687 0.42279803281569195 -0.2379929337128575 -0.2828462101144289 -0.04556701318186836 0.1883815888413102 0.12138294755091915 -0.16062968832461097 -0.26129607591470455 0.06826909849177262 -0.19145542326870155 0.04351530293696463 -0.4999447990358269 0.051542220159400264 -0.15110695068330324 0.2328714351737771 0.04775688337397928 0.32043634978439267
-0.2685437715201404 -0.020403956747312726 0.011567357183566268 0.12359332085269892 0.3246065691987605 -0.2587360193844092 -0.3057833055595791 -0.04829233119054019 0.15066555313858843 0.24235770808497262 -0.3241419873365147 -0.2866225391956145 -0.036540072031968934 -0.20485947192046422 0.062210649158121724 -0.3785870824440989 -0.11448147675553688 -0.14849240127717417 0.29181229212819004 -0.034985644103187545 0.2514284521706382
-0.1389525866797975 0.020911918612369018 -0.0031236835439202803 0.0972706677778337 0.37420135941279314 -0.25569629948418526 -0.3638333342202277 0.09507579310990076 0.159948911019039 0.1634781755350504 -0.1438109809380402 -0.18218315313184744 -0.08536553002541658 -0.2931963447035593 0.057346518664803066 -0.3889214693787093 -0.0364711413096753 -0.12997074101421194 0.4178639173351548 -0.07699752150621487 0.26687036905764294
-0.16788230149898306 0.043818470838437776 0.018291995870723977 0.2160357422543186 0.41153755640912804 -0.3680646929208309 -0.23982368070755228 -0.08561457373765823 0.21987159942790951 0.19174159086875828 -0.1219003377842556 -0.2370899900667344 -0.15734922241298094 -0.3568114574917601 0.08542233693112568 -0.34488276856449235 0.036291285051760276 -0.16833383354238332 0.19748973045965798 0.04404906125230514 0.219361678926558
-0.24895277797597562 0.12723410384508727 -0.012343518497453075 0.15016337648339714 0.31934487930521005 -0.37913904534642306 -0.28161215449179133 -0.15243123392668392 0.24598416222741593 0.04153345662345368 -0.0651045020235896 -0.25914301488945357 -0.11900702817734303 -0.15776595280412192 0.1351692983774932 -0.39034610337525344 -0.01723654883478313 -0.2999774408105351 0.12209116262888066 0.15389928862968025 0.2804799662171878
-0.16786889285156376 0.03164130708342721 -0.0018514957262152736 0.0023334050844642804 0.31117284115977856 -0.18907625809302814 -0.21002774453579462 0.08554073123256398 0.17709216330479033 0.18311242820893317 -0.15966007196946766 -0.22956726893799048 -0.08687280581496452 -0.38012975198638543 0.028940148730271398 -0.33585999335792727 -0.09831225965554276 -0.283618801931757 0.35340191614317407 0.029487572928705897 0.4026985836331562
-0.237908752958547 -0.10273648437314992 -0.009398855736644365 0.10976249629456157 0.3501680423089655 -0.4701988250444295 -0.3578864394925445 0.031204998579922566 0.21519536371572293 0.27695680254688937 -0.20032100212679857 -0.029520177464989382 0.009459954091742518 -0.16452616860307467 0.18185058959324965 -0.2707158621916411 -0.18165633998294428 -0.14372147031165255 0.25288061382435517 -0.08165793809359971 0.161699756532565
-0.20712344292084708 0.15511995258128736 -0.00835619667373952 0.006929158132320188 0.3957156438831269 -0.34087561573517106 -0.2572168229078072 -0.025023195673896614 0.11543117498360428 0.1593670701449658 -0.1003869305506865 -0.10985689588738987 0.010516838300668825 -0.29816421182762487 0.11816753041367815 -0.46510466448188914 -0.04811188458440674 -0.17705781055607928 0.28920725249965884 0.11557293083361994 0.2872581819421063
-0.11957043531088503 0.038378098407682575 -0.015259120509922475 0.006742767525229632 0.34687740474623724 -0.3310542743993436 -0.3442769144402702 0.029984570932065864 0.12776203808144868 0.2512394245931764 -0.21370397080976844 -0.19892544541252916 -0.16972420073108757 -0.16132515144556264 0.23916329446656973 -0.3489807693807156 -0.22872394992478226 -0.17461547996486984 0.08682271160514891 0.13766337042692195 0.3560993115686806
-0.33839009084352456 0.004525425584568544 -0.018513476171720014 0.014582037346269556 0.3359559451165575 -0.4257690314954018 -0.4634108546779472 -0.04641736981359345 0.0873254183325888 0.1901623048662866 -0.18599197003761694 -0.1473952393978206 -0.11966540364592311 -0.06042859391176112 0.06114560206609311 -0.4441239041165023 0.0050257430165307135 -0.13351359074411706 0.06832283032137754 0.03424069252571305 0.17638821506935617
-0.00813285697834996 0.03443414139487086 -0.017325439015676052 0.12478131877874907 0.436953596122309 -0.4331727536064346 -0.28453876620020574 0.002806749801088777 0.20330768271812447 0.11449899895415874 -0.18879152884271327 -0.3547489039462903 -0.09344980425541709 -0.22843768606941928 0.14001010063280248 -0.3034762614370346 -0.07751766265485824 -0.03830507869779384 0.29095220134494176 0.07130016333372859 0.19384734899663442
-0.30964016022842644 0.17070868007212237 0.029174962917798076 0.15184448623477115 0.3325079688987778 -0.4111080073284974 -0.18670673092561801 -0.01056520441310103 0.10173232058408044 0.2801281253439103 -0.08608482687359306 -0.2663477213322031 -0.03502690053200554 -0.2326295485165061 0.09778048168067789 -0.27992938034638687 -0.11393326497599061 -0.21908706457588195 0.24089983779382582 0.0679245945898018 0.3201046691649558
-0.1233542239998301 -0.07674044867807525 0.001238749762096757 0.10671195982882072 0.4143015721308165 -0.23423102682925306 -0.28779491434509086 -0.05272282101291838 0.15853496405199735 0.14020476445855296 -0.08665019625636347 -0.2223572068638505 -0.011675905997934855 -0.3838179700645642 0.06788818222378873 -0.3983792292823427 -0.11162636286209798 -0.1682820251744997 0.2805879098465109 0.05853669865401664 0.34633164812155737
-0.19106618144638318 0.023218929559989644 0.030599343732463324 0.20297515673258124 0.3837368438968185 -0.3069292080133822 -0.286299992435925 0.031513455876745866 0.17593424966661705 0.2708394792932019 -0.2171359907360196 -0.24897419664669282 -0.014859231465249235 -0.216086067885451 0.04039880759059497 -0.34507567613464707 -0.13922361568231365 -0.1383409314529368 0.22605661283904444 -0.0977314130233224 0.34082001094253106
-0.25139584012451505 0.07726177087228878 0.007971031779658926 0.09783229676572425 0.3470859796461398 -0.34462772230921296 -0.3823217889690124 0.05249366412838374 0.13302291492241042 0.1902219979579945 -0.10155169402949618 -0.1501912235698015 0.05198434177790256 -0.16919439913566447 0.19812490031143376 -0.4664520740053021 -0.04163059995665676 -0.12319064280881051 0.28753452004142405 0.03300756990076838 0.23968552225064044
-0.1707816842207597 -0.1496771288624619 0.01111002212005176 0.0688819657113903 0.44204600423647233 -0.27294794367361885 -0.14443150998340692 0.015229303627962884 0.15425055686112468 0.26172805218651496 -0.12727099436333503 -0.2528775596674822 -0.13738886998902824 -0.3083541504954791 0.1125425283031482 -0.49253645890909575 -0.05751187177486997 -0.08915162780482795 0.22112909267543793 0.039051257908678645 0.2218786312606584
-0.2664359246759973 0.06257603809867476 0.027415730883083467 0.1671546347932536 0.30189659368638 -0.39171352096551476 -0.30318739637693753 -0.004067582503069493 0.1411340541994213 0.19557503012712082 -0.21236034901229123 -0.12026708043885576 -0.14992260535631816 -0.36065438365888797 0.15289500058996583 -0.34309904007510844 -0.04626664345628954 -0.0722100975683062 0.24896643352956838 0.09542343580506624 0.2647019845553472
-0.23930004668635413 -0.09584747237184223 0.022418507027559053 0.23447720357549504 0.4881297235547751 -0.29007241765530745 -0.3134252382848996 -0.09405061338308035 0.2078200992171392 0.11992744846592841 -0.2297150817231134 -0.2644672161366249 0.055655221968070906 -0.16482715172385856 0.08353971031841805 -0.34132824085092667 -0.10004787116669134 -0.15789553816535104 0.18652869542777384 -0.08212550220266526 0.1950945423228494
-0.08792967414095573 0.11240542468908937 -0.017140255101018097 0.08234383501168273 0.48093975477722145 -0.3331583270415809 -0.337136662511745 0.11380217332207679 0.207769284150734 0.19439147385288308 -0.22893017229576856 -0.22313849985503623 -0.1320550216570949 -0.26349983530163257 0.2242691478938987 -0.17661806771530653 -0.11022069330605903 -0.1805857100626054 0.2350391958329181 0.049567355024489806 0.22287249677956217
-0.26331071191309685 0.16620976147729435 -0.010496658408217542 0.15011479801832156 0.3822360362083099 -0.2148846681694868 -0.38588768315839694 0.05703724303988 0.26541511800541023 0.05565733043686739 -0.10091479155672546 -0.05860380823905417 0.016365459711585106 -0.33294628126465303 -0.045250181390900104 -0.38864057877577235 -0.17024845596079174 -0.18259595883560165 0.07395768893308158 0.004746897585583471 0.3417095861607838
-0.3798730526824821 0.08636209160025338 -0.025967599601762585 0.1342300126092579 0.3471572969253457 -0.22365239466912498 -0.32838708685720946 -0.1169517445117618 0.24250774221597934 0.0788541414680657 -0.18006001374778108 -0.20875409022254687 0.08884258446250416 -0.12404263360528293 0.10202829559315565 -0.3769693639847766 -0.03672321567974385 -0.25004051046276876 0.16867068984367103 0.10619751420886689 0.34215784359150203
-0.047604118396265445 0.15790367608827946 0.11245223260486843 0.24424224043316453 0.03067519590695235 -0.2187230209128893 -0.5948402016019685 -0.15420578558524473 0.04943945126320288 0.10281363535040206 -0.13585499678474194 0.19813928145467982 -0.30089093604724887 0.0529894101399831 0.04742603756436709 0.38766854986397103 0.1578498949558477 0.12992274519648853 -0.22117418945303446 0.14242540781064833 -0.2156291506839295
-0.07144631115229705 0.30147172220026164 0.1538792543440044 0.2571624144511692 -0.040284928756474415 -0.1729928839032546 -0.3333156379446305 -0.038624595846751215 0.08839750081076983 0.08780595330405329 -0.29923215038899253 -0.08791253173252908 -0.4846838702665326 -0.03409489893537921 -0.08552877887932303 0.42546590895855435 0.0703339623914119 0.04500972842236456 -0.19079564219321538 0.21631882657737087 -0.2065887882579041
-0.049180431244696815 0.1700787938323345 0.07717562281199078 0.27777716121242363 0.02946017694366528 -0.30287832563051303 -0.49750760280352924 -0.057906891498508306 -0.03931611444133308 0.08315808119610116 -0.2925047255327398 -0.20389523236740933 -0.39204392810276484 -0.11849083897303765 -0.06137819055430139 0.4193898212123332 0.10532248369939977 0.05407086838985795 0.012978583938477494 0.19127048846097086 -0.0911690720228913
0.1726981340734517 0.19980484119632538 0.22453308949385664 0.41226378012870796 0.02423900630417842 -0.21301628333466674 -0.35176750991172123 -0.1303115943730082 -0.013823733886158561 0.1976656151162091 -0.1802648644544659 -0.00607906800277222 -0.35180491278514076 -0.11333414823839823 0.010075018726524236 0.4155092025708945 0.04796479195224118 0.20405153117585342 -0.06995695801392282 0.2337496453712533 -0.1963809312994406
-0.0003910066472725424 0.1392709502351435 0.11173792887798484 0.307119531713915 0.0936347755849917 -0.21424148918930044 -0.34031554786961493 -0.08445372827455054 0.099376184062959 0.15430723378226902 -0.29065624000784984 0.034828982456306064 -0.3914176442723751 0.013461016283864842 -0.09976434070059571 0.5288269059507724 -0.01688652226747128 0.12550359469999275 -0.10528067023883053 0.19296843892244903 -0.26352285358235616
-0.007155296773353378 0.3484749707341189 0.12368712085221295 0.33188509189708515 0.06751946901300307 -0.25594704369449156 -0.30894239111562577 -0.15935504943701168 0.061836775593077424 0.11014167581646284 -0.3305739281951639 -0.038447498355713906 -0.4188709456942312 -0.04155417990769668 -0.13878353669319646 0.4053568231069469 0.12635419822125754 0.036367576640682714 -0.11823207384554371 0.19533193113107725 -0.07261030419958085
-0.14138547626822892 0.23983151120239316 0.20314726052063875 0.2970271279119111 -0.11370878539337549 -0.1826638066823001 -0.31239465773511016 -0.274164347659582 0.06431397076800748 0.11748399316777017 -0.21436789020840533 -0.05448584280116675 -0.4504805706496781 0.010889842025977106 0.03210010526585468 0.46635308389646496 0.16400340345959857 0.09956411906428482 -0.037894998713938345 0.1826905473654652 -0.11787613166122227
-0.0591975357846649 0.3098518946606308 0.1761598643309421 0.3190940160636986 -0.04151918834248807 -0.20089687678105317 -0.1915129026343572 -0.1949500062497238 0.10618020750022823 0.15775212436498143 -0.17365922659583083 0.06761247755865712 -0.5168824942404603 -0.017868669659736873 0.014389179617646814 0.3988929463878852 0.12237345809304245 0.05330281908991246 -0.13149625249057792 0.2741061541123879 -0.20719023320293098
-0.12571542408490768 0.3257632719444362 0.13812842215847876 0.2657186068272793 0.029824436724857222 -0.151947191164817 -0.30103106492832066 -0.1729478640977919 0.00416984326179579 0.05815904754210327 -0.22332669520216955 0.08800623291079909 -0.4369233999726413 -0.08662631694383083 -0.04133131425043128 0.5308685053795409 0.1102035965886533 0.06677678119067756 -0.1129009218029495 0.23608510909301675 -0.12584755864227323
-0.061611753380995164 0.31266384595116986 0.1895642056054851 0.32711833629445497 0.0014120610197613417 -0.1445176140064414 -0.23618732566567252 -0.11204564310563907 0.021613094848492585 -0.015797850470427394 -0.2869652595835764 0.049132151308151 -0.3490232696091318 -0.058949209309164564 -0.18276406806481338 0.5254785137300714 0.20952322646926655 0.08161012510567137 -0.17083972528384986 0.19751754882407319 -0.16497382663236976
0.11588161941335295 0.20134631020987132 0.05711447723838009 0.3136328091464807 -0.185970929620641 -0.3585100731640001 -0.26221757279538555 -0.042113180914705436 -0.15530283567607148 0.09558719001029965 -0.20158394293610435 0.0026502391629304577 -0.49366864032839586 -0.013677073735450481 0.05972155579176119 0.49072089358270465 0.08527099143843449 0.07731993175483733 -0.0914008393906137 0.14106962681417157 -0.08416988580904917
0.1390398078440179 0.025309136393808072 0.1447274407195099 0.31513178990345636 -0.008987639185696325 -0.33821786046626334 -0.4572498047372441 -0.11760878477804039 -0.030007374938234483 0.006786811302595826 -0.32720379655985116 0.046897713494299303 -0.3036409023083801 -0.03756933332367663 0.06576877333710557 0.3425556051721791 0.13572336200009033 0.16903448786768607 -0.15945112397660932 0.26204845316606173 -0.2362564319100701
-0.046467430938634736 0.126164322117847 0.15015481701459057 0.34719596634861055 0.033348089795849814 -0.20517863686432153 -0.1332274830290058 -0.043130142488336784 0.08903943451514182 0.17230075117934915 -0.287906959534187 0.18488056607605244 -0.293910981689065 -0.11873982314034491 0.02654576662380928 0.5345650083983043 0.30147882162880923 -0.024201320429675276 -0.12783380876401357 0.32314923383225824 -0.14878021618343198
-0.16135482546312266 0.14287257236231748 0.15959769287306524 0.34513909745909244 0.036997146648785006 -0.24203982341937472 -0.33791734879249763 -0.1581126450921107 0.06962451900645877 0.11188023316779794 -0.3879159490328578 -0.060294718692391946 -0.4259301401228244 -0.1135089182823764 -0.09098306672143298 0.4033039770868997 0.003233262171384049 0.12747129583205682 -0.11778000604073058 0.13446053677148395 -0.15778750601424824
-0.07023175287241724 0.2343330619678749 0.09550227695878569 0.3245794480988079 0.00401464104466447 -0.35728245304011846 -0.35432502650021197 -0.0833319999733692 0.057194945981634965 0.20728361385678795 -0.3339877384366023 -0.045238781294797914 -0.37909897535179765 0.10213872464304567 0.009978563875733247 0.3894361338905941 0.046759315009457056 0.1372870180395005 -0.12828863736904245 0.21456066696586454 -0.12750193755007222
-0.1024768811663799 0.3634123436562614 0.07167593990616199 0.2959071825513375 0.08775816600865323 -0.26990894894042655 -0.1726093982152989 -0.025697231903838425 0.09074018644649055 0.1250217410638291 -0.3233061741325506 -0.01655916545606905 -0.4641752198854054 -0.08004466094053117 -0.05243604798440977 0.3183062596619311 0.22660124331823328 0.01870388741901975 -0.266683966055988 0.22677667173031127 -0.15773176709702835
0.0764011760535745 0.2881042618326413 0.11507771109694492 0.267766000435793 -0.07779601287663614 -0.23526172597907918 -0.3404255034583964 -0.15113607892074915 -0.06249218343948387 0.051071565384760854 -0.29660006030970265 0.04575677805743849 -0.43121047672045115 -0.034337064267317974 -0.05381985526593084 0.4270138924224968 0.1789413299718096 0.1334658295548241 -0.1654237565107632 0.2257802851681242 -0.17021356194558546
-0.0520944409388244 0.14847383324652336 0.20939390412095826 0.3985171575580717 0.04206569694335936 -0.24123813885337694 -0.37304373376165817 -0.14769904334948022 0.10826920467267372 0.20757698286974544 -0.3200955116975151 0.09809708936234701 -0.30858508689687747 -0.18555753738672306 -0.02911883072763256 0.29444304150791795 -0.07449802045909855 0.11540918752587492 -0.2509207226990988 0.22076881733302756 -0.19228384988726213
0.05361001928005894 0.05658302233946312 0.08565164791679777 0.26133886025459124 -0.013820246740657542 -0.3819464740684279 -0.3599086462060302 -0.1558199255476874 0.014247996999958146 0.21944714810145738 -0.3831989432184807 0.04067049923305431 -0.21981373606564833 -0.09858878762570233 -0.05884607802852107 0.364863783133878 0.1536844935285264 0.1360323240784451 -0.09387098612055421 0.3152802848112575 -0.27673624684689585
0.020087755016149362 0.19077643560732788 0.16283585630791095 0.4243510898832789 0.14541193684175294 -0.2311158886038669 -0.2570412262075882 -0.1590403670275904 -0.03496953563039073 0.05176661448399031 -0.37813677896545006 0.029686716748520064 -0.41188660957651624 -0.04452880117819218 -0.07541060385915112 0.44987565023474324 0.00026285368408552045 0.18948769933703935 -0.07586584878272659 0.09981333867480115 -0.10763196043709503
-0.005052360303247037 0.22722517589406152 0.19962590064236482 0.3050651890574219 -0.055141485015273176 -0.15309637979224477 -0.2090360491058927 -0.20848719707226138 0.1335146170843033 0.01165805644771975 -0.2631151538401928 0.163196307145879 -0.5129737509351733 -0.07756403631273451 -0.06934631223023757 0.3756968309706319 0.24639001106837846 -0.05880731510231916 -0.18385494022475415 0.2610900723532291 -0.08190789753382492
0.1308531037762141 0.28810246325473865 0.15233135713665333 0.20966040595846208 -0.14669929639635546 -0.1737714187420582 -0.20554726317044028 -0.1850114466632692 0.1506845852723794 0.06431304662215062 -0.2894331803229782 0.06744044095188104 -0.47495103696552465 0.039464079224016506 -0.09541454748751144 0.44956084478271774 0.03964526979343191 0.07422312451360698 -0.1300514445192658 0.27316789934167307 -0.2288985038071547
-0.12081497538333055 0.14498963988987518 0.1189466031230795 0.2630282373350872 -0.07651383943834164 -0.3444504414097362 -0.22221407341275518 -0.11480965297841542 -0.06745336991002047 0.07631775199147295 -0.30194050971120634 0.07784581007938063 -0.3647127836274218 -0.09360246702349426 0.08474536720769112 0.5169395615315857 0.005200770428683355 0.13935889565579912 -0.18062922469322246 0.20252860860786215 -0.2776842580863361
-0.08098573628490716 0.19567757148644024 0.16180665141769826 0.3556355846893754 0.111296700435545 -0.2817378896609188 -0.5104894631084314 -0.06506950192067179 -0.04012158718698955 0.12724724723616151 -0.16478619355192758 -0.07938199539107836 -0.30162407982681116 -0.06716074736803386 0.1322557959046585 0.3683006319446336 0.19789656410441012 0.05819567546543521 -0.17952110364161858 0.2141820276051416 -0.15925784005218474
0.04556421395812306 0.24412916106456112 0.04225106302616358 0.15301912253580222 -0.07832328635087668 -0.2968665961731564 -0.46432230933313606 -0.10125542361651675 0.06024654379019827 -0.037103137865225164 -0.2934514047048246 0.035898424331608246 -0.4715643323257149 0.005534861251180569 -0.049295986978986114 0.4172093180310378 0.10949953115966259 0.04896010747115424 -0.018921772980151467 0.25556159414128016 -0.1471383446454124
-0.14025711291197804 0.24595026830816608 0.07057412129737495 0.2745690463940147 0.16500846014550427 -0.3028820412685417 -0.3342294805942018 -0.09391945749822529 0.07715403111768207 0.19637549910997626 -0.26055688727592546 -0.04158790400889322 -0.4227134237582416 -0.06695593545436629 -0.03295487025348798 0.44607707302394456 0.043705681183215786 0.006534348155306706 -0.14316207106393292 0.26297304224881995 -0.10484694657401335
0.018791998654516175 0.3639837294655439 0.18553778273136556 0.3617319988760235 0.06298717213552944 -0.21830150431604609 -0.2897153520937358 -0.1450450020541625 -0.015492290937375426 0.23802129512478082 -0.20590893380025893 -0.08314391192178062 -0.41898729413389424 -0.059910333775965045 0.10621072417913748 0.3880815548753043 0.06719481123613953 0.16036451706576746 -0.19379624635632817 0.12724622735389635 -0.11865395757064472
0.04581147000297642 0.2909481151183419 0.08128172671973942 0.26318925668718673 0.06646117864383763 -0.19129039687345295 -0.38260957448653976 -0.006484455396076462 -0.09521944006341163 -0.0829772614356875 -0.28682136859376745 -0.10092471867377281 -0.4234857026024952 -0.17807278093463003 -0.10969873295248206 0.47842326054532175 0.05879877975843631 0.07905530730501227 -0.019536048974258063 0.24636809549395908 -0.13700758764898863
-0.06533519138634032 0.07795468944801312 0.13119948586617688 0.3690872796158765 -0.028458068228270687 -0.2715231472273443 -0.2979036475674176 -0.17724308292206004 0.08850067487654271 0.2422419316339545 -0.2920846683982565 -0.08084789326289536 -0.40412887930914543 0.1365814317641315 -0.025473192039129337 0.3588405577292983 0.13007489476638118 0.16490673555915625 -0.19708458910340937 0.2514934199386702 -0.15987766523353866
0.04728401685860945 0.13167764883595365 0.2176347939920501 0.39551712438641556 -0.04994401874132281 -0.20997503664814923 -0.3189474011604071 -0.030036198143431274 0.07894765357566601 0.08763159832151138 -0.2410802834670766 0.048958522440211316 -0.43790422512262056 -0.005041632328310123 -0.0774015412515321 0.478384574151536 0.07386882709406621 0.11148996662390198 -0.18213296447629967 0.1920841072399861 -0.1959608283938361
0.09139130655762903 0.3174178325943459 0.037382546032817016 0.29424148031406905 0.02262320176156452 -0.30414055970725407 -0.18917207516578013 -0.19317381381147403 0.04741962623917641 0.16633265123278104 -0.29637902040641007 0.06564862049947269 -0.4388280236151501 -0.06251953275927813 -0.08228845372659457 0.4498043706287068 0.20466999250845835 -0.05228702959591222 -0.16148112560951616 0.16944494982569097 -0.09874993951099564
-0.13977950316659854 0.07496071314227346 0.10484785509986999 0.32106293742451286 0.0440152135306598 -0.17687990545533447 -0.26294716186007705 0.057395869832612835 0.15345893366858462 0.11334372467271185 -0.2776265893959085 -0.06392033379894256 -0.5622335728102086 -0.030510697637619322 -0.09744651043982157 0.47771147895265187 0.17525458747267691 0.004112157641013512 -0.1454376042274541 0.16207557681215853 -0.06824034771675273
-0.03739301097348388 0.2259454074236282 0.1295358116231283 0.2675597492631543 0.024089412648831077 -0.18341976286298342 -0.17393450763956106 -0.17901862233673366 0.13967165916396496 0.0292870172405309 -0.3080648884727418 0.10653381824285021 -0.5487032614525515 0.01629118116874857 -0.062481418775819045 0.39539012953444835 0.11173629068003442 0.12886513175111053 -0.21248294403550258 0.2347160406793234 -0.21243722049178773
-0.052038008323468006 0.07720636240096126 -0.015974855321504146 0.17937690725475483 0.02697648176953526 -0.30969067242936865 -0.21088266888281984 -0.12430056623701144 0.029866752439472146 0.1690440620088718 -0.3746240507652824 0.07817882250845258 -0.45319065764210437 0.1143810867336736 -0.10579204317775943 0.3930167772214528 0.1404090359298725 0.11907526850130658 -0.1791766108110922 0.37105400382550896 -0.19652189614175747
-0.16965113024203246 0.40087679686612776 0.09642652704256807 0.33578115025841615 -0.1413155421620048 -0.2857487657062127 -0.2402732664844125 -0.06865191222286095 -0.006548562592172297 0.062348616588024 -0.3228517073476811 0.0013485915432898754 -0.42965904056784754 -0.020212370756592525 -0.06509435347441536 0.43238007900714925 0.07492213398130912 0.0493033229955179 -0.11026368190598307 0.11791376389163397 -0.07698096860604707
-0.06242660891655413 0.1098740148896715 0.29400302059157274 0.3382783856029609 -0.17649275310975662 -0.28659081765360483 -0.4841182722559389 -0.15896579954588236 0.04946559579629493 0.035392509898065715 -0.2708231672437927 0.07413884262928913 -0.3353780290312138 -0.01661621897241292 -0.0007437841032194797 0.2608028550202796 0.13489104963860227 0.1681951873998495 -0.17123070273886998 0.164804849721545 -0.20965619175165695
-0.194662644440994 0.2844188558223101 0.08699731607248835 0.2617437006510376 -0.022950287919392715 -0.3181318726626436 -0.2801477185811614 -0.1428247208660116 0.09900850335905623 0.0801387305714727 -0.36340327283079826 0.11760851022214824 -0.3182477493066308 0.02389510322321741 -0.128255167537579 0.47747652288323217 0.043170199632639315 0.029830952804663215 -0.24553913003751107 0.10266497689699959 -0.15010091419372995
0.02804321434899866 0.2223051685392329 0.1750151036425279 0.2946853453771716 -0.0504713243788416 -0.14320300560767213 -0.3870441643757958 -0.19680348370284578 0.12457696404362135 0.09488293902112258 -0.302982859332274 0.10243679689797071 -0.5024778088405358 -0.059989483047034435 -0.13006509304186967 0.38350720810637345 0.08084660605817671 0.033903656632990734 -0.13510194244702467 0.18978200666980352 -0.10903268552521973
0.10911302626695753 0.27497717722186404 0.19609975571052124 0.3180311199012779 -0.02099670879800582 -0.2702041837726745 -0.42711694211954004 -0.125662556282226 -0.06764478979733701 0.07714476623922588 -0.21492424706981123 -0.11271206168224349 -0.4443458849924626 -0.07556539553017193 0.04198383891927067 0.4123247893091017 0.024790365965563183 0.121269133860105 -0.033284250236426054 0.14804090518010196 -0.13607281359709225
-0.11540380599543379 0.10898225252942066 0.0950064069293806 0.38110097167133383 0.05913415141502279 -0.2836007753671277 -0.3118623208164307 0.003305674063730865 0.026236895062904136 0.02516535381827153 -0.2723526972938653 0.07225382979007143 -0.2703794305768963 -0.0002578175770377023 -0.061889925772010884 0.48994523096890197 0.350825559223972 0.062087759738660576 -0.14085409960621076 0.26728569254535817 -0.1530696758761522
-0.01850571646290085 0.25715652687637963 0.045898513206432304 0.3074465469093368 0.013672033200281467 -0.19935320099395054 -0.2347230614302221 -0.15360273415086342 0.059883082944847024 0.23301161841141826 -0.30462457835676904 0.005797199342749761 -0.48594548238870483 0.06169136991981554 -0.11923738121068268 0.3723551222693031 0.04441186997520559 0.10973865692469588 0.00210480983400375 0.3552060717220683 -0.18591673059516212
0.12339932672399431 0.27038378066426094 0.016884799091698495 0.2567706090452831 0.22914623895376085 -0.3375043188961139 -0.30011026179539124 -0.07917092745987646 -0.06580685669733234 0.3113080890550344 -0.31552583862610833 -0.011272010144948842 -0.2530549669999865 -0.05286531662988355 -0.08244090839799832 0.3440985379909798 0.10129111288308429 0.11712350494474374 -0.13483339860176682 0.31662827303587954 -0.21754894964236493
0.03206985066686452 0.3185494995572471 0.23240741298296705 0.4050484229796367 0.007561364016714227 -0.2593246659793206 -0.21324212938554274 -0.17308902445326538 0.16730971721372326 0.10209451723420337 -0.25397574150457314 -0.06931538903712392 -0.35065319675982426 -0.03624667168074388 -0.07480734821136896 0.4110976489886414 0.12485709388546748 0.006751488506398863 -0.21716941254817246 0.14764109621356325 -0.21329200609051913
-0.08705191148544565 0.28099098078664014 0.09970740152587979 0.2656306879189597 0.036109685958550665 -0.3344098686848522 -0.354629964788421 -0.15204851007879222 -0.04382560565643747 0.05788860877542008 -0.3301906770057049 0.012239522869352544 -0.3431442536411627 0.003043070905534097 -0.015438602831650635 0.4560063236079271 0.05422670859751641 0.17834642948777155 -0.19003826952614386 0.16428534992864965 -0.1808666597996991
-0.09670697985026154 0.3275733945813102 0.11097712033892243 0.28189800481088556 0.03365295535229106 -0.3093874306192835 -0.2850608936009757 -0.11714467813155538 -0.058531306718626955 0.03055624412515675 -0.2859495257013196 0.08717467061302057 -0.3673621974101056 -0.08822837649604683 -0.03866469802164929 0.4193035012564931 -0.0883862151555 0.14437042089106725 -0.26037943127914914 0.23583861140767562 -0.18405793739727103
-0.08289123429849438 0.3348093825309404 0.2253800850806569 0.328056412255262 -0.09322802474332642 -0.2850883555605317 -0.24733518610747277 -0.1838166430885124 0.0851118921214365 0.08149997323163241 -0.3070345284614899 0.05141126918693393 -0.4151258485883971 -0.1515954985479564 -0.04181582446721583 0.41623259276560315 0.030161689633135143 0.018435060605583777 -0.10889122349318217 0.16159974640502664 -0.13173718220866648
0.006276721316952555 0.1687270869131256 0.2043596493565314 0.3343844193778012 -0.03759376033178656 -0.2845846920277529 -0.3482925481536105 -0.08963058072410024 0.07174253590614275 0.04899669561423481 -0.32625988306019466 0.033535135992923376 -0.3829295627569827 -0.09976860523195644 -0.10418494352286208 0.4217938623455228 0.1502344865537328 0.036532218176558044 -0.15402610619229798 0.2494877098782133 -0.18928431655740305
-0.014040302337500109 0.11586021004872174 0.18808297023621068 0.40454937428577187 3.368345358965594e-05 -0.3089475532052804 -0.28862952516255624 -0.12963473259153233 -0.056816983215734744 0.06289269901679126 -0.26916101951367954 0.07413762525437548 -0.3924889177291181 -0.17457269700429984 -0.07446165031811555 0.4009090037268781 0.11440628579015559 0.04211675260298683 -0.1311898948573447 0.30619472520495755 -0.17329471754126535
-0.15255885342773026 0.3320429811858891 0.22148823421693828 0.3637609608306414 0.005990377953907427 -0.18893227123880899 -0.14935520804683616 -0.14104781366137364 0.09839986987943436 0.2032783755960911 -0.2198009793016602 0.023357150764007795 -0.321650744456653 -0.015795940026953663 0.016163702948964593 0.46489699135402496 0.18950950394346183 0.09784692441159816 -0.22888210466673883 0.1986578928641753 -0.22329292288742214
-0.11304476455970598 0.12838326762838953 0.1500703952214487 0.3040045949408963 -0.06487467789463379 -0.18947686237891337 -0.27430920459676666 -0.09150697098751893 0.09701386076892561 0.03619989809814586 -0.3412207672936235 0.15932792777861204 -0.39259343793673745 0.005440323277625935 -0.09102381268753106 0.4792425699466857 0.22524463286388346 0.07427565171319103 -0.21525798192186052 0.26853380418704553 -0.11275596504543567
-0.027938165034440663 0.16951256459364974 0.2010464495662384 0.3246147562740217 -0.06597717193942372 -0.29039234176894285 -0.4331990415136363 -0.17454207814001987 0.04749604584612238 0.05594140254477618 -0.37287483535383953 -0.02527273641294145 -0.24115559311803242 -0.16556760205705018 -0.07600220630194669 0.4593764293310426 0.0864422896119262 0.12607926651506768 0.008971330862983136 0.19402814002701818 -0.09672887198716495
0.005002374710577456 0.12019712735312964 0.18088440326124328 0.39598838150286153 -0.0531806272106172 -0.3131995691058371 -0.28548385312468044 -0.15439986079290627 0.02349743670532677 0.037300248753498834 -0.38556080098599027 -0.16142141041579267 -0.26939308580246013 -0.09332530749675565 -0.18422031130827082 0.4481463297582429 0.1780344236718042 0.03902416013943859 -0.07206952438282235 0.210399760996544 -0.11977480107008472
-0.02530730145878172 0.24541241497658045 0.1667808029247353 0.3615078829332331 -0.057890677353029926 -0.3131075754775818 -0.35078369567538065 -0.12043690194634869 0.008032764253998114 -0.06642366546283317 -0.3453323360489169 0.10720014548749122 -0.3933246961317792 -0.011582499799501081 -0.08154395657999135 0.4263899934894482 0.08520828576488494 0.09130490794146616 -0.16021338437041158 0.09920732614740237 -0.10981744789983688
-0.23865279990501265 0.16332347230509364 0.04369138120887001 0.294721878677964 0.00826210265147581 -0.24839017478573305 -0.1778179143919627 -0.08030935107689643 -0.057126022619239415 0.11801544937318525 -0.28979993699694306 0.04340745695619604 -0.5080874756933665 0.008785460016864272 0.020382871202732123 0.42386588361613264 0.008403744567990413 0.11333500645361058 -0.21938244524202907 0.26412369055634083 -0.23578196443877553
0.06123386561195817 0.24726286778492193 0.116513898231733 0.3794010970761335 0.05011067995003139 -0.26774598692208773 -0.19916580718080185 -0.1298614739759626 -0.1135084054854927 0.1619655625803797 -0.28027173777074593 0.0260304541848158 -0.4424358226761827 0.011416365533503435 0.023094749715854738 0.4688696307107419 -0.01620231043633057 0.19635836818284277 -0.14393979956948877 0.18475529554649792 -0.1363442757078742
-0.17401125741613144 0.10167677956736734 0.05595801038760779 0.22946900164005193 0.4594619887656809 -0.17764175097799673 -0.3606277553520592 0.010085677263685184 0.2699050573050367 0.23256032785930833 -0.1930920198656651 -0.16966638903316547 -0.15765975223591472 -0.19020283617029288 0.08814097299240355 -0.23147592722318053 -0.1342972234889418 -0.11656204623175645 0.26000538027708014 -0.16470403286968396 0.29839236304623623
-0.24374903477842608 0.051709023963778716 0.027538645725112318 0.17978579919832005 0.4085641377602467 -0.2042228114788394 -0.4454687661072502 0.07047865887775269 0.11656236991975148 0.2241965009101859 -0.2850208291827423 -0.2114745759151554 0.04268083772145945 -0.1839203720604443 0.1491032120024973 -0.2751309721803448 -0.09214094061532672 -0.019159283105089474 0.1430350029579721 -0.1770193439052453 0.3297752347049527
-0.3078534593120989 0.09176002131179847 0.04720674132779825 0.20951500177880586 0.22573530388931817 -0.2672820177472432 -0.3241501459982192 0.14567857000541837 0.2330210411894918 0.32206075593994143 -0.19915701533313906 -0.23425342713870329 -0.15067616868680792 -0.24088208481701565 0.1843956322203966 -0.09784497435896046 -0.20091033126528288 -0.10378776354882539 0.3635423654053167 0.035225255732033334 0.20145952288189292
-0.23712513608986574 0.14873501371592893 0.049621481196035974 0.19172459160551658 0.38297614348325104 -0.21492405462115055 -0.38601911366011316 -0.005527098013172087 0.24321727085815814 0.28094352870270484 -0.03940197634333291 -0.22322185485118295 -0.03613514079807192 -0.2613162139608808 0.21343519310992995 -0.22851921279780846 -0.06984648748373806 -0.24587888482608838 0.18174290794396625 -0.07608615809652494 0.28202497203425775
-0.2861339118626006 0.09659581671432621 0.051211778635570006 0.2637223144102008 0.37288301931066986 -0.19533245702297244 -0.2978635976230568 0.13014220563714077 0.25588680440263306 0.3061814362888433 -0.27639170925785467 -0.16168473066890324 -0.07741917239563939 -0.0573355311049248 0.090369134575116 -0.14039671321998284 -0.16358078617247723 -0.213206746620228 0.2997575739559087 0.04579225452034456 0.3011355263065516
-0.27865603320811394 0.09556814358101628 0.08982037212597875 0.24108194340835604 0.08846981987395611 -0.3533696627256059 -0.38574891916819126 0.1296680993114775 0.2262158449286762 0.14599986966857278 -0.2493564117770458 -0.18746771820139152 -0.22813543321548646 -0.2432895125705043 0.19559791372799198 -0.0850950219670309 -0.22241786630393487 -0.18453673383341085 0.29548597165001045 0.08022363293395524 0.21188997328163073
-0.16791984342995422 0.02340796314307557 0.09180909915414702 0.2770497891302365 0.27016422207740426 -0.14986079362273963 -0.4868868051971681 0.07065809357323893 0.16079489899405427 0.2039632275236341 -0.2590033465318672 -0.20760665762345076 -0.05348276839653869 -0.12397511358937074 -0.06569875299611509 -0.07264144154313709 -0.32220203033903283 -0.10620101137097261 0.3681141613026804 -0.1580284276125273 0.25987455938705845
-0.09640200837584172 0.06206206756182189 0.04813109849124589 0.22634310883651304 0.31062306208235324 -0.13142251770296176 -0.37436678479867375 0.006559000514993786 0.2703226860070592 0.2472963543335908 -0.22859633063234128 -0.17402674091255713 -0.06815680415756059 -0.22605670587183105 0.043937986043358454 -0.3962992821725372 -0.0787995470066037 0.002688740436585896 0.41833562549016695 -0.10531097774159937 0.23567200577697878
-0.23123741848833557 0.05535259756678867 0.0003132201031890746 0.07336040733549533 0.4033210354426636 -0.35796013722313413 -0.3528328026159505 -0.004747508624394666 0.18495545984318254 0.2459852975760484 -0.1485747024810992 -0.17256376648486493 -0.06588080300832895 -0.23984225746553728 0.0651894837146 -0.319998078611155 -0.04718525240958017 -0.21762317193071917 0.27040868249729627 0.05538370164197036 0.28619772994223097
-0.22717284941437663 0.13034029394850483 0.010975369889441661 0.15296732298443685 0.32482899893485745 -0.22095940752337048 -0.45889038336274135 0.08655616288141278 0.22006913969930428 0.25239341680511734 -0.11103683787307946 -0.27641954838885013 -0.058998706772134125 -0.1570276023726854 0.13326257489712345 -0.1795282463547179 -0.24897344699079246 -0.13914861396017822 0.36439432718031983 -0.03243216999223527 0.20320515989596843
-0.0649732128078203 0.038666609296615084 -0.023484087072240544 0.09828881233641053 0.3589038711683639 -0.1369119193331409 -0.39110353771282763 0.1591274227023784 0.28547297176859093 0.22839279526378384 -0.27097588531556605 -0.3127829359549998 -0.0015088151437347434 -0.2517920942222996 0.058266128847965476 -0.2873870467130508 -0.222814267882668 -0.16242446000211183 0.29191555990190293 -0.06676887901547077 0.19550742082096084
-0.14749737190920556 0.19312101008275948 0.00013954597536903126 0.1287653890748262 0.3565246218988416 -0.32934793231088666 -0.36893128940636083 0.11380219793392844 0.21528201198065858 0.2727113859018601 -0.061234512418698046 -0.15425509512132124 -0.06125954177843115 -0.22505389755550242 0.2658491671380046 -0.3257077236129037 -0.20239670116152775 -0.15691714575702714 0.16459596026734735 -0.07359045325934431 0.2494131488391903
-0.14107141615898453 0.22066396152507417 -0.0025051163174427907 0.134844880087834 0.3661651724961727 -0.11154661542160042 -0.24962784453620482 0.15550564440993045 0.24202183586747705 0.22885629200871682 -0.13961665385040187 -0.2096618866492381 -0.2344878337293372 -0.28889338030459766 0.061861790916377675 -0.14092384262725996 -0.13447006637985168 -0.24267902225222202 0.34246530302592393 -0.00884963627334744 0.3864376697570127
-0.21619659021940568 -0.25293834619561106 0.006139793461422029 0.09269161163053757 0.2861279555406511 -0.3352728690631411 -0.2481169289206646 0.15006854911772768 0.16801302918594901 0.17985604443435993 -0.2910200331097935 -0.3900204200519378 -0.06317854043057279 -0.1916341312293636 0.11336363019980468 -0.22019820769175438 -0.19664341975887728 -0.08650620270611528 0.3232673299701896 -0.06776463251922397 0.2181913112157195
-0.10942512793455443 0.23653612831660675 0.02832533749833631 0.16426354073907218 0.326885702784407 -0.2764538584801557 -0.24596927942604052 0.06421677833521496 0.20878881168289648 0.3007653313661946 -0.2135402471597842 -0.35464184874209836 0.0648391170978037 -0.1614033643269303 0.16356634207374157 -0.23263444862095328 -0.13175395306302295 -0.07181582882599574 0.3826532192682774 -0.0816712951551732 0.25342703012374956
-0.33130117172120455 0.13716463704615614 0.09556461884963906 0.28114990497100767 0.2589459884638287 -0.2620072013547441 -0.19971913359922697 0.06036077960694446 0.20617908641992266 0.18145153175428405 -0.2748113198109759 -0.23011762062470922 -0.2100007077090192 -0.235974097474273 0.18927653105902204 -0.13335122305959055 -0.08798189776214692 -0.09048809798605857 0.37320606873923645 0.06547758027606752 0.29532101485060747
-0.20084234134886775 0.0638018601927034 0.011506859309590094 0.16518661300879453 0.2758022597765645 -0.14408525361239444 -0.41196483959965063 0.13151494899907185 0.21935905530706226 -0.007934948170234844 -0.195266575108231 -0.22788702383928666 -0.12299853534203689 -0.3796460783619896 0.03366324713684389 -0.24488631764102156 -0.17596863829139844 -0.12522066329768264 0.36515369150055765 -0.0252928068710659 0.32420159846494706
-0.2872763465357461 0.14386617356189774 0.029158803710872407 0.16586777265731595 0.26294722857249775 -0.3040084049976343 -0.41132422750730585 0.04372467058325031 0.13043583613295454 0.23198393064772319 -0.2307270814584195 -0.10657262064640345 -0.1506783913076215 -0.24343706344782223 0.21620071008565728 -0.12243448418380684 -0.19930733674619994 -0.20761735029453213 0.2726011766977103 -0.008000022324617077 0.3153182134759849
-0.24647145227063255 -0.10951166972255152 -0.02419314789319633 0.09497240992711452 0.29612613817747907 -0.2892026552366993 -0.43862961659515864 0.17281898812133226 0.23005868118649164 0.24181389993093946 -0.22988611834478906 -0.17614267492417304 0.018344752526328563 -0.23895422695717844 0.12075401978581496 -0.2985279170249695 -0.2543911479468431 -0.02225825418849805 0.2361631995274118 0.08593952576058819 0.19819905478648187
-0.15430698634537593 0.14585056167218646 0.03159708845388474 0.1517262874050481 0.321802741569715 -0.14507454192176975 -0.2558320232806519 0.03358429415627841 0.1908254404780823 0.38176524559699204 -0.08676431995431283 -0.27053355848018734 -0.04202926781699837 -0.25577458823565785 0.17525435490860777 -0.21193100422495947 -0.26431336684338264 -0.14970231187107835 0.4179722179630797 -0.12146174634862993 0.22868899522553895
-0.15965660508566595 0.09482139125953155 0.11275326600807177 0.2834360624239702 0.2082078202686886 -0.22081933340145277 -0.41529383728419633 0.0219951692697182 0.28614452480876357 0.22325455262923385 -0.1507100981959479 -0.2111009405764753 -0.10804574772713647 -0.1737752266199431 0.20550365560775935 -0.23283440714420942 -0.07864599623634354 -0.12210728546866226 0.30606793745399596 -0.07208510108567731 0.38745575329603305
-0.46217672745694194 0.30933499193229314 0.02553578275059526 -0.15671492359905997 -0.06399995478280174 0.4141251634557987 0.02130355787041117 -0.0029049472291938056 -0.08122913158865333 0.013402873749108481 -0.1829676687454688 -0.06086473054573472 0.07150715411876422 0.3318309863411304 -0.2959532122371141 0.2488275067155121 -0.1609553842474299 0.2711975966531528 -0.24210130357337847 -0.020373861586730987 -0.14921145465324404
-0.3490066673684671 0.31129821846830413 -0.0243783112750004 -0.11821151900759781 -0.10679881471700094 0.42014032073728974 0.05977220962441864 0.05430968760438941 -0.11633077697437773 0.08667633246160758 -0.37089153545700243 -0.01736372408598808 0.09477116910336869 0.3209655068269329 -0.11775599556049471 0.3650128077934094 -0.04464163370037337 0.17279273321625038 -0.34052087024508754 -0.07932547963108877 -0.012932296705941388
-0.3463811095241342 0.25281415938323903 0.045466234983375466 -0.15118732365138834 -0.27547930816021265 0.4403838291112093 0.153081041248582 -0.0731290350003875 -0.033935003826203514 0.2018512626151591 -0.32587984347380217 0.005816244875087083 0.2217503861620131 0.2577983497013907 -0.12883297634772084 0.23635335095455395 -0.14597825302548373 0.1640568408626105 -0.287611425951217 -0.06941109594756038 -0.14348624454456282
-0.33590641489866035 0.4574783465349919 -0.007419365208035098 -0.1776626130518832 -0.11822994953456402 0.4021655757640729 -0.025804681860170205 -0.03418528787991291 -0.042689643245837024 0.15495576909175285 -0.3395336368213684 0.01434978972390007 0.21595118584916767 0.26894147207039226 -0.06046806908266578 0.14842161611715105 -0.17350779795211588 0.1640518893926614 -0.31121959314600034 -0.15416020855525378 -0.07139975490039178
-0.4316678336508069 0.3572535710732683 0.01523664466480159 -0.24610391608470852 -0.23519355957016647 0.27194388135582265 0.05737189269384548 -0.006152431117736699 -0.22246509933198597 0.022767182763934163 -0.26022466658688687 0.06575267343865833 0.14888136406229993 0.33912741428232535 -0.12103201452654366 0.24170010682562532 -0.07681494059466122 0.28704639584446956 -0.24590207441173073 -0.04975261938508382 -0.09542102013185672
-0.3211026295036921 0.5251115135207258 0.039269249363815 -0.1969652814134418 -0.19244324724234071 0.3217620176341461 0.0586463911054041 0.01289539621307089 -0.20950968694828118 0.09499705896646395 -0.31340087112600723 0.024833310245429927 0.1657408159841957 0.16595121651315864 -0.06585878987087157 0.15232024559003327 0.01905698598906962 0.17578014618930946 -0.4057151633890564 -0.07873288501827307 -0.01652310843121558
-0.026550526594197436 0.10364005331402944 -0.1116978616783432 0.3489251326122673 -0.12554609157770963 -0.3957095170538724 0.1306353284554335 -0.018548519230253076 0.21710112506143472 0.054192054132405985 0.3065760988413213 0.3575439657078512 -0.2556069760800026 0.1397590583071513 0.04020068417247234 -0.5197936581730705 0.007581074437204836 -0.13571582244428224 0.05853203075173942 0.06326239085242161 0.10050597607018501
0.27409379648431886 0.3146582666659461 0.08940749572038566 0.4259939935054882 -0.04464177891119746 -0.2534118628333109 -0.33524228923614074 -0.1568831603381959 0.05669410640065273 0.04075543530532709 -0.20384341531330757 0.10647458975829831 -0.4283762006939648 -0.0588029481132991 0.09555496056997866 0.2201523471471868 0.18128583123524505 0.13852305356106664 -0.061440259901134914 0.22093369203318208 -0.16193284817524028
-0.02626922412317744 0.4381380188576332 0.09292570005833661 0.27995852887646316 0.12240395657635186 -0.28606280597241346 -0.4697440766898307 -0.03402515476607391 0.03932099179790959 0.023816074610660428 -0.168493904901519 0.006512777167812471 -0.3483447823310409 -0.15186206625185478 -0.02737147572619545 0.2770089329331957 0.21097703431810585 0.02738138121541862 -0.22051471783000823 0.18319182147573881 -0.14771209121094292
-0.06270456906060609 0.42682689110438243 -0.1425894805494673 0.43702470958565276 0.028065604254522137 -0.14213587294977267 -0.47918667561227773 -0.06582785286646879 0.08510529645228594 -0.0690327795237952 -0.06526310807403433 0.13459606107265248 -0.38393856820015965 -0.23076329645457924 0.03872198158195329 0.253956004914032 0.003617164919736956 0.05685433279368765 0.027700699231242864 0.13876789654359675 -0.15269050754255456
0.12166956197225517 0.5585429867994314 0.17709876225790278 0.41687451048763335 0.06056537655491638 -0.08499795303525048 -0.3866629699493642 -0.09942298977245326 0.05532059662494453 -0.03133440411650306 -0.16403426659098344 -0.03146747150742105 -0.3192308539213587 -0.07928549217482901 -0.07556877297739875 0.26162474444766864 0.2252805252148777 0.01120147623620865 -0.16480473492662412 0.06554086445349075 -0.03415548777296609
-0.03287772754448473 0.258829265340082 0.1621624707295288 0.3092030778615261 -0.03009575997141306 -0.2582519979448581 -0.35244559982963974 -0.10048467596822946 0.047321773299428244 0.14177924872782388 -0.3167595407033401 0.04057134570079177 -0.41059564280707944 -0.08945325481873832 -0.04161455602566833 0.4387052302776916 0.11419455395841561 0.10195386619188739 -0.1435519169352843 0.23603556105763804 -0.11508843004810873
0.004348887717145314 0.32614893454461347 0.12790055449242915 0.39791806478360575 -0.03864530846292392 -0.22655440469602028 -0.5609847754157046 -0.07831461996836946 -0.0833958085959179 0.03694864215950014 -0.22977942793767872 0.15118293353761675 -0.2648911195789173 -0.06040904911227359 0.015210844979296872 0.317012853766069 0.20385614493586884 0.02149389001057331 -0.139234564694621 0.14142285944470323 -0.07298736523153172
-0.055958700556331016 0.41932462829623923 0.045232327227353035 0.23512601224582141 0.03777663837999962 -0.2622126614583133 -0.45319196529529504 -0.11093881717829343 -0.04603567358560838 0.1809769819744937 -0.22985843036182202 0.12402450256838228 -0.3299241572012251 -0.13867069356051617 0.012190523250744085 0.39220529939805965 0.06279655735694709 0.06597720877242816 0.07102011980820341 0.24742135641349372 -0.12701462266236743
0.08800711428751617 0.2789874876129728 0.06396688323315584 0.2788893430218093 0.025794380053999404 -0.3013228396442029 -0.4940304710712644 -0.2732428425651181 0.08940408267493016 0.14465324771500157 -0.23327118402300406 0.1153062112719679 -0.416904253938166 -0.09438928899292605 0.03261714065126551 0.2984544545782479 0.14766936698912253 -0.07591405460757812 -0.021117011744776384 0.15153256567790152 -0.0435643723470677
0.12931641797472432 0.3501668480634008 0.1216372421821023 0.4365661079392608 -0.11053676176483515 -0.2595659052138515 -0.40734621968243284 -0.14350469229470417 0.03850243355583684 -0.06809354901429421 -0.24190233119215054 0.16513108893346734 -0.24664748134616649 -0.20330951090074778 0.025303671411654287 0.31024804001928546 0.07679375277608562 0.03654128179486154 0.07783986030246424 0.2262759979802445 -0.18356749056287516
-0.00044768966854704073 0.405814107582118 0.09319225575966343 0.2548657483668654 0.08432984533540912 -0.16572251447409142 -0.40277619103474843 -0.023287176320525634 0.07588008483207216 0.05860019676247295 -0.18437681252919447 -0.12033040206779608 -0.5131136704870506 0.014137990616378555 0.027746628123890803 0.4171129467485781 0.18597186324494322 0.13005226272048362 -0.07757288790519602 0.08242529403069522 -0.06412282628215861
-0.2445618582800006 0.024649726582100236 0.12077059454202309 0.2254228090371495 0.05881463552796548 -0.2560685573296297 -0.35161373413004254 0.09506582004209176 0.2289233747129949 0.16702487725795123 -0.2754174264070448 -0.2951675014499818 -0.07759003508292539 -0.14763628353081606 0.0448864796481051 -0.1705156562636133 -0.285553202033783 -0.21943641369143532 0.354414086601945 -0.08909458911032121 0.32718778623947
-0.2135888356193728 -0.07508796433944845 0.000903409470602319 0.28143524050481766 0.23802385823920896 -0.2059142219238748 -0.27999345674282006 0.18519243105511143 0.10879487377037475 0.21287733640906445 -0.3018796171175734 -0.10673796772808422 -0.1655665985588231 -0.3566439825155749 -0.0168778634113693 -0.24915242823681744 -0.2823227503948219 -0.11484509363165739 0.30299692734143324 -0.003392074109950013 0.31052507045716465
-0.07675986566258972 0.07994865748914687 -0.19083983314506234 0.227308398282104 0.2374267300094162 -0.17401932673320616 -0.3728258823866133 0.05594220873353334 -0.08533005797114761 0.23917111125621682 -0.01529515065898729 -0.22936436293985105 -0.24625011568422472 -0.25197790334870435 0.22347811059404957 -0.32229248205976785 -0.18206372874674526 -0.15762215136234373 0.3462709107870294 -0.03150997337150309 0.3109390403511937
-0.23685674772067236 -0.023455223002026248 0.14973041416235022 0.3464912104106394 0.14601746023344386 -0.2748694051215003 -0.335884459676265 0.26189778989879503 0.06785041262273349 0.21793071004523254 0.029118568962967613 -0.3112298732893976 -0.18105261784042023 -0.2477579100714789 0.1387276563262219 -0.24937786115712549 -0.1822452286657186 -0.07337517563484386 0.3478915744825258 0.011612160098330505 0.19344644297929062
-0.29323189847133013 -0.03751999641734519 -0.059556759857096915 0.21485312044675153 0.15005960394475681 -0.20180398104347078 -0.379482332814085 0.2627203871088803 0.007045741656050988 0.0811299432105436 -0.1178507303787109 -0.25423998748409404 -0.18899421028274377 -0.16606648247494793 0.011275449039758552 -0.23634749808868127 -0.1338800714066534 -0.1605932039128585 0.3976070556100056 0.05223774180694019 0.4214854867957969
-0.1582496838606993 -0.12989853523664766 -0.04212152582124615 0.08983733682130118 0.2532030135192104 -0.2842226049824776 -0.2573530454444333 0.2485650397096215 -0.041122488246782246 0.3565953676442543 -0.2025283607146228 -0.3107763476902249 -0.0018273754845049839 -0.20672067508329334 0.1220983497641011 -0.19821995988039826 -0.12183404470016584 -0.18336082021317388 0.41950378721264125 -0.040125268199104204 0.2930595462385095
-0.20219316396891465 -0.04753212469479234 0.01741623393074792 0.2771493464551715 0.1562181731079463 -0.2112686437527644 -0.3585384063907909 0.14237199404774922 0.0904332120610227 0.25969742383046773 -0.22447412805950842 -0.262930493892466 -0.17829508665312727 -0.28092069795259855 -0.06926622278498282 -0.23442322331050558 -0.17392958642138387 -0.17189223254244715 0.3828089191247671 -0.002945194327446342 0.2998933001535167
-0.21389776731087076 0.03029512112521434 0.042334420243711396 0.21884048722511837 0.334793082851848 -0.28975409310932176 -0.21531449245811904 0.25031109102316945 0.14691797364241363 0.11498475545610881 -0.0645001767041583 -0.43106172959106437 -0.19135349542729665 -0.24092791838801594 0.17827692321952957 -0.15454774503642837 -0.21789025482038224 -0.12555642150806215 0.37864240938248517 -0.027957395006270765 0.1268209107102273
-0.2984431379170019 0.08796905485662695 0.014881092006456313 0.009906241660784661 0.27729885679413874 -0.08040869871724664 -0.4249632495381709 0.16435579288806243 0.10600191949027413 0.27897886687976015 -0.10469374242900392 -0.2600648964987978 -0.1544389493095054 -0.19523091579672205 0.13643494475450485 -0.37671784211812265 -0.15596415438147315 -0.10233090153008177 0.3443872915083864 -0.0902323687077974 0.2453739271689184
-0.23655846082591467 -0.2046440772283931 0.06592789727354843 0.2220367435306783 0.15103484426661054 -0.1350616050039446 -0.1519705284677778 0.04624647626796278 0.016582473325935997 0.23674466078441214 -0.23471359575309284 -0.2421539691146233 -0.1369812093514408 -0.2605703051209053 -0.0013617549571761027 -0.15835046761255958 -0.0970979719171174 -0.09721253714251937 0.5495682968326815 -0.14167025354156118 0.399328932541355
-0.19000375798005953 0.021926652449737374 0.004311674242537993 0.1300568626024075 0.20355015547940294 -0.14485443238378914 -0.3367835430596204 0.15584753691923814 0.18387142469739307 0.10271787785839613 -0.06601162692768756 -0.1987360254828248 -0.2035399694160813 -0.3047751383216699 0.18309682644154499 -0.274723732439442 -0.28241421348914814 -0.12388394528337407 0.4873859162905132 -0.037609372417622904 0.28419294600541845
-0.21191885175759326 0.024955435746013735 -0.11992762067374829 0.15070510744907906 0.22737056035364 -0.3145659564001564 -0.33164349261183884 0.23117369259425394 0.03793550219171704 0.19273112998006667 -0.08762935969961122 -0.3228943771649561 -0.09972554275748821 -0.21636199043096588 0.18259636010935498 -0.2447682929901967 -0.2669931873396594 -0.19133721683525878 0.3181778672887227 -0.01208047611413428 0.30574836892478713
-0.36769165670342013 -0.08918368672890271 -0.07542144070233384 0.22764795732171034 0.15791640338957894 -0.10309298750288644 -0.39373923365334845 0.21893678997649543 0.03415312321912407 0.32202121514306653 -0.13100943227640366 -0.33871242775775356 -0.08800543332235884 -0.14801350827717533 -0.08242386503962225 -0.20364320532115018 -0.07948868962073195 -0.10781658615864577 0.3725398690909102 0.13732652643770424 0.2656109813120108
-0.3455187133951031 0.07643134245933413 0.011042812828200799 0.24535756171802997 0.2240993698158282 -0.10432954993235098 -0.40131910657717834 0.2560087492259319 0.18489277902480572 0.2035418439915007 -0.12925679021719041 -0.3102476454803029 -0.06471401683976687 -0.22577686824341683 -0.01304791916292126 -0.12125698994269037 -0.04241817054579531 -0.09932508696456036 0.46019817586499956 -0.017491609697216505 0.2106771637621986
-0.22571950778790853 0.0845017399874709 0.011541532723523875 0.17737412842452688 0.34492987165962974 -0.24861393552850394 -0.4074014792817228 0.13496274245203008 0.27223459691296614 0.22592778197164506 -0.22254157489916407 -0.2111045131950864 -0.10120634989788801 -0.17600544415117586 0.127799391973637 -0.16848291044854172 -0.1906447493551938 -0.13977122799291117 0.32033414694592766 -0.04839389362506108 0.2816325332437655
-0.24335461182117482 0.10486918637188077 -0.024737304772305242 0.30183762191012625 0.2092150506473545 -0.2984069094295073 -0.3874540818244988 0.17328829244152102 -0.020792935543325623 0.3171662454407206 -0.06788041515091027 -0.2604832125629135 -0.20715084041199736 -0.28849820296369727 0.09027063843760523 -0.1880366114600841 -0.10934339371082112 -0.1398294936810056 0.3469510022354899 0.02467113654275915 0.17166475520460894
-0.39592811427667074 -0.03801645875246596 0.03369643435158908 0.3308201730466386 0.12227288210496921 -0.168055085950576 -0.2992900435751827 0.1719037043655779 0.08262481673320345 0.04094071572501948 -0.057168347161247995 -0.23475925629729766 -0.10244957909772819 -0.2935700571129701 0.13598460856102154 -0.17760934459767108 -0.23297029669901612 -0.12237204620324195 0.5080023202253374 -0.026747651123680133 0.16513166741272894
-0.3059117688445761 -0.20760499077840816 -0.15353779518776392 0.32214736499278784 0.2511347299218751 -0.15515546831563706 -0.4208964515694888 0.3454467198583766 0.07883279333376923 0.13797055032337 -0.03746557848786718 -0.13988354674665848 -0.1300170546447531 -0.26433764564714884 0.11426264992501196 -0.267333427495008 -0.13286129757194498 -0.10358586663150304 0.3026116091466472 0.0007165923208681588 0.12188639412266945
-0.16188810193166123 -0.02408636397478053 -0.020678304646258243 0.10510999953131704 0.11392232037504219 -0.2566945228667716 -0.23273853319310162 0.18942896132415682 -0.09189949870200922 0.28467801546533417 -0.26578483146851256 -0.41008794811198723 0.0715826708448259 -0.2831035153314887 0.01997841691582777 -0.18995188689827022 -0.2979193808130544 -0.03638300033581286 0.45948385503079964 0.019302968096867983 0.20293947439094134
-0.2599327571938369 -0.1043390385424646 0.01297554887803163 0.20583123222181537 0.11423734949867582 -0.208220103003806 -0.40380535774355136 -0.03313423582375927 0.06050416634221886 0.1829502279159837 -0.10357869881358536 -0.2114080941570063 -0.11638239679344732 -0.3243546367548194 0.18390074243297752 -0.21871058170719132 -0.16197714522620144 -0.1818699036740364 0.37374261140213555 0.01015118024115399 0.4079131414669674
-0.29273356186887856 -0.1160386993239269 -0.014571406694434446 0.3015385866118455 0.3008054838509442 -0.20537930032060372 -0.3176796372099055 0.1718579704098488 0.02040521466435 0.15124574209245492 -0.08794939753682275 -0.1459752114088501 -0.1560891850705954 -0.31834312070839615 0.06551864588508254 -0.269735210554919 0.03033214580801037 -0.055558683317425514 0.4512059617693559 0.06400815850278078 0.28249247267425764
-0.19178597968438318 -0.09476569888883235 -0.013859192080505399 0.17696921802722138 0.20815483681255825 -0.24575681765679924 -0.22878884639419275 0.23183926703456723 0.12693276976325463 0.14626530105132973 -0.2154605614954972 -0.3193683105582752 -0.2626822407287939 -0.3299790000368369 0.17029530175843 -0.16389826513182415 -0.27968130221296544 -0.08236674318494444 0.37745022082845503 0.04897283481439959 0.2517137256723832
-0.3470590708142195 0.04896628434183212 0.0029190531512555996 0.23370118722664077 0.17428330025816605 -0.24464707030322683 -0.278584380624391 0.10983496306324474 -0.0043580452838600375 0.12223765426376532 -0.07186583953849915 -0.3324446626021652 -0.22304161436666597 -0.24935441672108224 0.1996162450887821 -0.18791614868367765 -0.04529484508276113 -0.24663638749333203 0.39911024682583907 0.0021483349182180858 0.3205050219778833
-0.31526655156648886 -0.15130363942172637 -0.024538091259437407 0.18977441090492525 0.14548357736055137 -0.2535458880535346 -0.39394793143438955 0.23592756996709124 -0.008769126900514837 0.21402263539334332 -0.277591039313298 -0.2844735213828136 -0.008425707904069187 -0.2575517631724072 -0.05428422029644364 -0.20942756085727904 -0.06069311954215329 -0.1643427617814865 0.37682428353559616 -0.006996818334449257 0.23447207248199992
-0.13158451710049024 -0.25289043240366443 -0.1333108382154035 0.10942698773895833 0.34370865937066186 -0.20115880302868128 -0.2741663152513871 0.07747730215395701 -0.0244233427848552 0.2184872659653369 -0.1464895111460805 -0.30130729223944497 -0.24804873411453834 -0.1699982241991238 0.18550018890600506 -0.1812515309219831 -0.25370944604276235 -0.15599433317819678 0.4219296509021826 -0.013310767713241014 0.25306622668313605
-0.21412419818807088 -0.07511451928988688 0.09497008166239504 0.16608423488302626 0.15303006520940232 -0.16026230756993734 -0.3912874077716313 0.23343881340388956 -0.09521292312693605 0.3435353804622225 -0.06854816885583873 -0.32479136286915655 -0.1980762718343506 -0.20203198236621925 0.12951706628922363 -0.31771643519478887 -0.16708599833198573 -0.0602289229667552 0.30117369716052694 0.002282377700433431 0.31290204657675996
-0.17423701330517397 0.09542068705786108 -0.08018292287066373 0.3404208638937424 0.26294390784918764 -0.2058075482917322 -0.4164191316619725 0.20269901517208821 0.08590854188903024 0.18675941403571947 -0.16781507593987918 -0.3182065931958061 -0.16181620064560626 -0.3236310222854142 0.05122176258720439 -0.28773510431133503 -0.08624455363801889 -0.11347818457380876 0.26713014807654895 -0.05586791778643197 0.17153462097327205
-0.21418556805985006 0.08493278376812681 -0.010588935495231048 0.13876361577211135 0.2841831112029284 -0.09237712367720344 -0.35222810525295933 0.1523704503990555 0.01916142309694187 0.29517386013537156 -0.15842982573803308 -0.3821109255351639 -0.09317826382622572 -0.3089655490372354 -0.030403840115222534 -0.27665457904162843 -0.20514556898446823 -0.06162000013502894 0.351453835063998 0.04589380422798887 0.28151940942872994
-0.37427165377687965 -0.01156787103870695 0.0380775133117072 0.17274394408106963 0.19938997683064325 -0.2729793059659477 -0.2691936916728893 0.09281798881648767 -0.019423354719388802 0.1918383206361857 -0.20205120611675517 -0.29207879423780864 -0.16950166158344385 -0.3086274944872903 0.029184507058303364 -0.23154108135831375 -0.037077158689976256 -0.13021186427221262 0.4877631866903174 0.006336062095697871 0.18735119602754968
-0.2674613778269835 -0.03527589045656865 -0.047868578809990216 0.1997980257103656 0.23594429368184955 -0.3115896638036647 -0.2821638479111407 0.2957828605165844 0.11548524725894987 0.07721248722188859 -0.3232903484877991 -0.18829377894469448 -0.13770772366922354 -0.25537892724940126 0.05746470850689182 -0.2119720571786066 -0.16484568475429678 -0.0805677671670527 0.45630491285350644 -0.018678573303101464 0.1767294855131447
-0.10242727024394183 0.015410309119739798 0.02857718492875298 0.15297411133676456 0.2173307943749795 -0.11012942163050715 -0.35899055086470755 0.056210009884264514 -0.002216267541448503 0.14828362449987223 -0.14079990511278379 -0.4388165114688549 -0.06575302959001994 -0.18918362521865806 0.18036665083299647 -0.26359822124752846 -0.21183653458957566 -0.06908835002772838 0.5126396670335797 -0.08661253658480939 0.2778522550611715
-0.18568536390940985 0.11799463614001798 -0.07622938143401821 0.24594089058867313 0.16344294306422083 -0.20277952864468465 -0.4111546786757339 0.19438438123675686 0.007969705293833434 0.20301235348186691 -0.18352542965500235 -0.2791927169965975 -0.2849745995014707 -0.2586696988974834 0.019505008752685158 -0.12313345536086963 -0.11072739153401175 -0.14850314638363163 0.4237895103291494 0.09179790978132166 0.2678154564995265
-0.2497613763113118 -0.20177872675351763 0.008006013715640822 0.19606629929757977 0.1855523851859629 -0.19780767958030346 -0.18574045276401507 0.0909622277724244 0.136984694860156 0.08973251033703027 -0.22930805365464094 -0.32223398579365314 -0.23704802101206876 -0.18148842764221537 -0.010889362519428552 -0.22316477240344032 -0.3008487187845068 0.03780389319796403 0.4310548435459364 -0.055896836083229685 0.37270755153252266
-0.16467909125987007 0.017330039911658254 -0.06376664213964693 0.22615644443933078 0.1746199653449016 -0.18997801381597543 -0.30915163010651053 0.32459869080883197 -0.008658353393540126 0.08269774862357678 -0.17998785975325385 -0.4596279319578636 -0.21036462685537738 -0.28880394985698726 0.11686386938159159 -0.11134465917321554 -0.09314602545472256 -0.1095398550555834 0.4056536884876072 -0.027442771361249577 0.24408686677839025
-0.26807024213425357 -0.06369338675896376 -0.07440143235280856 0.21065032115695187 0.17807443831316683 -0.20586136105571518 -0.47044499654866123 0.14056395012670422 0.08569965712224768 0.17795170316057893 -0.2571409381578671 -0.3294846398486054 -0.129654499299803 -0.17361088153130153 -0.018027510849983355 -0.3239866173166993 -0.0814986620113265 -0.006613182791635004 0.3571091330613248 -0.031844335091022864 0.2405063515646449
-0.17844350208600768 -0.06958521705532784 0.03536133183070368 0.23930601563586024 0.2865169021692436 -0.22251613887834376 -0.40991246400117565 0.1202398486211771 0.04057515352261366 0.35229233327457193 -0.16771589823734684 -0.19712756685067032 0.020771477201513445 -0.33303796962537824 0.009183361412614326 -0.24641136095565253 -0.024884956609993163 -0.15896556222811273 0.31764992729104835 -0.04947013164805397 0.31076672216543977
-0.36161397205586854 -0.041111004233571787 -0.09084338435908532 0.15603600697920333 0.0970101450182792 -0.20660428076714912 -0.286677930943511 0.09601643003204857 0.21666580396985394 0.1359304120433829 -0.1106221415400374 -0.3243565354338877 -0.21029032855091548 -0.0718091762407727 0.2763132811902489 -0.24027786276541704 -0.1692967078918619 -0.20420900949718693 0.37082808619811425 -0.03824218999003609 0.3402653648937241
-0.21457732197084828 -0.10197913201090664 0.05648953649790572 0.1677546399641095 0.3472885696210378 -0.11089907704805575 -0.36435189878711993 0.08838516347519776 0.038142332129348214 0.2375195009736752 -0.14367100470048433 -0.3318878764261545 -0.032809481729620595 -0.21592437149725766 0.15359200877366813 -0.14752631452295834 -0.10011735921457741 -0.1262194429096898 0.4759966138210015 -0.10796792983337007 0.3047157263776627
-0.1764238101134249 0.022515027020640534 -0.10943120205070488 0.19122282606883986 0.2173364309674835 -0.1988421420775681 -0.4480191650503514 0.25627813870511373 0.17697133111498134 0.028494935884119766 -0.09692724956548879 -0.14720250252924533 -0.2567913000942134 -0.4172412337167197 0.09395481754689271 -0.11040256783020504 -0.1495612040730258 -0.21783874748174262 0.352208839391268 0.061500864142268484 0.21155411897934398
-0.2717189800050743 0.017469341716055742 -0.002113732190748677 0.26310976222953864 0.1401792508496035 -0.2114939799688807 -0.3919217744608262 -0.1085258338485811 -0.011997317564483953 0.10638485981989956 -0.08078150467770173 -0.25445890535895327 -0.16043282921782942 -0.1955973390869094 0.21577516616401823 -0.16328745627353647 -0.23373898120952136 -0.20168692050828047 0.49332020170298435 -0.03517809983741459 0.2588488177725001
-0.1611745776033505 0.025490793649824792 0.06422325370316392 0.31632152425989474 0.3217777580739683 -0.15332576089514632 -0.41409732023425133 0.23863465888275331 0.13217935817184293 0.3292715935849274 -0.04880054665506074 -0.26515153955919696 -0.24641814051634883 -0.12334899292853312 0.03795549230444517 -0.22565418916777535 -0.16392125090317924 -0.1016501868535909 0.3315613002289082 -0.010780652091365412 0.19896953845371831
-0.26042885939916594 0.03450450339303903 0.05244811012992619 0.13938213644914477 0.15399277156474184 -0.0694964609710801 -0.33751030213820143 0.24153950909495894 -0.1061306103519974 0.1334205504180693 -0.0809758024513107 -0.33299852976502875 -0.05383213786904757 -0.3483760026673517 0.15084261464939094 -0.33993321839326346 -0.24446108317141382 -0.03075490208343567 0.3824666965239073 -0.13857415536598908 0.2696992055294312
-0.10358051172089167 -0.07892428675003416 0.0578313236632845 0.22453441023769866 0.26711233143425894 -0.18067116598020302 -0.4169046970295291 0.03371320114548115 -0.01674113202862884 0.2221153236155991 -0.19712982954279704 -0.22992101751692032 -0.3260310155980176 -0.28641045103720203 0.10115901672505329 -0.27534967541086564 -0.11999937386972535 -0.040370226266713605 0.32578011545017227 -0.03213279050699547 0.3338155265774707
-0.28191214230714007 0.027462326764503203 0.0258381305779228 0.16471807515304873 0.25926674614234513 -0.10845206455327429 -0.27090237526633054 0.03516504918688209 0.1710472378577208 0.15038522078073402 -0.08477483200172674 -0.4265212074092232 -0.2611443124994903 -0.30605487233709744 0.14410885174736754 -0.06101697908185727 -0.12946090188174822 -0.1771234349182753 0.42219032396660355 -0.07315740392408647 0.28160268399273075
-0.38883708812499457 0.07328768288885587 -0.0887260985648497 0.18876382297870475 0.21894056385344937 -0.18227392256426325 -0.41251441297620867 0.06776660453344682 0.03810741385566212 0.23334337390200086 -0.08314421769342617 -0.29658676028250835 -0.23005898014684448 -0.20927376351164312 0.16989272033434488 -0.08292288337244874 -0.13007877644345597 -0.19498626611031533 0.3396786804607705 -0.05798586900214792 0.2951048477085411
-0.16708609523249807 -0.13655551211347353 0.023917426365299043 0.2145847166038583 0.20056776956264635 -0.19904221083565943 -0.41986703754088733 0.2827186585652776 0.20256818294863863 0.16566974037178092 -0.15503360823554296 -0.21861412391480783 -0.1653943273858285 -0.257370203337972 0.2229606785067243 -0.19963190966860545 -0.32546523079690537 -0.14470677434276624 0.2666127311290865 -0.08545320880023313 0.20502088339353455
-0.1527508760008259 -0.013339438952296629 0.06600922467010753 0.23427614128970184 0.2211131106925767 -0.16598693970241818 -0.3049839393315791 0.11818217824710407 0.08870307503067847 0.20710434871598107 -0.11856923434994979 -0.27651806958052544 -0.310578333681866 -0.19915052039884115 0.23252013081944667 -0.2268819147246739 -0.05549199336343252 -0.12886851555167905 0.39415931822552025 -0.10550515446363573 0.4058327720300206
-0.2912980719195062 -0.19110013825066235 0.04502514361229981 0.20412706636810588 0.1771298333463868 -0.08282496744949855 -0.3569964781100184 0.042297145562465534 0.27181981083238754 0.1289051432225706 -0.09726326644643546 -0.26054279290995513 -0.16355434589145104 -0.17208116175641602 0.01799816045002116 -0.2724784231714018 -0.10959860737115971 -0.1653127632265251 0.3677071479727096 0.11789683992965345 0.4245427824188723
-0.2964313064663644 -0.026580135987809894 0.032270714097283645 0.12161640138881091 0.17335244656786483 -0.11739790273108136 -0.49963961105759497 0.014313430128993323 0.08528432548063156 0.14317231181568296 0.0631974313248291 -0.22186970109185802 -0.10841116154777047 -0.17984447749700216 0.10653023729636053 -0.2951671151218447 -0.07911126377509112 -0.08665653859370648 0.44740208466250425 0.1343946589857036 0.38256037156298195
-0.22569228136443906 0.019807742332407702 -0.040620500337989925 0.06468650617828824 0.30802900415109696 -0.09715936926104235 -0.3287035151450203 0.09881640068048596 0.18818344495087527 0.12930238570488967 0.04806632984877812 -0.3333327923083982 -0.29159654829649573 -0.2446662130769557 0.1450194524076221 -0.24099128611844106 -0.10887329845622504 -0.2323899405609275 0.4034182283962701 -0.06862771775186365 0.3127914528997654
-0.24796321243390776 0.05698821644179917 0.006667498666881356 0.058205203304881166 0.28141707309334085 -0.14498565591670848 -0.36506000481249523 0.1682517749096901 0.059695997731066146 0.2045500360825919 -0.21514401219017015 -0.2498948509556117 -0.15653577578721406 -0.17830701820111333 0.11348975971302468 -0.23475908100570075 -0.12921762821385271 -0.24787421938046253 0.37304354221361774 -0.011437472156554792 0.41735114860675027
-0.3396299797576405 0.04436973806647921 0.049233366836265294 0.25064426000122314 0.2440340783788973 -0.22821633025505225 -0.42453483401043596 0.03719702512752375 0.10101887144573289 0.23699558997443662 -0.23904245884293343 -0.1761365918060364 -0.27494820882480403 -0.21756725647895847 -0.0661846327326476 -0.18665020664319595 -0.16883746521264864 -0.075662489211969 0.2417821215684301 0.15264918176008618 0.30250362637330713
-0.3556972891549773 0.000341295935099184 -0.04185768775256397 0.20604337480436466 0.25454912704185967 -0.20012631152583968 -0.3578287974317195 0.4130463150176028 0.06920809829453767 0.10248411632714322 -0.12524684693385 -0.31260229868410133 -0.23768250381474107 -0.1380091637352359 0.07036056267014136 -0.147701544312525 -0.17715875813490609 -0.10888644712024077 0.3490613145768087 -0.012322415472797976 0.17186090179081193
-0.09730910226045164 0.035985640906094865 0.05520127590686228 0.26981722327327934 0.15562698974484232 -0.218817313754036 -0.49427837290350274 0.13639552601467028 0.03445727821352347 0.22036374246802534 -0.2607364764888176 -0.3709939889087573 0.02458423697323435 -0.3878922184553486 0.002073751379341813 -0.13306777356653396 -0.19014849297483682 -0.09137558246850626 0.3047102028980492 -0.033720554757877524 0.12544671216942896
-0.3363665618207918 -0.11081276514300874 -0.045716793112511436 0.28341784048415464 0.24423675055286193 -0.06572095664293692 -0.3270574639716861 0.1004516739689416 0.0866957108799215 0.18847095748320164 -0.13495255807962675 -0.2366803968358019 -0.12048976544650919 -0.3363275707618245 -0.07437794814625831 -0.27844599758612926 -0.1186832166612609 -0.10511123506121245 0.4596006920552038 -0.005193107327812696 0.2162753963834232
-0.21596596501631335 -0.008199415475588768 -0.15907511939123845 0.2435394117217246 0.16854792569160146 -0.2098305924444367 -0.46772712865124244 0.15023654034561837 -0.00032155003470345835 0.16672506344539761 -0.14602678523389837 -0.24658148969110166 -0.2776630472177606 -0.21138691417485536 0.13417273410207006 -0.30633596796767354 -0.012674698477190662 -0.07226762649020248 0.4147005641863693 0.041258163381943755 0.17968658545987004
-0.26048688087281424 -0.23632082047594266 -0.0012040991333323967 0.3013379828049889 0.22436586186014787 -0.11919212749516893 -0.2666823147264364 0.3626918842719129 -0.014637700768887268 0.1670879805753962 0.009714041460335297 -0.34520695619115854 -0.1982591785608897 -0.18746203279994794 0.10027609452167925 -0.2220719089532784 -0.14106135910305206 -0.09449739168523767 0.43184208408374525 -0.029023304774031533 0.1445979104954834
-0.41098417730778425 -0.11638830219299963 -0.00808319325643342 0.0710452132171144 0.2377335586461506 -0.1746551831255223 -0.2554322535014794 0.09144502223944777 0.023591469889043957 0.17984262461373066 -0.15784646045370704 -0.44319952207167385 -0.0867507364903629 -0.16388298342346094 0.14199465292378982 -0.2285540840744485 -0.1699831885763919 -0.14977710156410934 0.3941684152454789 -0.04157333612109334 0.28697549440750064
0.06753647752679183 0.44949056943640125 0.08497962588051376 0.38003479834762016 -0.006958419663332041 -0.23879567070712435 -0.4685144329264106 -0.029232308359945478 0.011077503096537853 0.04716716412229077 -0.22286135368429028 0.035877340070488165 -0.3699531169076127 -0.18306571363795104 3.425699629750424e-05 0.26621894155709475 0.17104133589027173 0.002008250472274602 -0.03283905351278571 0.15268750964192157 -0.1269378347349323
-0.012471225313504055 -0.38528833064428886 0.09255122281970277 0.3736397019795058 -0.16882696451463156 -0.3903632803849621 -0.2309571861516773 0.18842145566376545 -0.04759705474747821 -0.09328985591963844 -0.1588588950281686 -0.21095544252733756 -0.21199292601030975 -0.06864665239994663 0.21110235517923892 0.04488820422233445 0.0678732564059971 0.23748194512632342 0.38941765790841454 0.0787964843433877 -0.19415539992982317
-0.41964450428832634 0.39976208652057765 0.050147313070146346 -0.10731957862336068 -0.19140324682531373 0.3854948046461688 0.0771955126764699 -0.024479553510843594 -0.20762470085826304 0.1122657434418009 -0.282480915703147 -0.021571557974989164 0.22428373883464298 0.2602411590267979 -0.1170565669411874 0.14362908584504713 -0.05981170764300593 0.2597102683466702 -0.29709424000881507 -0.08880061057924761 -0.05240851595706871
-0.4050008024712549 0.10559244840173597 -0.04366934301700605 0.2021319488395586 0.32891348740480814 -0.15803103854431014 0.008540931443878737 -0.051745286713708226 0.1214452486039894 0.1305808825594095 0.011609213624852078 0.024527791287733216 0.03613918910748891 0.015542295585430856 0.03162460191102438 -0.009350412413368245 -0.20892340597381304 -0.06705984234986495 -0.6663144292355028 0.16039857307962813 0.3051742958900483
0.004172127981120087 0.1043803327581567 -0.003745570993894098 0.1562375447772051 -0.09541364435156298 -0.3601492037048218 0.32934131974997005 0.13005532655410285 0.19322945188205196 0.16976133036250207 -0.16118857882816812 0.5431625576191067 -0.24161608401465243 0.2970768304697314 0.25274733103401625 0.08088154370964969 -0.11228580591410427 0.023230080648693873 -0.28678309297714927 0.025786420193673897 0.013955239302711977
-0.27243752157648393 -0.04788740662507965 0.03588528850145749 0.1546464400571888 0.1577053518391514 -0.1707170329438865 -0.38153126982489666 0.21465180170100953 0.04881213744165313 0.24515614369708785 -0.14102638954763072 -0.33388917299819915 -0.1872146109496877 -0.25334927464176193 0.0764644217380814 -0.20801021066442524 -0.13612074195281934 -0.1813266471012056 0.4166038370365884 -0.04419381368700559 0.28896308773165175
-0.12095219128273367 -0.22423703991622548 0.10968613057505354 -0.11895039365611786 -0.28373521397544654 0.12569088196195835 -0.31913254043491474 -0.009198135179901352 -0.13905514003986005 -0.5325664333265827 0.20703550866049114 -0.08674088648250348 0.16206504000028327 0.20843145637608324 -0.09765419851337759 0.050220468727072975 0.2197951159083231 0.3583617064383325 0.13370342164854035 -0.26859005694083266 -0.09383806747052346
0.04410245239751181 0.07334461447381296 -0.06655076819466241 -0.50156721312513 -0.10534935758844695 0.19775383656427986 -0.0684581112742145 0.006499107600054097 0.12791003474729443 0.37029436508943514 0.025694510113851862 -0.0762735514304459 0.2444561002319496 0.15769065217106087 -0.061090305540916115 0.13316317359557858 -0.2125286256795541 0.1286847903216928 0.05664857681339734 -0.3424220051467533 -0.48322523387647814
-0.15447024030151452 -0.44621607905825944 0.23238853781611582 -0.5128963678503794 -0.03341160300519747 0.1390470221372277 0.28775787521068835 -0.4106881307738366 -0.06127235916449083 -0.04494722465539119 -0.00695441155545916 0.07065896041925915 0.11905499854058477 -0.007944986082293933 -0.00922312883525034 0.15090554596087674 0.11318921446314426 -0.044408410836533595 0.07584531103907058 -0.3062253557171744 -0.16069392045499634
-0.33519241788227233 -0.016920769433372854 0.08963913022051513 0.007624167543460075 -0.2823951376489493 -0.08909853926077045 -0.3459332345907705 -0.18390051112896638 -0.27468636153123643 0.29966028089860824 0.19145517263102516 -0.17938380346655663 0.08897125854138409 0.21936578400401377 -0.046026934555699506 -0.5758251818386563 0.017780856148928395 0.017008149495355535 0.013025417694838372 -0.0977456619781336 0.06284495805653839
0.19241166116170527 0.28794581009458287 -0.01655227052377911 0.23601801643869003 0.25930910931133583 -0.0615969461885041 -0.31539451535467244 0.09839352052166034 -0.059874472304493484 -0.21485979610163825 -0.3445095850654095 -0.03270366780154597 0.025652379200590734 0.2116488650041002 -0.08639686604319902 0.12069692120451138 -0.002422922960359764 0.5849597579357293 0.06635761002352542 -0.17720322044323766 -0.1700484493686664
0.2938979631861803 -0.14041473413929534 -0.05178130157062698 0.5967501657258099 0.3268978544320612 -0.3568297916289786 -0.025105943381424266 -0.01101754108313672 -0.12416878364312349 -0.09216253870250572 -0.0014502593789970158 -0.25618003297430314 0.14199219013390607 0.02235357762424945 -0.004443594439577299 -0.10056927264661189 0.17155906056950693 0.06372417607359539 0.2739143934249241 0.22535827034242842 -0.1432758730403395
-0.2228036467449872 -0.0036731927364748412 0.061317934247480325 0.15771606807917926 0.4859055352427438 -0.17036834767961123 0.23943217221695548 0.030848067243448525 0.12199890608037398 0.3813305368190873 -0.05944677480145623 -0.19286762228449447 -0.41484898107136486 -0.08162228873600097 0.03162224761462953 -0.20248643865807348 0.09624530491223401 -0.05654321678739156 -0.23743100265147812 0.3272500429643295 0.02417330487471831
-0.23291912076985805 0.14923420438767201 -0.05444935009112647 0.19675756356024415 0.02868447952990801 -0.13598736547715892 -0.20984687717492756 -0.1340728509982441 -0.11662158413256565 0.010911573626646921 -0.15363981547611788 0.015467151577247519 -0.10435403772682256 0.0280657427054057 -0.10841068493559541 0.8388368010200752 -0.07473363197287083 0.11175560430400801 0.07565180241698996 0.06327783071599848 -0.08960838318630189
0.13590405146317652 -0.05852425794108185 0.19711402537931746 0.12157130364612437 -0.42072724548167323 -0.050906111351098356 -0.198862027161526 0.09965242306385655 0.2612176958422507 0.20343741091560488 -0.14151393265333045 -0.053630769992867006 0.2596680139409186 0.2534202304276739 -0.05958168228029183 0.06724514510163994 -0.41263120887885035 0.19727078419376493 0.14151253165985153 -0.04521822643433748 -0.4380594305626472
0.3384856978825415 0.08769200140093393 0.1443380368207591 -0.14977212801277445 -0.43770520532028295 -0.11806225141190956 -0.2084679665361735 -0.06311129810713015 -0.2903403601709257 0.07127924325735717 0.26646701542288254 -0.0687167131696251 0.5806747257315277 0.05606520202835859 0.09068175672087352 0.15867828504898163 -0.16978761637162104 0.0729536716982335 -0.008869446722678337 -0.06237591275038159 -0.06747655287885161
-0.5671568203934857 0.03672061094101933 -0.017888170176534005 -0.26562243512404105 -0.24211172880888987 -0.01469696888719686 0.10592623544517887 0.0699476141500527 -0.04265213339663607 -0.08598163580028091 0.15874574156558793 -0.06984430245679288 0.23773090740565872 0.3103057402607026 0.26695439081433747 0.16916919880305661 -0.3840094357235029 -0.22236476960816495 0.18224237180502495 -0.01682926860424957 -0.09369374837582961
-0.008855549464713524 -0.04467598048341849 -0.14629423274230818 0.18444054261205303 0.21501003700878832 -0.026794334989196887 -0.0397895377491879 0.3303393803981849 0.042724208394617304 -0.31745232569213033 -0.3292031181896838 -0.059002945261810165 0.16421997213321812 0.39424773867340335 0.005859465309312411 0.19331041045473896 0.13915047952819667 0.46228931647942817 -0.12639152034641804 0.10261274568539584 -0.30168226533564224
0.2870696489066524 0.6125544014572315 0.04950516945997859 0.2507900208740907 0.03292639099460013 -0.08674719876685826 0.10080217706392086 0.4556706162191336 -0.34948200533808255 0.05277563953210982 -0.10505133668249642 -0.04196534319581751 -0.06901728606170537 -0.20428216120796236 0.10469256768199622 -0.162546808069085 -0.049097835916161986 0.15995227383025246 0.0319046184217431 -0.0019708647879895414 -0.001482166947992686
-0.33104509336406035 0.20175498728740385 0.11619429020332725 -0.024275659335692795 -0.27999596406485483 -0.07545471010128944 -0.21951924431349046 -0.16086497243555187 -0.5353142571162801 0.07662473873419744 0.11289040710848397 0.001760774200972152 -0.10003281256484758 -0.19110352011934312 0.1006763011001343 0.10338583674457305 -0.15416784336604736 -0.20091044746638873 0.43998207886561014 -0.09698788146991222 0.19442513228257452
0.17776732161830916 -0.380486795799835 -0.12132032097688908 0.3644749904440169 -0.14882944308691307 -0.26664045718158025 -0.14786783434996253 0.08145126292957444 -0.16273610057616503 -0.04372214053198514 0.2713265896410181 0.018173491885898105 0.4444611668455574 0.41516778930685194 0.13231460773083914 0.012403726167503074 0.05809210132780575 -0.10611137800560502 0.13412337990198567 -0.16003319427766843 0.07857027647509997
0.03431540067463551 -0.19500214856290868 -0.1067342797715395 0.014719828556688111 -0.19521548796619245 -0.1354326778761287 0.18912698768879027 0.5088366381692252 0.03174876898861293 0.05891674667280854 0.057786590433911766 -0.3250660240656893 -0.008948390975126837 -0.054222698160716044 0.1908413066640558 0.19961384040330934 -0.12990967500227898 -0.23096352539984813 0.5495654325277123 -0.021361432354753074 0.18050237075412626
0.15451982073158085 0.19398685245834413 -0.04208234611662289 0.3134886222121968 0.04546645597064088 -0.3121989941123748 0.16902842019701428 0.2985884187448103 -0.21812954887082792 0.1366898096668721 0.26507893521849024 -0.01350689339338018 -0.11117810661687746 -0.11680508917236848 -0.04158589442332612 -0.2579209750167012 -0.1994860907702759 0.015156984726680372 -0.09613188330969404 0.3687940915374733 0.4527032922340441
0.20057647717538313 -0.22556441962814977 0.009434853264067311 -0.06124287786453136 -0.0812311123186314 -0.03245977138721188 -0.10467368754434399 -0.31964047650241634 -0.47897421733519324 0.289350414825551 0.2058017077168524 -0.06649828028951066 0.17455383115838372 -0.31871435912821905 -0.20962122429517127 -0.01743677118006668 0.12652997400289123 -0.20698952092121256 0.3128410680715335 0.24221157594563078 0.18075267897619818
0.07830472141594293 -0.21984196984853485 -0.046569973539527174 0.3589981496213852 -0.17427411269840581 -0.018305073748078646 0.05724742785006556 0.3886443219344823 -0.2584135053019524 0.28370987822571375 -0.028188851310444654 0.20168877942804764 -0.011870260615196098 -0.022322251357707223 -0.02415263612624756 0.12914645207441422 -0.36950970928188415 0.17729972336758895 -0.3196212315679488 -0.06653383788390568 -0.3850467164512387
-0.19922217344771728 0.22890002325029396 -0.344218870096258 0.3970458853950017 0.3458270522819989 0.34085004681252096 0.17580893901995887 -0.2520206803188881 -0.10570834473825114 -0.14933921797899546 0.030684116908033437 -0.19452854058820662 -0.14962587433750335 -0.006020310312409618 -0.18879577035227021 -0.08702828090952734 0.19034168773448829 -0.08539341775043742 0.3195021611994351 -0.11167625263222841 -0.07488980491018761
-0.06358691179050202 -0.08201195227097983 -0.47031690538445364 -0.05817262885859195 -0.08602581696105653 0.1881419850264192 -0.04887768779704329 0.3417451745400998 0.30081143409244004 -0.22095476556496654 -0.08474116971069558 0.04452919846825895 -0.32955496632453063 0.1976922985923113 -0.14523559085836962 0.3055965911368995 -0.07102544900859477 0.3416089671241267 0.206862428614043 0.16555071082134507 -0.00937218536022999
0.08158811884358418 -0.1321921250248585 0.6880827998935987 0.04802039266233992 -0.29914325151011356 -0.00324272978939051 -0.3700078160727483 0.2789550108850529 0.23659087311938573 -0.07722725225899808 -0.12711039550015366 -0.19560934897537527 0.032127955015523936 0.02295935140147313 -0.08796037559953043 0.07967201780317242 -0.22498370567181197 0.0012985628427015594 0.07229438043014975 -0.08831903417585911 0.015375387332727421
0.2859278768938444 0.0006378083600956397 0.05996881090759586 -0.1899560438604608 -0.028470722065931625 0.337865827144183 0.10730192255936934 0.0810991692545826 0.006214335940728627 0.05949396120291421 -0.3681682855375601 -0.11985034992049834 0.23138563447270724 -0.4413476454737294 0.035559174254453006 0.33532851900463934 -0.0712071687291856 0.23988780030878654 0.37377373926367535 0.1662185809101876 -0.005630038299155532
-0.20001956844370686 0.12175046302168738 0.029802259568856473 -0.329323968435372 0.021059383339061235 0.26639856490459435 0.281296006763448 0.3016176892018069 -0.17929118499542845 -0.03799293386827009 0.3032937592771139 -0.1190004828232878 0.00986474442684356 0.18809973879313888 -0.31658621687610206 -0.006429456783560938 0.1304001348657924 0.4275891401577755 -0.013843617904717139 -0.285682957434578 -0.19283958739316395
-0.09082023214650765 0.01049095807670637 0.20083303401928776 -0.28449707377781364 0.10591606470901259 0.19923558835942942 -0.2612434310793138 -0.06636720016473856 -0.34401737451975495 0.26039825850882975 0.3742892763892788 0.018114277152359342 0.23020829484395677 0.372160368455613 -0.19467792093920505 0.16872505722853764 0.1683216719841415 -0.20352704089655133 0.1818080231039669 0.2428340128935299 0.024140729785391463
