-0.1535880748678953 0.045937121127238766 0.08514164245625329 -0.40199980276287695 -0.3262178189271188 0.394343629597375 -0.22451581501563944 -0.0030692475220095525 0.1082526816205823 -0.07745116043986144 0.03870969902438622 -0.03504780369119951 0.270064648765916 -0.3074099478014927 -0.22317130505502855 0.06283154921226339 0.09466013839181109 -0.09225866885256818 0.47669880462003444 -0.012198480601092148 0.08130136033870079
-0.2627242363342571 0.049921078682344695 0.01433452601314991 -0.32925225276231784 -0.27688665394935763 0.28576082520007096 -0.0917030050663894 0.11798178280825017 -0.008128736949998702 -0.22839363891789854 0.09023904322319917 -0.07958145233390662 0.323988807652958 -0.22459389650108583 -0.1324364640567648 0.02662061791499417 0.0731221139775831 -0.13043490023846482 0.5978491804914461 -0.049003851135789325 0.12909816544179697
-0.21266675045771377 0.08479867676072643 -0.06197353150660162 -0.4970593359018448 -0.382035976525976 0.3310641135493202 -0.21559617460209468 0.0721750635614614 0.0894901325036444 0.011421582357548038 -0.0841546711685827 -0.034705527614032214 0.31696317909505645 -0.20444059772906142 -0.17098588347492846 -0.006283959762957948 -0.06494764742296853 -0.02875556351103052 0.43288752046150525 -0.039058464538338625 0.086617020636124
-0.11013570493977033 0.0656225415353428 0.008868186610615891 -0.3650433438254881 -0.4569394149363471 0.3110628763765922 -0.15076189360045614 0.007554481688124754 0.052433897389737076 0.03091898607811886 0.027871890881093795 -0.020741574943075155 0.2623691162189395 -0.3291222667253257 -0.16155498899015522 0.0069820594383785085 -0.013561795758174991 -0.22273234339807985 0.48382338575500317 -0.022167015267654962 0.17116763764967713
-0.1718822294594005 0.02599714074278065 -0.07077330438123244 -0.5027540347524887 -0.3508414660238659 0.2423103884993531 -0.14432134006681535 -0.016393746302706538 0.08136226146879595 -0.06609892876581283 -0.0927012246506799 -0.019941632935356664 0.2521709435188816 -0.23050862587567425 -0.13475117740416975 0.03249971025549352 0.14798764362307737 -0.06487956130109325 0.5633194358921698 -0.002280220040554822 0.09872398157649134
-0.24583812522407097 -0.038652646711351525 0.006289315003861674 -0.41565508107265065 -0.24565376542004472 0.26368700140426143 -0.2710717464190631 0.0662725504392419 0.20955538701872228 -0.10437896167550414 0.08002990868927874 -0.029799589538105596 0.20399214465201637 -0.30798389509562085 -0.1681991422107751 0.1242255781753902 0.07526230236219059 -0.14190451783107585 0.5357304746396543 -0.031777930347106007 0.037456676125127014
-0.061591369098639936 -0.21319164263346688 -0.13070943061272094 -0.5752653638903609 -0.41412444537223203 0.10274147756959558 0.09881864492750675 0.06254444178915788 0.21813808404089347 -0.007813754962376457 0.011557907637570244 -0.04091019524850887 0.30431350630612886 -0.08646166065111571 -0.15078088765085915 -0.22381161593289198 -0.02110417544103928 -0.1584573603030498 0.3715597664740585 0.04167590226875679 0.13892378864422467
0.07450930357982201 -0.43280898255051037 -0.019116420038802328 -0.27500827867464783 -0.46464643939896155 0.15355484345333031 0.18104874441366628 -0.037632527763930994 0.2682159400633009 0.2178712395915034 0.05758536675635587 0.06481980236649167 0.11947935064806706 0.05604904568386033 -0.18167493348499703 -0.35715354650925474 -0.00434497473215077 -0.1513401593990735 0.34089978225621237 0.06373154265883366 0.09672542761889705
-0.03110473988260295 -0.15903435865464544 -0.1052180305146285 -0.4775453935498346 -0.34107989247582454 0.09649519791939988 0.10619080753459327 0.09876021269040924 0.28083895608863485 0.0012506061033557522 0.015686364350786856 0.018483412525469676 0.22306683904263763 -0.012963057926152037 -0.07068953265926442 -0.39177776065428344 0.10525742173121097 -0.16718680656148646 0.37501798375824574 -0.007076361236921062 0.3469159412332202
0.005542921526323406 -0.22456387095868047 -0.2035380781208869 -0.4776972921807506 -0.2970597952800281 0.10706734736031842 0.047790416948726884 0.043533664470909 0.28489353135451306 0.05904929908254462 -0.0017202398269016406 0.12127634781931729 0.1705215490385691 0.050031609651326414 -0.07274530018496421 -0.39456734676466315 -0.058738058746082206 -0.16029669018742354 0.31264117267384417 -0.0974961164515753 0.3843404464270922
0.16478973103209113 -0.19170246323411155 0.004330273529961327 -0.3253921723566147 -0.4821311731919994 0.2310139814941257 -0.08513990153949764 0.008579849412408353 0.25055744062967206 0.12607255635790518 -0.061718260631127696 -0.02547523610962501 0.37707713304071205 -0.02449069055446577 -0.11246871778976704 -0.35042862159793886 0.031792112772167966 -0.05093120842237944 0.3357226564062516 -0.16944478419927744 0.1751043799008764
-0.06705029713729445 -0.2893415296323967 0.03571199498064851 -0.45894704307406986 -0.3940906178255701 0.20180211627866557 -0.049583939366856435 -0.07141577845242135 0.2935121383677553 -0.0010408382656155566 -0.008743598608803084 -0.05144903605372867 0.35660888496341336 -0.04280632768382847 -0.1472728606351785 -0.3010349844789401 0.12013067019294636 -0.06120452300710636 0.35551375591918993 0.03510794519320285 0.14247874879275202
-0.3196135441207656 0.25829781164396276 0.02582830099539862 -0.16977994603883018 -0.2903449572108523 0.17815002447751357 -0.45016212700812763 -0.011589896077921394 0.09912304052476455 0.06687169157576336 -0.07536451617218014 -0.01512375105762763 0.1360159597584293 -0.1394697716890821 -0.09785901475637931 -0.13369095315527973 0.11234740101786003 -0.027321543840122014 0.6171302677273165 -0.006384277945247473 0.05433887843472886
0.24834244638119832 0.09931483396250555 0.04044645430937004 -0.38885797451653026 -0.17429732026356315 0.2621910040406132 -0.023756916970595163 -0.08856590558979748 -0.02788075460682494 -0.020809025260868967 0.008111933328886115 -0.07046894543305479 0.34150223889301545 -0.28180305327273364 -0.11717751132153363 -0.006400529778986073 0.24675841111884508 0.074551701605701 0.6127335956387493 -0.06743810535355166 -0.0748053022638854
0.1363371608965971 0.11046598265621699 -0.07471254394632479 -0.3875764542567987 -0.17687661965911994 0.23741206263229764 0.07496474767810596 -0.055470344189228867 0.03178512045046537 0.0703012032627823 -0.14936487240755864 -0.01110172799533248 0.18946968954500767 -0.3335022530998846 -0.056164089899757824 -0.01575358316669531 0.23665045362917664 0.13117374582252087 0.6662665297567025 -0.08744391661214664 -0.11570304904610074
0.13112400220243065 0.07392577347948245 -0.08951180248012207 -0.43498510427739406 -0.06868999925314717 0.2850115285905968 -0.031780479385228426 -0.09146980210149541 0.06397904235779177 0.06685087135372966 -0.053299767945273774 -0.031189523406078473 0.3429203943521371 -0.37920234286761395 -0.20417173982833378 0.13629056220263505 0.21889376421250487 0.1296363196267274 0.5189330747884324 -0.04705530326684599 -0.12057623897599583
0.17027091288736576 0.11344717848511299 0.05747170388019449 -0.4179502310169488 -0.17691789806308683 0.3332926733878917 0.10316661241715472 -0.0382635319403657 -0.03538643103165359 -0.010887123172485464 -0.009882697416281054 -0.023484575986848843 0.16233266981497035 -0.2678675426966523 -0.042500285961863685 -0.08928878730493672 0.2878873465847536 0.11770251402159192 0.6231148233140692 -0.08704266745803922 -0.1522355080917628
0.10209110680995709 0.22812589046120982 -0.06802094842746893 -0.4453152566379703 -0.24568773769922467 0.23225875308219984 0.06799733252695883 -0.07160634761847877 -0.058378610316839274 -0.002835362430727304 0.10231048233865736 -0.025615895608199865 0.21469347896287264 -0.2886040305554042 -0.0875858800365269 0.015134614616130311 0.25720123637012676 -0.0014002395894132246 0.6235048558467412 -0.031109392967222347 -0.053287820525171045
0.2551208352651548 0.01882199087654392 -0.012449722184524814 -0.21965406096292361 -0.1407770240743921 0.295922913687971 -0.07076203253269238 0.022705896127097124 0.13406059497969283 -0.04486471571551179 -0.09970859405126312 -0.031578541816437045 0.19998341978720435 -0.33951677319723117 -0.13435435239958288 -0.0537980044808584 0.24751422025504236 0.07783517913500891 0.6789547170289885 -0.134020511007266 -0.14088221160532607
0.13080853404287704 -0.010423463310154042 0.02089641961851952 -0.33610663293256543 -0.2237206248887076 0.26500917127544443 0.09473906590523527 -0.06687932810875942 0.07728364848031494 0.0640411077113733 -0.10917755450376619 -0.04221939403117509 0.3711426931160287 -0.27388735271663744 -0.04716903371222961 0.1295353860163497 0.2843091989679169 0.11247798079093024 0.5972002730979192 -0.11198796415052642 -0.1320333013170101
0.08851570087751948 0.022829390473053837 -0.03367520767453056 -0.27984662690861206 -0.0853257910689261 0.22739305495112672 -0.0016619355431931838 0.0007127353482753137 0.0032964740782612943 -0.0842116060287302 -0.05174246196761734 -0.030087820913485122 0.3211755203964428 -0.3157315757853549 -0.19018302908895762 0.14092269803080182 0.13317385577899682 0.09284697465225943 0.7298267543485472 0.03320329105634647 -0.1534435791556607
0.24448332177815726 -0.12365509832652558 -0.05260561327664357 -0.3816135562083997 -0.3464481880204706 0.2890333890755332 0.013654991481555091 -0.008050947840639956 0.11281851981680086 -0.1314101856288647 -0.21404360486481988 0.0018136785488890297 0.23736989965893485 -0.18460386887303845 -0.17820858838461745 -0.2247254648440093 -0.006222082904579723 -0.217377905673738 0.433360011390973 -0.026479222601389935 0.2973747165878575
0.20833921334723104 0.10777710688220715 -0.025018376114885877 -0.4263890906617733 -0.3378881926782892 0.2378404494178409 -0.419346085121279 -0.06517669129627544 0.0982878017460047 -0.017600139697085803 -0.046606295800617474 0.01256305278486484 0.348126470590112 -0.16633604063069926 -0.1726479560253477 -0.23705596712529967 -0.04669847955920259 -0.09688969719383317 0.353874030891254 -0.04995276133359247 0.1589225332967581
0.001465401655206077 0.2247712340171953 -0.006828546487722872 -0.4543109438606992 -0.39959586758249827 0.28845493320941495 -0.41074740091955136 0.004200708811826865 0.20470749414102857 0.007260709751953395 0.052484451120288794 -0.02092864310610414 0.3514604890429119 -0.07250999239579325 -0.18331675379532614 -0.2293574348374464 0.050486669184409375 -0.16296417631611984 0.17087025387927848 -0.02957799061998623 0.10998288054706949
0.1268532319048768 0.00599752509234771 0.008499915616040039 -0.42720844331121527 -0.3478210807333486 0.18419621750476226 -0.452318593911965 -0.07471519963695322 0.04724022020877435 0.00698926749433662 -0.025417443253735236 0.004560890314813089 0.3259680502796129 -0.17722066826781588 -0.041042770094617154 -0.21237706338345969 -0.030621077599376077 -0.028579470647011378 0.49577507352326333 -0.004223892168964827 0.03531803529572517
0.21007985512509464 0.09711054868764503 -0.000895779685183829 -0.46189897543771125 -0.34272859254325855 0.3644117198240794 -0.2249328808726883 0.09300229520602417 0.02999880182176884 -0.017935783638414627 0.026579321491579603 -0.0471530216708315 0.3399554639958329 -0.18865596655712744 -0.18038468619450582 -0.18653694522691058 -0.1268660741021469 -0.03501239491880379 0.426406432905174 -0.008791330598496632 0.04140004711820638
-0.02543846676301464 -0.042156875191748995 -0.17107350321175457 -0.5797480849753616 -0.3389054760406282 0.2852230771397908 -0.26608712563393533 0.045865435734650926 0.07917168485895212 0.059135803306879245 0.15515668752555573 0.0092080605072576 0.2587707714341867 -0.1495150445951711 -0.13425220712011368 -0.2359612136333301 -0.057322538469680065 -0.08615708628580762 0.391071098633155 -0.01005077770117689 0.0489697897356039
0.18917966348611268 0.09195277894717784 0.0515291475835346 -0.3112207515800417 -0.37870937572091906 0.1959484872965168 -0.3985723823283441 0.032594471632617264 0.09901219512185616 -0.06873246526722918 0.03063692314153333 -0.051463699185130024 0.3154771811177685 -0.14424191343202186 -0.16324418504920338 -0.3023490068934759 0.1354988153805244 -0.059109542119598374 0.48543337550572146 -0.017706383766243373 0.013430388579526517
0.10254017661592364 0.04244282622299605 0.005988175770041492 -0.33530160685390514 -0.28589183332296964 0.175638107401184 -0.4374899028171047 -0.006522708052050958 0.16481310701600907 0.04076861498068244 -0.013198120278448246 0.054654500527222684 0.16029498917792082 -0.2762051171301094 -0.1689090075831176 -0.3458572442453855 0.034390670830077325 -0.03873679287914301 0.52938296024206 0.050792690738382586 0.05975610447492747
0.21053036365673855 0.16826463872766398 -0.007436234050599863 -0.3802207630141984 -0.5107964836985263 0.4154287244773223 -0.4066473001687312 0.0036564553294933713 0.12148664102025891 0.04828456784998236 -0.024412822948042485 -0.048355231105949845 0.19850788954866386 -0.04647297871331083 -0.08969386863215426 -0.12845206179817387 -0.07343223897549438 -0.020274040849595647 0.2935104315717143 -0.052181428194338804 0.05533639447220661
0.13281395784844552 0.1044172613732681 0.03996847667751796 -0.3363501113280385 -0.435441607350894 0.2521600945203375 -0.3927730106041033 -0.08369212650167494 0.01683771385073924 -0.01968918974588826 0.08367448683412902 -0.02556526343468253 0.3584999297568626 -0.21413256220177293 -0.182928552591665 -0.24326699418902067 -0.07174299859939219 -0.06722614059021774 0.39497136675296673 0.018905957033223113 0.029840451585963757
0.060076103760016236 0.1290780023766115 0.0700322132062225 -0.3860025549795792 -0.38043911257685226 0.20730984467432728 -0.4696258405590501 -0.004600289516498469 0.09049844207372183 -0.03445763131724266 0.024887185057049767 -0.11484616300522803 0.40355352989437215 -0.09061552573570299 -0.14439703470614326 -0.15935246540747422 -0.09289951191819122 -0.10637611872472633 0.37873532880637156 -0.01353205931843463 0.11610320678921071
0.06312486273452307 0.09708422605714999 -0.1147703059198798 -0.4830005262372093 -0.39666007147855864 0.2548970471862191 -0.3978934916020251 -0.0012442093404830554 0.15878034112161596 -0.016578211615395435 -0.06769176735198537 0.014769246521552329 0.21795231256826686 -0.08233564397131919 -0.21479197203848713 -0.18638672477193324 0.06717746303321238 -0.15322238410332556 0.3621247066436015 0.0750250899705123 0.1711677209765102
-0.15756384545014313 -0.05814435546422119 0.05058976705937539 -0.2425419802129396 -0.13666138309652498 0.25681110793418577 -0.11771076176979395 -0.03378777346370977 0.10311100091255002 0.004886184948438698 0.08565540169798684 -0.010540747881805918 0.30540123847705464 -0.4378512120745972 -0.26705829365031775 -0.22496774615734544 0.00014706807058569973 0.05906043975313918 0.6026626444723222 0.04931347668230435 -0.1290001893964533
-0.005766375374439713 0.024391653539751108 -0.011283695427734178 -0.45006317442832705 -0.3207411355437644 0.3812057757961461 -0.035017491057047066 -0.0018993254853921383 -0.022157205703606495 -0.1313656562641387 0.10195915071504187 -0.024708771134781274 0.22973283992359417 -0.26126996054416124 -0.16414081040846662 0.011963792891596837 -0.11135208539986127 -0.03987967541728152 0.5927812895819703 0.014663417166480631 -0.06922525572776593
-0.17987012603380245 0.05918688050862608 0.09697560971080563 -0.23377533404135825 -0.3635854192414641 0.28502850952205966 -0.1314258392982668 -0.08301591550360607 0.029093998140326597 -0.03412095286454128 0.05610672790034992 -0.017502847997165324 0.37394799578098115 -0.3528042177233558 -0.15304450337791053 -0.2442024058138572 0.003338020270553392 0.05850906756253631 0.548878103506233 -0.024634968667406353 -0.06595147109997956
0.2637523473591631 0.060719521305612846 -0.12819243432487745 -0.5585472238856514 0.15075331043324122 0.07239042908799566 0.08869919527488065 -0.08489898635684356 -0.0933677601971074 0.0009634948388484415 -0.010548215356224118 -0.0875666190027414 0.3582620468630064 -0.26634472023676 -0.11644076597987273 -0.05174109101356608 -0.05916295186860207 -0.17587810791709213 0.4486030970511482 0.05247317766064154 0.2912751953985651
0.019914810725082895 0.23226720437682694 -0.04349261305045522 -0.4326539413510429 -0.14003584108385828 0.17498284023974134 -0.29960321723230576 0.0519627158855987 0.017752643799065146 -0.03528830605514152 -0.00979900175588163 0.006528794883209081 0.2970684077775487 -0.40310604073082795 -0.11238745362141032 0.1837470700528279 0.15032000049238273 -0.13579166416834695 0.5045745963496178 0.04254933317429667 0.13268196690287248
-0.1699338440126794 0.12615612778106258 -0.042553561022010515 -0.35277892954933215 -0.22202488615026839 0.22084780183054661 -0.13351834810204077 0.05382730010865783 0.14664043876049987 -0.017155620199813166 -0.04400774256480138 -0.006591859217339389 0.2341411009606586 -0.26455456491604223 -0.1863378039998876 0.0926858543134768 0.2409097857495749 -0.0010635038382891561 0.6774803236796477 -0.035053891062280206 0.0012274796175956156
-0.07898103341113688 0.1422695902093844 -0.06448668184222187 -0.4083246409315253 -0.07665233779572446 0.263691124111365 -0.2527636611876984 -0.08014759871313444 0.00733288987168181 0.015828841062764176 0.04924888680117925 -0.006686089071963683 0.21525675116139775 -0.3721740835333775 -0.18764575046609255 -0.14605514343831572 0.17955691580832953 -0.05353708351547256 0.6052455734100081 0.05427684739543575 0.09149045854434525
0.2495421731777113 0.03853316822443248 -0.09215159253833001 -0.36983738757739715 -0.11632003495813818 0.23660940671771055 -0.30470696991042445 0.016963933057188883 -0.00473145950582522 -0.021740407624387864 0.06018178544575073 -0.014729607710804428 0.18006738786623092 -0.3019254982497919 -0.17577694398921512 0.0012608846631215972 0.060510617962249824 -0.010107425933059657 0.6809802299412715 0.03875321221080373 -0.022538853017248055
-0.042051644308853504 0.127591557558969 -0.028719841814179758 -0.5748270198457359 -0.19325342648396662 0.20651484046090562 -0.3302780692242584 -0.07444416196532098 0.12265275538306304 -0.03796560976957752 0.11943053059983354 -0.04056315456681191 0.23589125174530975 -0.2809310569368147 -0.12753226251923927 0.05138071023478658 -0.017071495340250837 -0.09185230232821687 0.5066487846015233 0.020934919743370205 0.0659944854385816
-0.07438899743291819 0.19109579992549652 0.059085871145211986 -0.26634808920589575 -0.41005592597885965 0.2228741699927955 -0.10450705871971958 0.05566917649925372 0.1913842315829928 -0.09227233231746607 0.1422403460627657 -0.07394785097335103 0.3495177141785994 -0.07754249003440068 -0.20935126576072338 -0.24529271035418046 0.031009006537617102 -0.23085116363505093 0.4897950816899216 0.10101211940616944 0.210488844636301
-0.048108803983705865 0.1305366463333286 -0.006360724054030505 -0.215487304380465 -0.4551416328946138 0.3388239830005147 -0.011201113924906868 0.06531585913593717 0.08074580768131454 -0.1831885356073255 0.18446414494212304 -0.03395166686830321 0.2463852335849425 -0.047492239909589576 -0.1769529996162744 -0.18479368258110224 0.04532174891559817 -0.3103051429804701 0.46187612324691607 -0.03601446144484661 0.3019493363430562
-0.07254735999174368 0.13681570736446053 -0.05617162749118408 -0.3467220813351412 -0.4536510012425663 0.43873166284122106 -0.12057586690496637 0.07638664664011244 0.054232562838843895 -0.16539683037424632 0.09650911634905736 0.053468371656094374 0.2079532006367177 -0.061313052932971936 -0.22092598449016568 -0.343812778200629 0.07871657784833225 -0.1726116625516029 0.3247570003667982 0.047402757371833915 0.18383147376055478
-0.2668072631042382 -0.019737704034086943 0.006650660811954284 -0.3452519097111877 -0.3359677449510862 0.24888129622522417 -0.021015744085275644 -0.02235935878329205 0.15238794639754255 -0.22018704447584114 0.12264301805151662 -0.010000565539160398 0.26018925030084084 -0.11551700955820009 -0.18365619508959805 -0.2715089725722096 0.10727993799347423 -0.17514524857454133 0.5208812164959726 0.05148153382389276 0.20478243685447875
-0.015160831728299295 0.1436025192194925 -0.06083772859137499 -0.40694952969564957 -0.45019426954312514 0.37288960622590495 -0.07838888482792328 -0.011583147820885507 0.06288665822541954 -0.05152573477918503 0.22226373856056378 0.020798765202309145 0.26065904419150415 -0.04134285115577278 -0.2557850731880925 -0.19826828927287268 -0.02195898943330709 -0.22655590977320517 0.39359353476812975 0.07961075878792694 0.13395220148549397
0.019629455387520613 0.06763495215131027 0.054996306188173034 -0.26183105007069096 -0.5197061826977243 0.20511216688334924 -0.27263620617760603 -0.04245591758573795 0.2992282251544647 0.10247890563367944 0.017058275044663493 -0.06694398718043355 0.1752521806628497 0.007787643129283841 -0.184769936163795 -0.1770746743732741 0.054595822543010576 -0.22191514193903955 0.4638086107380362 0.010804254939267689 0.25810483500869763
0.18044751856424018 -0.023622408515630966 -0.10258461678247162 -0.41757636153636435 -0.30112861565882604 0.14861829994032894 -0.23184402548193384 0.1363321512861729 0.37495056741593014 0.11464166841742697 -0.0705504776290125 -0.04760722794880996 0.03237708802935363 -0.07576993467352837 -0.03800810098860617 0.013107115284104803 -0.06208587376747574 -0.09480864600629588 0.6217179366863965 -0.035787909289904406 0.1638461843152033
-0.0022214993110077443 0.029573629048551937 0.04262025848822913 -0.4075980900949469 -0.442663342188872 0.2578815778514061 -0.27540429490805696 0.04068063943625829 0.3534872982954579 0.07933752835313737 -0.03515103761433253 -0.08350339123517228 0.17680213255691885 -0.0014757104939392448 -0.044971571777128884 -0.0973762221387277 -0.16525481389677524 -0.17267555271393195 0.4169212492111397 -0.12743030314290746 0.2485999093897051
-0.015749969207633902 0.0774501414125103 -0.06002836842593515 -0.4094475392209056 -0.47083171898405846 0.20029724061553103 -0.13570838351963005 0.0803455784010307 0.214010081779151 -0.0915534695860491 0.03419483804352092 -0.02936352495510632 0.15276985950213492 0.06802233008370519 -0.09850626457875905 -0.018614598423836025 -0.14302879407670072 -0.15813546303732376 0.595947546499551 -0.10326458481954827 0.1741218758414156
0.12315980524963302 -0.23425803387115315 -0.19787047754359594 -0.500642705145945 -0.046441430231245605 0.3215250045125153 -0.3772776777742253 0.06654272589579754 -0.006373430004648796 -0.11852517544408817 0.06918112706598972 0.01160908018176168 0.24532980638264 -0.27975426657961117 -0.13572532631470652 0.06686081661662112 -0.03494787904085116 -0.16231819764898606 0.4049374052668104 -0.081740491286082 0.0963461531982846
-0.10912336300017446 -0.17604968001761825 0.009462454561742207 -0.3951129215071247 0.07874710419062889 0.24741148819091713 -0.21029398470286903 -0.038448665095782236 -0.03180599478979667 0.002457315572770381 -0.068000875229545 -0.02264955867346041 0.2722353546462879 -0.5083127444043256 -0.18794783640414442 -0.010141422664268436 -0.027686760507837894 0.04499604300698016 0.5562536297703353 -0.033859712813315984 -0.01864664954695153
-0.23176992462320214 -0.030314536534487662 -0.10086505769384813 -0.40241111090608883 0.10888067582532587 0.1599734825111452 -0.18588097378538018 -0.061552965841825666 0.23561183327162258 0.03347611068165616 -0.06261932395536556 -0.055588764178611826 0.37109169555409716 -0.45042629588629424 -0.13414128367007344 -0.14275405629686655 -0.010844627513359247 0.02783721027081109 0.5038243746161619 -0.010035714636554324 -0.005063637102641533
-0.09922724100620597 -0.05994294268765657 -0.1769175178128288 -0.4154728332484366 0.25782445334674786 0.3402667114803734 -0.3001146050323066 -0.11514195860062042 0.12999740126028853 0.01466173282406155 -0.2053358870319036 -0.032044602147256164 0.2447522372118476 -0.4482952434784594 -0.11455179908847243 -0.03391386941313292 0.08629176974658898 0.14698639445015363 0.3604244260273355 -0.015291147845103551 -0.04921998402086506
-0.027655375647731587 -0.38853565176964294 0.07879373095088059 -0.2794620739513823 -0.24515019962937082 0.18284785193526906 -0.28425888290769663 -0.05214935807021592 0.14185319098297003 -0.09728610883439162 0.01777128084376169 0.0011258301226247005 0.3516696736878803 -0.2220783286294734 -0.10440229452683283 -0.2894135309345597 -0.04633911000337912 -0.1416706566643355 0.49736476149373543 -0.020526061612196694 0.139096408747418
0.1177306198405344 -0.18660478883013876 0.03328000090219385 -0.30644200525583926 -0.10450876736483722 0.17511836599783323 -0.3286060123466543 -0.04970539915060642 0.22513766481057762 -0.048687126680864536 -0.02947924072165886 -0.023383985633248096 0.31434848309986835 -0.27604619057342367 -0.09480611722455583 -0.23283747311898856 0.07185279138304199 -0.1862615755582914 0.5663141449307654 -0.04593969893555526 0.22111822104500872
0.05488731493847893 -0.22638549896754762 -0.11815029847052647 -0.36881827159509556 -0.10790284165049763 0.1995747968944464 -0.39092851590349653 0.06626884814244012 0.15367881941371586 0.017506936213805873 0.047344551734132365 0.017201170367179944 0.32446784233417625 -0.2394986710116128 -0.10448054457116657 -0.34875064489764734 -0.005776210413171675 -0.16613038932859112 0.4263832978791527 -0.07441098213584074 0.2245999972976
-0.1378224116331476 -0.034752656999988 0.05340442135857162 -0.19848400267622393 -0.19207964284734666 0.107416674133587 -0.4668459386169253 -0.07905388685474066 0.10281781241332129 -0.07122881803576873 0.07411246442745732 0.00725948507041175 0.3374858863616938 -0.16877586742688294 -0.13112047682308048 -0.35898796705326486 0.0771321829183352 -0.22526381980841675 0.47583172917328326 -0.0202551176064344 0.26789008525227437
0.07588784923996578 -0.2599795815629313 -0.08948274311153334 -0.3123151064530454 -0.1640116154596628 0.3361373634644401 -0.3447559615790711 0.019072451010147214 0.17314322423683326 0.03810597253504339 -0.0069334745267562005 0.06278328536471674 0.22718114847888174 -0.11158800210079428 -0.262514321823065 -0.3418562294458364 0.055773875337058396 -0.2710537882073615 0.34926900499840424 0.03637619110828875 0.27719882228114073
0.1764887839462637 -0.2373969376064612 0.042883457524992806 -0.28803712480238386 -0.22113501030590713 0.19777464531340222 -0.24305506141938815 -0.07338622695433553 0.22622122086845117 0.015048263330914306 -0.09750590002107976 -0.006310277797074282 0.37062979025112786 -0.1510749098734917 -0.05560299385762181 -0.3473031044653899 0.0025355581483205254 -0.14517127098598373 0.4803713638471736 -0.11906228301458992 0.25367045746256495
0.08243582521287203 0.014316673414678238 0.030388620815493685 -0.29983870755671826 -0.23926283227014875 0.11669181096531672 -0.2607788844529788 -0.04000935555789002 0.18506238156385518 0.027704226086012574 -0.001302163350919519 -0.0493220314731961 0.30395864841710946 -0.2630734573534335 -0.0944071219078369 -0.2831149751780663 0.17091631309505445 -0.04629246486525196 0.6612195966711463 -0.006711227781330531 0.07053759730299972
0.10285296635200819 -0.05494597275426641 -0.2168758479022211 -0.43142701368010944 0.0875933621100482 0.1135816492290785 -0.1841334437179957 -0.06904690444541617 0.0901765241177251 -0.09503417244452263 -0.0936064529581283 -0.024389513972279377 0.24790742347050135 -0.41140678074376397 -0.040168094742627 -0.14378222288445683 0.06346386998900669 0.08093928397887509 0.6324681553235431 -0.05102667197152081 -0.03567280777215934
-0.024319848661653518 0.19758735401870361 -0.0968307078048609 -0.4271753885003747 -0.11284799082685713 0.34785379044555215 0.10700132866851851 -0.09218133590322804 0.1779126377417343 -0.07548778952716806 0.08687750653430354 0.16375522202133022 0.22365738501692564 -0.15410120637022945 -0.19094587875424449 -0.4802655110834848 0.020224557900760356 -0.17115247475115877 0.31102514362138906 -0.031209942947135742 0.2735258400753516
-0.17601447792693292 0.03861402853014467 -0.023211954211939945 -0.4351041923061463 -0.4023858409312351 0.35395475864822995 -0.05657346452851332 -0.044577573279181826 0.18967741804120053 0.10559618009419239 -0.02307632319827212 0.09865805171820398 0.30618173390825676 -0.10896382300678727 -0.14495795832309175 -0.36451396820609966 -0.09707153294885998 -0.1914062017451054 0.2608165549381526 -0.04384097168110959 0.22887379921820603
-0.09268066372710564 -0.1629798414211121 -0.16037329905687556 -0.5782958079027152 -0.16119095491608287 0.4047273866660151 -0.17033793872506192 0.06661907553321708 0.18301033897541275 -0.09574783283370591 -0.04009680244352537 -0.02331093830132313 0.22606918067982476 -0.24531614952615585 -0.22892860081307903 -0.1343257375781017 0.042527518207413295 -0.130614587085291 0.33883792352807335 -0.03840970116750625 0.14055799085558948
0.21587263454655747 -0.220862669589946 -0.1339922219475771 -0.3734655652664703 -0.08132947952929048 0.3273630011448397 -0.3266246800336262 0.231513229054844 0.08903696751499617 -0.010782299091766989 0.06623817744595481 -0.09184095252494165 0.26540365252339526 -0.23206711183445844 -0.19871350084462447 -0.07842668471444586 -0.11340525641835206 -0.11494288222742678 0.4380927509764788 -0.13110305615992435 0.2171201035783698
0.04403118397280104 -0.09688486665626563 -0.18014307077621639 -0.5129299033572424 -0.028921983579543606 0.28262541110957934 -0.1467711207554447 0.0922147031942795 0.16373439617979724 0.04082111256605741 0.08782125394754699 -0.024609211371444766 0.30405599216307194 -0.3943312666976413 -0.15972930143587163 -0.1971206233133153 0.005779336390846126 -0.18156908631498386 0.4334225548176507 -0.041518734866130176 0.10332817736333134
0.09467191321972043 -0.07039060648767394 -0.027731205990569448 -0.49413742133926875 -0.11149130106397778 0.3322646313163859 -0.26475114430482066 0.02084738261950093 0.08332543707569333 0.17811546497382824 0.15638716951287143 -0.014344857806174557 0.3264774976748487 -0.33162218641475094 -0.09583522059709297 -0.2159000256169246 -0.14506083085343888 -0.09943059081401985 0.40741892965170007 -0.08480062471109794 0.08935477231726913
0.008752532119820933 -0.2591139933658591 -0.05421699476305858 -0.47650596454398925 -0.10944609621401416 0.3351180616031933 0.0201632279832555 0.10153106651449066 0.14918604499992003 -0.06718846097239153 0.0950265826549917 -0.03618407565832171 0.2447964308321607 -0.31085158127991724 -0.19618277800763323 -0.16998367652607663 0.1491215490572004 -0.1359150102896376 0.513311242866671 -0.02276956317962882 0.0449999122615535
0.021795550006333507 -0.1790566037586869 -0.12197834953082767 -0.4079149460512218 -0.06821620782518277 0.355280550933557 -0.2508854576391668 0.02640094750404308 0.08675369828982091 -0.009663281361735724 0.14496818485983212 0.01228147931754565 0.2917988035465488 -0.3671188369760523 -0.3211265254747214 -0.22248406611290836 -0.06295657019568762 -0.17428372780465382 0.38439907076093355 0.054483018803860875 0.07261094744910168
-0.12514875947936507 -0.1204630820479094 -0.1591198174199816 -0.5198014120640126 -0.13014405182755526 0.24235953923582731 -0.09165865709568484 -0.021005784690664314 0.15816674073927625 -0.13612841954602642 -0.02253977700815382 0.08992249254257355 0.1399895283064854 -0.31320834224978317 -0.23732592857884768 -0.3535759731660663 0.11858153058232329 -0.1040222107355889 0.43953709168496485 0.03882232806460767 0.1379693780551737
0.11899540606301597 -0.22207706405373218 -0.044743288058541344 -0.4011002377232067 0.017542170900378917 0.24715271859571933 -0.10623828475780785 0.10380845079409656 0.08378234927092611 -0.00012809728691064184 0.0548901862780045 -0.04941066158418568 0.36675558730979496 -0.46468351701211413 -0.17222984156118748 -0.15623319188526805 -0.08765030626419942 -0.1203500881379472 0.48604016108009157 -0.055802390161340795 0.10808180725461455
0.10238685943768094 -0.15319734361357953 -0.04804469859590498 -0.3136207414043305 0.13845968511191412 0.3118940306876041 -0.06205538192003179 -0.023907549691274173 0.11825891164420943 -0.06043585806494887 -0.0023620896762750264 0.005842568501407365 0.16357953998514058 -0.5735089501025085 -0.19397819287362233 -0.15400272446729799 0.14866787157291478 0.03685591094545809 0.5351092619997094 0.003715987481947044 -0.0010328762247275678
0.15263282000434678 -0.12560132372331112 -0.11453765350631849 -0.44799334435576377 0.13315107829023162 0.285679401552747 -0.03777258783987744 -0.006000219604598743 0.15091544365976878 0.0014451379145751823 -0.08404249286790079 0.028618110296136274 0.11048976769435383 -0.5957059890033993 -0.16090971044130786 -0.18248076774224792 -0.09683189396879656 0.04465811958620624 0.42060739198945907 -0.027739559129597743 0.018182883315368825
0.03508882712609561 -0.24113993305252238 -0.06705640900330717 -0.4237296221794857 0.1736263219842758 0.3394205319740274 -0.17924476564908678 -0.07802445166264796 0.17248088265101869 0.04704760326877421 -0.12316450889248327 -0.018982498557098253 0.29600841259408295 -0.47389805383421607 -0.11900349155797928 -0.1073549874754394 -0.04686872969279828 -0.058199511637701984 0.41460064051437545 -0.03335934709829115 0.09506535823298401
0.03073349260893749 0.06223343802049135 -0.05136504702063353 -0.38287063101554497 -0.5275047716037992 0.2180629305647145 -0.060639372144313045 0.04204238698739515 0.050444636305586356 -0.15809804107870834 0.14611079869606888 0.012948905832101823 0.309099219748471 0.006869788696681312 -0.043047746955509274 -0.4007505813952741 0.0751322441507945 -0.16411389898123627 0.36964500450088955 -0.128240190036991 0.1481087103693106
0.18592718013853773 -0.11494784047004669 -0.08731781512798995 -0.35821596568189357 -0.34281774074136967 0.12649160119362213 -0.1191006392805909 0.0673845164364023 -0.0014588819017345878 -0.2970524602213931 0.05280310783506504 -0.052791042597967665 0.24452865592088488 -0.04254880371267447 -0.15308475889028583 -0.3804927265498055 0.29135697927008836 -0.17432009180407132 0.4393252132881255 -0.019115631086991713 0.17817161181615196
0.1294718700751859 0.016603469241215352 -0.132846619337687 -0.42088390413658083 -0.247921660053216 0.2486627224635831 -0.1491524589174024 -0.052700283656391726 -0.010117738738526345 -0.2036137559528097 0.1268755608685018 0.03564426563254815 0.05042586700953304 -0.03197498291533447 -0.09457695378115957 -0.29538573074444807 0.1733524899179071 -0.17694966343058338 0.5944378813914578 -0.11388509461322062 0.23123099129827843
-0.06380915912095797 -0.054303803691291896 0.11466836368519864 -0.2608808470386093 -0.4518548846275673 0.19433231671105794 -0.02083165917984163 -0.02475147733149992 -0.0045546970959813105 -0.203981633316288 0.10814847139705057 0.004643624427886096 0.1614327857256289 -0.09086951468547891 -0.06892259461318173 -0.4379775548062784 0.31238399648524606 -0.05757089009208598 0.5315229887656938 -0.016160762533806553 0.029528786710635902
0.02840122007985553 0.005623718468468903 -0.0438578606780212 -0.3375281593011431 -0.399281834712842 0.23466511069782225 0.23585032858376975 0.044209586370071545 0.06885208000469085 -0.09535787883056751 0.1438474375141344 0.0672722290629449 0.11255176068584129 -0.15991185528338386 -0.1183864282531747 -0.3930964991103139 0.14720988105405014 -0.16033069143025563 0.5483338932197976 -0.011490767888611319 0.131260653812663
0.0679703903978641 -0.3123892807403332 -0.09790673502701946 -0.406844225891128 0.2387531799783583 0.20695810550242064 -0.32351571405743806 -0.04846113971267811 0.02320231754556174 0.05541698988956477 0.027980072235318534 1.2593742091629676e-05 0.2746522953488355 -0.48523101088294884 -0.14693402476233514 -0.10067749015362969 0.046390140014549525 -0.01154605075550247 0.40689086135800023 0.030825478134823663 0.006540363150577005
-0.12714195647976304 -0.1538908433954944 -0.13680281492003607 -0.4999587096453162 0.026795002680437805 0.24846263923951944 -0.1798827558532237 -0.09338122735559477 0.04796499360297616 -0.03602939208972206 -0.17946849229017708 -0.03590629731641579 0.2814094502980093 -0.4502657238209594 -0.09741837657345784 -0.029061597790678538 0.03128217063904463 0.05104038014333944 0.5008102475463109 -0.046246423137792696 0.0453165280057283
0.04645155161546674 0.08365585735433866 -0.13308173113524285 -0.4940488807239459 -0.2777839597453528 0.35070001142570983 -0.12735807700549936 -0.08278530022498529 0.19577995188671243 0.07932967959610283 -0.17784190719399795 0.18891784967638772 0.10224356093096042 -0.30709578033000534 -0.1616094954572478 -0.4065428090903342 0.07633773915565875 -0.09535316489518769 0.23578716467384256 -0.04038698206412665 0.15993026336134175
-0.012181055811958087 -0.11289952356704175 -0.2141352409422129 -0.4494364539886379 -0.09138993497214797 0.2479522257381844 -0.04929937986427419 0.03641605551441468 0.3501646022926246 0.12937310921687895 -0.16702739940049632 0.09189207698600961 0.20361197395248382 -0.23521272744535487 -0.07385027176801816 -0.36701515498631176 -0.0788759681459099 -0.14249235136576133 0.4563799665225878 -0.004563659579794031 0.13493892063953689
0.045070775310649305 0.11794037138330801 -0.027475108539246555 -0.37466043101165925 -0.28172412917332246 0.3841781233975042 -0.09950461889188231 -0.012986042267698858 0.21829226495356524 0.0010947961769467486 -0.018729054196009908 0.04918269164142744 0.33144891463925674 -0.32398092138579976 -0.210907542298854 -0.3568302202726994 0.020930380520836126 -0.08901297670788806 0.38066191215271344 -0.025296285414728687 0.12224247859667513
0.14233138687572938 -0.07483052425915865 -0.12712885187833925 -0.4353646383089807 -0.16874331584843524 0.5007380782363398 -0.0682067608006729 0.013044649530299256 0.25946175359917134 0.13169076209140795 -0.1773280867807375 0.022139433601389594 0.14112198250467928 -0.20726913280731304 -0.17360612813106904 -0.22881555271427256 -0.01725574079283838 -0.12171492837294617 0.409182904414974 -0.0631409807925346 0.18948157775308094
0.18178246657784308 0.23711670269147475 -0.04594312987060519 -0.4068390205059402 -0.2715202998249514 0.40599734876542304 -0.1267334185723694 0.011007931200753105 0.23634811442828904 0.18595411872249804 -0.20138715272168053 -0.004711529289229319 0.1340983989330196 -0.3729920483815772 -0.16068221202802127 -0.13856008157218122 0.06818419244822613 -0.08751562443218064 0.34776074903561405 0.01878029964679381 0.1470463045773653
0.03147243538197858 -0.013087795959632366 -0.14666592845682588 -0.3658172694362648 -0.08678168657988251 0.177156815521368 0.017912838072453748 0.011030658516317592 -0.035515537785933124 -0.01983976675278978 -0.07789138849207243 0.04465879065484328 0.21558279707434516 -0.4099551260130791 -0.16085190071093453 0.2768862985437118 0.2789110978461813 0.15390442881496733 0.5810465373405291 -0.08826192462297777 -0.17455289523278836
-0.02711976483595963 0.0251909668129429 -0.11417597189271578 -0.40594566274973004 0.0144589547901965 0.17107183198657025 0.0022158221510298007 -0.048076524499495496 0.02673895359081015 0.024091908527756636 -0.09211847440963918 -0.04369414258641805 0.3888189586375528 -0.30420896529674707 -0.1441770493322292 0.09864878958181833 0.18241595003115704 0.15039237982852033 0.6488642031472438 0.019886345422614807 -0.16051501990679237
0.14465661340382457 -0.025194965100599365 -0.10815423983373497 -0.45259083416309903 -0.07946154328056156 0.1520987837767967 0.08669337655878936 -0.07816511144352126 0.054215462616138445 0.022822255929596278 -0.20477375877260645 -0.04910550845432955 0.3739997131149799 -0.31502067165905967 -0.01825922130681709 0.0531369956823702 0.2274027686971581 0.186060827308195 0.5615180579210223 -0.10887248656026008 -0.12356864600430933
0.12231150407036245 0.13027052080227558 -0.15293050393148272 -0.4120340616017947 0.004052501088832008 0.2016420483366155 0.052701040778371296 -0.01977830703080659 -0.0015968937576953265 -0.13902817590880218 -0.10135448137469534 0.008847784856844086 0.23588674498865234 -0.4833680077021044 -0.11502841893992992 0.07403895190775187 0.29545775531228224 0.19729753274796993 0.4901730638132232 -0.0776915954421411 -0.14441279006059407
0.05143039022801238 -0.054683324022695774 -0.09585742093054836 -0.5548079641633314 -0.11155547617639149 0.25470440309302206 -0.08831846582676442 -0.07455835121011033 -0.08473068865461313 0.02852863879964046 -0.11719412791170657 -0.039137505819677426 0.31105951297665085 -0.25092535314567316 -0.15148642464946255 0.13091564393142394 0.26536963244182477 0.05830289361354385 0.5051214478310992 -0.1453754437632635 -0.11625888154816907
0.15529640509464301 0.06768940410056719 -0.013434963602794335 -0.3182312563732137 -0.08286718204794792 0.2477711087892509 0.04103249620331371 -0.06244207884594038 0.07256751310453455 0.010268157591340137 0.02324801565404542 -0.03111262411119298 0.24983724660349907 -0.34535167724815663 -0.10799150931563352 0.03322762911557961 0.25041201920940404 0.1231922287903302 0.6993604129116398 -0.04425355814320518 -0.16040848860580442
0.1509726836877291 0.08812481047773049 -0.27633556540577625 -0.4123229912783143 0.05558873612462909 0.16288318519950862 0.2081225657201151 -0.0017426414354983232 0.11825653088215109 0.013859937402975598 -0.07374042309903475 4.5375277332446245e-05 0.2093068311002754 -0.3637137237993479 -0.11241106789061754 0.10137324651232489 0.12007368600150799 0.08035576722495931 0.6313981124331843 -0.040350437140440266 -0.10168558232640716
0.07843951318255703 0.07754726341723106 -0.11952766468733934 -0.4789677737767396 -0.02530135929701094 0.4356825183478956 0.1471697652572908 0.012897214514765875 0.0032099101730043854 -0.051842426075762164 -0.0525944524821897 -0.007613679413520794 0.20585528155434238 -0.28350947854470104 -0.1177302172390369 -0.05508724395911304 0.26278411006795704 0.0756669768926364 0.5474430585102064 -0.0834595791258197 -0.07239117079376924
0.04040094881500316 0.03384033750346848 -0.006343722869330398 -0.5226208174979595 -0.06065168230375338 0.21845358323161918 -0.011307064081978175 0.07292012815805868 -0.07208951305648206 -0.07173205814458429 -0.20627745042393708 -0.01232906629348298 0.32616497820265233 -0.35484670304894184 -0.026195925952425165 0.12363151894624136 0.2684418279679905 0.14986187170461038 0.5094071632596098 -0.06666802246633077 -0.0861895112165167
0.11308653197152314 0.10406133286578777 -0.20090519731228446 -0.49219811910622124 -0.0705331729043079 0.25392873405311045 0.28180173255870494 0.042860815852997315 0.006309735223170227 -0.05773138476473386 -0.1586530660700767 0.018366862798462117 0.1898709437786593 -0.3733542664639697 -0.11531754884857476 0.19763533680419978 0.14676913539989306 0.1439436880821632 0.4875838562881851 -0.0374814844438589 -0.07049708829156154
-0.021744194442597325 -0.13720229676077736 -0.16660325746460183 -0.34567584867124274 0.06710548287290506 0.2558985558723143 0.01366568578094993 -0.040116480045406085 -0.16186707646124363 -0.158034296216552 -0.15824135055225827 0.03221854075503587 0.15387619057608548 -0.4737039821860089 -0.15641030122266628 0.23048568973764247 0.1984668937962543 0.1415042420323595 0.5461048259060103 -0.01748022725274018 -0.028408727510985624
0.06125686293719932 -0.1577579574078195 -0.0784547312955122 -0.39244797923780883 0.0918840657355445 0.2806232430638682 0.2003683659537754 -0.010277428822541958 0.1317167420635436 -0.17395944912536582 -0.1828603728849005 -0.0070128039266640005 0.2670870157571534 -0.4048984199992297 -0.15545249744819334 -0.017110839767313844 0.2880329821339597 0.05178189581949917 0.5034646420972039 -0.03830009812725355 -0.04818310886786518
0.36771847485454034 -0.16463119859601727 -0.16457272012397103 -0.4313810840002019 -0.136225191352659 0.39430495726052206 0.005245091123991553 0.010787211520292937 0.050495730514796576 -0.1696656407246124 0.3272691599379931 0.12840703994494596 -0.02275012881085578 -0.1189139699335939 -0.11050559083629227 -0.31867567515085243 0.21730057157672064 -0.21366593908550735 0.2663921370719147 -0.007142100634583511 0.05555493762736096
0.11665526641954753 -0.0653308517907664 -0.15505881887140316 -0.4063987495632077 -0.09503877771872091 0.4432081506398919 0.005368633169809645 -0.025041740077063158 0.09963402814534916 -0.12051840063391862 0.2174289080678447 0.101466189138721 0.10342419164048859 -0.007358399529080361 -0.27043325327936707 -0.34806247274101954 0.18402055379040036 -0.35269396258747987 0.2820278981271462 0.01629276112796831 0.24835868588507387
0.10525128387918752 -0.10849176524706519 -0.12576129597960858 -0.5214929622804026 -0.16270128462614608 0.38522031229168857 0.13076435974171915 -0.06690885330717741 0.1715670075362224 -0.24087522355116872 0.13616100258634828 0.1366729912699057 0.08854214186687807 -0.08226683644577835 -0.2618275187733152 -0.3380517032374142 0.16586709913038267 -0.2615461309630795 0.13573872040173562 0.09055439876546362 0.2197257958567218
0.13656561100850273 -0.21574800186954088 -0.031698187634215155 -0.6128753893101235 -0.2092576596858942 0.22153169519914337 0.24812623825154614 -0.2542473723710848 0.09203978867709843 -0.028047954212584318 -0.047444283276549135 -0.05702793871838577 0.28679876862664855 -0.17317709277362325 -0.07000028188309293 -0.15431510540171695 -0.11916024311501176 -0.016488149808475096 0.4061110998741204 -0.03848089268431636 0.05011970968393269
0.2048492763602937 -0.2150144730541953 0.07904692895732207 -0.5343871198169136 -0.2082659160582281 0.29674922987804503 0.13046177840879364 -0.21305346113671372 -0.0515073446721078 -0.0123404066643293 -0.0370113889091041 -0.059366018692058216 0.2942010088201628 -0.2651649766565367 -0.12409309484970053 -0.17063484199099055 -0.0876700902557286 -0.016740030094682563 0.455923842209127 -0.0010186631175681997 0.03500464669466743
0.33912010974069223 0.13874176409121367 -0.005990707391386888 -0.3926692613456621 -0.22363254111991068 0.3637047976664974 -0.20884398045820343 -0.04956725765263369 -0.020822200547352877 0.0878757205028419 0.15124734592765599 -0.02508383992100683 0.20052926665310758 -0.2620383562168625 -0.1714887394273892 0.026735931333051927 -0.25672567372148747 -0.1294130292598227 0.4691317656265117 -0.01362612053733243 0.0978354954187651
0.21643322945203425 0.09138545562727576 0.009859572448302252 -0.41219364596964087 -0.2909181471425961 0.27420045389151476 -0.2323458535960167 -0.11214060996221648 -0.04614007715369203 -0.019750067365058924 0.04122963797650181 -0.0365944015675911 0.2981019965012263 -0.27998250201379576 -0.12502039985224456 -0.12095790725505821 -0.20819309220981227 -0.11187695279375412 0.533299393721138 -0.03532566750493917 0.06192163154824456
0.251663677078768 0.044505882537326576 0.053563141013427545 -0.30253335862503433 -0.22183229672718827 0.3074016317761364 -0.21684873778718225 0.12495668362896084 -0.010506122195514727 0.05688224564812164 0.027299964392283303 -0.06821768243240219 0.24854568332860294 -0.15239895716478583 -0.1747486952274271 0.09282983691393011 -0.39810657717679887 0.004050246883656842 0.5651734392140622 -0.1199651192618907 0.09342701829915402
0.195686100627473 0.10688650940127373 -0.005596271584665287 -0.4461775998467488 -0.27198437764245276 0.3257458048381062 -0.2601155276222615 0.06436694971859426 0.15758298124090644 -0.10407185098850809 0.2003466365627851 -0.04410930879473904 0.23128871807174817 -0.2554748760259894 -0.1717024112899437 -0.03327013629378867 -0.16189813088586819 -0.14423178860642513 0.473053820366128 -0.02857994355856055 0.02405479321241438
0.266329908225765 0.16403397586780835 0.05730914843916487 -0.2877523171624579 -0.2836418712714287 0.22662392568665962 -0.3547833604953496 0.05446662629785528 0.08282641489152971 -0.0028802556029601505 0.03949882787630689 -0.04189068775585178 0.1890882666653415 -0.17679599023233086 -0.12903723387957858 0.18061608563605425 -0.2625330866858322 -0.06839248217325108 0.5857273283092578 -0.08605708031199237 0.06982543109784833
0.37094723891398124 -0.058100611853224925 0.11011176655525304 -0.25848561701599104 -0.33531385572066225 0.2794134778276583 -0.19135487224409123 0.009804458554784297 0.026600843602256632 0.024367000864547263 0.15717591411709717 -0.045822568808595095 0.2314397961763818 -0.28214261615789604 -0.12113651628171807 0.07577734375501849 -0.23240378520294022 -0.0008369016302078722 0.5631482296168462 -0.0009316836326555928 -0.00484946275005694
0.19324600462241004 0.014924483454368082 0.08706298014835272 -0.35187548426915227 -0.24937736649847633 0.27394039329865427 -0.12034818596815457 0.046533730669018496 -0.07753556907860393 -0.022770390161023293 0.1603926244376593 -0.04006243161914485 0.35534692859470096 -0.3445979944826563 -0.12891985861918392 0.1778990387687962 -0.1589293431295513 -0.11739384344584734 0.5559315704098806 -0.03200576795130011 0.02970934024497111
0.09774317285435778 0.15697918504457076 0.07933830090489531 -0.23007484225933927 -0.4874646679947652 0.17298795711809392 -0.16099134945246693 -0.06702641838518505 0.10611098338223009 -0.11464931229157087 0.007202296200800553 -0.028267768552447115 0.37711262655400773 -0.05441075804879097 -0.20403050009573936 -0.2593595987979998 0.13566576368663003 -0.05484149550345285 0.5446248377812326 0.09206988041584381 0.05278537617891454
-0.0023102648254114976 0.17174704848556613 0.04027436313160096 -0.35725925708775436 -0.5051251336518191 0.206507570801827 0.028862424879613095 -0.0015073354348745485 0.09641942932135356 -0.12992007679354856 -0.07258773204745511 -0.0829619028966778 0.3493009700408914 -0.20063951957185178 -0.22386423426673727 -0.11446035338437027 0.14665564446800203 -0.1168735003748012 0.45887860661579766 0.05712403227608287 0.17262085265926963
-0.07022570140225134 0.13968886722748636 0.08021937494325622 -0.2657897366942825 -0.5254507117417926 0.3761200534037019 -0.06936037862819325 -0.03018186556290378 0.17345762191377012 -0.0872518467294758 0.07701172933219305 -0.07579970478550618 0.31051200029073317 -0.09076960362506553 -0.29859310526159966 -0.16847088097557691 0.10683810894124506 -0.13206000637683116 0.39585553325861506 0.07107010532276652 0.11405595272764606
-0.034187772263343914 0.08541118747780749 0.01736903791272228 -0.23642250422194508 -0.43456985441138457 0.30183570877556937 0.014004725577398461 0.12493660378133198 0.12225206045910138 -0.07371847682764672 0.028111218043836195 -0.10016081521596487 0.3264203602331471 -0.09434906658226228 -0.2559151730854441 -0.03892185188940852 0.18913650961620285 -0.1446318971926511 0.5932189971948283 0.027137209858442517 0.1287621640431624
0.07750170092779696 0.18120148166882902 0.11081514218221805 -0.252457155877552 -0.48356989675546685 0.29936376656771385 -0.08542053864599028 0.03485445778795495 0.09621127288131567 -0.08260450591898176 -0.09341806128211055 -0.07515111711426521 0.39657889538653357 -0.20818042848320412 -0.2798171573844029 -0.12685904599211842 0.12125748373664393 -0.11221734873547352 0.41032404307627196 0.02123747300353448 0.17777068705314406
-0.10859012692649761 0.18494457378720344 0.14412503715981195 -0.21326445195357585 -0.5611420368472418 0.3275608807684447 -0.10169826493396435 0.106442655202287 0.15210801707989774 -4.079080123124654e-05 0.09572428467093966 -0.11294437142791319 0.2879610581648459 -0.1500460803485703 -0.2168295827008428 -0.10371561072528744 0.12982266624640648 -0.07548269114645433 0.44858572597021285 0.07914981257814896 0.07477715598628117
-0.014671995228290902 0.11928244157308929 0.09193225568075564 -0.2632092843636896 -0.40090755220436014 0.221217942202577 -0.06942627344264082 -0.05195681918798262 0.18477302420079952 0.08316516482786301 0.045398308911120525 -0.08692258875911811 0.43481753763922387 -0.14969365396164036 -0.10630026767293671 -0.3173196001433651 -0.038081371645292794 -0.1894014252858704 0.5137844569716841 -0.05724386393466027 0.10921341143688748
-0.005949852718954413 0.22457612022059883 0.11772334258463595 -0.189352823048657 -0.5988144254117186 0.19933860429265757 -0.0011744625970628612 -0.009190440697108143 0.197713502263847 -0.04850060179217915 -0.007850236647253908 -0.08088732142116205 0.3166714968753815 -0.08610026374107177 -0.1880989916357182 -0.21840930001234296 0.17047163281233554 -0.09270893663386114 0.4626597682136002 0.03410678329347447 0.09858155863661365
0.03972181857074715 0.13465096888217296 0.2478417108797813 -0.11644093502819096 -0.5018060518213496 0.3523062567731957 -0.1220851006975209 -0.08275354163443446 0.2070905873841654 -0.06895844568062441 -0.006953291796119946 -0.08623259556091285 0.3190143212478689 -0.1906872441570592 -0.23969282278414406 -0.10482951962049253 0.21416500884421866 -0.09075305390726814 0.4298642419484334 0.002261135478634193 0.08387122180706293
-0.19834666749669458 0.01142250137975454 -0.21122951391303502 -0.5994324127126507 -0.3534708358443365 0.21363014519312315 -0.022272943946848454 0.15428048824324622 0.20292684205550882 -0.04501505272347744 0.08044988689019367 -0.019407679704976383 0.22384985699787646 -0.02674573455992728 -0.16324895482837462 -0.23664159302499704 0.15376501399020634 -0.1190257541471507 0.3715386392957164 -0.014823100710662486 0.045971997723604566
-0.10818282397305748 -0.07487121724048933 -0.091851272885146 -0.518917166485508 -0.35782524959026346 0.16667152796404613 -0.01114531213633757 0.19844596387018548 0.16285724978827135 -0.11307431000270005 0.12064651776007519 -0.02969988537610764 0.180097957740823 -0.07921858774559241 -0.12173668676325167 -0.2929636230787473 0.21702562295560587 -0.19576878586666777 0.46705193111022686 -0.015278440424792731 0.10842038803604492
-0.0853787429277799 0.03212945285041743 -0.009471912062364666 -0.42419267740840183 -0.2984044981665577 0.19479876911076646 0.19897512848919088 0.12662061649552872 0.3875505016998625 -0.060196296610412085 -0.047189276054624286 -0.11678398550477401 0.29352856123898624 -0.030326913536392316 -0.17394595521168438 -0.1726594343958793 0.14800500775503708 -0.10973269995775724 0.4888141227341144 0.06063530579507282 0.1887834098067397
-0.30980912195244753 0.0957401364560444 -0.009381891239961717 -0.3958294103686658 -0.22700537426349704 0.15356418859984253 0.10152247538445612 0.06514365646189514 0.3221726764208989 -0.12002869171968322 0.13007775657017623 -0.09488688919470935 0.3012539230596842 -0.0885197366369747 -0.18999772279618588 -0.2151569360129261 0.17476336245718144 -0.293613387900711 0.4285685529191454 0.01329165596990011 0.15070958735187004
-0.2527286023483391 0.058793493079503774 -0.10764894057129562 -0.5177633116270507 -0.3005395958666184 0.1637608582743635 0.05091162650658469 0.102094574357008 0.3083234314085457 -0.19402067299656683 0.16411755912480877 -0.01650304887483188 0.1766649708569279 -0.14749780953652503 -0.07941445084628687 -0.24505357380554957 0.17038201792051097 -0.12946982290621942 0.4412006679336298 0.017666177542378963 0.053353307557978284
0.18081925666991833 0.2716818577654442 0.08181386089770097 -0.5607985302392782 -0.09943956625642038 0.17150686681630004 -0.10860659380503895 -0.2786107951793943 0.12457059897070613 0.09305932841043445 -0.030159646150637036 -0.07777521388759798 0.35267789425362 -0.2629051658013664 -0.06890367669119501 -0.14854408998494745 0.07757607087086003 0.011295827966594552 0.43120443027614463 0.006925066978155464 -0.001207417040916452
-0.08587749374570483 -0.001704755103506752 -0.13159967607367087 -0.517172290901459 -0.13830546918308748 0.149568679320881 -0.09073205119734715 -0.015502299658263732 0.2958108334704997 -0.017735579737934246 0.0656372820542376 -0.03449540646161102 0.2659213893328519 -0.1694120931976355 -0.13507266105081558 -0.24532999441261436 -0.08301659164983492 -0.10914987391216611 0.6037434879916717 -0.02535042424453374 0.052416852695091595
-0.10666658286834585 0.13712721545221496 -0.06852493858461796 -0.4436684844826282 -0.12783453754697607 0.07613902399657972 -0.19764489393610193 0.14114753770266128 0.1651269728298901 -0.057599781789704346 0.013730211939616125 -0.07262296338341315 0.34570574653318037 -0.2064047205731568 -0.10797817707789621 -0.16651709334476256 -0.15605112491841924 -0.06697238440920956 0.6306522104777017 -0.05222677268944814 0.14254493098118237
-0.09445229682268097 0.06421634304032148 -0.11893457318538564 -0.46797088399521414 -0.05972511124942677 0.23235008203567561 -0.023760080755742066 0.041926983872823786 0.3372012536449841 -0.028398624907736977 -0.01073633199274096 0.004914996145331056 0.19105978859086106 -0.18110414704879 -0.15630771460528878 -0.24257539106777642 -0.20653094912821665 -0.10665966350188932 0.5790286279627794 -0.028231987218437084 0.19132745978277751
-0.05659601727104873 0.00043508140227604166 -0.08776281896396357 -0.4991656505787591 -0.22644045252381317 0.227659439176617 -0.1340620991448621 0.0741956646149173 0.294356548469304 -0.0473423171773154 0.01047280756163948 -0.017739463872583416 0.17333396978711957 -0.23951777684760603 -0.13130105076554394 -0.2298348760486516 0.03762359101539076 -0.04583045182530366 0.6013300725776012 0.019090999611584492 0.03284974287982585
0.16533968799597287 0.08653506939048783 -0.1921740170921706 -0.5105514771447779 -0.04105164824901468 0.22099257263486308 -0.11894130967700021 0.09634179854617426 0.1603974211656502 -7.556909707144777e-05 0.07857690342510446 0.007734286164926132 0.3252563453118875 -0.33249736565670795 -0.11206337327421616 -0.2918382820122839 -0.11856174160871287 -0.10196727969588218 0.46282679674164023 -0.07619808952278478 0.05589821013289894
-0.15690094629699464 -0.39165664606292333 -0.16673079881979716 -0.4495288317837134 -0.12967315182046443 0.3304783230752882 -0.4056177202068845 0.002891201071461579 0.10939566390316528 0.03819655081059937 0.03644772439690815 0.03059089209537188 0.18298451180200184 -0.14118062744638388 -0.08426045193007273 -0.2114456500845521 -0.08664978357825545 -0.12546337328049906 0.3422746705919569 -0.07735507421161486 0.18505857692715963
-0.04355258286883171 -0.16429868757040322 -0.11524376526554857 -0.4128087088529964 -0.06991924735706181 0.27396849677955204 -0.28891976919933526 0.045802460016662085 0.2606856677807433 0.12247785497195021 0.04993231255963311 0.00656344060446491 0.18243431782234146 -0.39902081986391075 -0.16278993012167184 -0.18931825954224452 -0.08844918398417137 -0.1959601890207917 0.4652107462207474 -0.012767297541503245 0.13694272049178635
-0.050969074528736676 -0.30859342548381397 -0.02039026357189647 -0.4046198287268711 -0.0601316047494645 0.2655696420706557 -0.2824953719599611 -0.050257541488832186 0.1783070378950256 0.015520570090717925 -0.025037497578159266 0.012907074569620782 0.28491322546564524 -0.2601533034415617 -0.10865481739114699 -0.22091370977698405 -0.13888488788257167 -0.1520359245024827 0.5055192128140844 -0.037952695409868245 0.19970224237339332
-0.15669680200307062 -0.40729785659994533 -0.10846678393386008 -0.34574473127565836 -0.08143733994745368 0.22774749647081832 -0.4086228652449513 0.08032614133145989 0.20576219690359637 -0.05483783235790112 -0.04612230755933669 -0.0367089965970816 0.17371791869260586 -0.11436835267291275 -0.16566970049071883 -0.0921414333409657 -0.07076538459230373 -0.2163878481299275 0.45626612722165316 -0.020571547935146525 0.2405746962310279
0.1508076944599517 0.020743007147826304 -0.07385717757032775 -0.430615858620395 -0.22588099265990227 0.33824377000508343 -0.17913893805673603 0.048967715433597764 0.2561902118738184 -0.15837144955818955 -0.04815793312203755 0.02870596606066074 0.11062247111943478 -0.0400858248622755 -0.27839292526622295 -0.3066438648766359 0.14284845786990552 -0.11230899127686153 0.4565178159468892 0.1302481882926395 0.21998785500040294
0.3128519754373163 0.1602852468190053 -0.008931380932586976 -0.37714483425703077 -0.2903029627900248 0.16935828672183045 -0.03313429323312518 -0.028303210907428735 0.29933604433204214 -0.08745755318549565 0.021644533467495532 0.015049422124584164 0.19456339269177594 -0.042822065288616804 -0.12556097871920072 -0.27004438613538073 0.2457693740648432 -0.1220632783792679 0.5072628335705425 0.08975562572746415 0.22860353059886773
0.26172982379988413 0.07143418941879352 -0.11917617608285155 -0.3762589468917254 -0.16478373462034335 0.20611107203546977 -0.18448403484854492 0.019940249618086436 -0.011268911282027312 -0.33049541354106887 0.2295849904052384 0.006818707975341294 0.19077742298564285 -0.1831091189542848 -0.07779114635208066 -0.24115057540907398 0.15704470824570374 -0.247411038694054 0.4900162438600004 -0.029997104289055696 0.2083805644461701
0.31266854303372804 0.046868875002155974 -0.16842382945834294 -0.3817336925418502 0.05146019074374254 0.3373693292869729 -0.20837578234843643 0.03692425108384863 0.21112185888420235 -0.12439632225314677 0.04820642040052718 0.036252612158816595 0.10730309109692553 -0.21008391761910675 -0.23568274028551345 -0.22598817192690807 -0.017395421700395937 -0.17207545427850376 0.5233318824288509 0.0583035127248474 0.17766563975746336
0.13329138958611522 -0.10067033605650703 0.21814854750105475 -0.5141619419479813 -0.28833653580819624 0.25922317603354733 0.11051179115407589 -0.08836477821343876 -0.05070387370391801 -0.031248075976258203 0.02126211191313299 -0.16554593322561093 0.48415573562025965 -0.24712913692824223 -0.09669709112961115 -0.1173387725748558 0.05040559727914098 0.020847362167569085 0.3695787945542876 8.560510278220094e-05 -0.01499350269159398
0.012450977796827226 -0.29135839163677313 0.1490957106414263 -0.4354070593503369 -0.4219142283392713 0.1757839433798552 -0.08086305751259121 0.29376228449637537 0.1059661513210166 -0.08082744667836672 0.015191961511621459 -0.16707634623905696 0.4181580203476852 -0.21002862752621995 -0.09532144006957792 0.07738552271266622 -0.10661438451352481 -0.0207917989398609 0.33096874556837347 -1.004211918736713e-05 0.010507537149916372
0.06280162010972734 -0.0822823151248532 0.22271713481156716 -0.3258962912368205 -0.5806240872187021 0.18540794518543244 -0.06393811159093049 0.045703428808852815 -0.03628303032000308 0.06661481234577515 -0.10331611362821123 -0.14115377517906308 0.38399992669293675 -0.14773523569891236 -0.1213749278940882 -0.0926029812390341 -0.05251996244414545 0.02957275264481347 0.46868662920815557 -0.023976519745204816 0.05459476223405539
0.1150329955437304 0.008402867701600253 0.1887772709893657 -0.5430729518814443 -0.29191905031431026 0.34822851502247865 0.0013678214006256932 -0.07525987528813051 -0.030783950725469463 -0.00966451570660166 -0.04885526125641308 -0.1100458442187028 0.397912670477393 -0.27781077558801337 -0.12448419940190354 -0.024013484014290373 0.11386534264554389 0.04114599423607293 0.39157719489075 -0.05982928413050502 -0.07274027653149244
0.2756622499867233 -0.008935948225038239 0.12956966342457998 -0.4455188009343991 -0.39429206363320496 0.21060075166607214 0.06954041349304764 0.08915469776856258 -0.03789949663104645 0.05712506941179261 -0.03049500171590692 -0.13262719895573735 0.47363090793205626 -0.1349945466683117 -0.10141309867514725 0.03172142782434339 0.09917784630138213 0.030447102849659746 0.4559754061083117 -0.009079100282184002 0.015243651863760654
-0.003955932177827604 -0.09274902323517761 0.16941811582125504 -0.5632208405795566 -0.3791286602387584 0.24270474817188767 0.09590010906320931 -0.11163212164552838 -0.002986536341277628 -0.04251162378737863 -0.047629159171580455 -0.11383394280868221 0.3877880377378951 -0.2525318875321027 -0.15225155994174533 -0.03652027745505695 -0.0205380275763688 0.011997360783182158 0.4049931122155695 0.027781558578245196 0.009645210054957337
-0.039534040852696795 -0.1340110775566484 0.158241807889487 -0.2840255168391128 -0.48913205681020705 0.24138827684324224 -0.048027848551522714 -0.03551365127000143 -0.04720446702278937 0.06653507585104765 -0.00622698381824341 -0.12803270108005804 0.45851555118813897 -0.289928846554869 -0.22457498464855366 0.013520819059762136 -0.0059594739817296315 0.061166731313767875 0.4450325080919711 0.038646685659217785 -0.048559973464271856
-0.020063996445816804 -0.0651958216618399 0.19925753216357608 -0.1966260750862714 -0.5364918018125471 0.2683131403408309 0.05222554857841622 0.10166394696413793 -0.2102886150551865 -0.11118079543993954 -0.012631369733878543 -0.1015455797962287 0.33669852058053157 -0.2854896842958935 -0.08877390623020046 0.05092303365649808 0.0003075995886090999 0.0438941412033942 0.5183616369901826 -0.012092533426990402 -0.030554111875322573
0.09155609331888591 0.04124048040385675 0.15891185049946047 -0.33625182637712103 -0.4426970758078001 0.33167228555262745 0.07959182824703626 0.022061520445073816 -0.10205193304714741 -0.08987143283078541 -0.00046937838702812147 -0.13011525018880538 0.461735339971758 -0.1937009204177126 -0.23054990439198564 0.04379190553212776 0.09863035293214695 0.04810418543252848 0.43047156294520234 0.011688205214137234 0.009648406037213852
0.06881787271517398 -0.06823244015754416 0.16272810983579775 -0.2928470466884984 -0.40086431589330396 0.23850378114840246 0.030917941790459622 -0.01465782812072501 -0.126476255338642 -0.10450261965535106 0.07256348338550939 -0.14093329183603415 0.4095416625289059 -0.19323181807908077 -0.11817642261442039 0.021958088758725486 0.11783694940944904 -0.01884693912524879 0.607174844726868 -0.05589300999178458 -0.04516723656718798
0.13799595747343665 -0.10202531970069494 0.23691035471489644 -0.3965207620951374 -0.49567882408090047 0.3165383846132656 0.2244060895103547 -0.007986285971583618 0.022940739540961964 -0.11886506972436901 0.09970617533194112 -0.07699936132101276 0.35557360518939857 -0.23573335918352384 -0.1065695526252313 -0.14002938031492063 0.0308926228331536 -0.018160013758133784 0.34043870617146427 -0.0022489110205033583 -0.013985043832203928
-0.0018345066196401728 -0.017973072046077808 0.2340071758095498 -0.32064729035901546 -0.4434381614241763 0.21021803011435133 0.041642115635726985 0.1191434931514978 -0.025435780199756952 -0.1257535969609048 -0.026211273812324676 -0.10644154348203735 0.4173866331381079 -0.28024520534400305 -0.19302872279216485 0.007993096202880887 0.14328799551347157 0.1309310258986818 0.4708984012288184 0.03219191264663271 -0.07958994463178543
0.11409891142390087 -0.11406263072792865 0.16230219718693606 -0.36352844952657465 -0.3848082696119938 0.274014142869147 0.10660320806566008 0.1173213656162303 -0.03419638824286677 -0.14918549170131526 0.04709523105550342 -0.08185445707977568 0.42441194329465287 -0.2524625450367537 -0.1695798759869032 0.2121350367426964 0.08622179164859982 -0.07074735889067003 0.44797850212999857 0.0338893552489255 0.05430141840952675
0.003193325544472862 0.0038262481533057145 0.039024844500609196 -0.2935108966603876 -0.25622650525539975 0.4459810128837941 -0.1377892514175273 0.02012232116903918 0.08288027260901289 0.01838806493756988 -0.016752832484270862 -0.02905386121395498 0.23490303032426446 -0.3451466513347655 -0.3262170876650372 0.04001986402424999 -0.0692549895805819 -0.16082164037132085 0.5189530570495099 0.002893681502886277 0.1942275380258678
0.09446366876914518 -0.08206418746928648 0.04756261991384809 -0.37615184527699036 -0.23699748628308964 0.2792882182663214 -0.13657954096479472 -0.06573274245801682 0.15876821746760603 -0.0744842062477409 -0.05268112969809865 -0.00903429347989862 0.4131120498497501 -0.28614029145616726 -0.14896729904848693 -0.3237045242552254 0.12014076725586355 -0.17942057456564162 0.4195659428766725 -0.08704769187058764 0.20020212385743275
0.036226408327740205 -0.18859109019444809 0.05345312704047559 -0.34049803151716523 -0.28832359002614105 0.3448710786158557 -0.1363452236841365 0.009516162197009518 0.08501108469480621 -0.0673519174543709 0.06544219128109532 -0.009393791186434219 0.2261345210610409 -0.36255818190917066 -0.15588295471476335 -0.20843994675747116 0.11011103131679488 -0.17550965031737825 0.5434552465196846 0.007809069411069938 0.137036692169828
0.08511000173627468 0.031073548864182787 0.052487721231649374 -0.3413697665494352 -0.23971892097643746 0.409080538042109 -0.16028450758087565 -0.03196803673146297 0.12253860108918985 -0.04976153462575399 0.025477626571166187 -0.03860619615881997 0.37724141796424226 -0.3902828606604692 -0.16401511936645902 -0.21418162275524177 0.013667328266098722 -0.0071634405535597225 0.4831011986455355 -0.0021606834743001717 0.017600492565642317
-0.27735181769347855 0.16344675837131611 0.04060432580886099 -0.5866306216179362 -0.08980211346656589 0.2643920142704187 0.028485511531261647 -0.10796937665811869 0.2251563214404563 0.004447737042233183 -0.08824349148850434 -0.07207109821391458 0.3243523754213848 -0.203759698302515 -0.09501353180474456 0.0019222940108253542 0.23467930641492712 0.018599522585987256 0.42847537943029035 0.019285171719537055 0.03615412496911428
-0.15070960671013986 -0.13276588612585505 -0.12017548991817159 -0.4672889619117228 -0.20493993224641707 0.1633511711386936 -0.02171861098220679 -0.07435071448943137 0.1630746009240116 -0.026112915213305936 -0.09784848657205374 -0.01721115704426413 0.21645051219460326 -0.29980714616306975 -0.1795144343920655 0.06471137494941476 0.26872843143048075 0.03117626770333241 0.5996156928553301 0.08179956687109237 0.04963892331802674
-0.01749147561845854 0.18165407015649637 -0.06997905382364952 -0.5498859115453916 -0.2576445680054957 0.28478390500818324 0.20057667901132917 -0.10360282501524477 0.026735945845114375 -0.0418917461390833 -0.17383536330406466 -0.04854499138007359 0.37653298070209745 -0.23661107879003337 -0.12366384199536071 0.14301680215393026 0.20746039054593463 0.08769574085985817 0.3653375640086696 -0.04696991139353772 -0.0775598764750731
-0.2406876328596629 0.0868975092232081 -0.1245271889770005 -0.6141158770963683 -0.297603451328739 0.16584943397549098 0.00019875107413542758 -0.06298753386879886 0.02899025213333527 -0.02605459477783944 -0.11794507654585766 -0.04361472935177962 0.2303971961203737 -0.1895396872371947 -0.05743817955404964 0.012176277298462197 0.19641887068001646 0.045975308354965674 0.520550532097784 -0.0024590943083915816 0.01924843298850603
-0.056003808913501284 0.23520756370665816 -0.15515222206820076 -0.5678593452985571 -0.28064917046186333 0.28830288800915266 0.07832990711891284 0.030547002381522047 0.030427306304483624 -0.00519677478955377 -0.044415967034228135 -0.01573196683427036 0.21172618007932917 -0.2352872834619482 -0.11241796969760996 0.10107433037192733 0.23970771298831545 0.03472105596239783 0.49036397460714787 -0.01802567744531858 -0.01977948048758596
-0.13381402847842974 -0.1880269581911054 0.1391013206490005 -0.2803745286312735 -0.48545040209862095 0.16718564597300978 -0.19183698374258634 0.16731013443534107 0.11917494266881412 -0.07325349863117614 -0.046900830726830406 -0.17512417360486235 0.4131186936143242 -0.11891975223697834 -0.06605187658232346 0.09841808114470577 -0.07293511315284705 -0.021272624889526567 0.5109932071145606 -0.018923442417006445 0.042829022088271614
-0.33781123985725503 -0.03968115836551067 0.014810580723383291 -0.4620229349997324 -0.44057593330840916 0.26752112386828514 -0.1731861781877737 0.08013854441761267 0.1829996105909217 -0.015910878902573724 0.016235392273281028 -0.04784738311222306 0.24235450264669217 -0.11432311018752464 -0.11951708682804107 -0.01611152905049143 -0.0960760637512027 -0.054456607599388175 0.4827245960948129 0.004808582834156737 0.02544454834945842
-0.2276180630268162 0.047482043790775336 0.12368934809447668 -0.4681127949086342 -0.4662789066460864 0.13286894855751186 -0.10565718934805782 0.15586967476666475 0.16802225399452544 0.03016723443513227 0.02057159718415035 -0.13266396263100913 0.34921049310228547 -0.14329600390695876 -0.08403157162747475 -0.08483909198753899 -0.11407913458514729 -0.07232235328640792 0.4655070860027452 0.000290805963715225 0.046164978020443816
-0.3177461764507147 0.008902386046610661 0.14122248623222017 -0.3256025403222992 -0.4301584913842505 0.1756233073347623 -0.12800016166772554 0.23361453367322335 0.2706253905540519 -0.08769848734763569 -0.02029644734718607 -0.13814178423337836 0.27416837836400854 -0.0243337817500619 -0.10893428912946593 0.26214413304647943 -0.01849012576759885 -0.03560201905453758 0.4701761987249781 -0.04900426695365819 0.06565284794930372
-0.17074460614153047 -0.0025443187719738055 -0.22328349396920602 -0.5293230736487473 -0.08305559024195105 0.1738519744122446 -0.3643855656504313 0.009995656228986537 0.1589122364583017 -0.07329935710327491 0.08611950143373062 -0.03423117179984189 0.22388526463176717 -0.16838472024562923 -0.1006729053413085 -0.15140327184724575 0.11157988269187828 -0.11203241976312485 0.5347558170186919 -0.011618617031520303 0.09461247931624843
-0.1940456962393588 -0.033374500163525875 -0.020098921578507793 -0.3784834796729252 -0.1887475403113887 0.23605451375847689 -0.3677257863559463 0.08623239803170264 0.0317575045760686 0.028087105259477604 0.0393677097371799 -0.0438035290659375 0.25777087784089564 -0.3309430681258603 -0.10577381184459068 -0.02163507193384727 0.004482240167907702 -0.07245693010660184 0.6198165575264178 0.0023407091896279807 0.03512271051387094
-0.061178959157095814 -0.025672087205442274 -0.14295666736096138 -0.41562153196746443 -0.16160913539108132 0.11511625687079288 -0.3547731114135657 -0.1001768150251553 -0.028130698525158072 -0.06716375574383171 0.129994318831336 0.02374690900966001 0.31747369977526074 -0.21798517897519507 -0.08074429990518568 -0.19763402255565762 0.15604009729329224 -0.13884718508379346 0.6015194570819649 0.017689711190475545 0.06881332928874302
-0.20789144988475883 -0.11894538292650966 -0.14398535066295065 -0.4303293746560983 -0.1982161852664065 0.16323268087361115 -0.43899140327539155 0.021371807630730377 0.06259804898421563 -0.07443665662679162 0.07429572506708927 0.006498496614994811 0.21764213661355325 -0.2789566475964391 -0.062116136679345436 -0.2053083462192404 0.0568791216819212 -0.10860211680002836 0.5154148944533785 -0.0005601948666745832 0.10351076220106094
-0.24264463981181042 -0.04945280814168951 -0.19048635843416115 -0.41411626774075533 -0.12251874274045421 0.1550591358732274 -0.44721134338415247 -0.03258431361082919 -0.08487919473035974 -0.052068483171886094 0.17317120851625326 0.02310958463725516 0.22419472629874274 -0.18955568571317868 -0.010527665970388017 -0.23255622695842973 -0.042876523948252004 -0.07050367939819736 0.5367427652336095 -0.027016042251330356 0.11970440709377658
-0.10700820946134225 -0.06329395021522113 -0.11344664570290056 -0.35999501668124967 -0.1807881239868491 0.27933540940214896 -0.23185787595284113 0.03041779423819827 -0.04341516868848643 -0.16819239252329246 0.2558920545660292 0.004445897381329582 0.21819649128645222 -0.21575901524416702 0.004184116566931627 -0.20238241718425742 -0.09490066656721059 -0.20003540403276013 0.5956444398271065 -0.09557916519304868 0.18144084048989884
-0.15413821668300923 0.07575334978160823 -0.12046717591295576 -0.4726732989544069 -0.4572052729493291 0.23530807734617668 -0.18033654870128538 0.038780176345783915 0.27748710745298694 0.1505854133892073 -0.0541994343373753 0.05484675449511855 0.24999178500853453 -0.04095039117205002 -0.12470856842491557 -0.36134249332555773 0.0959451228746308 -0.10844872258443058 0.2583507131417515 -0.06866620893385879 0.1606167388612718
0.016743754364822144 0.06171044564574142 -0.05311216342145691 -0.2779433325456275 -0.3014928746206776 0.4817513512800615 -0.10270831493540912 -0.020120655695154973 0.15891859974300337 -0.14008566201823738 0.04518492195442065 0.09829960200833023 0.08496374245117903 -0.039732289881495596 -0.32513048162021285 -0.36352413111464 0.0077103848259507035 -0.1832299462637507 0.3602115574726704 0.03381659484331806 0.3378351700409276
-0.294425865251601 0.15782046541770728 0.003026362276721494 -0.38274032689662785 -0.4491923139896498 0.14298803293414478 -0.23783225799032506 0.03018207898923726 0.2280826108988703 -0.12662305335204113 0.011703110816047557 0.008726152931264369 0.17804154651668858 0.08045803964712915 -0.08506984217030468 -0.3029609106309868 0.010111801288602593 -0.0996240911673776 0.42859768547285837 -0.013491839595776958 0.2506879799628173
-0.09217512129067751 -0.001710520173714419 -0.04626529675380848 -0.34331823578127013 -0.3730692362198618 0.16556641572651803 -0.3382205208324175 0.10556136698259795 0.27451559209296283 0.02444959864726409 -0.03719837722463799 -0.03304247367116351 0.20532939528798178 -0.07236340044774421 -0.19451072284873244 -0.34566323516329167 0.20343656218533596 -0.1261479159637739 0.4582617239383491 0.057481564486755156 0.16003066525181409
-0.279743031462007 0.08279530515587509 -0.01916059705786632 -0.3528688201023219 -0.44106191122076616 0.2381841631139901 -0.3696094067442626 0.05044121144288378 0.23534259879521172 0.04811786531112919 0.0103494202755704 -0.05601262463968621 0.21937695244219543 -0.019647427489260516 -0.1094583186543318 -0.2864207794062691 0.10951891674584559 -0.1727801490998785 0.2862209141076257 0.010023374022849843 0.2687675695733377
-0.07395726880243371 0.17726613328750873 -0.049690399674286685 -0.31294575861625756 -0.22361414410602082 0.3302380021744551 -0.15006611193806596 0.06689670610703266 0.08601768576919794 -0.0718111660282408 0.02119207509042465 0.039193570082075475 0.36899236131341956 -0.12232847674727096 -0.18406293802302726 -0.4445584265037433 0.08213557673250253 -0.1487503284134985 0.39236918915983443 -0.1187702550436108 0.28730202615528583
0.20851746810740615 0.02372727016583379 -0.034915404654322676 -0.6460929065389779 0.03227601443799487 0.26831679673769665 -0.06509044784645962 0.06929398655685672 -0.1658394714554682 -0.12903798517302903 -0.07987226278783716 -0.0024200261510760493 0.19500777310175826 -0.4022797477583926 -0.087849026455584 -0.13060784125511388 -0.07193665616735102 0.039643320370126196 0.41616254112095263 0.002485520531412692 -0.010607451211693956
0.16825912723092823 0.09176170135660527 0.05108878291779005 -0.4617145302479943 -0.007457459893684982 0.35263121856295276 -0.1104579449288575 -0.033574585275493334 -0.05730836888459032 -0.05294946157646608 -0.09657209130155243 -0.0315272275736279 0.26383022950961554 -0.5039694132398255 -0.1514836481222953 0.04395752813021342 0.010566418030196019 -0.050757792635681705 0.4845179490909981 -0.021717108520942028 0.08336220526334161
0.1787064437136212 0.1666378517317239 -0.18369908603839102 -0.6739889588363621 -0.0030060389143594162 0.3859967915412128 -0.12374417356443565 -0.058564125910198765 0.06656354653734953 -0.007282065715095995 0.1747404998829138 -0.018564560325218568 0.17895803869640867 -0.2735659165092925 -0.06082826618445003 0.057918874372266047 -0.08114455969340068 -0.08155424889539296 0.3439223253406882 -0.03981181723637906 0.04647322242464994
0.04182785160820164 0.1912665383573932 -0.03486150927074031 -0.5236766031387085 -0.36714260703025675 0.2076904180700436 -0.14773834020825136 -0.0551477433578452 0.21486714421434722 -0.1121398798232236 0.15031817303994408 0.040564478324818784 0.3240421961977396 -0.009890877940529856 -0.07701448366185878 -0.31577878554599065 -0.10779768301037693 -0.17125878752807558 0.3366980490688001 -0.13736595903452153 0.12845358562428363
-0.16310053639366406 0.008667466221586675 0.02951878981117688 -0.2062527694420138 -0.4510289517016587 0.28188687385928723 -0.32344523157835553 0.03624513692207607 0.1381062404894207 -0.1960957623042059 0.11279480189445298 -0.044335119948654404 0.3105131760543553 -0.047467926618342614 -0.12211757084669173 -0.3553779118079759 0.14614799433257217 -0.12898769282456013 0.4113333729544936 -0.039711991668872154 0.14223739535022975
-0.17857520356127726 0.1113317715024392 -0.021639117252438226 -0.33491893761375796 -0.4310398115919446 0.07720343194850836 -0.35261305857585795 0.05496859025629556 0.11172594232298047 -0.28893989033496226 0.05255258592869747 -0.004775533784747967 0.19430836263093615 0.04484200967661557 -0.04101576644979378 -0.28657618735293144 -0.04998453525192321 -0.10622003619670285 0.44472845816951984 -0.13808968836851312 0.2664627429683179
0.06049719352005633 0.29981541036691284 -0.041465311556778246 -0.37792081434695723 -0.42352954541671156 0.06979666470884895 -0.26869321837094234 0.006495208371500826 0.09420646230423994 -0.2607652688586824 -0.050213250965245974 0.06110826918351073 0.19967639935334583 -0.03474920704983905 -0.1921848782163211 -0.38284958995848295 0.12491324528682982 -0.15406789190516115 0.33001268243867626 0.0907227198589077 0.2030394375018495
-0.006281506452916316 0.04899143603130591 0.006408014152295946 -0.3943328240873244 -0.3342274095231506 0.14036051714801606 -0.3241474918781076 -0.025320750314351964 0.21407190104565887 -0.20225362903825034 0.0526712505326278 0.03718071422423932 0.3593063463071717 -0.039320272460439155 -0.12495562234012186 -0.3873668666845119 -0.008238252840778821 -0.14682936258873647 0.41221618737687915 -0.005698848390640121 0.16159724904205128
0.08969385909864386 0.2408556696875763 -0.01026509092356575 -0.33878367432592466 -0.4213259134290706 0.11891496642071955 -0.3590000467879256 0.0719316310254926 0.18765454827457204 -0.2725536362609627 0.05289145629860834 -0.020349860872003057 0.2384879869670343 0.035250425660765354 -0.09172742893856203 -0.4112202333243697 0.11428156069826885 -0.08923091960252921 0.31895245600362426 -0.011258852165918374 0.14874812973253743
0.0534768654628337 0.18171989393165705 0.04355409015058219 -0.28123982177793544 -0.39810324843368566 0.24403446585868616 -0.20164050591863145 0.018119353081294455 0.20763468222107065 -0.319442625087493 0.12532205165197935 -0.04879239529386386 0.2210357503271505 0.009192907914087809 -0.10938748193511605 -0.174731681809362 0.15926231347972405 -0.2244950408100348 0.5070007315812972 -0.07211042143065265 0.17721953632226803
0.050448082982299275 0.08028399336684551 -0.1218504100398772 -0.48504508341715763 -0.35286967281357573 0.14844641406827147 -0.2966286789726375 -0.050082597374352174 0.12208722197923079 -0.12239638297575038 0.11126790903617961 -0.0260564555324956 0.19542484584922556 0.038875364063218315 -0.10298268717156507 -0.3203726281934061 0.08253935678178238 -0.16034170442428194 0.4114735384136684 0.08806519154488075 0.313628768044293
-0.11027149576816275 0.0880038528353006 -0.04444997800482398 -0.3402650653891635 -0.4132419122279751 0.34806131776351856 -0.27911312055449095 0.11748398931552068 0.20600991376143432 -0.09605874451842424 0.011916313111829393 -0.02002051943181925 0.26191670406733053 0.03621762113938983 -0.2020023579188865 -0.3600859390039052 0.07027040961191724 -0.09969539121680299 0.3176607028983018 -0.06420008647755865 0.2573345091684915
0.015481512709138544 0.08052828736221332 -0.0072843547041530465 -0.2609510277910468 -0.3548806038862036 0.10058580502768097 -0.4088525790726541 0.019649659361791635 0.11006349347340437 -0.14497489311753126 0.007195894558028723 0.04484039741051428 0.4446482984893683 0.12864206989276464 -0.07417019055992678 -0.4720788698133761 -0.06249882868494612 -0.11704566785483753 0.2946966549511773 -0.08375652884065649 0.17955767982844664
-0.2110812956551425 0.10616569922044351 -0.008515448271431046 -0.2296919072533436 -0.41873582243702834 0.1773423402396946 -0.3022278060055035 0.10076560325600864 0.14291739320912417 -0.18673199112569214 -0.0035151006669151778 -0.045883227981460425 0.28950466498032573 -0.002518451209705709 -0.02880391057474376 -0.2541274446709645 -0.1476783553851977 -0.13734039603241482 0.5067161643628497 -0.14455261815902357 0.24101395106970125
0.27688796643480884 0.06610169977586071 0.0012547894172890788 -0.28709165147492083 -0.41130252839009906 0.17505497192333527 -0.3304783559150807 0.05249615113831199 0.17503870782961234 -0.20844105164594814 -0.04502998579634129 -0.009935623787335016 0.15672490834329547 -0.030330051001620905 -0.1667734748175948 -0.24052500764957865 0.05961167454290135 -0.11544903936271865 0.519654675189515 0.008003323277926366 0.22451423378194485
-0.021095854948944736 0.21966180743900685 0.011695045243044076 -0.40166896190956647 -0.39158404528990054 0.10171064536991875 -0.35631840184334135 -0.05140586490608701 0.16177529040710026 -0.18900828453992008 0.057683898263380724 -0.030809947853724633 0.27879854588466146 -0.003591090714079604 -0.10283577106480866 -0.23100441296982824 -0.025357502557269457 -0.20686873815711834 0.43292976815112894 -0.01671813487692667 0.23988176454111088
0.07826055903143188 0.18555367033768175 -0.013257222110048978 -0.38470220884509765 -0.45654584707558205 0.08546993265312848 -0.3437116852198508 0.14816857466093591 0.1834770980005882 -0.14430154324509153 0.024833802604640177 -0.04966605067676662 0.26697362968469207 0.02093882353158842 -0.08216592910793351 -0.3706216120702049 0.12127412526474096 -0.09819776107081336 0.384083547567889 0.007095772622863379 0.10063192823432285
0.0876745463904787 0.039260644931993625 -0.10197580158573155 -0.5774693955704642 -0.23851608406082478 0.20751085086359614 -0.14323531073030973 -0.11578798196812534 0.2151970163539429 0.10957413666430152 0.0065004012528719745 0.015952771973672775 0.3564115808936085 -0.25882382784624913 -0.18423241883318775 -0.3003614749233694 0.014442612967328381 -0.08228487912911568 0.34167890689788305 0.06943324893529122 0.0877068881503683
0.22537344606069157 0.12998471169568346 -0.06360024255533075 -0.5157707795429584 -0.2681455288809022 0.30620654890927085 -0.14692830593244352 -0.08640249140318872 0.09076121536097685 -0.02672082745659379 -0.020094127765314256 0.15744793902197843 0.17648114110245808 -0.2548440208108054 -0.07584093415167215 -0.4222857866241754 -0.013094006829834652 -0.06521293887107506 0.3816287618144915 -0.015001737248117838 0.05408632106327742
0.09096663704614368 0.19828737235988927 0.06085721400995484 -0.5359233153935297 -0.25881193344902215 0.38526938872239763 0.05059119601070195 -0.13862355460718018 0.11582590649171497 -0.008282965101338396 0.11259799593185495 0.11307702771696178 0.33053726899279745 -0.1982497533325318 -0.14006875591315462 -0.3682313546739771 -0.0010182928536325896 -0.0622803320381001 0.27380016016897873 0.007623750875884231 0.05169889579410958
0.08125851412839132 0.030797656588936358 -0.09749473893489555 -0.44658734594490845 -0.2728500937658538 0.31386036529758976 -0.3233937248824484 -0.025987537095515843 0.05120793088375412 -0.1709018396785649 0.13885703183113973 0.065560651157315 0.2178216492481763 -0.1708854675064013 -0.15510463088233067 -0.3198445104959152 0.08758695282460735 -0.20507843541805587 0.4111916771351113 0.008940230772400986 0.16729112944226845
0.15552215799543792 0.11411690411394529 -0.030017846819134553 -0.5694573944341894 -0.22347585570972814 0.3425077573027821 -0.13899369277076548 -0.11101390083215233 0.028443106214541197 -0.05181917493886051 0.13418394685722818 0.13737064727068077 0.36106425158748134 -0.1437553582350357 -0.0637980778181165 -0.38543028159523196 -0.09950459845935838 -0.03739026475827116 0.2887493477869856 -0.001150594725989391 0.0020921094541781677
0.10888211722531026 0.07524982982416699 -0.08028388171185745 -0.4698110774669887 -0.17553100925715825 0.4456079006673956 -0.21779879287331474 -0.09008093623764671 -0.007211042413793794 -0.06948035325472963 0.16982294864785968 0.0972695628334545 0.2581425486659258 -0.16403567689095666 -0.10518749700096504 -0.40611549785902745 -0.02790166816208554 -0.09605586024294818 0.36975690090469593 0.02515354557129064 0.10152569960116764
0.12704046172548875 0.062193116062454 -0.02615751674394529 -0.7249204077972283 -0.09871018239460261 0.04311668927201676 0.0659165503083876 -0.009813875702351297 -0.05771811735760716 -0.0009942361470522791 0.02313872987418511 -0.07845717339242013 0.28855599223920947 -0.17616558693647394 -0.06993432099724692 0.06859144806876993 -0.021067827328645566 -0.1397360602101786 0.46028805548535623 0.0456401087946662 0.2644219521051829
-0.07160690298658501 -0.0999282881726174 -0.12982044004183513 -0.4444060169308591 -0.03401678643288976 0.2547271052178776 -0.1257195339629226 -0.07236871138051343 0.10990352988156711 -0.1311005836391265 -0.09030502690585451 -0.02884977907940674 0.2401742374998614 -0.37969909154993686 -0.18265404861038756 -0.12447483549657931 0.24694770197420554 -0.06647752811573523 0.5535714080346531 0.029829093330411574 0.14748744895183816
-0.06142324657354704 0.036836736499077864 -0.10048429287432949 -0.4266548423185613 -0.017331984320873593 0.3478722564881594 0.09547543139153337 -0.05966801390853249 -0.04863025134076338 -0.1905618485102686 0.16617613652427846 0.03088390498549534 0.1379510125976667 -0.42903693266300696 -0.1760616716344833 -0.24014655872733262 0.2274678399363152 -0.14039854287925962 0.48405646466386887 0.005367798046836423 0.06274007976004706
-0.0891516578503977 -0.2003691844942981 -0.13178128930417105 -0.519815800560143 -0.07310455512408842 0.31904036014383286 -0.13674827850714658 0.03292363198165687 0.0995520620061613 -0.11546658248141149 0.16346665590718476 -0.021137395059896844 0.19332510543819517 -0.2775465496987766 -0.12172740933793516 -0.05271905646472322 0.2880966485852405 -0.11094822179723818 0.5080898880886486 -0.0034473637715779844 0.03902666296081272
-0.05252470376567716 -0.04743420193285788 -0.2000720067560837 -0.47525034574254327 -0.02009324097070966 0.34235132765505427 -0.146543307498562 -0.07946718168855861 0.08790717773691731 -0.006051889674957235 -0.024034296045979914 -0.025886963851378005 0.2521685421682017 -0.320274614171358 -0.09285360653962565 0.015914346714322524 0.2795260310273697 -0.08179141890991046 0.5573153673004565 0.02270394027705654 0.060900271051453014
-0.12284276267846711 -0.06029768411039 -0.14812978761766843 -0.4848843462748621 -0.0740363456932613 0.18955461783733285 0.012684975403808408 0.07003491366050424 -0.10841570839285049 -0.3009979600784186 0.10818795345795792 -0.008544714715798277 0.36011052320827625 -0.41741907793573124 -0.1718392363848162 -0.09238010687093735 0.1623211438203616 -0.1565980729988897 0.4046975365546179 0.011738989395853298 0.08269809009775572
0.00982338847658049 -0.18674144047509905 -0.14021055742409905 -0.49740894971727684 -0.07459803268684032 0.22225262657465486 -0.22473486183745986 0.0015718415496734407 0.17286049385115215 -0.10796042517071126 -0.027388012924606346 0.002957116106891721 0.22893484897225316 -0.42153223737211865 -0.16195975381518385 -0.13499068695263383 0.10620797721762001 -0.10747261944727453 0.4970730971599446 0.010796712646995154 0.07489542057121995
-0.13121767508808513 0.1852671804086892 -0.18419626976872086 -0.5950098797549231 0.07659073512825698 0.34209829423936194 -0.15999576115330452 -0.00805905073820334 0.11499979452218659 -0.0900388263916175 0.07306765066635552 -0.0061666862993851376 0.24125092465678874 -0.34696475037343855 -0.1182667685893247 -0.21751182952523526 0.17337300463319677 -0.031404504103439874 0.3364110432802352 0.020836979506690938 0.026213739597008824
0.05213697669828895 -0.045057734880382526 -0.17438436980610045 -0.6006835173167531 0.006237513019659358 0.22504523288849654 0.04402124687354542 -0.11708216267818272 0.12067592663516843 -0.09240069472832993 0.014211456230653478 -0.006933167448178747 0.2643250975710187 -0.4110684037070859 -0.1957008247665139 -0.16888567741087723 0.23129766082110137 -0.018152686242841 0.3929453691465091 0.017095866812039187 -0.012138250317854704
0.030389689697094366 -0.02811467151354648 -0.029261479784494067 -0.5806197904389405 0.021958968348637843 0.35025243788091814 -0.06343178856833522 0.01548252269395251 -0.041549476150186206 -0.13908507076454707 0.13449818068609048 0.05096903011028513 0.08528055090077724 -0.4105630115105114 -0.13542686141856947 -0.27768768766662166 0.21028020432935343 -0.01523755646165742 0.41822852087143886 0.002145126228295745 -0.021777999087694615
-0.03809997085456178 -0.11806056241896655 -0.13460524378491864 -0.4723072944267162 -0.012250639621079891 0.37157959651068506 -0.11486200845730901 0.055476314889686316 0.07988527633971758 -0.15337148506467468 0.11764666693775308 -0.001906092885573046 0.16532576693832565 -0.22881086272524312 -0.18883045359595363 -0.21770607822148003 0.13399277467333212 -0.12027879780342718 0.5846295795180787 0.016032272069427173 0.08925467310094704
-0.08357098555065712 -0.06498596570759077 -0.0770163083912679 -0.4482846436349779 -0.09474354337443797 0.3875484594228456 -0.04232113023106435 0.04838571581304612 0.2201877522831634 -0.13855386163616049 -0.004769247400202577 -0.015200949790079831 0.2199198881862436 -0.3004834128608516 -0.13786820665255836 0.05858642635219811 0.3497505200233847 -0.08233716742364962 0.503916875231244 0.050296367614182484 0.06327888467180091
-0.13616615355648304 0.1345788189753981 -0.13836413454472674 -0.49880810600428926 -0.08541897913807454 0.3945877426188609 -0.0396799631573737 0.018631982649364998 0.05808172878740111 -0.04562372666633304 0.1213349296333626 -0.01883926800829517 0.2076098577049487 -0.3201791407792722 -0.19806606461679707 -0.1308424779554585 0.1855324413942468 -0.10804980660594089 0.4984724576852054 0.04838265281824282 0.10518721970232127
-0.27128276440226695 -0.15437090419620514 -0.12841534968543472 -0.4686563938367415 -0.04389198823619358 0.27074313683509377 0.19876175714725652 -0.11173833899147953 0.11620775688868343 -0.1884229102942649 0.11786374347272423 -0.031684058212435556 0.25333750512143516 -0.20559971368152344 -0.18604649081925811 -0.0391766907043755 0.24265639189612423 -0.16221032495800172 0.49586233057897516 -0.025866277230422834 0.03131569221156549
0.12630782023337803 -0.019763105870090298 0.09441142272439428 -0.2618357533349372 -0.22169280327636404 0.23341613635946037 -0.041485625883896544 -0.024414321260385584 -0.12246123569481346 0.025370846863002013 0.11710560662605948 -0.05374655019717185 0.32293496114648534 -0.29694892374209847 -0.2631104056427153 -0.07423284109102637 -0.26936484413661305 -0.031177784441843766 0.6479829430898663 0.08584432837028898 -0.0031063531123733056
0.06841385635261137 0.03581417304772194 0.1362693769468167 -0.2142451650199793 -0.21462672163631655 0.3317640699074516 -0.22644969525932007 -0.03756690538186722 0.01194349528228775 -0.01680965823029006 0.07582182074151432 -0.09455348738198235 0.38264048077572577 -0.262734854247023 -0.2142637446542621 -0.005785755680489297 -0.16552155938091248 -0.04128636916379205 0.6329350603874857 -0.029805131014085856 0.1168178619962394
0.37700484904391834 0.07089538151142039 0.09511719429658799 -0.377297853707534 -0.07174594827897028 0.29547010134373053 -0.33560455541736095 -0.06826696679293781 -0.07560290376542526 0.14201698830654821 0.020434243781295474 -0.0879332172248482 0.38805063290564235 -0.29159531832843644 -0.18601553363690063 0.005043285663500749 -0.2103046149031792 0.006023457801576183 0.3748367536127666 -0.032394424559066895 0.0401286154161727
0.2653429002271917 0.07443452478345591 0.060203868526178636 -0.39058242662564385 -0.25163604095686876 0.28744089580898546 -0.2189802832272397 0.03765768552633545 -0.01932448554366631 0.014033929919871516 0.15627602074794936 -0.02748529643728334 0.24075090760456413 -0.26942805304131007 -0.19032203684081636 0.07231531475073757 -0.2543530616491527 -0.12223119023075163 0.5389735867224386 -0.0054791552670684866 0.06818434295939185
0.16251075150784866 -0.03635468660248557 0.08890247322416456 -0.38937931778840607 -0.18768004480635533 0.2462910146725143 0.019851798196664733 0.07102982123900559 -0.049032431986670934 -0.18300430919464988 0.03600448866478737 -0.08758296436677593 0.4173705986894109 -0.31765671564104625 -0.16742116462809023 0.17685623642887097 -0.00796817797135068 -0.077845435613132 0.565684355513034 -0.002957330215459616 0.07759846417683838
0.015968075283872778 -0.007499332027251404 -0.19862883332193879 -0.5985935396129246 -0.08234101203688965 0.18477377913091256 -0.382023799927065 0.06315814069961084 0.08813645667504383 -0.11871328467166724 0.16639295320962527 -0.00764661981859551 0.24939380791183097 -0.2385449876665377 -0.04871383410308926 -0.08100716953561646 -0.12271621796140776 -0.12521669674378355 0.43844603792280473 -0.08315024220890403 0.059490223978207225
-0.01220056319372814 -0.052971871609549685 -0.1827313984238063 -0.5606436407569677 -0.23596219656446712 0.25017233959010376 -0.29441367991890366 0.01288992269071077 0.0456798408649111 -0.09519786367856584 0.01846680170085948 -0.010276128696839524 0.389551141096735 -0.18988466922808273 -0.1419286303394206 -0.20731488051847338 0.06045370903165871 -0.1072354130012428 0.38542394118204054 -0.056546808177072756 0.12163276751710354
-0.016845023645015035 -0.06029473975266866 0.15873103058411056 -0.4365259756185781 -0.3460458548408908 0.16718086438968166 -0.10177034733030689 0.012168079827912662 0.09582820323228512 -0.4843019027002759 0.1501163798490909 -0.046196401206411476 0.352843227014517 -0.2612511362314221 -0.10162869072100124 -0.10023399034201184 0.023860412788220077 -0.18195795107203247 0.30863366419069727 -0.043669788241436865 0.09880243824330781
-0.06202613690778561 0.011451801124436164 0.11040049078051498 -0.25260656751340976 -0.3757701992362711 0.19179693201065406 -0.2455812674177724 -0.05385080106963027 0.10895142545764835 -0.41250026632184245 0.26788907489040636 -0.0728255649696332 0.3022515693208682 -0.1836055103671574 0.020894906417525554 -0.16149727289487706 0.03579880077417602 -0.18304086060296437 0.43392493053234615 -0.05739060728141955 0.2043866283725439
0.12073379481468427 -0.009680414267037028 0.03798463524787188 -0.1981077377753523 -0.3300460011814177 0.18136925556432615 -0.126437451815097 0.04293346196817221 -3.382321511769081e-05 -0.3156246011587749 0.21032087314935957 -0.05814775939294258 0.45522482532722125 -0.2301790717118206 -0.08802526057861285 -0.21558749384817372 -0.032487999626809844 -0.2554634326051922 0.4210301961485652 -0.13893440009320437 0.24581627199255576
0.0931744149625398 -0.07617180618193578 0.02989849582355314 -0.4171681103320075 -0.4141835618442346 0.10306890834398758 -0.15900777360873133 0.04530520650734575 0.08075076125650116 -0.5038421069733928 0.14639084361828475 -0.0356659312031372 0.2894483526185038 -0.12455716117386378 -0.03419985977287794 -0.23223301981071964 0.06925816780172925 -0.17184326306247577 0.3344193956449504 -0.012941938445069695 0.13144890845739987
0.15027707751254984 -0.1174255957898665 0.0731866835711001 -0.3960024013665618 -0.33220323488967096 0.12757778453909874 -0.2865473492424532 -0.12489013168078053 0.11185282602806042 -0.33516668544022415 0.06554868434274388 -0.015349610931158475 0.2851841833302101 -0.25159738787370917 -0.14073171434359472 -0.25480255642580346 0.081619116172047 -0.1418071437479996 0.421608433445568 0.018511513331766764 0.11620460513374464
0.024431753719161352 0.06554803981969254 0.14490923802124597 -0.41195616762424087 -0.278376583595816 0.2652134589587946 -0.05229347283329035 -0.016610106789268282 0.212148699728722 -0.2859069035444192 0.19512906983858813 -0.05615109039959074 0.31054211284787725 -0.2637984510976164 -0.10810152831839509 -0.09307018848654142 0.03698996850726891 -0.20437002532799603 0.4869656036481433 -0.0743893527611281 0.11576257752795187
0.007621926840942461 -0.31261051937023127 -0.0907147779672049 -0.3857252355941523 -0.1409385856944759 0.2524435786862775 -0.22799190701605188 0.13400524945645234 0.0017959246440273815 -0.08839913554464832 0.1145941668811833 -0.041813124807197274 0.338859407479898 -0.26673383317180727 -0.16415047061940202 -0.20219097409583073 -0.05963853867206957 -0.17396209122578832 0.47973530493099015 -0.06880215764187199 0.21558761377236255
-0.011820356779595323 -0.2801741233967418 -0.17227959492679387 -0.44015835088533356 -0.05553260866373431 0.3421422062775959 -0.3143795481617253 0.1840645700990415 0.11519117969178949 -0.12186602908919189 -0.07467853661731709 -0.05022596929473217 0.35877372219719195 -0.22158786392498356 -0.1830005127922222 -0.17552017490810784 0.03508981713691461 -0.10939924230446488 0.3638555391120666 -0.0724956908924339 0.12610138548371924
0.05272938682873684 -0.09915234903650093 -0.057882193941968946 -0.5316165401647954 -0.0765532744771315 0.2072833957511049 -0.2905985670127282 0.08703735357601712 0.17482728495180297 -0.040409751397653425 0.027676615192630566 -0.027623096293127807 0.3701848912092716 -0.3419851859506086 -0.16178067575524313 -0.23442077192329974 -0.031884242926439085 -0.16126750345672045 0.38414674321830367 0.025733892839593157 0.12835092737866285
-0.0717347831283585 -0.24675980378167875 -0.08397329493846703 -0.43253249085495976 -0.11233496539709716 0.31357993608608464 -0.3575945631675019 -0.010412912919676567 0.1792019243609457 0.014593310750246967 0.03678771377256742 0.022274722393991822 0.2438299415141053 -0.2874796128151359 -0.1311447321375517 -0.2192110167976761 -0.01422280037180796 -0.18814098186454345 0.43474253695489734 -0.0854759013989387 0.1657158304242542
0.06951277126816878 0.1614688328888478 0.013297197060699815 -0.4226787205219552 -0.26484554447713327 0.195625055146634 -0.3984346695656272 0.0161916398605126 0.2197647527336742 -0.004371124998551149 0.1203976315557184 -0.03591311699031853 0.2234834153255585 -0.28320633580780685 -0.13265964182909806 -0.005424274872752731 0.1926595290775399 -0.17323995138417322 0.48163510391777653 0.03877623526965147 0.10174274511566253
0.16548822045440928 0.1349886097156957 0.06142248193678309 -0.47342387192950386 -0.13964224552985308 0.18218871668774364 0.13925749446488217 -0.017112346876029458 0.2055164045942782 -0.11723597615410905 0.0194996901055559 -0.07539435784821388 0.3344825951019354 -0.16221926517513352 -0.1369617358756828 -0.18628413203612432 0.061140194697113265 -0.07061619113681357 0.6168329189171364 0.04604343617941958 0.0953060861908285
0.2424974661657124 0.1468874280890014 -0.03202789356527809 -0.4625175065016987 -0.21043207446871037 0.15490352779972907 0.06288556965545475 0.030801501235242047 0.11875109734088109 -0.02588931159914527 0.07182241764628726 -0.09998316440823458 0.35822037974540155 -0.21175497101769888 -0.11945849113341978 0.11031142487470513 0.13657482866891482 -0.052093834774524166 0.6126518997760977 0.051941637203033554 0.050555778411036215
0.02189056125814927 0.07272637998955687 0.07997255143182692 -0.5050325558653949 -0.23045316021244466 0.22869846211184672 0.0690733889626866 -0.08836960206067822 0.028875856906893732 -0.14557812949179547 0.050167574064511375 -0.08609175966541983 0.47137049907150225 -0.3024913180068983 -0.1435183418972079 -0.023970173641589862 0.17118895398301182 -0.04741921157257279 0.46217873022091843 0.005712096561482162 0.05264562597058605
-0.04080787692939398 0.09140274093750757 0.015853396307853426 -0.6130793800911287 -0.12685390705347457 0.11241868645044305 -0.07648808898584401 -0.10484904788457663 0.19088647396849354 -0.21951650632678754 0.058407992514455165 -0.010884289629683016 0.35982143781539955 -0.2025159791738311 -0.10249085827600019 -0.17520512349038414 0.059945493955915245 -0.11811105583507286 0.4945185060017787 -0.0032047957070873065 0.07966155227782977
0.03517255521825987 0.2716753531864559 -0.030701403409746947 -0.47003222901142194 -0.2086879155389564 0.10840089028556897 -0.010148212867350985 -0.006394092084076018 0.0575219926222578 -0.2346756870314606 0.1019139404516399 -0.003921687679000989 0.2787850485181627 -0.2770194226740578 -0.052543520663269144 -0.25603188332880383 0.09744828102321955 -0.10452315188980471 0.5732495615460065 -0.014564055676038237 0.08265303410712352
0.033240891609756275 -0.016160684166341092 -0.2840111357076338 -0.4502555741864222 -0.03648047871200113 0.14120498863142114 -0.11871975969444859 0.21377037682506153 0.3253876364162258 0.01511916149555221 -0.15758444070340552 -0.06503530802631971 0.21145403099125398 -0.26708262769566543 -0.003077486474825622 -0.16232452006748452 0.007796378282088665 -0.049128475888114656 0.5886990841315415 0.012967301322810307 0.08600975069493057
0.026527188464799466 -0.05739688352197036 -0.1159616246167417 -0.4938571618752606 -0.19050551972090773 0.20297405933725698 -0.3477642328214831 0.2225932612866352 0.28171590823527315 -0.06368768136887298 0.005542661100446257 -0.10000904899461434 0.24793276177308787 -0.1427969112577405 -0.16508532917467258 -0.15064294954064528 0.18376547668424698 -0.13237906095366458 0.42898489659372846 0.08785606230254468 0.14959977090194598
-0.056532945147471335 0.07177512089737323 -0.2731739697078829 -0.4462453698381576 -0.08966828095612749 0.09892283398252025 -0.22350093353380207 0.3667052594498349 0.10289961896225476 -0.15790141405234873 0.058661465561960925 -0.16956662582419368 0.3332530946382877 0.0036951011213893826 -0.10839540287644582 -0.18028692389233983 0.0741259790332777 -0.1461911797264345 0.5012482143041 -0.0759683697743744 0.09335398888043138
0.0958085217406064 -0.0341934604626006 -0.22954222926545692 -0.4093364902478516 -0.018897844690033562 0.0787169430659314 -0.4016550029942102 0.13318207778349284 0.1837184887485901 -0.0044805434262075354 -0.0595416961971266 -0.0020858413390763956 0.31811721467147974 -0.28609327167662024 -0.056542713336524913 -0.10974369973861749 0.10128228721572782 0.01963151118678328 0.5804577440877748 -0.009567632219203039 0.022601126146675782
0.23353053937483095 -0.15511801125614447 -0.12583462443378096 -0.39382639065569114 0.05979816905858807 0.3919031714211999 0.07961116779102848 0.026642703406115433 0.07883605022024455 0.05633654558755662 -0.09130647824581367 -0.008424283678634589 0.19727741337244234 -0.44375186309126236 -0.15280679716970805 -0.11555949181133106 -0.10851559259689914 -0.04175337544458095 0.5287654791545433 0.002658673607432036 0.052942100220398164
0.035739414505019565 -0.3083465864500362 -0.1476901932913133 -0.3738497100001162 0.0850451798666004 0.23133624671357983 0.07476930817260129 -0.03566885982594933 0.03544126980379021 0.1946981986110323 -0.05554881409806299 0.008145832337034323 0.22070541760163032 -0.511833814221429 -0.15539789164825413 0.09212735465102001 -0.03612970493588169 0.05043452688467385 0.5336116618442417 0.014243526997535571 -0.005268028551480198
-0.14936009643862408 0.03852524698811065 -0.08418487548610516 -0.47354331330828037 -0.36108407356386873 0.20142417540976 -0.1502240894328363 0.10220000257515227 0.016921703769171136 -0.007590878099094369 -0.11321477258166732 -0.044665428553888116 0.36640797806954695 -0.19800313321740085 -0.10104518085288426 0.11792264610498118 0.012462658157339929 0.0670017698185275 0.567303597885979 -0.04119441800926325 -0.002023789645039271
-0.17749816594016787 -0.1396686001737896 0.009075566270325061 -0.38441647263080275 -0.39859798321180956 0.11086767991695456 -0.1284488515160511 0.009483217003630532 0.041312634259732854 0.022713285882162107 -0.10402751091348328 -0.05597840911296255 0.33042212253250464 -0.27151749971460415 -0.07951202369562485 0.03194967686232423 0.18182167436553676 0.10911111487704135 0.5990164857453473 0.0037978135422260576 -0.05609564346057679
0.039630665198314874 0.10452178609462136 -0.047969148993200046 -0.5183145230247308 -0.24164027942853897 0.19137434522409366 -0.20521536533947762 0.030596911402293422 -0.013014529307568022 0.25672404900517126 -0.21396654204631804 -0.0058812217037707976 0.16292871246357363 -0.2323770179719507 -0.028440969966414303 0.13576623361861923 0.11650146240560687 0.14949434264286496 0.5620288504195987 -0.10825936536983681 -0.05738627587679351
-0.28567143065700423 0.031532897750476886 -0.06432360426391902 -0.39740567917330283 -0.42829519716713177 0.12824614100826678 0.1644922671834135 -0.07909343626792131 0.15982907326573417 0.01363810834041706 0.05934363359937736 0.05651932004301123 0.14430133588956376 -0.08027413773209978 -0.0815077062024309 -0.3338312117514825 0.2702453082465935 -0.03906862844918913 0.5053612793600721 0.08435838474290556 0.08523562601009917
-0.2601735374171826 0.13960548390203809 -0.10152979124683041 -0.43767596996810687 -0.34765368011391384 0.3061838099032466 -0.021005719847230483 0.00037169317822464525 0.22313732628447208 0.08964074840790792 -0.08942517673362159 0.058010193088262094 0.13237358213025896 -0.12198628627762931 -0.17335800433253198 -0.3582154809249253 0.17918965020611294 -0.035278840195591535 0.4462149801580329 -0.012735815290228459 0.05755381390162027
-0.32015646789527774 0.20523137306841366 0.06450413885095273 -0.4147944962345029 -0.3670849517638354 0.16830681751873844 0.11041408020543672 -0.09275130002359194 0.038267738531313815 0.06527252925475464 0.014296426528178724 0.009931207158722886 0.20880431135483632 -0.24691907386906034 -0.06823119478383792 -0.27685849689850106 0.12177359218994056 -0.04882095587537869 0.5326883126451433 -0.005744105905719969 0.04886290176331553
-0.3067323366277548 0.1008571484857458 -0.08504016900326503 -0.4284186568138584 -0.3218965521471083 0.3372040187915669 0.18224715373514766 -0.08967832698470327 0.23264495726166348 0.02951891898061633 -0.028838323754762304 0.13867830609855675 0.009936631751675242 -0.1764426955487027 -0.2935475052125364 -0.3368039649571854 0.18730981794439053 -0.16528544429219771 0.22298715952043477 0.11901577260107254 0.11916424685398505
-0.12581994565458088 0.16997081344040438 -0.13271528528465612 -0.5044747239072322 -0.2963958338309186 0.311912656156566 -0.13818595326272035 0.015560655006487263 0.2348160087418062 0.0017240235705648012 -0.09412893714018278 0.02489252061965741 0.20488295858190417 -0.13541216215760443 -0.23262914328267112 -0.31195841854166056 0.14315424328188403 -0.09246849807992294 0.3666913059144751 0.08902203171283517 0.1757652074166647
-0.19990030153066543 0.08175215556628199 0.06076873766637002 -0.34094974897315405 -0.2939612755794562 0.34916045706402943 -0.0705781189149126 0.005744045226291033 -0.06340038306797227 -0.11166796876312639 0.01714993563099222 -0.018679445411494973 0.23745805281535912 -0.3916732457664121 -0.15987566650154603 -0.08844663412562873 0.021150892759297157 0.07576619451479526 0.5917212172637945 0.026225530284094536 -0.05250741520208267
0.06972856919442806 0.00471582408366296 0.15289440167081267 -0.3280911158685987 -0.461452090765865 0.24085975805345025 0.05675198291016468 0.06160969335663193 -0.03748847243562514 -0.11883703921288052 0.0698417690354971 -0.10203098984303487 0.39281106723670745 -0.25669119225723025 -0.10698384026815017 0.07171263452270618 0.06312115691197304 0.05078428940231442 0.5534158957737563 -0.01484411567381885 -0.07402308086567938
-0.10152138683994144 -0.14521819424920657 -0.046190840094419504 -0.37875611572953927 -0.46356943089774166 0.24998063983091912 0.015516931798750001 -0.015982064424873956 -0.09350627940569073 -0.13400804350709106 0.04000727795655196 -0.0019345955213719913 0.1318251148611342 -0.3605549481773527 -0.19151153695638093 -0.08911703987630488 -0.1637164792406573 0.012825468242620125 0.5450892661922936 0.02596064209638408 -0.008134044327234973
-0.12502557261944783 -0.05425393450995503 0.1283733173015175 -0.2381723820639212 -0.260605390338637 0.3156824585796703 -0.10668142591439696 -0.05352825659636805 0.1473114638501257 -0.07442909372781553 0.017596606944160712 -0.044401010122507495 0.33762856018751486 -0.316908375326819 -0.18574852345198964 -0.26274624210987557 0.1982261361842627 -0.07890473366299298 0.5696718024854853 0.004108826427782336 0.09410963905572797
-0.04263828305913956 0.008395434804647982 0.19762538981916933 -0.23773738862290283 -0.30808761240708954 0.23551533293749005 -0.04713778185597801 -0.07350617539871025 -0.04625065154468727 -0.08394030609864712 -0.048459205637541705 -0.0938039229861435 0.2887317233342325 -0.2863885358897385 -0.10192824428897372 0.011275710866281817 -0.028737532652496515 0.026664438994535543 0.736028890774829 0.008731347711225702 -0.07029206550963708
-0.205194644004644 0.01340307538884618 0.07876788095723516 -0.38640217467599564 -0.37719447681640134 0.31691948780601525 -0.039005180752632214 -0.023884807845240122 0.18714777714740025 -0.15428352931861872 0.05483347824864765 -0.04788929674860329 0.24250841177310056 -0.27320999929941153 -0.14285256194799664 -0.011257926435507356 0.07346565563333109 -0.05728150230755204 0.5719466774379709 0.015082779980321202 0.05704985288705158
0.050597084148239733 -0.06325334226101273 0.1349583532890443 -0.25210924024323234 -0.35729591366224134 0.1558768508773924 -0.06601336989326607 -0.05423376867617965 -0.08691477622077018 -0.012677641448403356 0.07513925461406736 -0.10079195238600941 0.41412906894069007 -0.3477396907825481 -0.05475591512041083 -0.10163765181621986 0.04581549977208884 -0.07266607023160152 0.6427470573397567 0.009926402919832033 0.050332260655091096
0.007048366131303228 0.09937460685198758 -0.011931970113529684 -0.5554005843352945 -0.16034464960740216 0.11996201664545705 -0.06169178250778835 0.023507227438241324 0.14572555040406032 -0.18217516857593832 0.1996489435747674 -0.06638619262826534 0.378744242887566 -0.2879001960977678 -0.04211993855984075 -0.16164270404817813 0.04608929195686687 -0.2433953393615483 0.45633098559479945 -0.03649565623897052 0.11463385642274035
0.10569156309684846 0.24489334985729536 0.013871932729023966 -0.4776564673240159 -0.07716603796903077 0.22616485911160614 -0.09266153870694994 0.06728589956437306 0.21225029986881394 -0.19745165285713184 0.1201134690045506 -0.05684603702531532 0.2589860447230061 -0.2514718566739709 -0.09906739453412947 0.004511906180723661 0.03474963213035501 -0.1628549110495997 0.5787902818033376 -0.001214220685430614 0.16036881687368038
-0.10778262969285546 0.30684329404425487 0.026668195857889012 -0.4248938619466324 -0.222802528659792 0.10745224476041608 -0.11528081121055982 0.0016054900391288798 0.17820012816130612 -0.14682615933138096 0.08071582400576169 -0.08564753113679935 0.39440155576079516 -0.16138597064919574 -0.07185938602583204 -0.12120636881310051 0.02370887749256058 -0.14241253458804667 0.5656500877019838 -0.053858671008901376 0.16181524281826895
0.19956763379745604 -0.02687061845337264 -0.21236163421893267 -0.4460314238990209 -0.008960666884290258 0.16746593315489347 0.2327792771742213 -0.018303734023166266 0.02922858044617222 -0.018418608484045265 -0.09747839127885456 0.023652797398039428 0.2620793067460158 -0.3663056287538456 -0.1355428331582906 -0.18233755141750826 0.046243065818898116 0.07760480154283839 0.5976513438370168 -0.017927070110804876 0.03679922739041444
0.259573799214459 -0.013958875587654448 -0.01095567531733772 -0.4959662213861657 -0.06538884283630421 0.23129569309824685 0.07009370655397772 -0.033502700550251716 -0.04482340528284181 0.04586758929487828 0.04581921932186242 -0.03724499462827805 0.34374861444935795 -0.30232117977475287 -0.11039034386486853 -0.11664064153213649 -0.09263033609715968 -0.006838264839420154 0.6081305320815207 0.03301589501213947 -0.004831632280118037
0.23209249233944565 0.016986144018848147 -0.032481270948247536 -0.5162911392115287 -0.1310842343248063 0.28101909167809225 0.2041343019983484 -0.022506033191311087 0.014362521050999208 0.14352139117600538 0.04936152684848865 -0.008946119097806474 0.26412723781831826 -0.3954867633017049 -0.11245115252152069 -0.1358492504586516 -0.15778100257065772 -0.033612877820873084 0.47957956178704775 -0.04824599711641685 0.03094196727510066
0.05237665509384131 -0.2569134778215771 -0.1569432750308849 -0.4856482337812262 0.14106454034063354 0.26092985828142284 0.10689963326425464 -0.04433773699799403 -0.09351892104441986 -0.05579069261510278 0.15757534875113233 -0.03619364862546336 0.2606001514273657 -0.3983178079337875 -0.07037000643769724 -0.09185761988897688 0.18137110950769442 -0.04854732020403767 0.5057668256519642 0.01277381534320773 0.014716675001863364
0.14451285261605967 -0.10262452890731855 -0.1454570076226436 -0.4932557477683189 -0.008877099204191158 0.16414858367259588 0.037420690191504846 0.16391087955724482 0.053502890879526775 -0.07973218048426825 0.0812291454125551 -0.03853457686143399 0.35308196088910976 -0.3909038163886664 -0.09390364903981013 0.042172445421717476 0.17827123117194493 -0.05476486004664659 0.5549078353755793 0.015663863649340908 0.022689112578267816
0.08916634653973933 -0.3316650796134524 -0.02688126748941621 -0.49485425255391435 0.02605334481351517 0.18955330420234748 0.08182661685378276 0.059020780845878966 -0.03876300195534339 -0.021161825768318376 -0.033499085390096786 -0.05282141573675516 0.3473466782715694 -0.3970958496643352 -0.12843826300119557 -0.03607903567270246 0.1773879215272378 0.03073159874249008 0.5044136393149552 0.016649540501953372 0.02322056591280233
0.011252573126787626 -0.08338192470394021 -0.09522670141840932 -0.4772006014513451 -0.05676171000978558 0.2288703303636106 -0.019857850656243438 0.017403333273363582 0.06790237190670834 -0.08558699889674821 -0.017091981777073096 -0.01923999450432044 0.249823155032808 -0.4229343951827827 -0.14447388461113567 0.07741302536259545 0.15180454926212159 0.024700258448971554 0.6266839352627631 -0.02726996277299907 -0.04417765222780392
-0.19794350304096117 -0.13289929166766612 0.0025132735488531868 -0.3957018613390876 -0.35109565987889724 0.36046498397342935 0.10999097744917458 0.09062328371020685 0.23021128467588886 0.0011030791133124413 -0.06344873478965198 -0.08023625150786683 0.3747190148901078 -0.18816394074149304 -0.22433447910281112 -0.25248977001593714 0.04313710748877679 -0.040955385442231595 0.39354007690870396 0.03491048288500252 0.008143548431024323
-0.13584873016393822 0.058066770117606574 -0.07326998793144711 -0.45148450694215125 -0.38832086106887315 0.2006953419881344 0.08598182646890663 0.22655845432751232 0.33739732289407354 -0.046206023682611806 -0.04678804017212902 -0.10441233933530665 0.26197383076287734 0.013083081364200135 -0.09841089078154887 -0.3002946980662996 0.033023138293929014 -0.11475770155782072 0.41859679260680344 0.018742055764356308 0.17779998230009125
-0.10954096946763406 0.035798701414643065 -0.10183189791049241 -0.4125589253493797 -0.3435323047850756 0.32443263505621717 0.27933849248406034 0.13501277118114108 0.21577032554028797 -0.032071380573096074 -0.04453280587843876 -0.04736237220886271 0.21892651224057366 -0.002953009075790468 -0.20035821440804055 -0.24712023992005835 0.012598552584227804 -0.2030084208643008 0.4328809696444629 0.03614882701215815 0.2357758569458074
-0.2290102519294436 -0.01820666683433931 -0.08687627653665575 -0.5075524060722169 -0.37043767760945717 0.17554308524745268 0.07791202393237097 0.16223676645076615 0.32083878081477113 -0.06687906078103698 0.09919611907050764 -0.107924925365576 0.2542078606885138 -0.11304112783038367 -0.11148636148196742 -0.22919169790371943 0.12793990305570033 -0.12718995636947467 0.41903356816355675 -0.03254596531489628 0.03442596584878346
-0.2434592148833864 -0.07016068452690799 -0.063070669635991 -0.49687946248478765 -0.34457484493078444 0.3213854097382767 0.1753404021977561 -0.02868161552629003 0.05718317046205169 -0.07356245619671559 0.1423034567870763 0.001034704336558574 0.38194798576406747 -0.16820186021575087 -0.05750188186755372 -0.25487132884586944 -0.03398701362176897 -0.14910758093954704 0.34747764683297067 -0.09734034484366777 0.07982450829615834
-0.14405288988009632 -0.09012757567572334 -0.02681668870947053 -0.5664720655953486 -0.4152782595182566 0.3537045158372075 0.02465980514308215 0.08909655970156549 0.14198619352722397 -0.11534828427487814 -0.02531481293294637 -0.03736688499070684 0.2478436378680592 -0.09088061039980971 -0.11249490858588022 -0.22343042970370408 0.048130729790770946 -0.04192586694083093 0.40704155985489215 -0.031103180919681114 0.07012701914429204
-0.17123829387849254 -0.021408953050565466 -0.06920550129078919 -0.46384196285994184 -0.44538366617552344 0.31156071057814416 -0.08195747636525239 0.024507039902382965 0.2500916791983031 0.07597668814696275 -0.03351062460992053 0.008815092211494378 0.2297240183427497 -0.06881781118373088 -0.19915202163595702 -0.29740873864913114 0.02141191124614564 -0.07205621208230815 0.42233073099754553 0.009742688421434453 0.09097152247386806
-0.14702686846039492 -0.09253776591617975 0.05827826546831403 -0.15681255584175324 -0.46979984750762854 0.3985552910544679 0.02762854990808084 -0.08490400811899271 0.14311105938213864 0.024535808695652597 -0.13661051614038489 0.03362821614417768 0.30212666532583193 -0.25256245084142 -0.1505621868109686 -0.32266588101310506 0.024855290941933676 -0.12355842481697757 0.4366204258247677 -0.041190948292585704 0.15283290193556898
-0.11512709071732109 -0.11784522922403379 -0.04228236448267907 -0.38447289684749797 -0.39533881107047736 0.43297770805354274 0.010610790736370853 0.023294826677394083 0.25502572867985324 0.012739733793645234 -0.03548061545898883 -0.0036543320149167056 0.13334757256426202 -0.06807150494654078 -0.23531745786134603 -0.1502890208479052 0.03813727279190371 -0.11300749377753527 0.51908028455552 -0.10535053151947892 0.13121000581596487
0.1438385554629139 0.17590196220431698 -0.0708255536753911 -0.3600047271370895 -0.0824573249253408 0.21268519411641468 0.09691219792128564 -0.06738183201652749 0.05782528598559119 0.01264768813508182 0.020873053988376963 -0.011587422237376487 0.2746028643633056 -0.40564406078212467 -0.16586057219058495 -0.17125236241783218 -0.013802670293560403 -0.09969207086337577 0.6504090100644611 -0.03758782258171972 0.11110559518756614
0.2205463461497324 0.007928786731048024 -0.02067101670090121 -0.32928837090658064 -0.1428006941552373 0.3120324575887142 0.2284469558186504 -0.09998170673957522 0.19784840021142186 -0.030936481697496045 -0.060797627077362304 0.009025392614416287 0.20953131495720304 -0.21358911255559968 -0.2340836637947102 -0.3125880434301099 0.20864593463966283 -0.10164900762731749 0.48824242358323605 0.0596543193171246 0.28422479557518954
0.13827652736201082 -0.05769453334721195 -0.04595809758615045 -0.40592161731000104 0.039215007259156505 0.2698848258064908 0.10856062942804712 0.03504811417562448 0.20166906144894714 -0.2343186358998135 0.06845405882796861 0.015139533062154821 0.17723533807836753 -0.15760950927324904 -0.20919642192405374 -0.3490844688622636 0.28823579420021894 -0.11543696332095454 0.5092304809019612 0.11785415648762532 0.17691563168467334
0.24353866256679643 0.14899097475157994 -0.012869213560015918 -0.40451087750601666 -0.08149504580626055 0.36957078701603274 0.03147773891477878 -0.0793403086276969 0.1758907737307739 -0.17378791849894454 0.09702289584145554 0.02884730553935398 0.24850440389635528 -0.3843909139283229 -0.2688266482905821 -0.22991035937193452 0.1698431984582486 -0.13674633183831295 0.38233906002845613 0.03726378907934847 0.055185277387639044
0.04075300177806385 0.11980960094625201 -0.043345069603875935 -0.36347753123433724 -0.11513382720414844 0.3149888302218696 0.0872845422280706 -0.05554548183956351 0.23589629724491742 -0.05532240976887212 0.0060497293005275605 0.046434598948375316 0.18893665560608766 -0.25108510341068446 -0.23729589662431175 -0.3638536176717938 0.188125038886683 -0.22267157406277835 0.4806057978190003 0.024135548388727956 0.24886619043273217
0.06588639825655797 -0.020612381227961586 -0.16035480831528606 -0.3144148992605597 0.14779603384023568 0.32304737599736355 0.1868398049219093 -0.0728745680781206 0.11837213897621239 -0.04643183016401097 0.14551814577220715 0.03926464463623328 0.11003556206984286 -0.37841659168883257 -0.21643417574962112 -0.2615360853932562 0.1519052637238035 -0.24271107411762075 0.5061745492416659 0.11189353855060277 0.2099689891449918
0.16632084272712153 0.003029847663854063 -0.08468931521886222 -0.38696935812906536 -0.02514934056904621 0.39957620541243954 -0.06775334222186839 -0.04005785379002649 0.23042362354559978 -0.027675897429142005 -0.03682270076736328 0.04054565763748714 0.10388962400257537 -0.3380604502278767 -0.22422404181315975 -0.2445374036098475 0.18650367446745114 -0.23545498180197524 0.42654637852995764 0.011194877963026149 0.2908922437570281
0.11157956940749 -0.028773405221573074 -0.2469367923585051 -0.36752366881576515 0.08367340859665703 0.31993068206485586 0.09232470463397463 -0.04223122588909745 0.1599896698238735 -0.021755813994803443 -0.03894864057592996 0.14509140525662237 0.0337209594507754 -0.30828725481018365 -0.1995294234017952 -0.4323936643073522 0.1502068868637336 -0.10668026713473165 0.4525415208961494 0.05977731280458557 0.2389635618874739
0.006467039318645072 -0.11339169177412653 -0.0865222430799063 -0.4328844413574119 -0.09070750824153995 0.2652101042185737 0.15351912141620275 0.038420201394490414 0.2784106654453112 -0.18582186753277843 0.07916575273272276 -2.7618203255452307e-05 0.09082679379949912 -0.25321367160899383 -0.27921571912662446 -0.18016880840436234 0.21475479041226897 -0.2114542243302947 0.4887422019914473 0.1319289337341841 0.20102715605929425
0.11398522098616289 0.05171181776636733 0.007950628612705705 -0.5009491606823183 -0.04479907096901679 0.22907767295891707 -0.38424735346868966 -0.01888073598099976 0.03458601612191007 -0.15510599651207704 0.18996987634618545 -0.0014495185756976804 0.27906616141763824 -0.21419569441396882 -0.04278717027078375 -0.16074890236823292 -0.2347014979117052 -0.09575238112069105 0.4943453350896234 -0.05369784487123128 0.08091024467932562
0.08294100938727358 -0.020246596466040205 -0.10910879302396012 -0.4588934399307106 -0.12146574717198184 0.17045438799847945 -0.3394807016862275 0.0038574950226564564 0.10915673017895358 -0.16058562875142757 -0.0005439154498881512 0.045527844468582435 0.30716645083834715 -0.3038516742224004 -0.0825471971421346 -0.31517879393571335 -0.027708929077953765 -0.14837258578543752 0.48546801170615544 -0.027482484748500655 0.13903528370303958
0.06430976141221997 0.10484375493988547 0.05842364680463869 -0.37042936963091105 -0.14886461439441448 0.28906283540680405 -0.38645405230511043 0.023309318412593018 -0.015623419237485942 -0.01847730214094434 0.15599324864191955 -0.031357626705460724 0.4278952113394996 -0.35162430464938743 -0.17089223187342825 -0.23127254885314932 -0.07274105291696023 -0.06930518714293596 0.396072240196026 -0.0717068161805721 0.034574309656921834
0.04575702874471522 -0.1605491943292615 -1.44332881385992e-05 -0.21659603473608927 0.007942460533924561 0.27900062661692204 -0.26525989401089567 -0.059538482394297425 0.06956815079440995 0.06632458898089874 -0.0241283679789757 0.08207565296000383 0.27855245121683564 -0.3550764720372514 -0.13973911081284382 -0.38299369384185483 -0.13920999791261301 -0.20513228892458235 0.46996691358447606 -0.07389583760541829 0.31492369227705724
0.24441071989285748 0.020793432964188303 -0.1210393513700022 -0.3984465109001657 -0.027643744278139315 0.38885611778608115 0.1835289758472131 -0.07819337057818188 0.08878697629030247 -0.0004598695849607031 0.09114815229085702 0.03650599940711532 0.1794907420066047 -0.3608240163448204 -0.22684338632399556 -0.236624637930888 0.027659540860293496 -0.14486256505877418 0.45932915154483944 -0.04985206099010269 0.22813982614521316
0.1283768816179968 0.01675125324010761 -0.05329742962937276 -0.38356889379434816 -0.0008392921685770159 0.3316969244971035 0.13788845690373666 -0.043757270764033525 0.251449526281559 -0.13269187158173554 -0.02045128783015498 0.04797973456704626 0.12133338907618713 -0.2923663425102549 -0.2723995434900909 -0.29976782939919655 0.20678612966547552 -0.18917097768425134 0.44965466942156046 0.022648690979946845 0.27065973727409404
0.22419531031010834 -0.03219399909145245 -0.20060327700261146 -0.44175920183937184 0.04314864044213055 0.2744235649806216 0.014464145775852196 0.0874788418143492 0.22739171060528368 -0.050073939536325995 -0.0387238113089231 -0.027002118660465566 0.23280529901270056 -0.3335688575787631 -0.1721269271295065 -0.15379069817799426 0.08223760083059833 -0.20093745938402674 0.4690865868570962 0.0158884689561847 0.2926652427543981
0.2809418186784358 -0.06652584459341865 -0.05200725859192727 -0.22510457977151685 -0.08743185440082575 0.3301214500934432 0.11054752453085684 0.03738242828176322 0.08941229954405232 -0.0829915797218279 0.11882972316503189 -0.006966580171061969 0.13299942353906058 -0.33979981940717097 -0.36782865270798404 -0.13174504644159837 0.11879729999381781 -0.22934846971866613 0.5566516618169429 0.14153956762278974 0.14683255727875327
0.1924547282510663 0.0008694453181303862 -0.08115896714744733 -0.407012361114938 0.027341452652590303 0.2669554515212741 0.190988545648785 -0.12072173384274798 0.05360973652930251 -0.07540084607561758 -0.07711737628665852 0.037440358672544416 0.27324621631483753 -0.43299961455405145 -0.1870492749740074 -0.25745462835004385 -0.13559711742301622 -0.170609745380815 0.41180816335941145 -0.1009393094438662 0.24708670808426184
0.24123375523848492 -0.15721928067445787 -0.08248799378666599 -0.35949759231853745 -0.47560613155793174 0.08062423013365785 -0.01937440468780368 -0.041057540832791756 0.03753750686571053 -0.16926067070968925 0.05448230633495954 0.13572709139494218 0.24770131471229917 0.1527753402587285 -0.10591852674602845 -0.44068863672130226 0.05283820148345295 -0.20466619864246646 0.3629833429844443 0.018567367973916393 0.16712688395820993
0.355171763825389 -0.13265257703090375 -0.04310921610373972 -0.4379129286419055 -0.3404910903187686 0.12873021004398646 -0.03982267085954029 -0.022669689004676547 0.07520764995990832 -0.30921604177906553 0.02783614328504054 0.0934213132903207 0.2761799798923859 -0.032597579080355585 -0.14683564692357187 -0.4245016028255701 0.062168705409724224 -0.13875938091456336 0.3067299247373791 0.012812546300120478 0.14416933761635922
0.3063699938352503 -0.2023874641100588 -0.012638118277953666 -0.3941717839874236 -0.21613193972304912 0.11553717589252069 0.028903238066269973 -0.12092384374848297 0.18909180472724768 -0.1628036013206282 0.08882112987206323 0.035443395538604545 0.3367511202921952 -0.04550697081553427 -0.13718506323263677 -0.33727208371297146 0.023007275819433588 -0.193525051936578 0.48021943419245106 -0.054616122067444824 0.20760620919460956
0.2211349598487317 -0.025941806051262794 -0.03787433042055366 -0.41743463419238147 -0.35348951045990806 0.20562182249552016 0.24519140159692404 0.11526307267278117 0.13920567598703573 -0.2652262124920449 0.042117243684549166 -0.06506696335947343 0.3284057492271856 -0.05096180163498504 -0.14668056939659999 -0.3594507804518173 0.1622617561825984 -0.1163796026006406 0.3198363622834915 0.02929728634032501 0.18486670038869804
0.34504575160749823 -0.11389031112442245 -0.05157610217475367 -0.5055938104401095 -0.24093980452476593 0.10619445648862294 -0.13863292691342705 0.06391492089810172 0.19466767840865803 -0.2778069563381928 0.03034145390824563 -0.009415791697491654 0.33522884532216013 -0.0725383417201287 -0.10147832211429844 -0.33751329382851364 0.07982672130161805 -0.10053941863470117 0.35535405517080915 -0.002749075758267714 0.12788470260054668
0.23202621694903808 -0.07431593477586364 -0.04290161285545111 -0.3648913671449633 -0.49564642005702525 0.10593547241228093 0.07278329015542814 0.11825358737941356 0.06236981344209124 -0.25187521022089654 0.006936553149098688 -0.058456900226288154 0.40815522448141667 -0.017748630143912498 -0.09190733648040034 -0.30345722135107367 -0.01720563906180284 -0.07057937662335603 0.406079438242751 -0.031920771844974584 0.14160998835573183
0.2660870236899096 -0.03992773538499017 -0.029011158165801035 -0.36175241587958934 -0.3112227338985078 0.16628377928950025 -0.01670920544778344 0.08982598880058379 0.12119829242860777 -0.3362453890396095 0.13017347634710077 0.05318414072348199 0.17719636846416123 0.03310129891927063 -0.019698939735860746 -0.45010903738013425 0.10389546159866028 -0.1678210801468019 0.44074441849123497 -0.10339766004426387 0.19007947087788585
0.28554553255710424 -0.037478216626951597 -0.09166537419729998 -0.384850656002373 -0.3177145061931336 0.1283735312093736 -0.06495982178590254 0.06488539648026295 0.0451711020806844 -0.13961595413676087 0.022065523004824145 -0.0256089390814231 0.3219238413704047 -0.07440432054850901 -0.10662911467292008 -0.2865080020816915 -0.037784886891099594 -0.18842080485956392 0.5006242629062209 -0.09483705831108757 0.335920032251428
0.3043109115115909 -0.03735654461046833 0.05506040657006111 -0.36091768288611087 -0.4858799335296874 0.04010400033744195 -0.019079003666245337 -0.10650088899181687 0.2220172217648107 -0.20821806149558947 0.08738866691973021 0.04347465692981333 0.2286210642210031 0.022203433346118732 -0.03460766738315195 -0.3131167572323559 -0.060491386046400045 -0.22051299915941594 0.41393273935691877 0.014872920489574898 0.2128185365945681
0.210533309075305 -0.1570725594166976 -0.010277425269475761 -0.41401238885486114 -0.24813365932401307 0.10829198935484281 -0.04833424306297418 -0.17589633048451073 0.13107007030952525 -0.22269415046064284 0.09402636173781517 0.033114479875178404 0.3069003483255684 -0.05733204895291546 -0.09797155543981304 -0.3704209968915423 0.1412479941997506 -0.13448838168691665 0.5095315245409676 0.030881349014388 0.1825108563065768
0.17736094009909584 -0.040813414924161996 -0.02206777817948344 -0.35658577109140654 -0.43317780742907713 0.07581965163837404 -0.10295850518356049 -0.03610578767417198 0.09450997950308933 -0.27848142028035705 0.0802023387440526 0.010473790218433228 0.3174596147887635 0.017952437815410123 -0.031092783885791606 -0.3592125143783098 0.07112544610136438 -0.12303841545130256 0.4490084593361309 -0.018980418122754843 0.2960501200419038
0.27484768784336355 -0.18189152558394858 -0.05244241941472183 -0.3632182197440306 -0.38643176045920596 0.16183567748383293 0.10563439838744605 -0.11256281501800793 0.05979517225259269 -0.19784328800962037 0.012447818875986427 0.12127434486137394 0.23596617505227158 0.027287981207291253 -0.06747774993193854 -0.4432157578339736 -0.09233232655937641 -0.0955812042518413 0.42883607954201647 -0.12547954348281773 0.15824898357805797
0.39324005988877553 -0.013121851892606168 -0.07626481216239674 -0.3962819743681186 -0.31376893598536715 0.07168931544372743 -0.03687380917776119 -0.028334485851201553 0.06361927503378256 -0.24872047127254526 0.05461487819130688 0.15216354788596156 0.32730447576816946 0.1001566621149156 -0.05477315074629576 -0.4848111073252335 0.006497194134782453 -0.11348363565218085 0.2253685893980073 -0.06606602562069656 0.24750303776713242
0.08427035773087531 -0.19313377086075917 -0.03481230852767019 -0.3796724686634366 -0.4317043148425399 0.11348749666219102 -0.2656465161689831 0.18097849305552524 0.0787377659469328 -0.08733064542815373 -0.010472014902016878 -0.0774550727479506 0.3219330324519337 -0.05713923929835771 -0.08198494823260498 -0.1956273922762936 -0.13514714439597758 -0.05238533404404756 0.516667459069571 -0.08817002232590145 0.20026148420786355
0.12034163833223441 -0.10329064926752211 -0.0013813107298605032 -0.41764094947352615 -0.3239994924585784 0.20499930733682786 -0.3595647074833351 0.23802249100385622 0.15715145733163977 -0.10613523588453355 0.03185743251283702 -0.10785320027351733 0.2294825734677343 -0.08897077930567276 -0.11048560332015923 0.06201424965568858 -0.11006837595871137 -0.06960472147964987 0.5524333120027336 -0.03588558340625816 0.13715546125555936
-0.04044947455318076 -0.17456336571961617 -0.1240365073525719 -0.5953005658991655 -0.24925644913592274 0.1569792559975308 -0.33923930170245425 0.014411806339733078 0.12172547818862371 -0.1719130447300351 0.06613057189680324 -0.04479893135361672 0.16880417529184955 -0.10104148045563843 -0.07377621146253839 0.014688269719805728 -0.1607980193740384 -0.10926623104194777 0.47362599084527346 -0.10852705528777434 0.16447577999049384
-0.10336830285690175 -0.06993609910262899 -0.049514443413049086 -0.5552245792692739 -0.33976790778220156 0.26556597312861263 -0.278351615522578 0.017145415583835817 0.16474756886496753 -0.26737929340132055 0.04749695829862389 -0.07882452268466061 0.23928963311152143 -0.0200096177611729 -0.13860205292430727 -0.09735539247006995 -0.003959547756901522 -0.08587348951496844 0.4532090510365647 -0.012010138183585458 0.05977430272902822
-0.16741131225956143 -0.16613194314963184 0.030463133440553538 -0.3514024230945536 -0.5409241618361053 0.12263195515780889 -0.26164414106293177 0.06308704917980447 0.15559724264622612 -0.08413579464384408 0.07413517883680994 -0.05319285066390099 0.16778321464291396 -0.12601542753714864 -0.06052693321238333 -0.043841427439093715 0.12190777451128414 -0.11122655574539231 0.5610206422728229 -0.010746701046587119 0.09253522917192218
-0.023180082785464053 0.17353514313073887 -0.19956971849289937 -0.6125209990471092 -0.20763953732594634 0.13679828380693912 0.102920231737092 0.12038226002555816 0.10934961397440662 -0.15343639828239766 -0.014314441976851144 -0.036674427315828 0.3671525101024725 -0.24073369490347105 -0.1338485830194737 -0.12807287180966692 0.18069912340510214 -0.10642126271700424 0.3779544969156777 0.015869487245973653 0.1273770596066195
-0.10403342617035885 0.20369121833155282 -0.021636851709197578 -0.549382995739093 -0.07636032750220181 0.1154862772698286 -0.2267923378235024 0.04005823755655807 0.2758897161602151 -0.014359978670236789 0.031499474916795854 -0.07554098829171284 0.35113519947830696 -0.2650319099555189 -0.09166253240042667 -0.14147115050990333 -0.15251654631569894 -0.07515542786215963 0.48522029877246303 -0.02577609443321172 0.056594760397677885
0.09143421220982366 0.17278197604969756 0.029845752789851885 -0.4818642821323854 -0.15916481753234063 0.13496659507817108 0.047520941133883006 -0.04649068126117775 0.14555557072724898 -0.16186696567869097 0.06214844379693729 -0.06576334079841371 0.4296342186461516 -0.2856224824416983 -0.10186075704050497 -0.1455955207742726 0.17994335896086486 -0.05398413147282267 0.538784837150632 0.025302101932611388 0.03458264619591864
-0.05047875097386681 0.14978353143848352 0.07070448293865333 -0.5080668206353766 -0.12612172732661697 0.10020672196182573 -0.14312416088643126 -0.013514803883576714 0.2734619816903924 -0.1371010646049216 0.06927218780703967 -0.06532737026584906 0.39500066975030995 -0.2285323873973562 -0.10373735275604798 -0.12349860033930121 0.04957489673616806 -0.1295200436050668 0.5468702733593193 -0.02131157327586926 0.09800890304503286
0.0652181469549287 0.16968508787527634 0.04781314554270695 -0.44853682676918855 -0.18057799460485796 0.08946519538988906 0.2269664881650576 0.06931840995130815 0.2331689384809749 -0.15481864540601445 0.07139590949821836 -0.07903118800962426 0.3611365626364664 -0.21318468426753664 -0.048762383387703764 0.04511299475656685 0.21402059817616464 -0.10534540778119068 0.5772985390738308 -0.0005159698006203808 0.08009013255255254
-0.08395300460250928 0.14778282373041923 0.11761595103818173 -0.33947616482399645 -0.30656256551897937 0.1514144813863844 -0.06826820003561855 -0.09922726704635952 -0.03202208073275176 -0.21388594295247423 0.09114318116013129 0.022977309827140326 0.3140812631781394 -0.2965020449882942 -0.05014347718370005 -0.35414839371069784 -0.04021038506434586 -0.14230477272121508 0.5404044822994065 -0.020677914047588137 0.1618187135312273
0.0728595775580873 0.07474114142609889 0.04803400960043425 -0.3586097504122583 -0.28577027452129317 0.14271819356588972 -0.12577470666289817 0.09950003134226418 0.24238688407279688 -0.19181267815871228 0.04183097262249053 -0.13863384457026115 0.3463635001354424 -0.11414015590441084 -0.07865747812754943 -0.20235983078727657 0.17457427712730744 -0.1315782023133105 0.6021306444677365 0.01441772212107016 0.1524511267297848
-0.05141111345493515 0.03194788113094538 -0.019214061188143814 -0.39913103554620405 -0.45842823184034875 0.2519372933694229 -0.142234146981986 0.09163808986254605 0.07670888993220903 -0.30651047402206255 0.132774146059619 -0.0912083622398847 0.3516493335680739 -0.06787484594992144 -0.16475265337328254 -0.13910137085151414 0.15076709296902005 -0.14753748378397108 0.4039573738495467 0.06672490921263428 0.14742792068842414
-0.0419285707311647 0.08375806892214535 0.03300478296800988 -0.42391001904691844 -0.37800517112060605 0.22819000771579082 0.024800207650605928 -0.04349601422475061 0.08277412480997666 -0.19011453217254165 0.151346324197452 -0.0058821422741583956 0.24897308245976246 -0.22540865471720237 -0.10939357613340883 -0.21024375699482514 -0.011563844980240674 -0.11038650417894412 0.5992257504013802 0.031275371528346765 0.0755117005178183
-0.006785236242657944 0.20200347539507155 0.17179345924828607 -0.36315292155759527 -0.28017574617219554 0.22914393099709054 -0.12212586655064148 -0.05347054597672029 0.0022749820230745575 -0.2522712328505878 0.14552240918139855 -0.03474551553846012 0.41342552646937414 -0.32443925672081586 -0.13123547670537256 -0.2658797844679028 0.09902112218529348 -0.1538355774699572 0.3944679406281819 -0.00038424454871731405 0.09886531935800878
-0.1859240472081563 0.04100712731601313 0.06467743771249412 -0.3733413558954622 -0.30150194866390334 0.13418098579119697 -0.17535982882706777 0.048589686088601446 0.0393774985110222 -0.19663186923955014 0.056303731796070074 -0.059383207632058975 0.3832604181214669 -0.21386648482967277 -0.12087112182095706 -0.25411066466325866 0.0592725750919907 -0.11700785590110141 0.5613117292843152 -0.03351255260968168 0.16138487093311873
-0.038844345424777604 0.06093740808116824 0.08232327169454537 -0.36073810956701197 -0.2907593170888492 0.30441582565973 0.07223776286638697 -0.07846464165930697 0.18307995308008404 -0.14568185875777162 0.13187347056701032 0.03786833233086306 0.2730299117117539 -0.25335149151143305 -0.12715329513320212 -0.311530160051327 -0.07029911073110441 -0.19186853988969763 0.528557825401708 -0.08106339874651979 0.12675218175592234
-0.1102416236346443 0.06889892840775544 -0.036061564068282065 -0.3133245514475905 -0.43543383093757637 0.3104398035410014 -0.017461018652048268 0.09429622278720429 0.10399626801865862 -0.18629098112546746 0.18955600298559336 -0.033886467856506106 0.27845835153066045 -0.10221960986692022 -0.22692459725708947 -0.24009516452253005 0.07100202261132367 -0.23803027539414973 0.4445239165116101 0.06471302151034923 0.21269268778431963
-0.019748344721078018 0.12381998074628824 0.013968199333486683 -0.33679976611998663 -0.3994302725315401 0.1944850067603002 -0.15992480108957724 0.027140730147091036 0.12303596273969167 -0.24722295407648998 0.002670594042715133 0.03206099730228612 0.32359965395725493 -0.1663725095556615 -0.17676266696089638 -0.396268003712999 0.17165421195563893 -0.11648505872326662 0.42897062589423657 0.012149960221595008 0.14767717408461367
-0.09865563171817238 0.04827129288121815 0.12430010647032243 -0.45290445187793693 -0.35352132055612084 0.12871578919513843 -0.058407018795819686 -0.07593489498905658 0.2176674698846574 -0.22317633737831125 0.03798149315727953 -0.03987033829925739 0.39906190654277335 -0.17752110602011123 -0.08781734183278488 -0.1409442124829527 0.028660847053050234 -0.1891035613130568 0.4667807818888375 -0.04401994518940351 0.20415048479336687
0.08240016998112484 0.3103476541679806 0.1548771196160905 -0.2302366945097123 -0.23230889306927036 0.14333567843279976 -0.07831456408542671 -0.03674373105506731 0.04132848978641555 -0.28347296113341897 0.15617843532378134 -0.07091472651908495 0.45045756155220973 -0.26440639047982106 -0.09110711067261283 -0.2370322910479048 0.008501106671168239 -0.18192859577555948 0.487374205711905 -0.045747163992052656 0.12772251910902674
0.2141489038680579 0.2663230334736145 -0.026924922306516903 -0.28760518840059446 -0.2429059460047954 0.2057131380641229 0.0668587481072427 0.16294084005183215 0.1366133517122361 -0.22584934499142442 0.07791482454751922 -0.1470047960829054 0.3497096691648929 -0.0669380984578142 -0.16730024839261412 -0.20020015514479786 0.3118175235043056 -0.10499833104387711 0.5053677123127231 0.06774695859789764 0.08360200770351929
0.0859702143588127 0.12188746101909154 0.025064719983797595 -0.30227098519586293 -0.38172141481397803 0.17836306830084625 -0.12194460245220952 -0.012760969566918287 0.09073861720596042 -0.2724749983824297 0.05645047194507885 -0.015651496165698057 0.32628411965857973 -0.14046048642449488 -0.1470520810257552 -0.388531320746382 0.11188321629570812 -0.15363669508723632 0.45390305068709663 -0.040919902370645744 0.25435211834087534
0.0658365821859217 0.07590599821086477 -0.20560440540364547 -0.5902250019193123 -0.19263840859558354 0.25940963499322706 -0.1268298762344582 0.116484921596997 -0.01374342882789885 -0.14956105101214534 0.18671458969354288 -0.022656329315233953 0.22680336394292527 0.09773723989690387 0.06024442253895616 -0.06326808486326665 -0.3876551784704719 0.005413875398355659 0.278498207316077 -0.30268290999171876 0.13844123245542034
-0.1434149687782868 -0.07713035328892379 -0.26473706121748913 -0.45959617382269463 -0.1725088042590682 0.19733688019889872 -0.11515369121218998 0.10562865008780054 0.02438493921642958 -0.19248328675894538 0.18017365004579222 0.016002255724347204 0.1993728972180056 -0.006052915425967569 -0.05297673962732027 -0.22026472788822266 -0.2841889848076853 -0.11753233905672265 0.5441574164696356 -0.1749219523079554 0.1276528063602465
-0.05692795828243412 0.24713175965268894 -0.01924755682784723 -0.3277771179495219 -0.07467246750971751 0.19510688221174516 -0.542822559346378 -0.1169625665034672 0.07566247879265094 0.03433963046594104 0.0744146782310608 0.03490205919685911 0.24965993361377933 -0.2623865098261445 -0.08895278700715648 -0.29216053550684457 -0.028923118449955522 -0.057100719642591544 0.47994424306352057 -0.04485103093901053 0.03654529323137705
0.06415146820489433 -0.2386780314835857 -0.17559073164885378 -0.4286670385456227 -0.21338266772311296 0.17824688513206083 0.13199815440172213 0.0997910689400089 0.13839510150853931 0.07696412538978126 0.04946081699519253 0.005611766743198862 0.2734545956723385 -0.19485950872790186 -0.12358977444782128 -0.2860994143532527 -0.09145519864956178 -0.13341825135048987 0.575735812620846 -0.05222283057273291 0.14782096207191509
0.33356074419183374 -0.17682174716003232 -0.20456080424446518 -0.4875230916922233 -0.05031812393692971 0.1640746700238881 -0.06104447648247859 0.09285241116650993 0.11849008872556382 0.1392274495785882 0.062217657713610784 -0.03027022287523678 0.27173083920772995 -0.3271629095274538 -0.1278306574072343 -0.16643106654329176 -0.039736130758915696 -0.043958221819214306 0.5152992997523455 0.044920196554369296 0.04426988430367642
0.10311612939620379 0.01436943837177347 -0.21538499959393131 -0.49146559883843793 -0.06101897798938085 0.13281012477832377 0.10183699063448011 -0.028127286928032954 0.11472668097842098 0.06861046118061638 -0.0034813555663257075 -0.017081936437693623 0.37082296220903643 -0.3005882486522211 -0.08751677966262125 -0.23260806713116347 -0.09902675566081155 -0.019848358394988826 0.5887533583927249 -0.05100766505530706 0.038379037634171054
-0.10221098948337609 -0.10632715165957937 -0.20360746560715384 -0.6307165954703444 -0.1767978762609596 0.2586043290503154 0.03592928880566995 -0.02981265703829749 0.002832131079706652 -0.027945785008305052 0.058285344463989745 -0.02243011175023103 0.3410119150735618 -0.20161445166939182 -0.0798858816104833 -0.21797030678734422 -0.10409891987861448 -0.05255940808301713 0.4337673863586821 -0.08739678911391215 0.11731840559039783
0.14930396247354172 -0.11796711608518416 -0.19216228237441127 -0.5124687016077771 -0.11459503836581873 0.11634359103056098 0.09063465289670164 0.19601838993532825 0.06102397009297806 -0.027130412598145064 0.07010040650307629 -0.06944723058695497 0.38169407235973246 -0.20642099124239943 -0.022272540624343577 -0.17266205864550374 -0.126791244530387 -0.11510251446152377 0.5412336279439547 -0.1161653883115037 0.14959215166449238
0.1574927075011857 -0.016333919205125842 -0.047904481177840755 -0.4699623857321562 -0.14770122123654347 0.19997101291009187 0.09942852381235903 -0.10642121042717363 -0.05921708728575623 0.018222005732905996 0.08571632180440512 -0.03210879790382014 0.24429501235089696 -0.296428880590563 -0.035408670625114096 -0.0885765424570118 -0.14293364184763074 -0.10404813878621265 0.6752196024276921 -0.04309469305041675 0.10417686739762742
0.1649768589712218 -0.23537375297903995 -0.015133396026357729 -0.4639867740801708 -0.2693292936577202 0.26578770136724544 0.026321400936192917 -0.02639047624341719 0.05053043855773938 0.11102284080791523 -0.05173710884122608 0.018323059929017914 0.1861387422309075 -0.3564091102306714 -0.11315939769948441 -0.2094242624125546 -0.053010279584064554 -0.08942339055822249 0.5457008960930132 0.040597337966126676 0.10403692756488918
0.19271866255707673 -0.2627078658572498 -0.19432443550310205 -0.5331486449281585 -0.15780063442294687 0.2265382910084626 0.06519445243835263 -0.005069618673972999 0.02517715478991851 -0.050167452482922203 -0.02508212214023903 0.022186406763758108 0.3137729542139862 -0.24182648010224142 -0.08259030728005451 -0.16035340994243594 -0.11910926540654927 -0.10281170884975588 0.4910669208096319 -0.06438798746079223 0.16597673623847317
0.22735855584631362 -0.21885069970614981 -0.16159415966165475 -0.6098978300283331 -0.05001510423908804 0.19092934749840776 0.250689555603379 -0.06537410721084873 0.09919376998026715 -0.02659788677986021 0.0664134324995131 0.04240464566789646 0.2701516468061065 -0.23057444309816974 -0.05115867665962513 -0.2352226032012372 0.0010700762760391983 -0.0800806152211454 0.41961899904362177 -0.020216207148011315 0.11179401121179498
0.20973750385329257 -0.11746444798503526 -0.11076126675363782 -0.5156553267366856 0.18945836152544093 0.08051340036782087 0.1985910964935548 -0.05581284316703554 -0.18789561593294582 0.16068634152636607 0.08112172587874115 -0.06837482194130781 0.35402704640934274 -0.22295307293652408 -0.07589871650859827 -0.2187499829604562 0.031032971013405478 -0.15053915577435914 0.35312837405387515 0.1260054117177055 0.33745404451318406
0.08998666902001785 0.14440101274158587 0.08525883330250901 -0.32705993752811796 -0.4646573501121565 0.11432693021782822 -0.14882373617431283 0.13425660879837123 0.1481778076470572 -0.11220116668987111 0.02339277644589763 -0.25205279454749824 0.4975893221144573 0.11141272073611581 -0.0877307763114486 -0.20547873246301218 -0.12737868519026171 -0.09806681704853401 0.37950834881323553 -0.022683733261576113 0.09343308471065201
0.04048376624997222 -0.12604013570747505 -0.05645545130232378 -0.4618432721651239 -0.5219064892099985 0.3795466137500433 -0.1677388368257786 0.04723685022394642 0.0533056024704698 0.15684845140024542 0.09885858310073262 -0.021534109252515324 0.2900591877774142 -0.11496338195489414 -0.08339415253185421 -0.12924956737217128 -0.21211932595421532 -0.08078992581512798 0.3011844551068197 -0.090925124355278 0.09993591412434238
0.17042329814735807 -0.06280438109409746 0.12353329280198769 -0.4258924034151744 -0.4844192332351181 0.2672759037886248 -0.35930999550319226 -0.08747464062600625 -0.014269052830484146 0.03701196079934105 -0.05474180205375483 0.05881170012069384 0.3365266070914891 -0.17599836059248264 -0.005806753265748849 -0.22766267538435306 -0.21994714529275977 -0.049158073030714323 0.22318298557341504 -0.12491160408793824 0.08477869052507038
0.019436086751834843 -0.07386291122828824 -0.13098980289896714 -0.4620793438533036 -0.23684296195747845 0.14786498092707318 -0.1793457437568731 -0.06987728651889354 0.008077771898194544 -0.26678596120111303 0.04656216499117562 -0.015123833254080567 0.2139433965496481 -0.21893350244774185 -0.15109243091486269 -0.25556737348784103 0.31114645048907874 -0.15734762105444583 0.5048376454034805 0.021649311200683 0.12688709267386794
0.06310957478838347 -0.06245653135879244 0.13561993869381334 -0.48884370624344925 -0.2831210319833214 0.04790005617192018 -0.2264902882594909 -0.16123825676585835 0.08856275366449995 -0.32621253118800836 -0.012380862504325787 -0.08489144695317978 0.42160524639570807 -0.18547001334596178 -0.12199900236278101 -0.1504580386854915 0.12607716701998284 -0.133707396848773 0.38985860907908204 0.030194788702869114 0.13055258620193333
-0.0008245435243578143 0.05763314112144573 0.06336560023709643 -0.4744169380259745 -0.377844247409698 0.18418210554649198 -0.3120188862868048 -0.023325072705655894 -0.12999420669794964 -0.1980018982296558 0.12827955782006464 -0.030238334983965928 0.24286120685648227 -0.3637198593228527 -0.06408950950862428 -0.05948238976187626 0.004761923325405008 -0.13530572232855248 0.4434327077282681 -0.007043476663225983 0.07481231649996242
0.2462513846929063 0.025743663564912957 0.08730843798573298 -0.28274055753535343 -0.2866654341567851 0.23458056217559128 -0.24063967516102328 0.022952766998102787 -0.05446379506825615 -0.10245008850049908 0.05605214664821902 -0.06035653447714196 0.33216641192756463 -0.21917854734329584 -0.13145125833236837 0.049109034727496836 -0.1043946548564135 -0.008482998101933995 0.6597776155713805 -0.005634731789356733 -0.1042722885797715
0.223997067695132 0.049777160302967326 0.1298848439603948 -0.3201829697922991 -0.21178465724966458 0.30697568832317307 -0.18253631066016543 -0.03270076855962996 -0.008696354167453816 -0.04428614078883746 0.0793756975663821 -0.07770718468173517 0.3636523882020796 -0.267067899801344 -0.2507762941033817 -0.020933752000688158 -0.18339909177394176 -0.10551601819552549 0.5648567666712564 0.032029407071739 0.09140943170335955
0.1153243241204719 0.007151200534737941 0.16894144848559464 -0.3310282130959671 -0.27812136137170346 0.13225222057286645 -0.20198420848253587 -0.13345924904254944 0.013510665246319487 0.0420869680607047 0.00011297103405525903 -0.09974253500289293 0.5266647679936096 -0.25408573954192654 -0.09877095066236267 -0.1310853341070472 -0.11059550345067864 0.00995595100958019 0.5490684687231334 0.015272703479023847 -0.016135923287990305
0.0800852972630272 -0.09669195423432002 0.02502836779267345 -0.31282934548179264 -0.2306723657928691 0.19949901833642295 -0.09829464887023337 -0.031257960693722796 -0.18439427911491554 -0.026398002453452148 0.16383415989464264 -0.06843486383966778 0.30565898671276803 -0.23564047444017866 -0.1048672007753873 0.09848880055693654 -0.07013055789245609 0.03302731946543528 0.7263848648815164 -0.005378369517286908 -0.11203931364722335
0.1361047782827027 0.07956902649769651 0.19253676950197857 -0.12452885903312733 -0.41647598671393876 0.03170164479879951 -0.2458529322863066 0.00016507166526718507 0.044564946321299544 -0.04265444264256326 0.03512581321445508 -0.16387409263491018 0.47576794416338297 -0.16643058260236168 -0.015054882262615211 -0.1871205068203481 -0.06760705228245252 0.011627704903224042 0.6010646574789024 0.0015665230596123647 -0.02212243587995557
0.10393863320745594 0.02929455784714009 0.12255482154553682 -0.22211891998728472 -0.2985449192118425 0.20580451375919134 -0.11886114643774441 -0.07079288041858818 -0.03335022875550484 -0.041426789515626554 0.030401424764724006 -0.08736649927489996 0.4154415121944173 -0.27807245765861827 -0.17459802635995555 -0.15946533512334315 -0.04732840754250976 -0.007019047715920963 0.6720168441946488 0.025483601400679585 -0.03996808257106412
0.10108454075019097 -0.1083864179649762 0.04798005225442546 -0.2832982361526449 -0.13887518202671914 0.10733124464880178 -0.12077037238617523 -0.06099781557676266 0.02785722374512325 -0.003802834414510702 0.04781805155907778 -0.07793126356636729 0.36774362149952405 -0.27138550643920145 -0.11056728905568346 -0.03968473024638516 -0.14907847275248562 -0.05156010138044894 0.7616480267406114 -0.07660625100899537 0.060555132904963865
-0.08538581202600244 0.15259996965815695 0.028796144015953224 -0.2558317222129553 -0.4881945894896399 0.1869990313281644 -0.14046747119167796 0.1809511444461949 0.1137661792532873 -0.08735326570393873 0.0413421630266344 -0.12636649556890273 0.36724351738436384 -0.048258470047098975 -0.12296439577400363 -0.1491884562294391 0.040859613564815 -0.09466380213766912 0.5757333101549913 -0.05452827916897706 0.13952906465657414
-0.3852030543887563 0.17500753737626176 -0.021231278339410572 -0.40196758024493695 -0.3050441146631291 0.20262921845059254 -0.24662989923435183 0.06189268694093362 0.19708192251036658 -0.024123191039913516 0.0013870244431023323 -0.053043914705688304 0.3246447089709218 -0.15615680643326035 -0.15898384801193588 -0.053541375995424766 0.07623260417127832 -0.07972757804142615 0.4930088397673743 -0.037024005892646004 0.05863344547692369
-0.27629160269538333 0.2520704831745548 0.01930029992769796 -0.3179166734890303 -0.5143885896801593 0.22065738990423148 -0.12211865372027927 0.13275755721596486 0.24351329139246278 -0.126514982719418 0.017869227325675058 -0.08634603086116413 0.2311874582656297 -0.060302372255479006 -0.12903144566425487 -0.17311918352012498 0.16825023487562515 -0.10905928229264479 0.4232889887148459 -0.003921175519516466 0.08174939976070134
-0.12814201524445906 0.16848349835740062 -0.02759070461378989 -0.34645742398383345 -0.3949176476531653 0.25462242493198467 -0.14584394519010538 0.11687661790588962 0.2162188608496872 -0.18504021479309032 0.041263586360320514 -0.07987548343277254 0.28419607736650615 -0.057369924424649776 -0.15863103423568548 -0.23304501315457415 0.13445334685808952 -0.10466384251052194 0.5281917587276451 -0.003805249628808402 0.13430123534897997
-0.3856131978634825 0.20066433221710775 0.03475532063313121 -0.35156827124994233 -0.3663902131723048 0.2960424445641448 0.10627396988868472 0.09861395374463884 0.2072518042540075 -0.10161215901547345 0.0018201025296417362 -0.11115054777407574 0.2459980047342304 -0.08740684205428009 -0.0957982203685466 -0.12404062089518214 0.1258739673971992 -0.09996620185664173 0.4855342409984943 0.005560840761288979 0.15283963260052413
-0.33236458756981846 0.19654573846644524 0.13005406190174854 -0.29435894510401495 -0.5002396355142207 0.3244726383527959 0.04298873670900804 0.10673087899355023 0.12017958835653267 -0.04877819799624439 0.03774277916394756 -0.10036647732348021 0.31695982577393716 -0.182301994283798 -0.15763756466831697 -0.0665078204072427 0.0739952520576733 -0.03476897480742895 0.4229561226410547 -0.01389468472467921 0.03899553456896637
-0.1904366532857514 0.15966085194921195 -0.005244359748447637 -0.37403900014360936 -0.48091880744703447 0.2828458980515399 -0.11892157406113728 0.06500420668705469 0.1815595272699542 -0.09947868156884884 0.04599044746200913 -0.07105344795698812 0.21233897531572657 -0.06138788442910388 -0.14686669539615632 -0.10216120542383769 0.180425478765987 -0.1715028478623481 0.47704176227501704 0.011861136603139213 0.21930408808812984
-0.0641136095497559 0.12962165081215454 0.002654336341560087 -0.3483185712589001 -0.41576632460003543 0.20372313418159876 -0.07363283633204744 0.22756405205300417 0.16250799643672895 -0.1616495796977787 -0.010727557631947137 -0.15986594320166608 0.3237266063111977 -0.014488322995141285 -0.11680716320239222 -0.15351056047209083 0.04207807689305086 -0.11475140714423272 0.5479377715002902 0.004955666823041305 0.22484256072651687
-0.15869871395603363 0.21190090667215236 0.12328938399673733 -0.2619351145205898 -0.4339640116529295 0.19615417358379234 -0.1334387628457448 0.04141819941395501 0.13576024569231765 -0.15712669168281176 0.1556780434124781 -0.06008596960811493 0.26293129100542706 -0.16272944058016126 -0.09141316466626917 -0.16594838380003976 0.03689388470708494 -0.161906687387155 0.5797070766096148 0.011054631254587178 0.1831606782303403
-0.26942354948131747 -0.06617408174485057 -0.05576119913007485 -0.40269495847684383 -0.3417884138298316 0.22257481161875012 0.006722565681841077 0.1956905846209984 0.29031418131197245 -0.010187622851454256 0.028886429980504797 -0.10723692586505554 0.20634617324938825 -0.08263029407255118 -0.16807905657914343 -0.11195421085951583 0.11036541536285058 -0.19970855334224116 0.5290445998370211 0.031711056668959826 0.18218563809419205
-0.17370141576426418 0.1465743093335633 0.08208615838842523 -0.37272526557899527 -0.5500991429678034 0.2917048686876653 0.0021542078029467486 0.04828467033080895 0.161175404456021 -0.13275363563887949 -0.10459030124709219 -0.08281662304287046 0.2952280199346865 -0.17848294346647142 -0.11499706566226629 0.004189041609098511 0.11722838437531966 -0.034809715870707546 0.4508193230822405 0.0023624683317642102 0.028114885095590743
-0.2984039026124554 0.046976095233150626 0.06138519165099436 -0.3735407706772151 -0.37097612175814876 0.2618470347182708 0.00240195322644983 -0.03492878556729486 0.21803340392865955 -0.016139600887009754 -0.04445442850197564 -0.02540504799479567 0.3350500461041828 -0.2061867468618782 -0.11601067377081227 -0.24915749640082935 0.07633345178205848 -0.16408360401867564 0.4678621861394611 -0.07208789137797975 0.1430473523452177
-0.1262646028456194 0.09931274850030919 -0.01435046769686742 -0.4271029759914378 -0.35916981427019684 0.2711181949929815 0.17568367015525105 -0.24437896101346168 -0.023845605162535036 0.025020080999868244 0.015775725269307844 -0.06111014804442736 0.32403056636014177 -0.2627323592783431 -0.12744326258562683 -0.2434073498536265 0.07325959274840566 -0.051377124853708996 0.47029567880467554 -0.001921546574293674 0.12082309747876772
0.1619956081766852 0.15660168117063517 0.05613628407925979 -0.26364626407286557 -0.380822008001929 0.24670753574590829 0.10419049581487978 -0.06575046384392706 0.10049382036531045 -0.051231801369357496 -0.05345619303687583 -0.04757491618461531 0.4206312633879118 -0.12290247125742701 -0.20029261038735222 -0.33950996246530923 -0.0005923445994746561 -0.16187100751278527 0.47001785310843114 -0.000535862442327992 0.2076530785198267
-0.2583159809634114 0.03713407977304042 0.07989986884410039 -0.45334881705497737 -0.4351037905050191 0.26825028097559417 0.06980957384223431 -0.1277025253558741 0.14014570255322242 0.014859117294770345 0.008746749428388104 -0.0686976829725615 0.30785040582895595 -0.19910637290364314 -0.049090938848126035 -0.1560300125101304 0.03802642709844944 -0.09013750375990127 0.47680987977853306 -0.03114978955317071 0.11752956413431712
-0.03772117992560969 0.13446709758586273 0.01767435705338212 -0.3782279948616844 -0.22267463296685688 0.2955791382012709 0.21701255438566364 -0.11758298815040456 0.1107793965038165 -0.11285212210672908 -0.0053911843438039266 0.015586504430669128 0.29813157646701577 -0.3476090204355992 -0.2869911234087138 -0.2532591151118591 0.03151616537297272 -0.11869255238800602 0.46785100678763186 -0.015218237084654895 0.1534930092960971
-0.022560898936860807 0.0897541137388471 0.02883685900447547 -0.30848229112249814 -0.2071846883169225 0.3957231013254699 -0.06069493833631668 -0.1453638492752083 0.03239703100282882 0.03139270958940506 0.021193582659245473 0.020753783532330376 0.3345302811511751 -0.38355461170949884 -0.348313580995923 -0.30103425135612505 -0.02690745736457609 -0.056921275244679555 0.4135561473606434 -0.061536674058376574 0.13580299898599824
-0.16699980224021962 0.08833359901238555 0.10270742489923652 -0.39354321528610253 -0.34755895942060566 0.25815897730958576 0.1112549865087054 -0.07365071085255341 0.035457859140764277 0.08061613146922157 -0.08303960813373833 -0.030841938178221718 0.376900624342008 -0.3590082617592706 -0.14055313150114265 -0.22353815989631481 0.011521876266356253 0.01150067234474845 0.4860276644374807 0.022505729309923717 0.019360600418501843
-0.23162660778318098 0.12482770042060928 0.13456342118540174 -0.43771567458685456 -0.4061505541846703 0.2765749951194516 0.07122075654457882 -0.025445163155632666 0.07119840135504274 -0.03890022683961314 -0.023376757456591235 -0.08783800621400271 0.3552917934854449 -0.23386605623818005 -0.15472573512025914 -0.14432646620135983 0.22362086483638585 -0.037661106992133396 0.4145145977194559 0.04498370773853629 0.08990130075587337
-0.034379186326164296 0.013935960122029502 0.16627543436303854 -0.2936074893803987 -0.3338707094945589 0.3072545496187204 0.07483114568213269 -0.0746787777516044 0.12344443556973778 0.014399142500127292 -0.151970436391524 -0.06619673960051894 0.3786198752309006 -0.2745314078050151 -0.21600339010403102 -0.23028177393627142 0.07616191892993487 0.0025451418972210127 0.5442466611183763 0.052225762633399474 0.04061686709594189
0.04393443334770128 0.09011178628137757 0.007695994233872941 -0.48835904958481346 -0.2964084188853901 0.19388866861999518 -0.05370722104622156 0.010362562236311677 0.1661064182646116 -0.08160784124035245 -0.017123196180434844 -0.08601243772607499 0.4299222727784672 -0.1745467158294665 -0.0704665230347765 -0.16302899774371601 0.018117088720715928 -0.14338411671477505 0.5210768035001774 -0.06911305003997542 0.1923073516587274
0.0139145047933292 0.1356376749020243 0.028914551805626836 -0.3514732779398018 -0.27884484945569904 0.22457026822631007 -0.13636271678513193 0.04116142700809865 0.1022081230485078 -0.24696617410409796 0.11088395964267304 -0.034424234138939344 0.38468897420571807 -0.20398055619382566 -0.1447315540446875 -0.3001153197322231 0.11829656200742522 -0.14481840853054403 0.5117077909917951 0.011265950331314861 0.16154434435739348
-0.1795135985906814 0.051222298712285445 0.04162110057099607 -0.5041846846876713 -0.30839666455111764 0.3238003778086757 0.05499075408077466 -0.0301583330939326 0.2720833960963776 -0.20035564040384923 0.06124896190371768 -0.04962478992358709 0.2763618753404493 -0.08358798617626136 -0.13425064020942565 -0.1809916832759505 0.07764885579649897 -0.12288648243003174 0.4565848099653224 -0.047822073281649884 0.1375172387792254
0.01832474710840484 -0.008466975597615157 0.08307995953294206 -0.4631684940636125 -0.3103947840432634 0.13953163758972342 -0.2594018529483086 -0.08447362831193404 0.06482838694371135 -0.29649532237410736 0.09689726194028381 -0.06338115892487872 0.3207681274754584 -0.2594089063656001 -0.12551490142028585 -0.23206871320623915 0.17861670422308715 -0.14358021616266323 0.4273748574793229 0.012827143689792314 0.08532032805098816
0.0050583616618916204 0.22806488331940047 0.00927996600760892 -0.3599489812182851 -0.40319785838889893 0.25863911270096546 -0.340434844465592 -0.04401737086753867 0.045211394662204224 -0.11639956387252894 0.12259289294950465 0.01992371113547061 0.34928701615448116 -0.14085313138616565 -0.10221943243357177 -0.3230372324999558 0.016649804051802646 -0.11871753359233167 0.39917131776480524 -0.056946859677316976 0.08001108769325159
-0.07436016254086684 0.12352952684034538 -0.04521784514075561 -0.4591627538076845 -0.29286764187188463 0.0976576205751086 -0.25784447170308517 0.007940924318237966 0.13170136657884798 -0.12341283562554065 -0.03695530941193512 -0.09476008304324912 0.40273823918586543 -0.11753052690758484 -0.11352037168004095 -0.23844591388828548 0.17660750940530356 -0.08553477507546424 0.5029353855365181 0.057515218673041886 0.1450732105931636
-0.12428654191288975 0.18621798845147297 -0.025369308148582747 -0.4030619410389848 -0.27590039341415035 0.2038422303565256 -0.21112323252771803 -0.07887276118591414 0.07937419425810596 -0.09235483776703698 0.07114116194475156 -0.06994657787205777 0.3541831913380298 -0.1978648838092375 -0.17766205922552578 -0.2704976719901065 0.1408413089496694 -0.0613716567971346 0.5447700599197081 0.04578147819451641 0.04148668912707424
-0.02270909509813291 0.21866252432731934 0.018190758003680425 -0.45046813484422604 -0.3582155132485655 0.21006423258761106 -0.2841537176070236 -0.14967997229886415 0.07252112784077622 -0.0910034616651645 0.07589166100270674 -0.027294485206667937 0.3274017127489524 -0.20776377255252684 -0.15223222796731198 -0.1724995910584104 0.004696309210228668 -0.09593593429589521 0.48858961356185243 -0.020745659010464094 0.033405576391988455
-0.06924399954561461 0.22848999860378308 0.041416802234452134 -0.46892903289205157 -0.4071204279172897 0.09241136302130189 -0.2991784340261286 0.0632851375473388 0.08520055063775352 -0.11052811311607595 0.04678164184424084 -0.05467560372371573 0.43225240768905787 -0.12989155876647956 -0.0542435409379867 -0.30719826556273344 -0.008437732181411375 -0.1172462241961561 0.32081144885626306 -0.020419247300093573 0.10369527786007308
0.004887190504677063 0.21280933205463123 0.04396542869406965 -0.4246058388995096 -0.21898079810439772 0.2772746895421644 -0.23924936485520065 -0.12471377867216042 0.13570297464065137 -0.30977650838708215 0.21226655030708297 -0.05324698641967735 0.2718302099596044 -0.2419240212213322 -0.0899153641750778 -0.21273910427942638 0.19776390290932766 -0.113935204638001 0.4168757210471403 0.0026606130921140426 0.030375205611662383
-0.004443074363374051 -0.25641919387683487 -0.019357034744653723 -0.46876557465580615 -0.06117505015251427 0.20709308100554896 -0.3784570848731168 -0.017694812734753155 0.11316718181791106 -0.13147641123302858 0.1550467507036904 0.03938442161763065 0.32128804966203406 -0.314164208295991 -0.1502204822649495 -0.2812762748541371 0.007723645473535045 -0.23598836284625524 0.2933523260722713 -0.004872080367123759 0.15106331903911482
0.07666197936648436 -0.1679400578889281 -0.10102313124032812 -0.49472164891662734 -0.2677554858088439 0.3188255954804748 -0.26173217367480783 0.07364439912495206 0.20590619401118385 -0.06393895261491196 -0.0021896471123090404 -0.04453097633164091 0.31704955967558035 -0.15310126866344664 -0.18688470633201065 -0.1814045794930157 0.07529055151630182 -0.11380626921978182 0.4304957399090224 0.06361397758376107 0.12422866973932122
0.0077359659724357 -0.13963910514211286 -0.07168059076663645 -0.39308254684888394 -0.13601179673413452 0.3119895116839762 -0.26372225887695233 0.012468685090848176 0.055997509598484936 -0.11302357373277507 -0.00026389959210912573 0.004731084645568522 0.19993994177349247 -0.4020162721094185 -0.25800092554689114 -0.1577802730172261 0.11468442232444521 -0.14963892994874195 0.513839769473917 -0.013180225945763705 0.16282968556398097
0.13506661673078746 -0.148477463004481 0.02487833920480604 -0.4637632230782174 -0.1548634249328401 0.32427453263629974 -0.3498052540728608 0.04746876342200302 0.06828263191596286 -0.20220821346833748 0.08353342571478249 -0.06652041117180367 0.3684397201710133 -0.2405802031202925 -0.129462156711959 -0.15503307617923096 -0.04503481923300915 -0.1285777941095421 0.3968486897718046 -0.07926941551236344 0.12866153319276943
0.11551937520436927 -0.36450995122078145 -0.1461082447246975 -0.48498687458028233 -0.20693177130529525 0.398578329100408 -0.08742904904691953 0.11157014529808573 0.04932005483171931 -0.08757377891581408 0.0005596571240875295 -0.022573323096701754 0.2422691656378245 -0.2134950995016294 -0.208961368818461 -0.11678735988970915 -0.014852229257296458 -0.11256142469909033 0.4258004588591297 -0.040400062967841224 0.08620727677812905
-0.10360550066665906 -0.20422561582943788 -0.1582698669877264 -0.5277197469907223 -0.05672624408198293 0.4510191249298654 -0.24236448196248098 0.10230317417231137 0.19176609023545368 -0.06181615861729431 0.14703358488350238 -0.017294510910569456 0.21169209177579482 -0.0478547365589625 -0.15152058940926985 -0.15090203666592406 -0.22409107157515953 -0.20676915349122846 0.300461774766348 -0.07286214906247707 0.15580204502048695
0.06420435545182102 -0.10766638689651073 0.01925350320188327 -0.16164640416764606 -0.4754903144604982 0.16856594459960825 -0.08334328054323568 0.0021429295958136007 0.15799690637384406 0.12555215349908205 -0.06571983857592148 -0.022064268523590346 0.22434555074406382 -0.025718445241875422 -0.07242838374419011 -0.22245107634684455 -0.012493799893593057 -0.05535081391839131 0.6614865982500127 -0.055005280414840964 0.3182206175680013
0.09370220209356334 -0.08272257438870548 -0.08800856734317193 -0.32549579636450027 -0.41199889468966144 0.005913895933993552 -0.21334163549926383 -0.09494766494982172 0.3432621759789707 -0.023463737196473194 0.007810901987271628 -0.16875583131235974 0.08972013753096393 0.1649358026584393 0.030396656723832866 -0.23506756188775466 0.00563168404160181 -0.06283942247990944 0.6240561832643214 -0.07129970961159879 0.0975323110528682
-0.04466649391918288 -0.34922611144293336 0.07666831127178195 -0.06798516252004082 -0.5223696427161107 0.18645547700952725 -0.10754618049140299 -0.009241205322280066 0.20312212470302574 0.0977793781987127 -0.020442721835095996 -0.06760953496849881 0.13384013794251248 0.042075893558422915 -0.09822595769411581 -0.13418620123395011 -0.13264287447377426 -0.11354081072653542 0.5908781796635223 -0.10657214102675007 0.22832489206203957
0.04642687831026304 -0.22384778571690214 -0.07356308430553633 -0.403897787257961 -0.40995839466528633 0.18718544742717022 0.05295078625754371 0.015271434086600217 0.29472190175228735 0.16478393424218984 -0.008990686071583444 0.06028821560589578 0.3168997507459882 -0.029097233479846 -0.14149019195851012 -0.39356235624511304 -0.04585053362360659 -0.17716893511381612 0.31759651641364106 -0.029712487204118662 0.20951337132221848
0.010845307022647032 -0.25438939277693545 -0.08461910871137159 -0.5144894840648392 -0.3172021338918001 0.20114830897958932 -0.003412820254780033 0.06957580908633341 0.23452832217536915 -0.03608446384471145 -0.02517583866947764 0.07097292450837803 0.19528833878653207 -0.10408462638222248 -0.07820632251011995 -0.4223432476347404 0.023578772875777684 -0.1266903582718803 0.4180744690173478 0.011603303419517291 0.1743938630265822
0.14367639806120797 -0.3907079738391377 -0.06050242468437986 -0.3608733855363164 -0.24925126123461144 0.2824214927123722 -0.030664018949582605 0.08269950118565372 0.33885569886446965 0.05868751769666558 -0.042136192158305504 -0.03350958235440001 0.2567517701161442 -0.1028462662831697 -0.0940579066690583 -0.33996856041329543 0.011609399600974712 -0.20802503730600205 0.3824214431367817 -0.11219939280791928 0.13715863618257526
0.024694131919843147 -0.2085024272440471 -0.013625951561030764 -0.27561286991085604 -0.39822599811560455 0.2142415147094727 0.08925719262755709 0.00701015291220306 0.2606119390296669 0.09200486778809813 0.03548651494104451 0.033353160278944326 0.31089863371655097 -0.06941090098791691 -0.19973419281067392 -0.4493535122776681 -0.024157874332696217 -0.17676659885191864 0.43972848028885103 -0.0015981462792019451 0.1415357462751934
0.011070118056417668 -0.1845134744042309 -0.14276549955897924 -0.43695481821105764 -0.23230616129579526 0.22690394659443236 0.12249300123416597 0.1262666641523749 0.3275067532021724 -0.04238833574582414 -0.08644858898392738 0.006122716264859438 0.16911621857019674 0.03311186348123975 -0.1486222668701541 -0.3897729204892132 0.08435264160623034 -0.1076507861118069 0.45480842185769815 -0.06311858821831633 0.2613544794733267
0.09166941109824345 -0.3260611191672232 -0.10125956298870153 -0.4186124492282079 -0.37987939615092037 0.20259276972638324 -0.049140090653910104 0.011368907085021588 0.3083584965963324 0.17186761113787194 0.014111521540178704 0.07865399612143091 0.11808693721192641 -0.06651791610667038 -0.09364869064316284 -0.3414647718087667 -0.152972708416889 -0.14430698517031312 0.3960002130913176 0.004275203151524375 0.18997038156418736
0.14582002300678756 -0.26307696332160546 -0.026757779758496997 -0.3308387028169261 -0.36350720874771264 0.25059934922904387 -0.014335491895555543 -0.03559868512710073 0.26099873350688507 0.22241753465015202 -0.04798681624999811 0.06417376228817753 0.2773242786226516 -0.033096123604745016 -0.1372053910736245 -0.39026297942703575 -0.1291802845409279 -0.20270222731162152 0.3403966428077923 -0.024290538313974725 0.2357230133282256
0.02267737273221197 -0.22074274984561243 -0.02693252504700862 -0.4342583831140174 -0.41040986106686134 0.22414514818785952 -0.06757413895364595 0.012574478306198572 0.24155327555942274 0.02403488426485783 -0.015768473658229153 -0.01967241164966076 0.29293507456307893 0.012900467680697091 -0.14309441664576392 -0.18862162564703694 -0.13925951805194556 -0.16548496750473637 0.4754603568297596 -0.0918871270780968 0.23489122151010225
0.12582051091808227 -0.1319971264669348 -0.12912306542325894 -0.4492631695761048 -0.36397743919205244 0.22414664006653423 -0.05826011862540984 0.10323946361429787 0.21413210733011742 -0.038847226704148134 0.06103824545377624 0.045292276669512715 0.25845968342503206 -0.06466968200446936 -0.1531229892177161 -0.39557707905422546 0.006262180738959446 -0.15506348323612526 0.4056983613366981 -0.07103602876766914 0.2317121568306232
0.19919103119663045 -0.20096894800493884 -0.0627268109045931 -0.3356009857700165 -0.20166416824041816 0.2759814884779857 -0.3049069194826324 -0.02217978908335581 0.1320680236414549 -0.02405470496304001 -0.01585779923754858 0.08251090554015611 0.19237728396967466 -0.29049277471852175 -0.19435567558784997 -0.3659924845697238 -0.03701549336724478 -0.18139382538063906 0.4399731962587116 -0.016657221821944984 0.21621701175045632
-0.17425078651323933 0.03049863581883992 0.01893059924952341 -0.4928567582885175 -0.20308223740688236 0.27858326326553606 -0.3242164747229774 -0.11806678696296341 0.15977525860930678 -0.035963332643252334 -0.035542932299544 -0.02881803972917327 0.31815323340500007 -0.2598404496190533 -0.09720734021075866 -0.16470801061574855 0.21881837620531933 -0.012036258898110124 0.4515254801530152 0.014430773990375732 0.034518947594280355
-0.09533195281307888 0.19820733124253911 0.0011122644385450906 -0.48896398421487297 -0.25668628278408373 0.11875708219703641 -0.1392819305112284 -0.04801015328190352 0.16304686719094236 0.026242436390863856 -0.09804056923633932 -0.07232394735296664 0.3154544279032043 -0.18294407346729438 -0.06546151399768466 -0.2960307900113395 0.17480574324713374 0.005254751347995773 0.550765339191622 0.03486730521151588 0.09319423098825491
0.049797480943695537 -0.20851027737827937 -0.22863792170697944 -0.628693916986819 -0.25788621508443005 0.29898609405109683 0.0005871229152249264 0.13482726375866583 0.09677721285991238 -0.1502852006419505 -0.05298100308715889 -0.0795616333415642 0.27107026128008527 -0.11651898330692037 -0.0989605473161159 -0.07159412476523776 -0.042026287706154866 -0.08323085985097016 0.3981460143947878 -0.08117782533658124 0.12477484601082225
0.23919497434325185 -0.08729893496494041 -0.27914942031584544 -0.5794130608128129 -0.2361248504089639 0.20324385371572826 -0.025987910861178652 0.11868446959447652 0.06675375853491465 -0.15692685739474163 0.11347555901246759 -0.04617505873706753 0.2631448763821973 0.06810283358285302 -0.13356464532385837 -0.15662095944356946 -0.003994970089910596 -0.2692779261554408 0.31580240514850433 -0.10349728423534355 0.2576493187477148
0.1989268175626062 0.03313774327315866 -0.11146241214964035 -0.6259749534648015 -0.4004270224586211 0.15189285644171038 -0.15060189032355775 0.14766168176670713 0.17916695610843575 -0.24826108020497226 0.04363728162186565 -0.07007184214114463 0.3302607258413558 0.09404224602179682 -0.0989679567188791 -0.16907815587798639 -0.09729707672036467 -0.08254674165151864 0.21848808667940017 -0.024371713623353344 0.07553038974895306
0.12875327846674087 -0.11477887464863228 -0.22714032736421122 -0.5840144462139967 -0.39087732598897235 0.25886282468742977 0.0050916641281982394 0.09517385061832503 0.15101687628186164 -0.022627613767415164 0.17381611447467155 0.04239845112650392 0.13757668794187852 0.17451535638085547 -0.08659933812286898 -0.2500994783581392 -0.02508726962579953 -0.2272993495314435 0.28759695295355925 -0.15658868391339392 0.12007270601464905
-0.06658749481637898 0.16685564305504497 -0.04284706549184426 -0.5151507427202707 -0.2759681821270732 0.11759623544155326 -0.17972841317666144 -0.19400968761009701 0.09102244309354347 -0.2746771997614588 0.03809055564699246 -0.0955500541953295 0.2822629819071087 -0.09844808700694033 -0.08316810127981684 0.05850140267822973 0.30726909798488145 -0.07062373937848306 0.49311381684746025 0.02079352318680368 0.0597246435865409
-0.2036175173604535 0.15702407175661268 -0.03774637364903128 -0.4673877875098394 -0.24741741195709355 0.2752420304617974 -0.05190193401198192 -0.19117443906278925 0.16986259472557078 -0.008054905404936268 0.05303908659529069 -0.09010549188950373 0.3505130481900198 -0.2063396365436503 -0.13625080567319453 -0.13723220912605735 0.3044982441806452 -0.11684252838949927 0.42816403742602405 -0.015975035242694648 0.07182237994432972
-0.12867080172740847 0.2330692022754152 -0.02366732668425278 -0.521451142777138 -0.2553860243497126 0.18180140425115113 -0.08938548249142526 0.017851984024488923 0.1928232199713464 -0.14964271031065057 0.0763761057779716 -0.050486761624969546 0.26104383221212213 -0.16025974153574743 -0.08131075417377553 -0.07960603897032141 0.14542409739581097 -0.10958736395961396 0.5725289621783269 0.022937058001468263 0.11774651084750529
-0.10432702619859088 0.041721410295893 -0.05941282607299513 -0.4821851374395693 -0.15215165934513672 0.24129959474965626 -0.49173208988140554 -0.08557341862836783 -0.027352736504819734 -0.03749262017243302 0.0795104501992088 0.04707260221766798 0.2292775336915391 -0.29024673370997484 -0.1334522486188088 -0.2583600423550461 0.017579556203360883 -0.07894566239345226 0.4223596840054826 0.023126095746297443 0.05759834239132943
-0.26325132751055275 0.0845844709977068 0.03494164369822561 -0.45089937580721173 -0.11756689057849176 0.4086586404290483 -0.13866442902387946 -0.060298396726876285 0.020594310939115644 -0.19331923118553468 0.010853663375572266 0.09834127226572681 0.1731542595212126 -0.3633521763834211 -0.21627376848385477 -0.33794539758100206 -0.045319591179495314 -0.14167300305041539 0.33514922147203857 0.021422109855685666 0.0992096467906434
-0.11756536045874737 0.13024921160726088 -0.20723004313251692 -0.5376987901168806 -0.006888441720260729 0.22360394894911037 -0.40852647983898677 -0.09702609468959433 0.046656379449687084 -0.14509963523389832 0.1485286401594422 0.18615468956886408 0.20937347432884135 -0.20442173472048175 -0.11180706074114309 -0.36703206300909347 -0.03728319316126017 -0.1717090335644036 0.18878900823226621 -0.07075026377697119 0.16275843420712266
-0.14525895271650327 0.10476911704428557 -0.19415167278376083 -0.4870344361995432 -0.04110458879629173 0.19120111182026123 -0.2632066072134899 -0.12540108417004275 0.04497177949582648 -0.15365487942602796 0.15235973610634762 0.08734738349271205 0.13245934382705607 -0.34454424076717605 -0.20624024957167025 -0.31729278246551573 -0.09344511283465745 -0.29872850713851856 0.3241661302526949 0.0293743578854974 0.17296447565984208
0.029845585937131672 0.014323213179820196 -0.1498139460760084 -0.5246007371108405 -0.06387435340182823 0.1971250444977555 -0.16642328321510735 -0.20309713052124811 0.014107840126103322 -0.10539147376820411 0.036835662192693575 0.14246573938598336 0.35715389632543315 -0.35569236640344654 -0.10239101427029151 -0.4101770311260308 -0.03825263352482939 -0.16314015538220886 0.26009452105570996 -0.07206725620779075 0.15061511450156842
-0.2368160920706924 0.14548104078900945 -0.07788238390872382 -0.44479915628784616 -0.10916348972279072 0.37128325666955103 -0.301873921564942 -0.11229691801943102 -0.004356909852701432 -0.10458285058189136 0.0656264796700883 0.03133576364943789 0.29097043737612427 -0.3241448570565022 -0.15270096054037213 -0.2694388938157441 -0.061131017359748234 -0.18176821260964637 0.33304022754964996 -0.027685214354167025 0.12240183883888599
-0.13644921557711223 0.003402412790147233 -0.06803141017945033 -0.5410778194121935 -0.07004776837287806 0.3476522997491944 -0.3008084363793238 -0.18406064672628633 -0.02915764692502347 -0.13982362448326863 0.0106040438868829 -0.006632930169402385 0.17042739057307532 -0.3935560121524322 -0.16488328510142772 -0.20609264862741905 0.0439607709784485 -0.05364007868717872 0.3915387452658055 -0.0214587393807907 0.03348238018143865
-0.3371469055872553 0.03701870791134687 -0.015935391884727212 -0.4688630421269287 -0.08252210732458579 0.23784679819074359 -0.4516284601020485 -0.12573348729461262 0.05994700417139661 -0.049037419037118876 0.1910612784693071 0.0783141540799129 0.302332906133722 -0.23451625636390522 -0.021045998463297924 -0.27417474719487256 -0.05967811669156872 -0.13959408354026465 0.2832394356391928 -0.06629661566097905 0.058270873394509405
-0.1378328312252457 0.11193207065840234 -0.024620456969446296 -0.4353620885224414 -0.1000996468146101 0.15430135571668202 -0.2857136259612897 -0.1033150405666501 -0.028129378239155053 -0.17742441044597604 0.07037817812726849 0.11336966437901785 0.20961926886117563 -0.3510501733404295 -0.10458804400322448 -0.4424982987870294 0.09484679372227546 -0.16013987933808463 0.421890204258227 -0.0026518768971577887 0.12472568357293284
0.11251720875574867 0.06819692072110285 -0.06717423515916025 -0.4266939191104971 -0.08503692373183254 0.19682178897722555 -0.3980766460406426 -0.05242492304487575 0.013963655419544994 -0.04073078460137388 0.06574374919762473 0.01798244153453508 0.31818290435843166 -0.4075306229871037 -0.15681268780929322 -0.2400202073637644 -0.1262060580123112 -0.06248077972032279 0.4549022884824609 -0.04530832435142063 0.06390355847633813
0.16956365471454762 0.11486549565690632 -0.17848065426828386 -0.4506100644042998 -0.012619663915565573 0.1613927841350271 -0.28654616691057244 0.03724802950051733 0.3423046145510264 -0.12389113572651005 -0.003611963593202275 0.037656173359556115 0.11874952226275089 -0.1183780508392123 -0.05767766657589342 -0.33897668372877565 0.049294916781419035 -0.06108729410285283 0.5640249489422652 0.00840448367872998 0.09375854275843148
0.18628150327579648 0.027051172102332235 -0.15648104126152262 -0.46896008444700504 -0.04467272971506777 0.113510451223359 -0.20663899234929411 0.006151938673924306 0.18902198976179524 -0.07124895536647939 -0.0326874807039641 -0.02458202696713693 0.254497319119226 -0.21157721715199077 -0.05456302019221188 -0.054995292108099586 0.20058583465185048 -0.06165662864884066 0.6701515413253019 0.024006107732982954 0.10397250583718337
0.10615954717803265 0.02679211157578212 -0.1730311269144133 -0.3665130025679968 -0.04374801755697538 0.06903602508361249 -0.23221015312111187 -0.08510290409624582 0.214576151052658 0.03740639661881488 -0.08243273625789566 -0.08043687387861723 0.32082804698774436 -0.28027234000668827 -0.047778130980143906 -0.2017737117065195 0.14493767472180066 0.0499709613467215 0.6673373491248908 -0.0007637456468758327 0.04320997635176776
0.2642826302889846 0.07307070621630071 0.08306524674285604 -0.5914815597340184 -0.06609833282908158 0.0639594174676198 0.02165511190589947 -0.13446888805789464 0.052539745663851875 0.04165794435624119 -0.03233507709357495 -0.07160373899349146 0.3746493077258219 -0.14953724891433123 -0.08665827116467414 -0.18360936204680395 0.1549777724626648 -0.1325770091335934 0.3200947241099255 0.10968001945199955 0.4127412621388734
-0.03700618732311764 -0.27302192639314316 0.08252204710162155 -0.36222577257007754 -0.4477383723952941 0.1936592668108964 -0.02942813534835352 -0.16316832709219212 -0.05773794691861937 0.0956978265347631 -0.03525647669862839 -0.022434962679455234 0.3872155229347586 -0.2150837505476891 -0.16945508508022572 -0.2173136310280951 -0.19345339593060457 -0.04997221006711122 0.434780002491061 0.0157971188926356 0.07091432448405785
-0.03245866468337206 -0.21159696889859425 0.09028718884339945 -0.35800649822989 -0.29537044799196477 0.2548376738725179 0.08709379911345452 -0.11831237374548173 -0.03990649208763157 -0.020997276896472017 0.0877532944900587 -0.03254191144650589 0.4253331872681954 -0.32687364023642723 -0.09762955807326376 -0.22425310616156327 -0.13906159319486114 -0.018110856667275844 0.5155870602722322 0.003414814101683749 0.014391606723436893
-0.003922403282650439 -0.08016437024321758 0.12024804744576625 -0.3170585575102508 -0.29782847173545457 0.26368866559241005 0.10832889685302509 -0.07845906025739041 0.018550714659175578 0.12245754964662593 0.07391850063439247 -0.022641537313497585 0.4703057241897414 -0.3623420775440135 -0.16201652612336556 -0.22627813494199142 -0.1683385933040571 -0.05689644185027542 0.4683486451891438 0.00800315485926208 0.014543789454401582
-0.048245002869237524 -0.033355533883201643 0.02629890442872036 -0.33455366552745314 -0.4004896844968212 0.23728779427851293 0.06193974920459346 -0.0653583700275009 -0.008784201766869114 0.10564857226537343 -0.03192890420725621 -0.0035684046941284763 0.3504082714525729 -0.24796242258285683 -0.21505046126000954 -0.2548255668875036 -0.14276169207081313 0.05327377438353908 0.5681911367565519 0.05876596460779047 -0.04356194386017129
-0.13671244339765326 -0.17776451060453693 0.13946028822778217 -0.33563549155486266 -0.4684293453330746 0.3482908052473491 -0.04062257986720605 -0.04976548620781601 -0.0108655565751311 -0.048028161260820004 0.08443956940805306 0.02071904451757747 0.3309360104322482 -0.1795012083100643 -0.19363763348905982 -0.3311068981624031 -0.03736157914595042 -0.03192065203440271 0.4129930803397746 0.030020970776268707 0.004440304718185548
-0.02617288223685349 -0.12866403900633983 -0.003279564550923204 -0.3684885975870188 -0.33369405690144827 0.23879363639125484 -0.04423431920392729 -0.1050428965948049 -0.010678354238164468 0.01505853986974884 -0.014367130987403243 0.014804416379811655 0.23928726260582373 -0.282269678958725 -0.20835549294777295 -0.27720774800835746 -0.09091975865672312 0.04275209022788427 0.6294512642970023 0.017030265248466115 0.03241883911754029
0.48222678432190047 -0.012331540848018647 -0.15246826293893795 -0.5987507313437707 0.04740514327775987 0.05371789038672699 -0.048948998804051014 -0.18654438350446675 0.04612243651830176 0.056375378847678716 0.013262305630946172 -0.05369386463595345 0.2970646460672635 -0.195775241064891 -0.07838994757951173 -0.1871660616358302 0.02116972632470954 -0.07295435107795362 0.33665381170358644 0.09514511859812999 0.19736730795055196
0.11304943048247411 -0.2485091272020676 -0.1376737827441045 -0.36514046491281665 0.11221465190881823 0.3367770648732201 0.07154647278195049 -0.00014239853544592082 0.024258959672422944 0.08578688991412745 -0.02084352036593741 0.0009625248491218501 0.15832278564149543 -0.5264097781240442 -0.2390027913330458 0.003565662856516097 -0.007645350593364786 0.03812320656532888 0.5222676058274417 0.005296846604099297 0.007520658214776006
0.19849068264461653 -0.23688709778262815 -0.003728550611989984 -0.2783768643336141 0.03246404152133254 0.28196702913186744 0.0005872935936206763 -0.04968613012912728 -0.01325440168337054 0.08607859284119486 -0.0032191872651931566 -0.03493742278883579 0.2398406502137034 -0.3461937008039636 -0.1291608330452566 -0.0609723885710777 -0.09536080191747302 0.0998249457661417 0.7085477809180698 -0.019206925840850816 -0.12606534047031512
-0.05819969709869652 -0.09753814153341127 0.04654493916839801 -0.36958022089029474 -0.4654772852089567 0.14481000249451959 0.1332127262333682 0.0009367488975461367 0.2790906228822344 -0.16170501795444206 0.04324181949012567 -0.09734285592581975 0.21974263817888098 0.0705770752611464 -0.031085525713917136 -0.25827422111394 -0.015049590590199934 -0.1254038170849045 0.5040610296249124 -0.06407773922880572 0.28722133042573206
-0.03544647606643159 0.03905508457014912 0.005958796708385004 -0.41881097936627937 -0.47676041832955357 0.08914984754951674 0.06852220621521289 -0.028172450734435018 0.26551131890757496 -0.11234371045397461 -0.052171159347078645 -0.017733688573458604 0.29816746437330915 0.17433229563459338 -0.10452581941705484 -0.26184540427311176 -0.04183437499094573 -0.15858692480778688 0.39274095550827437 -0.02099271474318826 0.33840644278991966
-0.14168343599582595 0.07354168140086373 0.02572089440017386 -0.3831267444611851 -0.34577617561722157 0.11799306622039374 -0.10535585843802926 0.13925702097746614 0.297646330139921 -0.1187083104524601 0.035298229094303246 -0.134573367664192 0.24960571131486833 0.02447425872406602 -0.06101987773203019 -0.1080705353106257 -0.12361442647346661 -0.1889066740942681 0.5402652414847414 -0.13578607134697984 0.31852407496731283
-0.18837887600926229 0.0017299126165002503 0.010948268972770346 -0.343750644775081 -0.41221154717928776 0.13278540799148594 0.03424257915220203 0.11842131344983686 0.3616652517304035 -0.044388164393742685 0.027108928240776792 -0.2205645557458438 0.1988020562430105 0.21427310655249285 -0.07903703807108745 -0.2636360360704988 -0.11713791616468255 -0.13891362551523231 0.456056156834492 -0.08235481294390609 0.22880125585600364
-0.03832037524378214 -0.0021811922140126945 -0.03577506850035128 -0.371191192980031 -0.4246559285854923 0.21146095680458538 0.20651993157304616 0.0633318336061695 0.2747335172468789 -0.018654719292990365 -0.03451722516688716 -0.09589400155138958 0.20496777166665014 0.09928437119875247 -0.09818946769587147 -0.20009395353449155 0.028488546023453597 -0.11132736700381203 0.5234698137654895 -0.13210508486372774 0.3087311443130376
-0.11859762330302663 -0.05163327421707531 -0.01916593703485793 -0.34007100676300067 -0.2745384777241866 0.15073207256525098 0.10072375502525775 0.0984469206314705 0.30835122570972306 0.029493162029917967 -0.04600361379716424 -0.15582264930235418 0.280692083328991 0.06446632412766536 -0.0763760453223049 -0.377902001650864 -0.05445815889273282 -0.08193480799878992 0.516057126892187 -0.16256347475806904 0.3049081908748821
-0.09885351207832804 0.07126950074595101 0.008172300339013006 -0.261300582118628 -0.3981724392262111 0.12886444376328224 0.008226984090024288 -0.024551642604209785 0.26478885340030694 -0.04435363598105626 0.0011790125564924829 -0.06249464459646897 0.127060271677988 0.2100684363768979 -0.061787556529017934 -0.3334543319842787 -0.07168856481688037 -0.13957483760375355 0.620856758494983 -0.15911667502453025 0.23305478916907715
-0.020912804731101048 -0.033893985880356386 0.0490627468989366 -0.35790113879025587 -0.372388259944004 0.08411960785470347 0.039212550777889044 0.16318842377515796 0.2934458117631982 -0.15010346004090883 0.029011030261834197 -0.16018553869821242 0.2569331506135589 0.12205542617382907 -0.04911063137722051 -0.3029833871665914 -0.08717565233471364 -0.08250427368144805 0.504962119976486 -0.19545725971190664 0.2759237817894435
-0.21783213633936438 -0.03738152224160101 -0.029193349212559002 -0.3537903983604409 -0.39830968595976657 0.2585006298092865 -0.08164713608200161 -0.017889088195409186 0.17069824793779984 -0.12126946484017133 0.005417963780427842 -0.0429414797632363 0.23097360960868096 0.10010135895106072 -0.14534075044473097 -0.3057335994818905 0.023016466889923544 -0.13601120078927217 0.4722991800500928 -0.1275940655601995 0.3325857862643487
0.1770517057348532 0.010848106997876694 -0.2389750684602649 -0.5057958677357784 -0.15325462697148629 0.13194854873493495 -0.2953343566472947 0.005522150838682989 0.20361379340412736 -0.05281694163683379 -0.12241488849563564 0.012327058827036804 0.16932122595352542 -0.1999403933027122 -0.02699102797889898 -0.292240142115878 0.08538912294336232 -0.015428011219232199 0.5509788719526048 -0.007292824950282673 0.04606236725700571
0.24520433454148244 -0.11442905681728217 -0.25136454645427 -0.4914610061194885 -0.0860307348350022 0.20051244348013547 -0.1718420799062117 -0.03332675146783424 0.004281138332266222 -0.10299051573588 -0.0449787531042233 0.0299442899255814 0.18952756756620887 -0.28547457002348103 -0.07437993973967104 -0.13204654125025633 -0.06277710041171453 -0.11189338379909602 0.5871507359669493 -0.022812746468505937 0.16780390607143034
0.006079862873949974 -0.11844333360782285 -0.07669048862037708 -0.44537528366314494 -0.1811208740107829 0.15391982719858402 -0.25405604043886076 -0.05589451360831753 0.06142915737764302 -0.11968652162725442 0.009801682491703741 -0.060752112157807785 0.41080170453183623 -0.23335800278736074 -0.12598216551120242 -0.23834419547295732 0.05805958733626336 -0.08133406166372711 0.5672650224444178 -0.010074584355854607 0.08872925390551233
-0.05207365548029409 -0.042236543614731815 -0.2213195939510824 -0.6787073347526967 -0.11049503157128888 0.10547451437662783 -0.172718405412682 0.03613689195880021 0.0016680256365793618 -0.11420868847120921 0.09684340841507981 0.01088489256137177 0.1751431809436121 -0.2860365981021631 -0.05049827129139149 -0.18128049333579263 -0.0639816713797369 -0.12103923642891992 0.4775068991007986 -0.029158528257006034 0.11554803005842955
0.0320397389916777 -0.0017478127072066234 -0.27359186267757707 -0.6234734318983844 -0.1606875945875343 0.15146811872994573 -0.14873027646640335 0.09542976404229501 0.10159297978655484 -0.11501737628542517 0.023219331602536013 -0.01181131441113348 0.2885131138988462 -0.2082237787596654 -0.12417009664846074 -0.12998261357213653 0.11273424755678904 -0.09183886200302976 0.48881630232778545 -0.01428639013144261 0.1094525081810048
0.10806710843404775 0.048626829096084956 -0.14542278114376422 -0.5901157219219723 -0.20018471198927207 0.2539787881089911 -0.2223346451940988 -0.015909177092840458 0.09237172680878201 -0.06157401037574595 -0.11342853791033568 0.018028837886593835 0.24428153121427285 -0.18435367800413477 -0.03326629371360148 -0.20762009461056632 -0.1859490928823584 -0.05994411268391876 0.4938154594131351 -0.05290509240969943 0.11873146359024796
0.07436804003094773 -0.04874377692283603 -0.24605022872800525 -0.5493137269424673 -0.09789599993930562 0.10943290416778584 -0.26678033049841526 0.17793738127248315 0.18816442880075973 -0.042920911791403484 0.021811104016601253 -0.06001153996016478 0.27394642345014114 -0.1843725728726588 -0.09234871404837387 -0.19755753983936625 0.11816669468537516 -0.05435636383808491 0.5323615646387309 -0.0049711382611851845 0.08450241717235953
-0.05730798997288895 0.11121359957937808 0.06017701456814504 -0.47527555416672085 -0.3185115480227734 0.18591636410125248 -0.2785861491321198 -0.010086677271579058 0.10608628521662122 -0.10462988460482361 0.03962504964013271 -0.02191451605058918 0.40046090414041513 -0.21420271338431085 -0.083983933762843 -0.21867582709675848 0.09190428977573332 -0.11874166114378819 0.4639084878287295 -0.01333358601445628 0.1334226735487972
-0.0577243860874861 -0.035389729347277056 0.06832538690557745 -0.3703780290402799 -0.269884863749019 0.2882046638225223 -0.43649336034344827 0.007240116993714383 0.07568833546351034 0.0438238830355373 0.05117352541953456 -0.05364728983546293 0.266969583998661 -0.2667284824443875 -0.14291202284830945 -0.07779926994067743 0.23461088956419204 -0.07264399810159684 0.511361896833878 -0.014320479355124809 0.05507866989877766
-0.1500095894278192 0.15532283121830584 -0.08031921150324801 -0.5251300227729222 -0.2659961950240932 0.16849234146043035 -0.14544623378630087 -0.09120608869271299 0.2035389765755746 -0.08798469846972824 0.06559497997952113 -0.08767473040074024 0.2800200696903148 -0.1054276733234254 -0.13072057672249127 -0.07785056113325793 0.24485377985692094 -0.06276504819870116 0.5412142299241759 0.07330923652123583 0.08080046965546764
0.05138403690010945 0.20369939744565743 -0.07280295759742376 -0.3848177467082726 -0.4257291965142237 0.19587989796853902 -0.13667188208783212 0.0660312022824845 0.1270507229169563 0.022074756835838632 -0.026119339340635143 -0.031844808482332954 0.2554577563734202 -0.1445437701421383 -0.12703399670079024 -0.018814919892097385 0.19513706136968056 -0.009703823736932186 0.6323945355137447 0.02751601186450495 0.0025194678496173986
-0.1155588886646175 0.16437865957538825 0.1155755816632594 -0.4483618858432784 -0.26997966677956237 0.18348685492944683 -0.37445690581074936 -0.09695281132335233 0.09364941719436186 -0.03277614360318024 0.04145874961275584 -0.0697414450435989 0.35163746673322244 -0.33509456396891707 -0.0939953102006354 -0.03511385813013522 0.17000733758018644 -0.014552011435415367 0.44348542426546994 -0.01669304496770782 -0.0236777973767911
-0.1562550457420926 0.3016439000013694 0.03630233594503087 -0.4838184109808448 -0.3189065279465556 0.11526784746625011 -0.45198630743795637 0.08918245010972604 0.19249469170064204 0.07539866994941695 -0.15629802155246952 -0.08045574122536311 0.2318828488134384 -0.19893535178503033 -0.003878836977783512 -0.05777043005199311 0.14484084207497838 -0.01932204584738134 0.35529576300666355 0.030702403202310043 0.05563571727975987
-0.16492097425708305 0.173483948656771 -0.06783093608488285 -0.447802102130864 -0.27498733776441125 0.12020632871180706 -0.46128106735251706 -0.027152278599011138 0.2037544066990198 -0.057148331905607905 0.07807573628601666 0.01905515335913405 0.2344450267703315 -0.24931166332616184 -0.12814220012318508 -0.2018960941205325 0.2128621701119143 -0.1037198542302943 0.38769098580276257 0.03136694585880633 0.03303524259899528
-0.19830388894776046 0.2161260294052812 -0.024094755739850784 -0.528832459758893 -0.28795899385388884 0.15848509889555656 -0.28596230710068626 -0.02431905931527917 0.1688541247573761 -0.08945537552742848 -0.003999553925291199 -0.0929405668373768 0.39452146372922564 -0.12666012347358202 -0.10537485554784723 -0.050910215614648084 0.18479441438529637 -0.05106551911402558 0.41768122173643424 0.005765329322590877 0.038934566858047956
-0.05545756129137696 0.20600994250062435 -0.009275449472989975 -0.34241907624570966 -0.29285195410131015 0.2906050177282223 -0.35098592265701317 0.05297689993080339 0.029394957219882934 -0.14860195168926243 0.11822579959066501 -0.07662228334635507 0.35348075081340435 -0.16300785382025165 -0.1836781003298086 -0.01594467028634228 0.08166284178724216 -0.13540384364710198 0.5114871353578141 -0.008735028625086126 0.16103069396386274
-0.23591620213205516 0.06289887916287035 0.12180818773413564 -0.3578248390030194 -0.36237109637424847 0.3383460851166522 -0.0814041038132873 0.050874009017542555 -0.04194881488804445 -0.20157507304353733 0.12146272486859087 -0.0420870461313632 0.24511610619446916 -0.2064018164621186 -0.1957003001455701 -0.1670968277236544 0.24146515923339412 -0.04501328206634418 0.4905521810849982 0.07874802615916073 0.08666681822164576
-0.13216943615343735 -0.007017082327176033 0.008556488302896344 -0.4416243721169841 -0.34219785377957673 0.25578420899000825 -0.13455483915423375 -0.011359840946135694 0.11445578782320699 -0.053296335135100875 -0.05329728254604781 -0.04569539573118831 0.2615407869502409 -0.22154180719454325 -0.11922930130301072 0.04195506660364839 0.26479230246728214 -0.014876512026817928 0.6015885930789726 -0.00496532517213292 -0.004295137293222766
-0.15894098549201835 0.1086619877375378 0.04172856708551235 -0.41215048024012685 -0.25082770696603174 0.2059617711954179 -0.3689088147940868 0.06027444746778758 0.16255498774596758 0.02376148897645465 0.12678584773059245 -0.05485258847642361 0.2899920499586331 -0.314024281169312 -0.1708463476513651 -0.045632645765244194 0.11515002812803718 -0.14963721579334394 0.4999026029338442 -0.006882726007115879 0.024679559793623136
-0.13952457945474933 0.01794451434037566 0.044867789406502386 -0.5567419687530663 -0.33409439398735463 0.25983263284101 -0.13475976856351746 -0.05352553711312102 -0.03880397910237156 -0.10566171383443292 -0.19483026347744248 -0.006218528277982482 0.14888839378356578 -0.2681057963529916 -0.05397443795649564 -0.1613125127691625 0.005041605670061914 -0.028462620219051805 0.5376633920891289 -0.010822246224678603 0.06628151150510493
-0.06390569122331992 0.17613463859779332 0.047523135980804175 -0.32905728857031463 -0.2076948362323929 0.38316420042048815 -0.17729842317405728 -0.042322585803301754 0.1973547034410872 -0.15156472543031418 -0.06220395432055367 -0.011761568953906815 0.22352329172362798 -0.4002965930528472 -0.2654532833903538 -0.1293067484021707 0.1522890073747204 -0.08032082768574854 0.4836091279646366 0.018916715448987993 0.06312288007087877
-0.213191276945231 0.11256320742704486 -0.14399174175620438 -0.6480289642858192 -0.09300891969942497 0.22967533261223633 -0.18270638450116022 -0.11429818129365582 0.1688329294814457 -0.17252151471125532 0.007935133435524417 -0.04394813400241714 0.2634988556205769 -0.2288937531949525 -0.13388912475414078 -0.15441079798493357 0.1307827590161021 -0.07668972629733184 0.37159316671197545 -0.001235732888546709 0.09182946507862792
-0.2597978295491739 0.09533437239036134 -0.019055633610820296 -0.3712004892464816 -0.13943064375206124 0.23813529195796104 -0.24101436387494665 -0.01656611920495085 0.11832284390305484 -0.09527006275834363 0.0035334969493056693 -0.01631449674193496 0.25347912768483355 -0.3193524179518784 -0.16431817360563417 -0.17744245881738366 0.14398734374852298 -0.041016305277300255 0.6088097484248881 0.019161580427241833 0.09613231910765652
-0.1886946638742764 0.11359049878480315 -0.03726310151029209 -0.4460309889884069 -0.20320479727994883 0.3454668110797082 -0.2463819297353055 -0.043793916112539605 0.1593397723172422 -0.15565809083782473 -0.09464280512626348 -0.043047677392801215 0.2633607377977986 -0.2601031711711711 -0.20029767397748882 -0.14447807463395373 0.2049740969518134 -0.11970633127962672 0.42789731148903215 0.036411113040286734 0.16940315510464224
-0.2888020655961865 0.2192634264440878 -0.08893024881851136 -0.4817657040492504 -0.11547517279483438 0.35813263166989906 -0.23486578184583998 0.03273642678112236 0.1369177806016682 -0.1589095490274405 -0.03675297634276992 -0.01981047323570661 0.22601807496676884 -0.2567221533714959 -0.15741432001892577 -0.13295203539335512 0.03413666867750166 -0.17595443131819216 0.4218099168512697 -0.04718885204236802 0.11497588467396996
-0.17235538180170984 0.0912858429653952 0.05223729005943907 -0.5110656101810032 -0.14362154857101408 0.36818140606391153 -0.1963798719535743 -0.004145376950073147 0.19769560420946852 -0.2919365534920814 0.039881819473857764 -0.04238333088948619 0.2961295678057081 -0.280525749417935 -0.17935172210215053 -0.08566582255651603 0.038147111772556086 -0.1423076328974642 0.37666478070440546 -0.009632437744696456 0.07752731372546877
0.2436756697165847 -0.08087184744255836 -0.18977231470334802 -0.4266557543565167 -0.11162489833865569 0.24954901266676527 -0.18925946978249783 0.0435851607285173 -0.05690448839434414 -0.23000920245253978 0.14287291912169844 0.019100285942673875 0.1725937923448835 -0.14226326435420972 -0.1937347311137746 -0.20740327093389035 0.25804254340174637 -0.2259646790341354 0.4797049118663899 0.07691198253264198 0.20592425574840906
0.16958752120719695 0.13948496984511108 -0.13550594821865544 -0.41732151682858937 -0.06893016872010153 0.26521000325068517 -0.009634338165476361 0.09294429094478886 0.14840827437070067 -0.09154302518771221 0.07237522599634529 -0.0038393877860874353 0.26385472874893606 -0.3074607846876126 -0.24825576014366724 -0.27096560463689806 0.08362279647462591 -0.25393992401493326 0.45337299251405677 -0.000551855290786383 0.25210574928870866
0.11789003119725643 -0.14929277530440777 -0.15993135697417193 -0.2950375344326942 0.0962944904366941 0.27347861411272506 -0.19117624809926995 0.07405192065545112 0.1250702608001633 -0.05608063566985381 0.0646704305363777 -0.002366162861227021 0.20318219232415388 -0.2991914111968062 -0.24466832598836405 -0.2606914224749728 0.10734094539645132 -0.19322508719041417 0.5592699685055225 -0.06711574325233069 0.2781208012147799
0.09526198260257825 -0.13026842882560288 -0.2192924708573825 -0.46255201839389615 -0.11886075744399471 0.13042650203681083 -0.15050263612237832 0.005059651886385442 0.05068107387075309 -0.15779442995236076 0.019089267305419967 0.06944290963804912 0.1675663970729757 -0.18086254114150835 -0.11797979783891498 -0.3511326719140416 0.07095551130999533 -0.16089342816514368 0.5387514002160047 -0.014599470098746794 0.32565476966355894
0.2585639638161552 0.09070379588960681 -0.03166627895219239 -0.4085819327076363 -0.14048361237508875 0.30457433171594045 -0.217541620517976 -0.006443438511848301 0.19799461264788187 -0.21441582458638273 0.048211996641768645 0.018493524971689452 0.0588245605305005 -0.12406745980437144 -0.24423955419181229 -0.2222927769548752 0.20664484495799595 -0.16373114303997355 0.49711083767924147 0.14040759265529426 0.21213799255307644
0.17206636830087849 -0.0942876809274069 -0.22895516357754317 -0.44095429707917644 0.006675757611553108 0.2845014084883187 -0.17907027389914548 0.15324565116330502 0.14849506459899248 -0.12592681634464062 -0.03064503168509362 -0.027021078884784482 0.21491286285201758 -0.30488929065454945 -0.2160059424936835 -0.12990978825126073 0.03185092674423282 -0.20147569467588472 0.49931780753442817 0.07434762268010008 0.1984825128604644
0.309461240503828 0.08655083977888184 -0.2460555472904231 -0.3787089884856299 -0.006585472515598792 0.1705297318789546 -0.07853807078214314 0.05344124684027661 0.1861832440009935 -0.05387755983215968 0.051549461338060584 0.021621214256966215 0.1810002215700364 -0.17307104149856406 -0.190219378836491 -0.27859983303699204 0.12383249663947109 -0.1867463520625905 0.5784313194513002 -0.09448774629880312 0.20905438532926587
0.3903313665977589 0.015363467514799264 0.12117556421679138 -0.6217062173743814 -0.18804578515917408 0.15379115661200604 0.016627358970050975 0.05122401050194247 -0.03471785670623641 0.03714215596093043 0.04015069154045559 -0.033860001985910104 0.27775799705191145 0.13806324793487462 -0.06911722184396105 -0.11634766645215054 -0.05970553842852796 -0.168815030682805 0.11437591210735285 -0.23301087073023127 0.4061802324112081
0.20465027841198585 0.22572417313461804 -0.14533079910997332 -0.47633205422245184 -0.2686467279413725 0.2538192705242962 0.027277952067341342 0.0328186128789228 0.2639707745188419 -0.016865324598141825 -0.10744964344449659 0.06913409138313246 0.2737702496237296 -0.14385550583096274 -0.08936920524834314 -0.39784702969121105 0.07611942899623539 -0.049091530287434675 0.3875278818183611 -0.003170285513220133 0.11891793995269648
0.33236385817987635 0.24116742441691671 0.003997610655239565 -0.4559809099363324 -0.3111007397458059 0.257022216077196 -0.08942870204641724 0.04445315885983296 0.2998547551520998 0.05739487874477047 -0.08599404610019827 -0.0020032379621475567 0.21515939462003936 -0.22399832542357612 -0.13763744275219003 -0.2890355649353296 0.1307958937623728 -0.018099077200417386 0.35996751880720684 -0.010890258705473024 0.06268551544015827
-0.03095185572715559 0.020084039333704676 -0.2282294556236664 -0.5413579890000773 -0.03970325864355949 0.206928686394336 -0.18493905182520567 0.06723210115077136 -0.043406960406350635 -0.03078029911020463 0.024051406804946603 0.0191641843824584 0.20047426332094972 -0.2971190588622492 -0.06682738615838513 -0.24593964757061382 -0.09140700673949712 -0.07922854912781147 0.583663029844235 -0.02086216802833016 0.13203654921771185
-0.01539981294096965 0.0349198568985708 -0.20379112744203506 -0.5096805765339504 -0.030352853223357647 0.24323360779549194 -0.06769462782853125 -0.027918878308249018 0.23590706771326095 -0.059775108648199876 0.009037965196058055 0.06954163664017225 0.2577317957739273 -0.2626368122344814 -0.12797506537295386 -0.31822704953399883 -0.050080209913803124 -0.09495125671712495 0.5230726971567219 -0.03764307138863404 0.16749277985267166
-0.004878771434560311 0.08582893411295658 -0.03718747925382383 -0.5407211630685 -0.15299865926653372 0.156038206683499 -0.18143007138463976 0.07736492410964904 0.3137931205742488 -0.04667758898031256 0.03317635899823093 -0.039562041611837157 0.24879355053269372 -0.24763357197436417 -0.15174323993928351 0.012104131845050142 -0.09492771814803312 -0.1040073587442902 0.5807513340040703 -0.003575558990979425 0.07328717879693714
-0.11602106230098097 0.09437352303492105 -0.1419390515107806 -0.5047853421063989 -0.0033098405839509775 0.15247000132874655 -0.22548252574966388 0.04579217964821405 0.2321501253619354 0.03780163176378107 0.15027135798883554 0.005469191139425423 0.13776864482513937 -0.3943015437988784 -0.013878774938300318 -0.15793146037857758 -0.18138823452501912 -0.11729236638003365 0.5446185773136708 -0.03392960734454458 0.06736283329724709
-0.09349347377512485 0.05853370915127727 -0.21093804860259113 -0.49113967726700597 -0.1887942574848576 0.20920590864994934 -0.23443496230053706 0.07814186623130784 0.056892701234755344 -0.017365660091524102 0.07047034503490043 -0.05800863547993495 0.2759765316110851 -0.10118870741759911 -0.12116457913808866 -0.17475341425855057 -0.14883777505794163 -0.07230466996621457 0.6057010389568961 -0.05607343552189475 0.1440610628404305
-0.20062196489116177 0.06761987393995508 -0.08398682218046073 -0.4416455565334994 -0.08319326857488372 0.33700173045927156 -0.06452482236920465 0.02527820805444131 0.29372820342246075 -0.07398326403639859 -0.03971166826655171 -0.01547686292982508 0.2244540727197012 -0.2369312698509609 -0.21247026921369408 -0.20527140515292064 0.029478449570507326 -0.11890556699485157 0.5490203126429175 -0.09282922444175921 0.12397433009964333
0.060299536084942255 -0.009064307418536127 -0.2031131119226987 -0.4871516524486592 -0.028567029122604653 0.2097342646962693 -0.14267903595093853 -0.02213641955760222 0.16926811759333552 -0.03132984408179527 -0.036941812496112884 -0.01610330333449155 0.2823056140355433 -0.2931089007547333 -0.08276803924536617 -0.23494452076583636 -0.02857331670632494 -0.1311308027793505 0.5874404967897171 -0.07424252929385676 0.15662766591832944
-0.05655225672026961 0.05121635521642183 -0.26760160571503716 -0.4693291962566018 -0.15272750591914067 0.17115308494793863 -0.1494736557383089 0.04807479763800843 0.08268599491980018 -0.017495684183547806 0.018761749741351356 0.054564198770315625 0.20855519973878464 -0.25554711801078117 -0.17570837825503696 -0.3068403329988146 -0.06354942394223928 -0.11294779632375573 0.580835414120087 0.07220483191785049 0.1461170116908948
0.05674047576363604 0.06263715949980068 -0.13114793986719342 -0.4508413207521548 -0.0038386911496602867 0.28399763768777014 -0.12359935617847902 0.027245337830588284 0.2788605107547773 -0.06527015996565264 -0.0062102544698569954 -0.04013104757754402 0.15354668552732226 -0.1741743491361691 -0.1521147957892066 -0.12048161539074605 0.0668584471324163 -0.11529787026212467 0.6693625029989086 -0.019572326156932992 0.18514202660780868
-0.1691510566982764 -0.009195702423301234 -0.07563571112975702 -0.5498102007228243 -0.054237141357020444 0.10983782905678927 -0.27259669566735656 -0.004416287986894482 0.03539979204469022 -0.0691808364728606 0.1047976823179136 -0.01647277271033891 0.2872246314781847 -0.2916115821948489 -0.04195521490718562 -0.05582624515705853 -0.12712317834265227 -0.11147700278234265 0.5790643509561971 -0.04108246327673434 0.13660524821703762
0.15117340659912212 -0.17280616941466218 -0.22250804930545845 -0.5420037868853504 -0.10010684065216591 0.2651238631085549 -0.08583685117144668 -0.00844141194473449 0.326790687333603 0.12854565380031685 -0.21689367766028522 -0.02466177491008373 0.18391681818240327 -0.29751384946438103 -0.02960662305670906 -0.049323956193994246 0.1471959760143133 0.07611209192104787 0.43239033429391305 -0.03726656532987169 -0.061879098052749895
0.08924478025750805 0.014725606052604848 -0.2827568989415031 -0.4973357234829793 0.05005229550081769 0.30234989305148324 -0.08812565992585364 0.04727628269326589 0.18708445844210378 0.014367486528432715 -0.1821177274017861 0.022593435357868643 0.06747673322537896 -0.4557406036389839 -0.1637150107953962 -0.16221871681483405 0.08303170128508666 0.13514563032126606 0.4461621786328842 -0.02324341145653851 -0.03985407121539459
-0.1378939212627092 0.03998923226451943 -0.146989409753691 -0.4403321620708469 -0.29638835907802635 0.21343543548240826 0.19936220625417042 0.0576404778398988 0.16878727269821556 -0.18599661040227958 0.15056176147665162 0.08217678251778715 0.19161389236674747 -0.13088990219884272 -0.12165747427971411 -0.4192355090873319 0.11378847643937126 -0.19927459190504737 0.3888665604395738 0.042393048788193416 0.2117405570903985
-0.026022760876558245 -0.05426486562492573 -0.17212900152770969 -0.5100199558395124 -0.34862553887541725 0.16206217669911793 0.1401608886972475 0.04967513339855317 0.044626927259255995 -0.18065155008952327 0.10087555175685685 0.03523883304671216 0.3917134318875868 -0.02016433461553393 -0.05305008026459262 -0.37852425418504726 0.09573477939616598 -0.15427497486678707 0.32338654227719976 -0.15181541318865774 0.17359423608352653
-0.191077775916849 -0.020163069056300977 -0.23816602913138804 -0.604766735230376 -0.37005586993477113 0.18922039007141275 0.07406374047042284 0.09391730383146231 0.05270451313154067 -0.12155642708177777 0.014877449234459923 -0.04192062650162339 0.3315174515931363 -0.033389950606743754 -0.12918100407247965 -0.3157223120943999 0.12197831084005137 -0.0973854561118474 0.2558184903300766 -0.05720238510618052 0.11648174198093197
-0.15788031653035461 0.001595801298655603 -0.10411513103383625 -0.44717141807277466 -0.4287844578081844 0.22839339699243777 -0.017228692198211402 0.03411043202693823 0.07612363629962385 -0.26932122717451457 0.11452113246947808 0.09504207228365061 0.29246339506588626 0.11340606801298221 -0.07193312254188708 -0.4320116015323031 0.18094426478044345 -0.17621183059222117 0.17408968702457472 -0.1157504551944663 0.16914847138188027
-0.18720902416227406 -0.1617361404718683 0.021337426776167286 -0.44402090183140924 -0.33933918982618094 0.2026845747155861 0.08629763463707839 -0.013820166353013873 0.1169309157699833 -0.30667559168987046 0.15110694799447025 0.10369018064408704 0.2888840881904234 -0.13748581420985737 -0.10496223545342424 -0.44437131957838144 0.20158539407054843 -0.13168493015646382 0.2537123962344957 -0.03206567219921707 0.042321951192188026
0.17946290730311076 -0.1111426664399797 -0.13351785202800942 -0.5256440391817492 -0.21641321502417468 0.28121505764125804 -0.29518514986649763 -0.05880678711339453 0.10901348127120676 0.01600557001957835 -0.00792974563440316 0.08070666540830565 0.3326489687781978 -0.13410210385570726 -0.056215363166267365 -0.31894826207519306 -0.15842619352317294 -0.057954710255724254 0.39537836155943057 -0.05037888403214479 0.07238423160436774
0.14363436926172424 -0.05164070762792925 -0.08115757938890414 -0.35785307965863977 -0.25710281049340106 0.15428238232505334 -0.292028545276261 0.10263840839690029 0.12875404979859226 -0.11601179835448899 -0.0015354180958752016 -0.03104300456605313 0.38555665748903173 0.0033491937405320305 -0.09178978422484882 -0.43440831661721757 -0.036855661307785774 -0.15510078535606386 0.44000989288451114 -0.058298035028282603 0.2389798557555494
0.20218800823808109 -0.04577230660233869 -0.08570452122262237 -0.38704165967023946 -0.2202821867825392 0.14955959499048924 -0.20696670825408134 -0.048639458824000795 0.059354043169467054 0.06409594096599504 0.001459486686634172 0.05705029537028748 0.37790944102963675 -0.22841889581456967 -0.1323252600848565 -0.3638171388475892 -0.17774307030637831 -0.004513521255906959 0.5352928984605415 -0.05231066740865652 0.08453117479155592
0.1967525763405478 0.02966679671108246 -0.1101661868950432 -0.49022041435545904 -0.3058726848160058 0.3588288433314942 -0.1527549783460965 -0.012269777302018451 0.04509492575011202 0.00498161036019972 0.08123096231237756 0.028064915668137735 0.38911660968586187 -0.019913133137940145 -0.14183013108803386 -0.32015767616766966 -0.20785158505871665 -0.017259062292268947 0.35468489246998797 -0.08487405275876539 0.04219227540396453
-0.26027335810617697 0.0843997889374464 -0.006010206260930674 -0.50871357775347 -0.2515727011743926 0.17102034831612994 -0.36214106007137936 -0.025811332653103865 0.1957695726494442 -0.029532758792051444 0.0014236233966135703 -0.03798875994143645 0.28477273868105474 -0.21468878135472688 -0.11938976147915238 -0.09450515160288686 0.18215532571838436 -0.005886065479542011 0.46560827846770975 0.017576207960449865 0.025089145822037303
-0.1224087883671729 0.17066379078095967 -0.00395697026878547 -0.39973487649507483 -0.3336436070197305 0.23341862559843563 -0.34962790455161097 -0.0008753603968622665 0.05999991933743582 -0.017076213108561986 0.038381256686074124 -0.0519362766286986 0.29143365473714045 -0.2044022215328051 -0.06281485788716723 -0.08550973326170223 0.21266953084757115 -0.06627225100636641 0.5500062503082387 0.02242913576717856 0.09684910660415169
-0.23332116838550404 0.23829231633356643 0.061869301031452044 -0.424083393704625 -0.1574903919328457 0.14314648714136335 -0.3004907119922763 -0.016559545170884458 0.08719558979322216 0.014134493940592427 -0.06907012974611101 -0.02079962702381208 0.16653403792459628 -0.29557232228009617 -0.10318276217623461 -0.013894890502600213 0.062380147136221996 0.007862597479059954 0.6512142255167103 0.006722689366726443 0.047113490894315706
-0.27821806342630995 0.23640855778845596 -0.01184966998346208 -0.29869434456492494 -0.2726725191266424 0.16474837463093525 -0.5140380904199641 0.08900380302696494 0.1378717495908085 0.0017528609563689556 0.06426259706068475 -0.04923184688637162 0.18037668320235928 -0.12614350018175802 -0.09017231835648327 -0.15401453040586663 0.06293565248849249 -0.05652751206933324 0.5327134418010945 0.01377540872118139 0.08187540455492297
-0.1902732314947146 0.13746167342300328 0.05271670452801411 -0.4154644809754575 -0.39323206201889555 0.09380951013631975 -0.31418880652198167 -0.0815423758092631 0.17759255605759727 -0.16843845605127167 0.016172421032417027 -0.10082764281678559 0.314393008025967 -0.0916249117687674 -0.15835271481279284 -0.08717653997132642 0.1733870838723576 -0.0953751295313669 0.48350287789061186 0.08970322827719744 0.09737632154092177
-0.02524852921396387 -0.056396007748207556 0.038747081327453366 -0.37633877208567185 -0.3785076328380518 0.08069124459767543 -0.23361102655558635 0.05439070106989394 0.1593045698243894 0.02154765017823253 0.0029825995980176916 -0.08824142258349872 0.5663680311414968 0.010961884835734365 -0.056359571066552684 -0.2837804555055249 -0.04355158869388503 -0.027844219086110903 0.4408931564782215 -0.0571861291039157 0.08468063224315248
-0.026009445343175026 -0.06263513914185308 0.1423535768343049 -0.27905322200769694 -0.4402416341379237 0.15888921032897477 -0.42113004118958086 -0.12870593025641647 0.031250091106806745 -0.006018136739970827 -0.015666340290333043 -0.028846540285970813 0.3028592341004261 -0.18066894777482922 -0.053659895456660875 -0.30055311966773035 0.08526753292973442 -0.0629055264771542 0.48958481038819107 0.00804496596841026 0.11678332779041342
0.013973984959171543 0.04183463880972215 0.08140384887881921 -0.38686907798206877 -0.2738446479663505 0.1369601837428677 -0.33205146489779075 -0.060631503601923945 0.16283770849360935 -0.20588543137892895 0.017796685946113402 -0.012613007681183052 0.4663359475011068 -0.13397260491301077 -0.1413307257078705 -0.34739098486658987 0.08336053658476071 -0.16271614975372195 0.32465965211150655 -0.07607086833053511 0.20977918483694222
-0.023590654887123377 0.0007617080906553105 0.05194746450431582 -0.33393606103468215 -0.19040273123925855 0.06883855122205267 -0.5230474957861714 -0.004842645982773632 0.13647720145412767 -0.04548685085616078 0.022994102709413787 -0.08460767236602407 0.3782149647565906 -0.15107395945389862 -0.10868017826935264 -0.30230330574275754 0.07245122362855841 -0.061039873347638336 0.502442799220385 0.07150932255004697 0.0815398998201973
-0.006725887162507813 0.03249196842608169 0.07726414099911048 -0.3785223813326913 -0.3310364777595373 0.11157391133066395 -0.33379356072263383 0.07096954338220132 0.23777204436081464 -0.07042171953345683 0.03773874202514158 -0.10718682745617561 0.4337894912252693 -0.1431853255065839 -0.08897504041145216 -0.2581279167060557 0.06415570060648541 -0.1411767705246717 0.4592458441422653 -0.00044735646524187626 0.13629995464577876
-0.06315572255261787 0.08506304594275627 0.1472023604918815 -0.14119731037545435 -0.4079486349872443 0.1584749291035912 -0.3797351296223445 -0.00503010951925309 0.1403686297838136 -0.10287876734516403 0.03772741735260622 -0.18074470524088693 0.48699287687000975 -0.1416261255973121 -0.12157150333863401 -0.20309822720129542 0.07938867271345704 -0.17431131504933398 0.4224484194379113 -0.02065979481048908 0.13492784524101645
0.013321518300771827 -0.06171313462121912 0.09841253085935026 -0.42833655594945247 -0.35927747863421167 0.16691083539380122 -0.37056472661828077 -0.022756755093742382 0.20826593577054966 -0.04557392813079092 -0.053468030121711654 -0.06200091318871758 0.44011282804313845 -0.1222403393760409 -0.07579533746461802 -0.20882833872409146 -0.031151188069043566 -0.09394582003280284 0.41845317023871226 -0.010645740178846053 0.11365622253470618
-0.15963924762720313 0.1628648835466092 0.11750386373287305 -0.5154241826839874 -0.3107414481376624 0.2459597550099039 -0.2577405184305424 -0.027900643322098524 0.272979219010635 -0.035157498546990074 0.07469078339373078 -0.033684594327597156 0.3600528437486312 -0.17345985379767218 -0.10187089959471128 -0.209742624849119 -0.030078076941042933 -0.21559415978808735 0.25023689845253894 -0.08425231214115735 0.17490124687629577
0.21422161338910226 0.052303399455781795 0.0496047120797415 -0.3460672798012401 -0.46057864840000773 0.21185964197749588 -0.3339859596855347 -0.03813065225471597 0.11173488050130499 -0.049289502289886475 0.05904144674850548 -0.07962513064529024 0.38189691722037394 -0.11091942494510537 -0.0674666977884395 -0.17940101603683206 0.00927599495212869 -0.12263178697379253 0.4568220136638774 -0.07608891252168841 0.09953380053525736
-0.03872972562532212 0.013055086422570207 -0.039004190265723465 -0.47440801179175496 -0.1326059109799115 0.16723918609156627 0.018858393595990754 -0.02302137635412285 0.17067311999239293 0.021444779762996736 -0.03140400149517797 -0.06067828121571532 0.4366167340319436 -0.24469471583867475 -0.07739224612679053 -0.2600278560702753 -0.047820772372720075 -0.051730598170544456 0.5958302172535899 -0.007395694708974431 0.08309141931567038
0.013845496740397721 0.011141766961633876 -0.21367366078019834 -0.46484708346855136 0.02163272658119097 0.18652830846123444 0.20623757899724202 -0.06931664691588242 0.25680826203553053 0.08465198304051753 -0.07099930463127571 0.014806297111366475 0.2872088060384521 -0.30976044494096444 -0.09668897060748224 -0.30086173288117457 -0.05008930340756755 0.025221217162805894 0.5392763858335019 -0.048315864291708574 0.04861446565009655
0.03725005463311902 -0.12866885109949786 -0.2346414312748076 -0.5783180578592623 -0.10502448583380151 0.2368532777576199 0.056168239962014165 0.036055249953517 0.11826110382874284 0.006290268171573278 -0.029121546705048077 -0.07504078800681163 0.38187427565745535 -0.1815870038258471 -0.10265171226311683 -0.20152448268199866 -0.12894510209364843 -0.0073685578207207504 0.4893222536460284 -0.06123964003615244 0.10315271392389859
-0.1495657681815243 0.020894420702398504 -0.04895909918408792 -0.5761931171296907 -0.13233950854426085 0.3579169092433194 -0.26428791497323906 0.005130594254140012 0.28941560372358044 -0.13853298338004627 -0.05015441053960617 -0.019687742337864616 0.17148785521730134 -0.20156339782604105 -0.1312457198150712 -0.18573249378550238 0.2772522452744399 -0.09130459451702948 0.33388994123265464 0.02601631560470511 0.048237980676158754
-0.3046659378161561 -0.0413615254153311 -0.1299750308026975 -0.599819313334996 -0.2538212497753554 0.29864505670207797 -0.028119900113744524 -0.08978302355142069 0.14024172530431928 -0.042913553202277695 0.04295253040576532 0.07538136071739565 0.23099299845254614 -0.20771679330302126 -0.16559651372118128 -0.3236048755963481 0.04094327795362904 -0.08440235864237784 0.30709684757870614 -0.009224476428461772 0.07381561574781147
-0.05584954837135158 -0.08277851436512425 -0.19059756883302814 -0.5405671860663034 -0.0571605851669938 0.29298404977892994 -0.019114623866474077 -0.04648953753486356 0.05846454598783321 -0.1219160794292328 0.0889398100977124 0.009784411818712457 0.2322256925345922 -0.34997052550128227 -0.1442118305760114 -0.14696875196479808 0.25201950952750113 -0.08500749639381737 0.49983169425179125 0.017381240142980894 0.06235378744153991
-0.16300381114033774 -0.04826490622089621 -0.12038643497779265 -0.43424744905136914 -0.20510261105910002 0.2979839042847798 -0.28079259620555397 0.06782207297709154 0.07771780387318387 -0.036578180599605443 0.13809868981426615 -0.014931085567143336 0.19695914437858997 -0.23341268307694696 -0.1902899941865682 -0.20532657028692564 0.13457162334495987 -0.14522562541029935 0.5596378774578444 0.020125461370948717 0.05113947818816651
-0.07041865518437436 0.10855892037785701 -0.09585867130908943 -0.48421313967828417 -0.2809860740990837 0.30086768693323357 -0.10049926539410972 0.0021937786319097545 0.1304808391849558 -0.08086255662549756 0.08919561131879568 0.010968752290237567 0.2858412397368479 -0.22896862783629104 -0.20952138658437458 -0.1798111242494047 0.11710211334008368 -0.19554586302913482 0.4945128128880909 -0.0727800399302755 0.1274019341608576
-0.21915217089422287 0.11803744468332399 0.014426736675796 -0.5304219155670356 -0.15123039180515188 0.3452087856826125 -0.1930308858437283 -0.04374351034293228 0.09352493982694529 -0.12388914278004663 -0.07476795780985807 -0.005195021070628091 0.22061679406215332 -0.29646791693959934 -0.12282014283199573 -0.19522576692381194 0.13948887480516317 -0.0892250360275462 0.46919971926493137 0.00282336811660067 0.09066222752924684
-0.3025120894719197 0.043013471363572746 -0.07023514715625058 -0.42227012879886755 -0.18793645592507768 0.3414838592903149 -0.05821935324952077 -0.06819569361556482 0.09156352582399103 -0.09765999624592127 0.09054918598108806 0.02264582402060388 0.20782358650983127 -0.2868485397915901 -0.15980025417642793 -0.23067211251369224 0.11896203394968603 -0.19403087793027976 0.5071240749465651 -0.018279063477207196 0.15250915465844617
-0.21727844756146567 0.04765329370569362 -0.03693527745078324 -0.4598442904107875 -0.10852210858223883 0.45127105188864874 -0.15561411688626464 0.024883245185811774 0.0529251478165832 -0.23113256130229728 0.09911372789961775 -0.0245706946499234 0.2660301442656242 -0.35671910853501887 -0.1496653064756143 0.021550591247258125 0.20924294411899355 -0.12776174247210723 0.3832282970505568 0.013713768970108054 0.05241919697812052
0.008948242175371957 0.12310665824005496 -0.004987668613442024 -0.48696009752706687 -0.38493972053753817 0.15744125554941638 -0.2326171945028277 -0.04426435578908214 0.1349661565233377 0.10791827790630391 -0.12327196082881012 -0.0686415527852786 0.31165181065216335 -0.2671096599559215 -0.06213725587345236 -0.03907945253572932 -0.02261004296207098 -0.05246947668824076 0.5333619709449057 0.0017019387741224552 0.08484436861431992
-0.03254855640785388 0.1135848407780321 0.09371967578543206 -0.4585178896129686 -0.35250198815893014 0.1288345588338846 -0.20494855358957706 -0.11037467656045356 0.10810073690335843 -0.04649970761003526 -0.02381823947204707 -0.056023274717335356 0.3604062878759421 -0.17530459335193388 -0.07779932461122636 -0.2506131372753199 0.12674028351623787 -0.03770282817983016 0.551320466615389 0.0034888441610216063 0.059038603821513276
0.2158037907668108 0.263556455675114 -0.06019966829707956 -0.4317435912670199 -0.3878965852205731 0.14980031656572437 -0.25841641714985497 -0.1205712439887607 0.14463251784885814 0.1096793744218154 -0.0770915130125764 -0.04514212473399296 0.2632254167860085 -0.2080660469591861 -0.08599459243972805 -0.20737344698814314 0.17201613309067762 -0.003881100576505706 0.45203441439205544 -0.0031606022200892825 0.04316423210983672
-0.08143734351235278 0.16588648836857614 -0.049442161292831764 -0.4348351549090046 -0.4300473154067152 0.24446345592568627 -0.18672512876795816 -0.07599499690438255 0.17030932748103272 0.1453312752792361 -0.07372965302404587 -0.028579552509468885 0.24102420835889865 -0.2110929013598573 -0.11210148960739036 -0.21174606573071167 0.06410265514453989 -0.024826318490923215 0.5137832781997758 -0.039773228703923885 0.047570159690164406
-0.055305426607385126 0.2590464381468342 0.07784123946286768 -0.2911130183519775 -0.32894650249668167 0.18679255240355597 -0.08068721211820966 -0.008057740833782264 0.03930821815458235 -0.03220178757802122 0.02684780219483349 -0.057407714091175226 0.46218558005189986 -0.19778064043157378 -0.18251701548938673 -0.10209945916186448 -0.05253270975940962 -0.051301445619862406 0.6151971311249973 0.013000472242149928 0.04755577663652736
-0.07601678042738313 0.14108308155633226 0.013966047788902773 -0.35101546930875066 -0.40512354443624765 0.21277545629257313 -0.06325579227121876 -0.023803204323875966 0.06610817905357773 0.05402312448697645 -0.04697056554697035 -0.027921709138971282 0.3229405531949509 -0.3401228044883644 -0.17047057094365572 -0.10229302396157927 0.03488394581479157 -0.07882503066508839 0.5939034710275404 0.015477091861628262 0.08233917188051927
0.05655963005249058 0.07450894417979353 0.04851761467868012 -0.4279866083772842 -0.42187946931602494 0.2635258779795476 -0.19951289407991524 0.06906938769396802 0.04341271964244498 -0.07553202894518184 -0.025197983523358225 -0.05873357989231062 0.34497231839806886 -0.21913315963065538 -0.1273864860349297 -0.17908418121275052 0.013524608270918321 -0.017206254810172572 0.5347328246362741 0.010334945139393746 0.013992069816686492
-0.10691749749371926 0.226176504381401 0.15936809536693236 -0.4291412863089634 -0.3632408901383532 0.3395650234754099 -0.13472599064509286 -0.10983524463252499 0.2459694165922647 0.036746354499956176 0.032889189417582135 0.0015641079900631607 0.22314272550931738 -0.31224101743619187 -0.16002323387340786 -0.19710213453376244 0.07624578091583085 -0.14117445827348618 0.37794496441055264 -0.003212679199842924 0.08434220521676328
0.06972873076809001 0.07894989218088826 -0.030975730938253024 -0.43161294152476926 -0.5210215288375633 0.2728748975883415 -0.2524269563836143 -0.030518600683231815 0.13819134827018292 0.09201136179118082 -0.011056516631052797 -0.011929719707179673 0.1715074787790223 -0.18970937678315022 -0.2209327048143483 -0.12850628107341097 0.042513160691956896 -0.058651055575348165 0.4644958944788907 0.07516390349944566 0.07661749084316102
-0.033286864870052876 0.2424123547015058 0.008070595611709737 -0.4024807511282448 -0.3948731924371409 0.2429435317851443 -0.17658740549375634 0.03390914854858205 0.3010928515003971 0.001415699374412364 -0.03741722307166472 -0.06127015837239082 0.21409491608140058 -0.08449688382124086 -0.18745000219375615 -0.08780582668733611 0.050381007223258084 -0.15068930226102797 0.5027397480817957 0.058679281305919574 0.24025042794420587
0.20737864659010893 0.2517031836217023 -0.000370804355154074 -0.24713390045698053 -0.3157623312487726 0.28955941975599403 -0.2742028053247628 -0.0338424791244786 0.06277144427917378 0.031405545190512904 -0.09070475549991851 -0.010523804615151582 0.26321446412165456 -0.21072616851770304 -0.1185221147022022 -0.11728290100899792 0.05513860783838005 -0.0991148745480943 0.6142548642818937 -0.03715752216925258 0.16239689108488561
0.0791661690396209 0.17080637770877743 -0.036524556572843675 -0.44356703306330675 -0.3379641578594367 0.22871108907853957 -0.11726397121402733 0.01972843707907087 0.12343513121296612 0.054786212269121295 -0.12152805891240849 -0.008298188319087001 0.3336264942094538 -0.21512367737527394 -0.10435411310953718 -0.25477553358737154 0.03417105169367234 0.03424001550333174 0.5624607398988479 -0.0004577572963938906 0.025305103584739235
-0.007034497831105474 0.018469248855822008 -0.31806693400053787 -0.6572350400668245 -0.17252148549881152 0.23564906405630293 -0.06426017737072445 0.14743573302898755 0.004072540080208437 -0.21292685574759246 0.1269844108395322 0.003180298360159301 0.24020713315419476 0.10522699128272174 -0.009690242992317626 -0.18332243374101434 -0.26534992235784116 -0.01635311780741186 0.2891942019320666 -0.15370405624349928 0.1158667453072029
-0.08577783631109052 0.10509690330768229 -0.1894033111287057 -0.5131159710835017 -0.28219001432138663 0.12653625862644036 -0.16323453256234316 0.23540889657373407 0.10857243768508251 -0.16728853688453818 0.05247210083942183 -0.1300830764688431 0.3538674678310379 0.0919908648490327 -0.08345184501145292 -0.18460777143214335 -0.21612123075184567 -0.052620397994480435 0.425297442394638 -0.12023190642339261 0.1604421402577951
0.21586629500440213 0.018992869915863516 0.0878799364250359 -0.5908927793482152 -0.07740165654056577 0.14054447333795386 0.22251595444949046 -0.13780544419826185 0.21481032967368166 0.10225281248662871 -0.13973338595307855 -0.060264428851448844 0.35904496268719954 -0.184240954646677 -0.10009808441332992 -0.13591265021859092 0.10374937090387648 -0.08271099196959225 0.334567830395148 0.058817757111390714 0.3127458559905142
0.09434855646383918 -0.10377534894747162 0.1890343790900521 -0.5007911599879771 -0.3157071477990919 0.2760844995422466 0.18472055903949575 0.04121969407599183 0.28060427217291956 0.09345487978512867 -0.09065743223310133 -0.0961995182975117 0.25850575570608036 0.031570426623950924 -0.1341667025093853 -0.05543667540636038 -0.1455297108274392 -0.2446040777273972 0.3382327604133878 -0.06087465508847115 0.2985466978216171
-0.026380046749320624 0.09327355352692882 -0.029011509914603828 -0.40680511532388225 -0.23460396827340102 0.23447695222310874 -0.30811514536586365 0.07734502386258872 0.20307565569699293 -0.08377677374913882 -0.06966596496837293 -0.11440847243028616 0.34357162535674124 -0.15729703044808924 -0.15951312865714343 -0.11139275222512278 0.039664938471083946 -0.0887644174207756 0.567993077289438 -0.055751612129623665 0.17698046775760146
-0.0006284617417823723 0.19566159028456187 0.03247378881244617 -0.40027900993790116 -0.39332620871521407 0.2516518732776808 -0.20672753096846816 -0.006987300501203252 0.15609064689174434 0.06696475140859119 0.010575392890289135 -0.047690557213385006 0.32101936102147377 -0.22269106784202747 -0.19370639777221638 -0.16437307682434915 0.04799286057912785 -0.08599219683824959 0.5149434426505564 0.04119396263596623 0.12098416818344711
0.07081911471906427 0.08834481297555927 -0.0526613745513529 -0.3123154595314651 -0.1921058666008939 0.23378763126269952 -0.3203206193111988 0.079079861959284 0.1468612146379113 0.04664437991352568 -0.10741552574289577 -0.04971633436722998 0.2975589362161457 -0.23759696718618079 -0.2537829032540405 -0.18100492861365816 -0.05360414722479614 -0.14847390686035516 0.5460468474801148 0.04395351061574312 0.28550402915599504
0.16111986748751642 0.0701299343275778 -0.04593535449362546 -0.34470467547588074 -0.2910049715681945 0.23795895862467578 -0.2407205663033649 -0.07150414434904671 0.062070309414696025 -0.06118872887770299 -0.09771487401620699 -0.0021683285124519014 0.27071358776118265 -0.17834262423542785 -0.14998804392680967 -0.3000095737013271 -0.025007431532119644 -0.09799774736751882 0.6048125256502921 0.017351498649337712 0.18097304658698635
0.06552672884162761 -0.03489555110950562 -0.04991961234414601 -0.35325895389384426 -0.2451706835950986 0.18027341857085238 -0.35301311564019944 0.10889627830923368 0.25614368649120706 -0.14417176625862904 -0.05804767489911952 -0.0607188182503837 0.27211116339399216 -0.09328150121840408 -0.24800473421011585 -0.23594563801204319 0.16925864894761244 -0.14062908614499486 0.48355687508461354 0.04687838439597437 0.24555445239334672
0.09193652326868895 -0.16613845276009895 -0.15797825793474538 -0.507472227151025 -0.36391711176971503 0.0664115564567817 -0.29146875122452287 0.10086653358177998 0.02600757537219954 -0.04278584726374519 0.052588236907339124 0.005536633901168033 0.17736224882170007 -0.18744419033151172 -0.041158656453376616 0.16257618913165117 -0.10029540532076217 -0.10115279856283807 0.5668863191450221 -0.015177029863634995 0.08708505890021535
-0.025530418730939846 -0.0529387876019602 -0.015524324575887049 -0.4476655648159945 -0.33506828663677884 0.16821971999992144 -0.10483987450077942 0.12428724297558584 0.0022529725904489395 -0.16389995490735523 0.06870728192474433 -0.04836745943051152 0.3057142026791106 -0.14510281255569749 -0.12836038382648174 0.16555558558162256 -0.1623314543557056 -0.12951611615573627 0.5935345719848261 -0.058547415586683436 0.19423296505048462
0.19369118249911257 -0.11770090896837045 -0.038116065763931256 -0.32732015532276804 -0.1504168340319912 0.07744264617984004 -0.3006835618874533 0.013413362098449939 0.2537007506507189 0.1632675614126227 -0.013614782762425604 -0.041310022462047874 0.3625917369212903 -0.19951009005387368 -0.0943135966220302 -0.35863689436993784 -0.1659801682669295 -0.09854905891585568 0.5165867384380797 0.017823970711773534 0.12116162636589288
0.11539995078865203 -0.10015489937575116 -0.029982740505916507 -0.4410095769545542 -0.227024144430859 0.16267328370418152 -0.3279402403364531 -0.06151084908277435 0.27283221063728175 -0.030675580484399077 0.03765716126873582 0.06486564199425238 0.35543834378921974 -0.08061112636906552 -0.15451719146709278 -0.3705799060751689 0.013211780970678075 -0.11855293562072308 0.420145413510063 -0.05060110018949423 0.15354765451453142
0.09912020285729381 -0.04405260271829811 -0.01183794465101925 -0.48319130301290153 -0.2485773308940409 0.05617269616170694 -0.3832444835020288 0.06497758713908187 0.16714428750961297 0.06405214623911225 0.019866874605119374 -0.09302016806093961 0.4016649174922554 -0.14645979236002185 -0.07258988857075083 -0.3382321868427718 -0.05144161543867307 -0.02901100667602172 0.43577964769373395 0.03226875566904337 0.02449962003827053
0.0539636389138295 0.20086275328905615 -0.08561682805726797 -0.5476326455132877 -0.42951023751617584 0.21431578337448332 0.20236182901400862 0.27798254102235725 -0.09275871849899515 -0.1784491881882898 0.07608119132621646 -0.09152623240731513 0.30247609058755676 -0.15243505243508146 -0.06277312393368437 -0.0006923663555904884 -0.035045714149737256 -0.029153821197672337 0.35411420694607604 -0.008637809224885731 0.006551717761726896
0.0857216192495452 0.08658406407777558 -0.21522206386649764 -0.5285292088566854 -0.25165004123530765 0.19024522538964925 0.08175121654522946 0.16498991006119068 0.011198363607650448 -0.29744936200368927 -0.04652508922479146 -0.04197327482828355 0.21448579608138285 -0.18939416228203737 -0.16244011834230998 -0.09132395081017029 0.0979380619472351 -0.18016230304707107 0.47297699445825986 0.02773465857545422 0.22452088120773783
0.04781150348933763 0.23222829973944967 -0.14966556380106066 -0.5597298707190191 -0.16998849350471507 0.22968788341117696 0.21255278050896942 0.1255476277797996 0.12911225980120392 -0.22195998312961893 -0.005859553467347096 -0.02868768723557018 0.3448911947151101 -0.2323578026179028 -0.1606101346516302 -0.13671921348158717 0.17856880977350748 -0.17136732153537468 0.30914993912156846 0.032667594884187044 0.152896888668873
0.08778815189986816 0.10123184591683008 0.14739428895150902 -0.23495525677390922 -0.2974527072104468 0.23361904015445556 -0.23972973574425357 -0.1330026346250199 0.12231988007428217 0.022984039773837426 -0.06507111396304323 0.016667388464230493 0.1864094535252262 -0.161470307112426 -0.17091550708551706 -0.40051208406383 0.36352836180619513 0.02483884784399018 0.5307864184964984 0.0023541835208417536 0.044102504553743545
0.17435487087662493 -0.06062221289011914 0.06513825722679287 -0.37090598791281704 -0.4879907962414598 0.18809745414132412 -0.33068572728097534 -0.16088162302130823 0.22304411769352134 0.001564986233077636 -0.0005983482789208137 0.022907884189941493 0.22131623065799777 -0.09472763672283689 -0.11425048969241462 -0.33301154311095627 0.1616542625555663 -0.057050431807034716 0.3754713586338309 0.06745964261623957 0.09089967271375256
0.08057777031443311 0.07170218122286132 0.06367442790222508 -0.41894926474277955 -0.4149164263773679 0.2997564589682541 -0.3216144279821407 -0.11959266479960684 0.15223810271310972 -0.12077057898014149 -0.270205449583084 -0.013763929605327454 0.14704504289757991 -0.21339507903862107 -0.1196784791383459 -0.16939938242353916 0.234359385393567 0.014365152539554006 0.3829178986749276 0.06486765448447288 0.0440394574990713
-0.029978859525334446 0.009743214513799904 -0.0331683494056967 -0.42413198294187715 -0.4604546986619402 0.15998675724557937 -0.29761825667591535 -0.03467258676429067 0.1414299679422563 -0.02584690540211579 -0.16478059987360794 0.06591484696943005 0.12031733537202084 -0.20636835270783155 -0.13908658504474317 -0.3390997262834883 0.20602404715511108 -0.02060047156715457 0.4357303367052594 0.08903724848346027 0.08000334263428147
-0.0357841877474205 -0.19422131677516913 0.11622005420464301 -0.21264356756114053 -0.33270109606341064 0.20082417559689922 -0.23540728839522806 -0.0789626631103188 0.08784063383333215 -0.07841989615633735 0.1543204066905025 0.08015118517201957 0.32912992584374134 -0.22968029552947 -0.11391445638270495 -0.4486392358737747 0.004084933412175127 -0.1312236412463703 0.4994470879012669 -0.010731368075465857 0.05800313909883824
0.20330415803239316 -0.012614683531353178 -0.16929228717245556 -0.5240630303811724 -0.22863810892507597 0.2894441916201918 0.014708174019827287 0.07497726543920827 0.20660879336505503 -0.0057012725313215565 -0.05436645378393476 -0.02166537163953866 0.24475697875886024 -0.18995529741856204 -0.16713933477593534 -0.14348960168982738 0.007318593333662765 -0.10400958965242045 0.5456181246340326 0.009005545344421254 0.11834144034031169
0.02752123661710702 0.37914351383307904 0.03290071055948049 -0.2963473791229426 -0.48547143340636184 0.026530405427167666 -0.1665584612113317 0.22955197856251347 0.24872657144605978 -0.13908662677776734 0.07472526811048336 -0.2565035052127576 0.2938427667865911 0.1810121222721127 0.044628639459894835 -0.30171822638887824 -0.09524349294010831 -0.10748311125497631 0.22110046972145847 -0.08965580736192358 0.08658144390726365
0.2518354640860881 -0.15350736589211136 -0.07941391158809567 -0.5152220058945124 -0.010250922243617766 0.3524802043930589 -0.15092029102872684 -0.12842854703643336 0.18427101379107014 0.1582192915504102 -0.061766857700401925 0.05407732434465529 0.2419893277296824 -0.33254850559255483 -0.10741640599964074 -0.29148236167924896 0.017083702351066356 0.01984913475533305 0.38124692546526073 -0.01072964476444286 -0.010462762260610823
0.15618330541556885 -0.25954845057435166 -0.14069295180186978 -0.5337373749340795 0.12080187179673693 0.26715317946841594 -0.025977288631665037 -0.09147074301584288 0.09018666432666857 0.05795003079139634 0.012413775897311099 -0.03027179511753757 0.35236495340512347 -0.42349384804470735 -0.14048171586547048 -0.1015676380574708 0.02462127060827464 -0.0029401707253242358 0.40219247238201616 0.0072944506521903955 0.004157920921151888
0.189902139649669 -0.12175191542011239 -0.2261820734802328 -0.3756820116516797 0.16204870319335055 0.4383417160785066 0.03659265054912378 0.0018356649141633126 0.12712810344872935 -0.048474980489783964 -0.12718865591108444 -0.0025707105786722533 0.10968057499332975 -0.35536393248837034 -0.21722978430746662 -0.0909954166996501 0.20705379002793337 0.032213728290365735 0.5129377092575724 -0.023991927502096735 -0.03171385383404397
0.05429068735780742 -0.32106730205977657 -0.11564989501006606 -0.47962672301810094 0.11726584473130335 0.31739943454883723 -0.05092416526836152 0.06223428967138803 0.1037261169480617 -0.04507051073201274 0.006503164633066475 -0.016450566186944144 0.28173875390832975 -0.4733980563575955 -0.14115655891727977 -0.07868945444388042 0.09708010699841868 0.05932966114396654 0.41582173497157426 0.011011419692127508 -0.030249259711928815
0.006245759727047797 -0.2787396722167372 -0.12414515928122212 -0.45545766309802094 0.13798154664419973 0.29255037399122585 -0.03702379830549058 0.04819997829003012 0.13803242756480816 0.12024380461338073 -0.003566043257665424 -0.007945534270486998 0.15799912586332246 -0.5102068338705938 -0.11743736720266094 -0.0811921155322454 0.05762319191246356 -0.07635193441854993 0.47959283135481084 -0.0021683915400336506 0.11261889012223131
0.04939866741012544 -0.1753491604018736 -0.22568386430304244 -0.5433379632146222 0.0895332026244092 0.31693393755763977 -0.14397673823594895 -0.007212376981287198 0.15946282044607832 0.05517747014242431 -0.20578775889296558 0.02378047443959599 0.12984899610083758 -0.4541846844983967 -0.15852100173746214 -0.16139327917044957 0.013770218016176151 0.12193337924188187 0.3588334657378481 0.008832988317386775 -0.04258367511016527
-0.07845837377343308 -0.11222105953520765 0.06724130592393325 -0.3873554797624249 -0.3625939061874952 0.4167001504878311 -0.028112619982599674 -0.08970446174067379 0.19610733281686926 -0.06243368004739012 -0.06772594254543396 0.03566450943605079 0.3659917615656212 -0.3015064867637626 -0.18854942434945185 -0.28975892875973364 -0.03887129195216715 -0.1104080583027467 0.3184485842936561 0.0169591196916727 0.0689521348005206
-0.09221431579959148 0.0817688036692091 0.049072661347245125 -0.368546509633359 -0.3171218210662589 0.3214623684534866 0.06957878505028292 -0.09010163103622501 0.04890797608930355 -0.03303973328771453 -0.044440209656719416 -0.02941384145195449 0.399420583350116 -0.2930619762514414 -0.22028168308396498 -0.2818512525303603 -0.006696659235573078 -0.10686749530499333 0.4612160595174983 -0.005326985029182048 0.1605857452245868
0.02077961765810442 -0.055867591184150696 0.026892095569035386 -0.41918457179494467 -0.26863724607349926 0.3262578575173138 -0.14310397078713752 -0.08398985908764788 0.0655102422934718 -0.013549356548756674 0.03617371478851261 0.017519642153496124 0.28724482575730836 -0.2934063371337296 -0.260362632094671 -0.29868831143152935 -0.016011285076667183 -0.04412931234953769 0.5210859178602368 0.06452437006863206 0.06539352483217234
0.08649004966363864 0.0050085491407471806 0.10037237386330618 -0.4433259702190869 -0.41171830009891297 0.44507284260978025 0.10908701498568432 -0.1205994832647565 0.04306028902951876 -0.10477180399353944 0.009846200046776537 0.010340359951910232 0.22517530443276654 -0.2531299433629428 -0.16904968856836938 -0.28490910308546535 0.132447024552657 -0.05646059642774643 0.36402360365754793 -0.0028711316050416794 0.03193022723656654
0.07201198633762261 0.024734419177051662 0.08856577716778559 -0.3543143819013184 -0.2713746573821568 0.30129288510296404 -0.056656266601051566 0.006319831364450525 0.15902639692940088 -0.08484364313538774 0.11986077343427806 -0.10596825038366867 0.3935896949697129 -0.27812101180692456 -0.18643080920267774 -0.10886123206449784 0.06339557504536728 -0.1738914753158567 0.5458281718345457 -0.010388834802545337 0.15459555455474727
-0.010067253708452054 0.08769438977642731 0.11828133603405523 -0.2662831168176188 -0.2712775764145455 0.29030387033403193 -0.16711770686379784 0.004107451022206481 0.006209631337504416 0.003631159902579147 0.1512448778919834 -0.049876922754881814 0.3659330465282583 -0.3559097080456034 -0.20378879299468985 -0.1648063255324243 0.00038397274233191756 -0.10269858936351806 0.5916996454372649 -0.07395650207988004 -0.026244092365467812
0.05100727989052714 -0.09111936644355506 0.03616441316942683 -0.32901760670981695 -0.3615430069362598 0.28180524553004727 -0.11772288020180506 -0.047652497190948793 0.04946405130104996 -0.24619465341854216 0.09962166198212041 -0.002545342208560162 0.29425699604644795 -0.3736745837768453 -0.16967438466460177 -0.18605189829270044 -0.10894828003053408 -0.13668056375784707 0.49588791145654004 -0.046294327926776714 0.10983972465103563
0.07825459304927175 -0.04127947970295083 0.054860600361306945 -0.31558774635774445 -0.2996700548510438 0.3896955209760374 -0.18402375326898607 -0.055006381911637814 0.008137713225330764 -0.06534543365270871 0.08198341162662987 -0.039236613396675266 0.2882510637987364 -0.36759829015550327 -0.22877090128117153 -0.09120724226738815 0.04212920163826731 -0.1806174585122845 0.49014089102986724 -0.02108616350199706 0.21086101447802758
-0.0018804539786689072 0.0947386707841606 0.1872372674540335 -0.29506435540110953 -0.3281376556068106 0.37087869066608886 -0.11398726208868523 -0.05891031703008451 0.15918772336712964 -0.07897362227754406 0.09009569261801521 -0.06119326329615378 0.37189625963773965 -0.29455680537797185 -0.22540248145358624 -0.18901303510863077 0.0699177352299966 -0.13570166520170382 0.46747296435719676 -0.07788886211803596 0.06533143442778444
-0.1011768832012859 -0.042030699537751785 0.11679535609471672 -0.3128234392752786 -0.35914093611968884 0.2613288168730004 -0.06418476732121181 -0.04001978179962976 0.06956363931050671 -0.15134228946191705 0.03112517333133047 -0.043137964820956665 0.3006835588224209 -0.41482425653258836 -0.13995312392371081 -0.04065547736992623 0.027279148296708054 0.010268478083801562 0.5968627391564462 -0.019109859756673796 -0.04169052296844009
0.22212679454303735 -0.013631237174278103 0.02408865779811701 -0.39749832532453283 -0.1257120088605555 0.18909290084428718 -0.011961077558737999 0.04080908975867828 0.16542040135793737 -0.19975811236355115 0.11045679282332015 -0.09982095090712675 0.44044853044648635 -0.2748336798853684 -0.12634289597938214 -0.18339393685452446 0.11431694071131603 -0.15616965054000642 0.5291547692425922 -0.0463080505831026 0.10177240258110516
0.11910530482709317 0.10949395697091592 0.06633681795395152 -0.36628288229639977 -0.3073799712286691 0.25996900524946187 -0.06953111345274576 0.06047246666723298 0.12897279898473069 -0.10683719223856394 0.12477675522758344 -0.07816664174877504 0.4126701010412499 -0.3191401199900584 -0.17061152151380804 -0.13423270793671807 -0.035834994886497905 -0.16662612448629982 0.5037650843751738 -0.057965142526784884 0.09754306851493869
-0.07406572147531798 -0.1506761281830182 0.09050111094134462 -0.3246347728793688 -0.2713411891919999 0.24832099037848873 -0.10384867214901204 -0.011946259440864368 0.04462284675484108 -0.14525860668858692 0.11655808066878015 -0.05125263119728401 0.4565269224103747 -0.30970712901829955 -0.13973372481174193 -0.2112587012683533 -0.10342911454040055 -0.15183150546513774 0.49656759117650856 -0.07115755284985721 0.13721532236503914
0.06102948053359561 -0.012348327726844506 0.04976462322178253 -0.43748868131799523 -0.38672291195727676 0.25804991462019966 -0.2180704835212767 -0.10278122138666182 -0.03890237193510996 0.00019004055527516612 0.03309668515106749 -0.08137895331968693 0.36297970044619615 -0.2434295659164467 -0.09325423598499015 -0.11973134925566997 -0.03645846352031829 -0.0749444309332905 0.5348890044874006 -0.00029142742714568577 0.10797792991440891
0.16655181000711983 -0.026110728612328583 0.06303382699076536 -0.28282691632562923 -0.260182002091318 0.28259263913354404 -0.1385420263508183 0.0371296573386098 0.04341589586621363 -0.24422425368523934 0.12228388768072745 -0.046910300479035015 0.3516863331004631 -0.3210968607773533 -0.18575492114225042 -0.0033810567407915803 0.03621385210143982 -0.18953710345794636 0.5741835357104937 0.004663023756717063 0.11205909236216267
-0.07620501555250726 0.10200398419176586 0.10034653416593001 -0.3648983526513229 -0.3561521463497387 0.24843148060178985 0.017843495272716208 -0.08565145309209496 -0.036246629583772436 0.007883729180335712 0.18812248351870323 -0.05630978693280118 0.37473868924512693 -0.3711602096817994 -0.014045426182089236 -0.1329086453585968 -0.02220253544635117 -0.05063247718937496 0.5516049370177031 -0.005522214009146219 0.031744795464133314
0.09653305546245476 0.19150504968061322 0.12023055857619461 -0.30567162501002487 -0.3366606440933767 0.2870832466862854 -0.03534684742301336 -0.04055146050058751 -0.11207796764072203 -0.17499394437613788 0.04812544205050549 -0.09032284554758004 0.3732687397888248 -0.4053110337473343 -0.15794750709924285 0.011489111486505357 0.08856502540021231 -0.14861396543247155 0.46952260036297333 0.012298655459810817 0.12078255143949623
0.05507069444970465 0.1125086425077025 0.07102205881084288 -0.3646820775547021 -0.26389546438417577 0.3522512127100356 -0.11582235789572133 -0.0032381456658393927 0.12078229300703354 -0.0825624587863373 0.07923549176741176 -0.05824917914686138 0.36373473673823487 -0.30029953195326525 -0.1533930060836202 -0.1651894190894906 0.10799081620615136 -0.2216984829934562 0.5055070663429362 -0.013139496053290834 0.13500623703790968
0.013529866761135332 -0.19381961165661904 0.09252158866006302 -0.33716373926550486 -0.18411374572667902 0.3498590571779262 -0.31811332598760866 -0.007428549236894966 0.13383101954107912 -0.016072725639984763 0.057153999539580565 -0.05554244256882666 0.3406100280975671 -0.32258556180169823 -0.28173234251695 -0.09775419853103706 -0.03578053615649478 -0.22209297228451166 0.41717415006210196 0.019343712783066853 0.15466263884493262
-0.08487313591107941 -0.08845410633721695 0.01458194507406989 -0.2892654746749369 -0.2953056406477283 0.14269666972386924 -0.14614703307623766 -0.03087999210972893 -0.017334173961298677 -0.2040356194624722 0.07052290322982607 0.002521009582464206 0.3842990403607071 -0.19293833056819185 -0.12586834391195997 -0.2531172021667863 0.022561690850212906 -0.15892229019684226 0.5931125813556734 -0.0596198873900595 0.27994578332415043
0.06807450142193756 -0.17685327557580427 -0.040837067820965585 -0.3412533254865983 -0.09367078037380898 0.4305986076601741 -0.1362046351247111 -0.01248366390549769 0.022962074452191603 0.0075757664746261034 0.09579181901596123 -0.008327695382879214 0.1966490178822545 -0.29614869338164473 -0.17502227104494783 -0.09972613829955428 -0.19175930545541506 -0.14830855336178492 0.61830709148378 -0.03943536497782351 0.11688217029746817
-0.06733291873526057 0.06605883183910187 -0.0726075552302628 -0.41196400512952536 -0.2707380931552172 0.29346692121401013 -0.2075634454710196 0.04205173690250691 0.040522153387007605 -0.19491014419936512 0.1524505943243641 -0.008658351252037668 0.3271002200617229 -0.24397304664652378 -0.1346091132512158 -0.20187466493377265 -0.13142882653468566 -0.1818904580605451 0.5084894774349473 -0.05178044723284366 0.10910744741689067
-0.12407488186770795 -0.06443283647486932 -0.11191254930317136 -0.5307857521771725 -0.11731267440154299 0.48920096711594874 -0.17150213802613992 0.07513014361631584 0.06893260362772065 0.07426619905544553 0.06795037992255315 -0.029281161922857978 0.20650172512493342 -0.33586696867632787 -0.1251051283192241 -0.06728354797809383 -0.06722702950833884 -0.11939828514966279 0.4224703173116287 -0.029586076048833336 0.09250315946645798
-0.20787972320904782 -0.1825595461018733 -0.17687896198652384 -0.4320177713164297 -0.026754615597878187 0.15585217273345908 -0.03367612473051264 0.055859518768494675 0.24290562230373017 -0.08246861976434713 0.015671679357748713 0.0019854270992064067 0.29975536855337453 -0.19879229498615206 -0.1243209651130979 -0.32606442744068914 -0.02097903489898476 -0.1768700222289288 0.44982757974080173 -0.13264995660836787 0.3277336090985043
-0.20304933935062588 -0.16008611756907107 -0.09014216000339004 -0.5334115251072606 -0.1383805710455425 0.40923653007201655 -0.21823398939695482 -0.10363974558357687 0.11937292033509543 0.030037256492864817 0.1877795023558206 0.028662567272900636 0.24403958028092754 -0.19497759813665194 -0.195437624092254 -0.198336766056341 -0.13635317576668476 -0.1308536452937604 0.32899370391363014 -0.062259950515996 0.14605200651562494
-0.07003157475420203 -0.08682033053736804 -0.08619617340681847 -0.4539761854277897 -0.10951668729345046 0.44003152636209086 -0.1283907015574277 0.023011119743197753 -0.07798781140379717 -0.140201389930205 0.1534310736577369 -0.012746120155733578 0.24715104145309466 -0.3620730149170582 -0.10962003164627807 -0.012063852725060014 -0.11725135170091285 -0.20530546115976628 0.45183290171220614 -0.14775359366826393 0.12542460504062145
0.07800931194982397 0.16672048978631887 -0.08021634721858806 -0.44776561172385965 -0.20056695112183134 0.32273623412800606 -0.2305119350867858 0.28120187334777097 0.10548752700254375 -0.20481755693055703 0.052620522284137966 -0.13272677922656342 0.33741819386003186 -0.03666676721374962 -0.12348369219741878 -0.04318292872540418 -0.17347008236135203 -0.14873864717906618 0.4258184471102062 -0.14670795972552614 0.14752227440426632
0.04233110638473379 -0.0008474435184231427 -0.23981496052238077 -0.5683778170917807 -0.2618968389696548 0.1923741682078821 -0.1078302464494175 0.1606612675023389 0.08088861116137122 -0.22252334384621825 0.038276386894541846 -0.025485144501210446 0.2822832105321176 0.14313475838674533 -0.07069021819640622 -0.23968307294770558 -0.2254036429515938 -0.05580126219287405 0.377062484719682 -0.18700274775110537 0.15082526413650602
-0.03956194429966754 0.020033290581772983 0.009154291562254863 -0.47218350516152213 -0.2833778344269993 0.39706908551545034 -0.21345880952188176 0.23808214987065085 0.08769439935838977 -0.14282079240362683 -0.04180345179304155 -0.11970777371912765 0.34811364826661984 -0.15630628207415415 -0.12183176414293835 0.010788726569038669 -0.1812944793222937 -0.11036775610270923 0.3880922651949498 -0.11282056736381142 0.14712342820864197
-0.24673032781722803 0.13886032002541135 0.0926558253167856 -0.3361748897473613 -0.4595288835821101 0.23869166410920054 -0.06307660904730224 0.1284070181800905 0.20609958405538928 -0.1556067837489772 0.0557005149604762 -0.09481175042369827 0.2657370220419998 -0.11223757265717965 -0.14614982576526425 -0.14068442707169304 0.11687649769274626 -0.09455365969138634 0.504523441842889 0.021642041014921523 0.1699274499666244
-0.2655603843205819 0.17115940702477664 0.10889251869381363 -0.4010539613688106 -0.2294646222193037 0.1867512158979424 -0.11133807396998874 -0.09378808467942464 0.20920170026648485 -0.20510338330249892 0.041622988541796926 -0.02254057483632222 0.3416926040701169 -0.1532922641288254 -0.15378846884920208 -0.3092252760451006 0.2924014717532402 -0.09134694638110202 0.41467844165428364 0.037400224505204166 0.06293796687481083
-0.3541933883125755 0.03553520682814528 0.1220469313998692 -0.41285225224149175 -0.4058531038901324 0.026757122559349315 -0.15369790735357905 -0.047497929892640685 0.17756714627200842 -0.27203277048676056 0.015866031502562095 -0.06414304782067154 0.3670048945983203 -0.0852853507745221 -0.023268664489865552 -0.3251110916676376 0.12860807322228276 -0.05332908877579704 0.33509315538514495 0.006077622869154118 0.0825764216806633
-0.43265549552250165 -0.0451653169079366 0.12470725105766509 -0.33600251925131025 -0.349356862521493 0.12605194544794224 -0.06391854970095874 -0.03737866191176151 0.20499406211221688 -0.12810469274129263 0.06481860015009631 -0.07960531262158756 0.4436422101832088 -0.14217767156552488 -0.09994549159051137 -0.26147499234412297 0.10912912578640604 -0.18339033854790118 0.3284153839725999 -0.02532724433039659 0.14316195283944816
-0.33271568627771125 0.03703529569705212 -0.021618755068227257 -0.338214012175003 -0.39396181663334606 0.12645552088782833 0.0009168395956650209 0.14988903233318926 0.24188941196086544 -0.1899805934173651 0.09420233516382559 -0.1008256182572014 0.3238219054742169 -0.0344609152605533 -0.13819616646846228 -0.3152524423171193 0.07941651832053881 -0.13555650130026906 0.45205664584912747 0.045231287182888644 0.10075219359741075
-0.4491593668553441 0.008335956144985718 0.017050931360825007 -0.49570513785947806 -0.31116606815389186 0.09881936038615821 0.16944410068122046 0.028761370142692033 0.29491260003588377 -0.16577802140657408 0.07591349669693719 -0.001851081545312923 0.20548671452004075 -0.025597756391935754 -0.07324251691032474 -0.30373840988441253 0.07423561338266907 -0.09880853234733497 0.35395180795087605 0.04162728806936983 0.11415595108607456
-0.3230514220876848 0.08250645640849874 0.04591770208619172 -0.27317085702634464 -0.2584289847832894 0.2125630153609652 0.02127137148292171 0.1273148838532764 0.2520227650553601 -0.16232960708397037 0.018558032395316316 -0.11004617979535855 0.38769989424523943 -0.029280536633241594 -0.23561438842607096 -0.401867960696242 0.16525726895312692 -0.13995947319911536 0.38367687004555245 0.06198578997610042 0.12255322533472235
-0.17973980341785611 -0.02431654102281275 0.2910752658353113 -0.3012432609250186 -0.34146589490427326 0.08788677162976835 -0.2398845640016413 0.01985732225301821 0.3349176320508229 -0.09214111997827956 -0.05842618886620278 -0.13199566142418764 0.383332830206437 -0.17894264917164243 -0.04635896499311855 -0.2877988170505994 0.10022345469826462 -0.070012437542003 0.4265090520384635 0.014589758007203605 0.08282873054476705
-0.17354062234363124 0.13315677022704675 0.022116199920078083 -0.44345800889697123 -0.40019802638002616 0.19453929291678207 -0.005562708748885657 -0.2578531096231868 -0.03729876355947931 -0.09260989913877793 -0.018624231258731208 -0.08157163513854516 0.28447082205079754 -0.2364207135624939 -0.10110763444652354 -0.19994319569072705 0.1932003083913018 0.008983005188091394 0.4987577900536245 -0.002272368881226719 -0.01808467546127747
-0.22265917817310651 -0.05790309210898294 0.04021647578386422 -0.2987635112948254 -0.5701885951972714 0.14619396278659302 0.2367828290479948 -0.13712729787078703 -0.024790640110906828 -0.18019771037743004 0.05622950008030647 -0.1431685175175603 0.29000620666240473 -0.08627285981654505 -0.0709934047835479 -0.16194432389623692 0.04519719472598778 -0.030172689338461584 0.5002027137072963 -0.029102128160505315 0.0357090615549114
-0.29086500746368193 0.07761835724153392 -0.08487362608340061 -0.4541555399027699 -0.41421809683762933 0.2561398531272474 0.11162527325143724 -0.12359320418799298 0.13647722699125284 0.00126348316946706 -0.027206125556699653 0.03723762825479873 0.11331845752745633 -0.12543808564100645 -0.1401270008490166 -0.2775554875446518 0.23639000027163512 -0.03759445566659881 0.46547650298089194 0.06481272322528213 0.08262517073843863
-0.3082181585362555 -0.11341434363071891 -0.013655676547709073 -0.44546163903587715 -0.3749609630467409 0.2825066856774746 0.03228901324955292 -0.08855347034838253 -0.057073834326323424 -0.06373904165493607 -0.08355867109409128 -0.05642354887674358 0.28171578191142027 -0.23195625772284312 -0.12610060105414814 -0.047892661485776866 0.21396202919317373 0.11205878667042216 0.4766620210258805 -0.08176963481253062 -0.056106737277022006
0.14455118904098957 -0.1712517329197639 0.18573011346680035 -0.49719099854922355 -0.34446546804352357 0.23453204432233568 -0.1155596786675596 0.01971793873645329 0.09688261071293873 0.12170908960232123 -0.02057882255306685 -0.09415251406182926 0.4412591009540465 -0.2430201827305324 -0.09676321876231721 -0.1251376020818862 -0.14839838034694408 -0.02307689834903864 0.3817452419387292 -0.003431370200431304 0.01021578137444305
0.08410494614922819 -0.016520293145832393 0.21521579056012463 -0.5159847303939294 -0.39499291724568886 0.19518312066543883 -0.3008100661624513 -0.05081172220921621 0.1488926029265393 -0.08439958210428312 0.003713375178745902 -0.029864373766426675 0.3542188373094666 -0.2914123273062168 -0.06980677172869024 -0.20791908965241532 -0.009156067187072058 -0.08135819379792203 0.3088369415089219 -0.0178736078488464 0.04260089811535367
0.0993197195540343 -0.10656140399976276 0.25620567634297503 -0.5040838309319915 -0.3983467583250837 0.28338175090909895 0.049349283491810274 0.008643437128783108 -0.011564755446932605 0.029257971209163347 -0.038445267799092936 -0.11278802517147653 0.4431124752835382 -0.2191590277283316 -0.12573773411854494 -0.04552499264443345 0.04146791931883062 0.056546804472306436 0.36597262217048876 0.013499731033968215 -0.03250932067257233
-0.04374443995505972 -0.09811097410197167 0.2014013972498695 -0.486478908485678 -0.48936741684702184 0.19028498173622332 -0.17195350254118852 -0.018014434252787703 0.02075160590671512 -0.0024401132337873352 -0.04355942839619553 0.006307048626688925 0.3814369084667245 -0.12939304494377896 -0.05575019339264136 -0.25946735292743933 -0.1824407542594467 -0.021909880948020575 0.3584936424231104 -0.058339285055724305 0.07019509722401511
-0.13879654869561167 -0.2104788542214975 0.046303888693270845 -0.3928151719282278 -0.43094532825113707 0.24018140152956524 -0.3806942358525636 -0.07541582821026485 0.14543886768958658 0.020045049812269414 0.04787439604088166 -0.0041702977847776525 0.28880984359489875 -0.22027904268704498 -0.09617043740836184 -0.1596631542932175 -0.08224301394982955 -0.10239625919955475 0.4078649680543598 -0.050192363390279965 0.09648337779571933
0.08997671178588092 -0.12414698234866976 0.11162548739101114 -0.5437124329451642 -0.24071935464445163 0.19556832466150334 0.000701318153096791 -0.06001617971235874 -0.0408394849915512 -0.01110878286627942 0.06843180936833933 -0.08463708428684248 0.4074803207934482 -0.21263998255930722 -0.0862482195967652 -0.0053024735121183445 -0.21100990435298433 -0.016761805871644483 0.5389204960284733 0.025885595600591792 -0.01846841066671889
0.08230764821209767 -0.2772372434195692 0.18724745296068862 -0.3830813450533599 -0.3714920269548858 0.18504152942143953 -0.1870733455524069 0.021052769699877547 0.05018120449978455 -0.07723403301781359 0.1292743540837769 -0.10592151289170831 0.5338468935162776 -0.10093824748959412 0.009678460058867076 -0.2021155887204472 -0.1940529198689312 -0.04540141482204725 0.2777568053449404 -0.17098456319832184 0.09068299173140625
0.4983513796369499 -0.17409087773731943 -0.12554732113371483 -0.4003515123292451 -0.08967226716796511 0.24791046885892704 0.2205036131291002 -0.07414861393201205 0.005601915608263807 0.10388428615210132 0.07871969732795421 -0.019833732133647804 0.1760345462355907 -0.262638496123206 -0.12208435761207806 0.025738622186881933 -0.14398415945626594 0.0036414008937851383 0.5161694134331434 -0.036626840435445306 -0.014472043051499836
0.25016624379819946 0.005803396854532606 -0.23877193786578613 -0.4491281275137048 -0.030060837869553533 0.3239711039058728 0.09517995536242765 0.1399208181409928 0.15949155928292713 -0.007410775005105683 0.04075407757194606 -0.03826290683432285 0.175642498039594 -0.21924994936792028 -0.1631192322059585 -0.07568094951769883 -0.004355115891962717 -0.2714813805900562 0.5454986964617821 -0.08069431425604576 0.16273236244633246
0.4101108621619807 -0.08025969552173336 -0.03062134266907458 -0.30947482506749163 -0.0024279963625987422 0.22191766210114858 0.11757577214604922 0.025661172837016005 0.0751305294736923 0.01508834580805815 0.0955647086519709 -0.01984215172702745 0.2287462701751625 -0.42452471775877904 -0.11794124162192701 -0.08032059772567997 0.02204473623607915 -0.09055299130567022 0.6157893369004989 -0.01517234613749251 0.09219814426415987
0.2839901017298447 0.1000560152933765 -0.12479553385334387 -0.4830927716918778 -0.4559677021409043 0.16061294539326462 0.09095478930752941 0.12128064413478946 0.05856745846459307 -0.19808448106809778 0.05076611362976412 -0.10780010817092943 0.2437936818847237 0.02173655392608094 -0.0505797411338879 -0.2538230932293937 0.017044450765328595 -0.08319820502186315 0.4126456708251955 -0.11226981704629752 0.1727704723586457
0.30417518582181374 0.06522151466606935 0.0030782181730178654 -0.4459239598897556 -0.19705759856716148 0.2632952350169783 -0.07400893383938836 -0.03456645790343869 0.19058172997369993 -0.20156231345433642 0.02368156131243572 -0.03879651572213783 0.35293175546154104 -0.11822281189807549 -0.18040036252459343 -0.1997015874628521 -0.03748276169552524 -0.14947161877086224 0.47914095775829524 -0.08843263290075042 0.1960035367004008
0.31750909887384154 -0.07359761659378782 -0.06991653880754453 -0.44753494521313036 -0.27854042841579935 0.1426874359952204 0.08699579465187197 0.11983649394181027 0.1980394534088033 -0.23553966384268998 0.07517270362537658 -0.03903836390869355 0.2870546973532555 -0.02422345229300911 -0.10130397873952965 -0.24957965804390292 0.03775065163728384 -0.2194838835847736 0.42583292757732755 -0.09337483602737702 0.2676901040108157
0.3223752605154891 0.008622173675071901 -0.05191500051835796 -0.5264640857956958 -0.36461190849875424 0.24038589890821574 0.10194580337177453 -0.05652166383834541 0.12605944119315504 -0.2618147434747719 0.15846267328273422 -0.022538930500433874 0.2055298014908638 -0.09807864643872073 -0.14220510516839388 -0.14153881626181278 0.006410230642496495 -0.21085787141759457 0.3912179349576375 -0.03646164657584573 0.10377142350962304
-0.11979634625749591 -0.03223538986118944 -0.117491684652886 -0.5130891753563036 -0.2797222664815853 0.12504999716079088 0.02675702566398174 -0.0750138152323386 -0.09923145953452278 -0.2433073201652352 0.03030251593520529 0.05096282631622584 0.4084535930233657 -0.2485804457775045 -0.06791541171201346 -0.35456132087763925 -0.023119488837392562 -0.1345023776795798 0.33888241519640616 -0.11236852120071787 0.17237426169670836
-0.06685947201436719 -0.2134250827818317 -0.1069121510855528 -0.4721589396769889 -0.3916888442569233 0.1080210798419644 -0.28045133527410604 0.14022363754651052 0.00035104900564507244 -0.16328036000269597 -0.0186420653740387 0.016715165321914263 0.3844555059071727 -0.07343040309128603 -0.10063870905743398 -0.3604143128271666 -0.0712333036749485 -0.09183729280954123 0.32999178238790217 0.0026071823016189455 0.09637994198134905
-0.21537333909566878 -0.02638760570201757 -0.13804544353290554 -0.44591530849704597 -0.3834089371016497 0.18514177010139204 0.10126420785780749 0.008110324116985484 0.03562371183964496 -0.13642985947237468 0.11365438973408858 0.06135983229684999 0.30494927296960583 0.054994179784538445 -0.0923338592173867 -0.4612671172364113 0.163075460518968 -0.1520234185910589 0.3416162442899388 -0.1071606113236084 0.10795975072034336
-0.1278809551055834 -0.2400941887276998 -0.03129715118041588 -0.4560240927767919 -0.3390159957624278 0.13344463162588097 -0.08100464598584645 0.017521549915280675 0.15469145026688497 -0.2650648812154064 0.13026146386921403 0.012527206909159757 0.4899384484046984 -0.014186743552798859 -0.04256147791945695 -0.3846326133238032 -0.01616281744718772 -0.10011145887232252 0.23183152481438393 -0.058462814550562736 0.09327324159394439
-0.2320523171123863 -0.04974650133143391 -0.04344301122562386 -0.47890479014812287 -0.5114962579829988 0.13851434728187723 -0.20527119242305353 0.06195713713559174 0.15015155487888887 -0.22163632174011844 0.030281275691418145 0.007097268993006898 0.3459588104021784 -0.040358989320238944 -0.0904086224940986 -0.29866469435430154 -0.043007187832692605 -0.10063085999489854 0.275041503086474 -0.03231907274105439 0.07520398374066893
-0.29645949984992864 -0.12468171335108469 0.023173013301066428 -0.3079938718470074 -0.5219551253965399 0.26956413995386547 0.06549918166688128 -0.008088553506919671 0.017326451859916648 -0.1975754096943544 0.0547907229790922 -0.0008158528143346161 0.3550957640442191 -0.16201928617943148 -0.046978388501936065 -0.26818820163181134 -0.07237828406174637 -0.09865942082192951 0.3871550206551693 -0.08014722995040832 0.10776140902461169
0.11000349406591546 -0.12329060291505871 -0.11679626023876316 -0.4374523576870486 -0.3690549567978276 0.09730740698781616 -0.015575395277121333 0.11917993214294705 0.018805332813362836 -0.4122420521740795 0.13606822207405808 -0.062111461929407565 0.25821319877384824 0.1323238258265811 -0.015359983609728437 -0.34020944733966924 0.007589626817214367 -0.15590741504500472 0.3865408504439181 -0.09636697061725255 0.17798664440783887
0.2268208324285813 -0.07203187870092109 -0.019239748063026252 -0.4417231352574171 -0.37504315203572464 0.10107937168467633 0.10967918371097267 0.025888681549288816 0.0937628025985579 -0.37181725751952877 0.10079350790279563 -0.025409412534069052 0.42795723462384533 -0.005448498158040081 -0.06364550135179547 -0.23908364188872647 0.01907842397772349 -0.17621109396320733 0.3480351505678077 -0.03287666723435601 0.16865072962018915
0.11469799337256678 -0.09292733063440071 -0.09969066543950943 -0.36637274542607995 -0.32989863494148963 0.08975517869081925 0.10989877367291387 0.022660879786259153 0.040647993124524676 -0.18669722163221772 0.10363760547917299 0.012870187199200045 0.24276408182895212 -0.07496271603269142 -0.12996633700481183 -0.3760630599565544 0.09385926214666489 -0.2510600447071839 0.5617218502184935 0.06299377444299817 0.20721476322091342
0.08031074468871469 -0.000488289366489998 -0.04395740379611255 -0.2955898123749267 -0.3874435999381794 0.0951050582924334 0.13225308138612893 0.07157305089138111 0.035831227057197726 -0.3183912533168785 0.1010495960957189 0.02104307698497493 0.2826032829823178 0.07808483645182962 -0.03959511476514408 -0.47050971166268046 0.08820704774636652 -0.13668186441631153 0.48947281311222873 -0.060773208647724467 0.17468288364790002
0.2479493184361691 -0.05055886402729577 -0.08576361802720374 -0.5003634544279234 -0.3421298191849245 0.1839465213224803 0.11598766838846393 -0.0013251332419496544 0.15638701916191153 -0.2716999315460678 0.018894747604374887 -0.0003973009987105917 0.2501346734041137 -0.0658761235345117 -0.14645850659088064 -0.2634144359866916 -0.03763121687009508 -0.13010702698413723 0.4242645589547588 -0.09178610255939519 0.22528575139423154
0.054203796128846224 -0.07820090066647536 -0.13287491230639303 -0.5109710928153823 -0.33142508098773854 0.15263421019940918 0.1165603984549349 0.08754263459680676 0.16647235380384454 -0.1955830877359696 0.03810116273802745 -0.06974860824388575 0.30759363199735107 0.029890602293344084 -0.0889751957140713 -0.23624950426028338 -0.017492354695109225 -0.10233709925494179 0.5440708963281681 -0.042201689432521505 0.1331033231257269
0.1327044145925023 -0.20072321715858807 -0.13247658716708532 -0.49120339916868094 -0.30884250926254786 0.168758151149254 0.2102834695722623 -0.028652458635463934 -0.008741285437238632 -0.2686405851542708 0.11621598252401516 0.08061159375884937 0.21771327638300597 -0.09318731902801362 -0.1288776570491515 -0.37013532370195323 0.006173557680581217 -0.19130983973509047 0.3798363869403134 -0.06953113753928251 0.1633304997864991
0.19863805442884705 -0.18801748722097075 -0.0879703810747601 -0.3985062039547152 -0.34705868849225974 0.21079548028622075 0.1701574477026787 0.0007905327276401675 0.045813416297918116 -0.2665413796926196 0.001921755462666521 0.0702614964455232 0.1154359018775101 -0.08623399409001163 -0.19416377593464507 -0.37576388476183736 0.15729348170900245 -0.1936261957451003 0.40652890565744054 0.05742100898699655 0.23721105311223947
-0.00025964473387416766 -0.1981782354197073 -0.16729412993932577 -0.5481085547363063 -0.330085580578482 0.13942217870818469 0.09432529345624163 0.11975338437794016 0.049881102192460704 -0.28881770110299637 0.1364704262162002 -0.04131727311107477 0.24950262852332586 0.012161129451768494 -0.07880543995535629 -0.33905827856818344 0.11286344574605174 -0.149237591925051 0.3827338094705891 -0.029787339737549233 0.09216298182707869
0.23037320407658313 -0.15369754711376368 -0.06402549686195332 -0.3823856842602106 -0.2877659074825376 0.08938438622738004 0.11754571479367677 0.16194062785573318 0.16533856558151755 -0.19786290819385005 0.013351203671173742 -0.04096955926142692 0.2760966006444517 0.06209529334674921 -0.1377392317361641 -0.3966246102497329 -0.0025881067983334846 -0.09807788538286981 0.5025302359868464 0.08498689133113133 0.219202145253153
0.002801633997680824 -0.04470367024771572 -0.056637205748159315 -0.35975130804844013 -0.44208155841292723 0.17164401855049474 -0.011291082136713817 0.02776713021345897 0.08185283887774733 -0.21551632241442387 0.0764480986704386 0.024415699916521004 0.27302888288079974 0.02989922705115437 -0.10705728131994079 -0.39358881074287605 0.09446363904500785 -0.14063865976267903 0.5147167041842386 -0.08875989141062186 0.19145418823474505
0.309551960988845 -0.10180087970710917 -0.04791258727272697 -0.41086568929710454 -0.332560268122711 0.08148827748362641 0.012357439710493651 -0.06864870122840099 0.14157504004563362 -0.24804992334015974 0.07716674258906112 0.06265841817595345 0.3279585623015749 -0.0035742653908258587 -0.03633394892613328 -0.3963024338337858 0.02830229033656046 -0.17218950681629447 0.4246783203038133 -0.05239946111401009 0.1722204340173789
0.012297760144641548 -0.06091811584346143 -0.03729657653687949 -0.34192281704971744 -0.46934629606840056 0.24390930049218282 -0.03362494221034448 0.04001969535888381 0.026351320224618835 -0.25934361140341317 0.07743431665417128 -0.024840898311779127 0.23396387119042386 -0.05606660825733422 -0.10777922225709577 -0.35255512324033034 0.11927024057186507 -0.11833654237776893 0.5214830268966901 -0.04102260280217304 0.158456899492347
0.1095003669453213 -0.06812238618320308 -0.05584846673048993 -0.4102261145098621 -0.2611889416322487 0.17692441777606754 -0.04914339476705436 -0.018896598730014515 0.2420539683200265 -0.24508617809030284 0.1294044482400698 0.041673488093465834 0.29226495069842934 -0.021045973473564513 -0.10795584908701716 -0.39130470947224943 0.09436225645008116 -0.27647249833302595 0.4258812782532271 -0.07669847648944435 0.2220281617071802
0.0780696267817826 -0.15047232564204532 -0.11729034115350309 -0.3717258454521186 -0.1870980010126599 0.11276840398644167 -0.024185847243576742 0.07092564304185112 -0.07321666474977657 -0.27002424627521815 0.15441827149285065 -0.024302698651956698 0.3369413002395964 -0.09426827572304186 0.007261773445953549 -0.27581744590339596 -0.11567435366463819 -0.22675196581665485 0.5209540630875519 -0.2027847193229794 0.2956741064778808
0.10354166282297435 -0.10869390882415184 -0.13129676039481436 -0.4461700345375489 -0.26839588032883865 0.1270190480737182 -0.4174263308000819 0.07957780421087378 0.10712071084860836 0.03124146336644277 0.03605763532534266 0.0023350514292160155 0.1980568178053071 -0.11426764267102438 -0.07516458452067588 -0.2529884930755947 -0.004555082118700647 -0.041255899832055194 0.5894554214521219 0.05045499510489942 0.07065050721177668
0.1374390698452871 -0.02086744261602805 -0.04355048472584165 -0.5401965767137518 -0.17662113701064205 0.15909565311764332 -0.40658207662472096 -0.003866748171700236 0.17909602720731257 0.0786735190033261 0.056431803531804804 -0.004542547253657539 0.20481888397763268 -0.2419563474286035 -0.05350085643997382 -0.14915606745938226 -0.046047989763772085 -0.07928888995678635 0.5292271685398975 -0.053743477512626 0.08176281055764346
0.07958650131256591 0.05039829951048764 -0.11093064099170206 -0.2784193690052998 0.08934718338894429 0.30491388431262656 -0.41248446560272856 -0.06034305792917314 0.10438063671415829 0.022696846668945742 0.012862871994261178 0.07193141554852878 0.1273007214943701 -0.44834044123611144 -0.23173723147918268 -0.2878511854138904 0.03151422091263999 -0.185513262215756 0.42457440540070385 0.003785380145216421 0.20087742807091824
0.06224420010904245 -0.2443627300847339 -0.11820818531603601 -0.364025875058585 -0.06096559583807674 0.2983186637918858 -0.4742034407578708 0.03503639853844114 0.2580909886466002 0.03898237342627825 -0.09237175117839298 0.042109263223123077 0.13741191804708572 -0.24199052528881312 -0.13440857936477474 -0.2737522537057552 0.06800350038948169 -0.15445825687422562 0.3886350943980893 -0.07407716815797376 0.1929430027407287
0.08791806358750462 -0.2341073593922192 0.051955318623488796 -0.25491116951634774 -0.14421221413718163 0.15061831402710124 -0.3662498712841711 -0.08961077769483733 0.2163836043392467 -0.013738097177564627 0.04910640793622511 0.027064975413078757 0.3315080826683123 -0.2154039396543443 -0.10349770264241177 -0.3622656832651232 -0.007685907110076517 -0.24007432235560688 0.4462279771085258 -0.07205633457394393 0.2715280944820397
0.10872883648767402 -0.16690225798080702 0.18096319865240965 -0.333990136874315 -0.3274775827248138 0.11980587973947934 -0.3064591013683215 -0.13531773985803724 0.34527737316873264 0.0358598619949621 0.02476196138467489 -0.07125907903948529 0.369589841871908 -0.15267901920142607 -0.09412517930097597 -0.3102421285008153 0.035914082870916825 -0.05633613214397527 0.4255019964713783 0.028223776780117966 0.06840116486947657
-0.07180263146468568 -0.22367764825354175 0.17181830128962905 -0.28411968752813677 -0.4987652879591016 0.16293400481221706 -0.2200013108475296 0.0034984777818007347 0.32691698975432 0.0860686056273236 -0.0552270709722312 -0.12469372996291321 0.3469331660973701 -0.09419073510324451 -0.12632261987495913 -0.19666270381381468 0.09336353413240261 -0.022175629562144066 0.42072226137204183 0.026803776833577347 0.08459703094196983
-0.02543999724560291 -0.12319596053828283 0.1622584359887022 -0.32357283278868 -0.43778571384238735 0.24709483222195444 -0.1905841902489037 -0.19509339843174206 0.3229893667162934 0.12387850768341806 0.04005402940643557 0.03489036742068273 0.2627033622523955 -0.19987031909492553 -0.10078079243765567 -0.32439203519653326 -0.007109829473129624 -0.11806278532152263 0.38985762019605946 0.010712471211584283 0.11454910002439209
-0.016761515891523325 0.037314981102676587 -0.06684819650911535 -0.4338872578394618 -0.3013603189920371 0.07456053521051492 0.00948712521370232 0.09124212471948398 0.25561419454557627 -0.05718905503292694 0.03588799218725481 -0.042660271719984696 0.17997225438229608 -0.019956091328799438 -0.06606850800141358 -0.17982418843510506 -0.02707344543791603 -0.12413120589036207 0.6933844810786645 -0.06498792243336553 0.24177111425911776
0.08314441740915865 -0.17760165128033503 -0.11190673350979878 -0.5615275584129157 -0.24223769284166827 0.2049199129224905 -0.09705300045018048 0.007707668648741117 0.2064737011098797 0.013755550494579615 -0.040276576118757554 -0.05712152286019038 0.287788483161409 -0.17187175628004336 -0.036275202217911535 -0.1733649679386207 -0.04476357685145279 -0.08031162438275388 0.5547042414626743 -0.06661386125638305 0.10738414033791385
0.03529364196558599 -0.04190775475820503 -0.06685861656512461 -0.4866112982343247 -0.358336410580103 0.11874865025862535 0.08606885438231321 0.05229846862887433 0.10275415076293071 -0.14556252699575228 -0.015360393890569576 -0.010103640346616906 0.3077041383819523 -0.12880800837586864 -0.11565850982266064 -0.277847740486158 -0.08406799418380467 -0.10919827028680475 0.5749068492670845 -0.0002289568064731314 0.1401575931345744
0.07918023074934065 -0.19926818651698694 -0.08627913163265807 -0.4508525873919949 -0.34079906716366554 0.16803681302168993 0.014961950323363182 0.09401462537516725 0.302855618710313 0.02097827330451079 -0.03433247708438082 0.007858247175301212 0.1386135787774942 -0.02118164957869848 -0.059792031436983695 -0.35492185119945363 -0.028132198376585902 -0.12313419193341743 0.5502824177206904 -0.04786308914306889 0.1618746713437776
0.17369028357297783 -0.04012338872189369 -0.12168811219959381 -0.5141180902576313 -0.2852309727665577 0.205634762692506 0.04792784841542882 -0.042969637833326 0.2784407022897182 -0.12073180942287946 -0.12120013417868479 0.04049898711950822 0.1934473463562633 -0.07006725260663905 -0.13464261983660575 -0.3638425913753608 0.07347945024830947 -0.04219241858469196 0.4589369464361351 -0.008515523850466639 0.20532680780957027
0.0227992156204308 0.043924076762437037 -0.06975099285253697 -0.4041414969486943 -0.2828256141859942 0.19692369644133098 -0.017197906038822545 0.1589848604122942 0.2045740350867894 -0.1682249788647301 0.045499345869549575 -0.07344686434172645 0.2739583091811967 0.011207188389185014 -0.184307785852764 -0.19535188565163794 0.024258716711645735 -0.1603793195069278 0.6198061660941827 -0.11900438808770819 0.18830047834391186
-0.03897170676067503 -0.31800227767575295 -0.04958464457415135 -0.40199106389149075 -0.29775897826716996 0.1988331331987784 0.06206587106069068 0.009442328923619464 0.18763283378547127 -0.04889364338695144 0.05394168980377171 -0.014933431083885706 0.2374648256147437 -0.16821298281828573 -0.1186986727704929 -0.3089859684009136 0.08889456097690003 -0.10600330398686215 0.5776766527778979 -0.009526845607211407 0.11509863256147072
0.06480997914096992 -0.10029694380461507 -0.17223594794368488 -0.528188008751915 -0.3720149924419143 0.16067859060620057 -0.017205260883684587 0.10570129049524254 0.08422131696405635 -0.09148975525220097 -0.06846655143518532 -0.026380317138576227 0.19816824037488576 -0.08147468624833976 -0.11049234259086024 -0.190374367511308 -0.04849657863908506 -0.06366983660019512 0.5696553034301537 -0.07359315608447574 0.22332719253050304
-0.12915274879405308 0.06234060239894914 -0.29738291898443514 -0.5693628200166623 -0.23679621231212783 0.10810562584245852 -0.183250356239285 0.03405640679387544 0.06953276024514418 -0.029485739474702087 0.10325394349130412 0.039589467242045394 0.1989798651878175 -0.206408865004616 -0.05850255691983245 -0.28444046203121615 0.08843934706620935 -0.043285047931794225 0.5188653840809258 -0.010390239856677435 -0.02896524508841921
-0.10133333643690093 0.1422730038819241 -0.10580869670748194 -0.47045100431811754 -0.28655596522722987 0.24287566224806398 -0.17481205828498833 0.058431611832098225 0.18466325250256777 -0.10751457944866939 0.04597163261152474 -0.0256189258626909 0.30693737639736457 -0.18755819054746822 -0.18259805178445274 -0.2681145598012739 0.08155796994068792 -0.10569768073755907 0.5056194406166761 0.0031492049110252284 0.07323624841415999
-0.03667259906445973 0.10495670348445361 -0.07697777325393775 -0.44250464658238403 -0.34638502166749824 0.3623374248251348 0.10075983638707338 0.05374727740113163 0.1345265474617555 -0.09147020061901685 0.05399879952107186 0.021037653752078687 0.15435338957865213 -0.16622974846279162 -0.11870687849422734 -0.3101525165909567 0.13026336277586417 -0.12952983848129604 0.5306576370564988 0.005333166671933487 0.12104802047107255
0.06874661530890998 0.12598784604427885 -0.22261359505008968 -0.5805382603060963 -0.36962308290077533 0.2110383939374107 0.20651232338986109 0.16685813329048468 -0.022376189504761057 -0.14117080817905892 0.07519576591698313 -0.06647033654748684 0.3076392435396756 -0.1152466689364315 -0.11815781834057901 -0.06405532378535934 0.022010860678952474 -0.10626753683522555 0.4099537910218282 0.006751594017556684 0.06925649645050257
-0.024338103054619288 -0.2600396534137298 -0.224746655563447 -0.4978941480902328 -0.12863927370369993 0.1957657486251965 -0.2592193924628955 -0.026018249523109806 0.023973534886004965 -0.013338533198372853 0.14808613505441448 0.009953008136861919 0.09317760411045414 -0.22275609874384275 -0.053436517607487403 -0.15061766500552043 -0.029301125219927383 -0.12283994819644796 0.6102807480957907 0.02277899916394542 0.1228782979630506
0.04081336606324172 -0.18444242516974205 -0.14747097846048943 -0.4167502451113424 -0.11875202430765013 0.24051478196023096 -0.2917039731159347 0.1090886104131846 0.12107330294747216 -0.11603353130446065 0.10397043699523584 -0.011732807406355454 0.22206706905921092 -0.4034735386071985 -0.20825565527761541 -0.190078866939963 -0.031897875511306684 -0.12063288652541874 0.49715445996775054 0.059875117129866685 0.054345238573397486
-0.010656865008396224 -0.04010975381096784 -0.09476856224293198 -0.4195104209614759 -0.030937212035498367 0.42222433556727257 -0.15159380320585 -0.048618643401010415 0.05982020273453353 -0.1183554094132449 0.13678197240085357 -0.0057418162414059675 0.1236292945858041 -0.305607619517028 -0.20004831651769026 -0.07387452002672047 0.08446487136337914 -0.19863233672599698 0.5653184065084983 0.02705152502200677 0.22658569287061484
0.0726737631441507 -0.21106608533805332 -0.12828972977585973 -0.504246015569818 -0.13011441860090336 0.2965150965868451 -0.2697629928516644 0.13111501077304585 0.20203361192550132 -0.05455059326245165 0.09876269983119157 -0.04265168962392228 0.27163129347582043 -0.2972801019113995 -0.2405211606660344 -0.17345992541046018 -0.010543401606215478 -0.15633387471706045 0.38267526083503145 -0.006415917830829526 0.09019871903867098
0.0031334552286301125 -0.004481262510604959 -0.20614860553201556 -0.4980847682431639 -0.03470539824868309 0.3235206033987491 -0.023340179213018352 0.0752539725742572 0.22599916979456244 0.010796665714137612 0.22124352053133203 0.034357877514031195 0.05895357163561471 -0.1933501510531224 -0.03553597142520567 -0.2610331473480181 -0.0843733051145209 -0.2060971360018381 0.5544167548267604 -0.09277296740021271 0.14193144373560843
-0.048171228825296716 -0.2014292704427907 -0.12605786555582532 -0.45232323204617075 -0.12152339480879813 0.2843618864938707 -0.18546562757450402 0.047793108101456885 0.20055981824825664 0.016393096849493076 0.00227551826744213 0.002613935727450692 0.26022263221006625 -0.27309408018337195 -0.16478620613312978 -0.25379895289731863 -0.07560463578331932 -0.15166199444273643 0.5090215033512053 -0.11212295254339472 0.17188990904523316
0.008396171434273668 -0.09296953096937832 -0.1866819815602508 -0.4812072418802818 -0.07330878770840829 0.3861887058420371 -0.12850178777305635 0.05607721632159425 0.05167625919349551 -0.010836994476268689 0.10913171724051157 0.026965662462366903 0.20121542699537637 -0.23092689760602975 -0.08773909831139334 -0.27821284312046685 -0.010508879816894636 -0.16485017252520437 0.5536762452499413 -0.06720799717748283 0.1341709894708317
0.02368344084855085 0.36868267747063693 -0.018754030573546118 -0.27696247818813025 -0.47049961141638824 0.04226325278571538 -0.17972398905641082 0.11883875792433961 0.07621655720720034 -0.05301994747800638 0.013662492762032796 -0.1414201854463119 0.3807591248153591 0.027818814365936712 -0.024285138580297277 -0.36411784972538297 -0.016664588994095442 -0.08261282675231468 0.40288271892524385 -0.08292691858613586 0.1812442792854058
0.022525396963786803 0.36036861595088227 -0.10483458097026097 -0.4453694281318037 -0.4331134254960327 0.18123640124269433 -0.21795406303725362 0.046880238951319674 0.14803982753921052 0.08791342941505725 0.014864227113122179 -0.029347698894238685 0.25165788893244295 -0.030421963130054838 -0.059086935669408217 -0.23651205890179425 -0.12588014750440588 -0.05732669405550081 0.4320874575435814 -0.1336152321584632 0.10976921967299984
0.06621249596080124 0.23051380590443957 0.0972723085223632 -0.24221505193370954 -0.47952946478208736 0.0952337766100386 -0.09474979129241051 0.16775342747143085 0.07241239568387403 -0.012768677365892402 0.01873032486974178 -0.2410749212098245 0.5426486238137478 0.06121753195201087 -0.02210801574191876 -0.281528538241274 -0.14606944723804238 -0.058453764841813444 0.27029636106745797 -0.1703624121052023 0.17186974011271464
0.09503425272268175 0.36238863841241403 -0.03452855068090377 -0.3583919602137764 -0.4199130086349921 0.21085639374363657 -0.17056372985781482 0.19374757780498666 0.08487313141855728 0.02006627523993223 -0.023680983597136166 -0.11016507954490085 0.41822860700545356 -0.013648124555281003 -0.09142018144374812 -0.25216397932712464 -0.16766143251429072 -0.009190986079453123 0.34122946543393606 -0.1246092038898396 0.12279924086112352
0.03851657463920382 -0.21719464429834856 -0.1310375423277759 -0.36969615349360757 0.03205596975905837 0.41417962897901905 0.10246915312487791 0.07339278795252521 0.1521440375533951 -0.1536335321996237 -0.03648486383247612 -0.004698767607288071 0.13692970142374325 -0.2917116424562712 -0.34012030965618967 -0.10838780048540778 -0.0199190327271885 -0.23468276532828652 0.3850877964748357 -0.10710596344557388 0.338262577197463
-0.048944894092431565 -0.053150377439696014 -0.14664002757610417 -0.3646878034261602 0.04375492515047842 0.4800863254482651 0.11033865248779794 0.07667839320245512 0.10955788409679262 -0.08779788032578704 -0.11807624395954418 0.001449227700957807 0.24990653224714973 -0.3037115641357389 -0.18854484952737427 -0.20720607341501118 -0.114779840975915 -0.23313085549031767 0.4438313986135089 -0.08396877613104045 0.2267882238025227
0.044748383771407836 0.010276379978306618 -0.16064947089965878 -0.35687258428391017 -0.007695180394793705 0.4058294446953681 0.01316953870892011 -0.017632719487468355 0.03751347730958068 -0.08276460060358043 0.02829718393565703 0.08511346291985702 0.19448743737426757 -0.25957241115456453 -0.19637376005137758 -0.32412794943041323 -0.05289668818404467 -0.36351730102955687 0.38308820864571314 -0.0949823174266135 0.3516197140035077
0.07038703738443246 -0.08091032468884947 0.16617506786146213 -0.546481492502889 -0.3237674199864504 0.21056497096236784 -0.1641338946842174 0.013296129698907222 0.18189934254840723 0.06096671813899358 0.06571638981470188 -0.022862189675263465 0.3391705340856005 -0.32964301758176334 -0.06316735274533146 -0.25625455254694307 -0.02658170261518546 -0.06149925467215547 0.3819925249461293 -0.00014209435726606585 0.02351526592875399
0.055852753247991604 -0.14794702092316686 0.178867535717847 -0.3741402664595663 -0.4253452559697161 0.16456260334480405 -0.2755155170225276 0.025145209890187804 0.12361964191527679 0.019858621754744277 0.018604965728941842 -0.12604032492407244 0.3971339303991893 -0.15371576906325676 -0.021170076505231592 -0.18534669388605865 -0.08514590566851317 -0.05351749247231397 0.49895513422327464 -0.043098954045337416 0.09744459086703419
0.15625551990768696 -0.07560147117619574 0.14939067854228924 -0.5205062399177254 -0.3867425260592392 0.2555431638403154 -0.10837895757640925 -0.021219597318093326 0.24690906716732872 0.0199161895745584 0.05831645832468796 -0.04115528350214626 0.3367231199041263 -0.24462281834159497 -0.19374615382846264 -0.20467761541310894 0.026713847229497645 -0.08607090682548908 0.3427633957820793 0.04971816417159766 0.048650671274807794
0.033940915525916916 -0.12646467546619927 0.19026813957724714 -0.5017624720005517 -0.42350473720042914 0.1529723334310232 -0.1443920726671283 -0.03747289906272992 0.12775380574857334 0.007758139956667185 0.046845950346904974 -0.04153526494349005 0.39137282027335324 -0.28474253896985496 -0.07407396514831231 -0.16127729865871746 -0.157102964622033 -0.010730044299497761 0.39865288604670407 0.0043635295975834425 0.009389850847916872
0.06024530356577349 -0.15264142407992243 0.10055088145460084 -0.4459142102055318 -0.3729634721348767 0.27651024730544405 -0.1347307586148957 -0.09940872669174464 0.022861627829919916 0.06285812742379426 -0.010704809112980988 -0.04151658258603637 0.45922247062103966 -0.2701859473209065 -0.1805645413050588 -0.2368038713125368 -0.09297355550862217 -0.08475670676575268 0.3475718019038938 -0.005408893816997574 0.07061467485091678
0.0030791124119644337 -0.11203424568439763 0.09609660535224673 -0.3530762089919798 -0.31463123161095646 0.3021413295942905 -0.11226581038082054 -0.06387213419743172 0.06462428706045166 0.05594164797742921 -0.02269646064546052 -0.09237586001106311 0.511771712806139 -0.2588048988643564 -0.1892581373918971 -0.19782165916883931 -0.02384069643390269 -0.010356044616403564 0.4736096433362447 -0.03649560023367043 0.008115744798185963
-0.004780484288355307 -0.13681091731014425 0.10678061289272109 -0.29473756005812907 -0.4101024899444425 0.12722311602532538 -0.2953359413162411 -0.05438956360576665 0.3252030819020401 0.092606116007004 0.03457314322431515 -0.04319827561223076 0.3155261324145608 -0.20447699927990817 -0.17916354060870984 -0.3015240106264339 -0.007883794799257434 -0.015285091928221823 0.47126810886915943 0.06462533783128796 -0.009602329596266227
-0.032682789267198684 -0.14246660687637885 0.05064348263355066 -0.396371219720873 -0.36132141248394695 0.23142018766925315 0.003245118481728502 -0.092340960291703 -0.030919371788398962 0.04825408675126278 0.010460514653598275 0.018839188013635603 0.3440730577656634 -0.3098085230131049 -0.2071250863836565 -0.30420239346113426 -0.08460250639840523 -0.010882752834709552 0.5122983359800156 0.043622588929918715 0.033608359097843224
0.07072675320861527 -0.08187200199108043 0.10685278058863512 -0.3012120182037362 -0.39760467596587207 0.2896411239953164 -0.3222010670964796 -0.023326994047553784 0.10196331160919218 0.044380802115055525 0.017215543589334803 -0.03863198019073134 0.40807971580965263 -0.23654532950625098 -0.18075264049787035 -0.2208870599896341 -0.07903279499504835 -0.04185913635939181 0.46198636719383773 0.015507983180148085 0.006226047361098947
0.07385434469311195 -0.31386136616069543 0.13841179596737996 -0.32703469690571085 -0.3398203611297186 0.26243061670018575 -0.28480902022799764 -0.05674631785049205 0.22144931912159632 0.06598232108255374 -0.02218614891555742 -0.07085198679769743 0.352621675938561 -0.28332572544106654 -0.15616070274903118 -0.15704253101755797 -0.03181036058518825 -0.0056480234253295965 0.43168440078080833 0.017436273607891576 0.031209855497006143
0.16130936460519982 -0.14051052129117278 0.09363336866792664 -0.48654649918008275 -0.4165753339346465 0.29068561436041684 -0.31357969033932004 -0.015737134600684224 0.09300526189061911 0.12568677736382067 0.10975458718316852 0.009762467304682729 0.20276712522492554 -0.2357482535179833 -0.09596968211385697 -0.18518221816666727 -0.1205085740428686 0.0006394724323004804 0.40056310698349984 -0.014082182992627349 -0.013176802803134324
0.10068063260906766 -0.1060051089767729 0.11360195668823506 -0.45247481874783585 -0.36370143293460777 0.288940184083571 -0.2478125577991276 -0.03383290850624492 0.25582714132173817 0.07042420146039939 -0.024394596416709227 -0.03001714366161524 0.3195504012484083 -0.28466690903829617 -0.10387424914123955 -0.19006794350569672 -0.06392098692072413 -0.16376466123903644 0.35077999974610524 -0.07610229237003588 0.1447654471961328
0.039697344872154455 -0.11491922675388382 0.1414970141924855 -0.4873827317386579 -0.4000272803223516 0.20533762021410584 -0.21210051474763342 -0.05380122703256404 0.07150571806770246 0.110776593527038 0.025888902626066915 -0.03340119730061654 0.40167718567460464 -0.2256350049292597 -0.17261909137988024 -0.14883923816188738 -0.12654959149695852 -0.0159998343275476 0.42087419621612576 0.027472350683343777 0.007113383906928346
0.30650962120261016 -0.10019002044738398 0.05465845527827027 -0.3639563148170473 -0.24395212425330604 0.12880282056565728 -0.18572358080244677 -0.0621921130889239 0.24978744986028587 0.19677341704926601 -0.11883572301304973 -0.04050821225270245 0.27728222751088566 -0.31545805090482376 -0.0329660173205543 -0.19033386139404362 0.018989234248026322 -0.06488776232632215 0.5482466386913623 0.030582482948362074 0.09709856128511322
0.06983945460044919 -0.1457835041642226 0.04722322512929492 -0.2444485311959197 -0.4226406295928347 0.32691160104344574 -0.41954828775733904 0.11073731937668606 0.20740983401416238 0.06471964269933317 -0.10723033905584559 -0.11070952918930149 0.2638244089085206 -0.12459988368779545 -0.057939202032161796 -0.12689575794908906 -0.05753936274292768 -0.09360310937758808 0.4781727065112375 -0.06535848635539232 0.13251847525242108
0.10291413066190128 -0.014852606314039037 -0.016760373582241438 -0.36282583624691866 -0.24733950899967402 0.31740810078346554 -0.2316546757496378 0.03191578055345683 0.22058691214471457 0.07375965250352645 -0.1398073362952591 -0.0569106798468982 0.3003106260848596 -0.17117893464737377 -0.20777523353500185 -0.17979383647318908 -0.11200409772372003 -0.05481706802091081 0.5535316670684365 -0.06120226007549793 0.20759439121792284
-0.1112531848217159 0.06289079377774633 0.07458714821592122 -0.42732046333512563 -0.2893302328327753 0.21134738656145122 -0.3192429018168899 -0.11134881527013066 0.12481807461840812 0.04696136931685932 0.07899006889458784 -0.011200046600656783 0.30015013731209006 -0.3200588861790061 -0.1370720755104043 -0.18946972991431518 -0.10276653326403834 -0.10978804525697271 0.5069035072678072 0.0077194965039069025 0.04262524929519056
0.07855609273785145 0.05750307264057834 -0.08015457458791815 -0.501195105784379 -0.209464099092747 0.38290518225880427 -0.2338399152116794 -0.07008099527694124 0.1180683529488347 -0.06268807350948939 0.056964711897260996 -0.03708014896686567 0.24615380400815282 -0.20740652480782482 -0.0890819076898877 -0.20480496881526106 0.10334664317063483 -0.0980895524733312 0.52964067983717 -0.004491142478634329 0.07743273895011048
0.08893024154737122 -0.10766937322578513 0.0021084129696688045 -0.33373610802016374 -0.2748081160500338 0.1781386677992685 -0.21380578791156118 -0.0585535220937979 0.23790921635473491 -0.09884225716417298 -0.02180402467965584 0.01036374971280191 0.2659070406475269 -0.13507604582849023 -0.16600714737912903 -0.33336855664471826 0.11051892823658555 -0.2275606112039836 0.4728984797268957 -0.07840708192245129 0.35262273014464246
0.1773301772965411 -0.15229921510837524 0.04223996006539108 -0.3476688955125046 -0.24593231307339056 0.20680158553708233 -0.2925898291459908 -0.0763804378842345 0.12693179519738912 0.06726393691761343 -0.08188413270822882 0.009012218353629154 0.3671232039621539 -0.24380393751544654 -0.0790871020471238 -0.3303128994833631 0.033764746850790034 -0.050310512635000776 0.5155908350078725 -0.014287261481298566 0.14593123840026584
-0.10247911487560092 -0.04978543770047382 -0.00750854728240886 -0.3464123901790828 -0.5258288547137527 0.3549252891035511 -0.14321472522753817 -0.07337275985475103 -0.001086443398318442 -0.1325428264604739 -0.050075970539692954 0.01786140497800954 0.20632546620465883 -0.2524834647721218 -0.16100871489615193 -0.21617623569341093 -0.00781133880203975 0.08776853091712732 0.4685258138236178 0.03063323782437334 -0.1049328627280908
-0.153478279216885 0.04687431051773881 -0.04964789515433423 -0.41380413269850624 -0.3159615508919688 0.34382558894514875 -0.07739403476818743 -0.033669798964319396 -0.0042792080364788794 -0.12059179340364537 -0.05206377030149651 0.11155687968258968 0.2147301155461846 -0.21461579571678258 -0.10140214891608776 -0.4444984774064222 -0.025738408795177137 -0.054976592245893706 0.4852093902051044 -0.01905074223582315 0.07845201714698675
-0.14273159634046595 0.01836536544865276 0.05677712618239051 -0.24717170901782506 -0.48187830599098164 0.35991369446338795 0.001542992293813411 -0.09998138599408934 0.0644146060137979 -0.10910668519295584 0.05163664832475264 0.010171435910636486 0.376229295535388 -0.12741061066340925 -0.20452200574609133 -0.350050948672664 -0.005025663438030152 -0.12727983468210463 0.39419691602704776 -0.04538011383718287 0.16906663948647152
0.048114639676019165 0.018123057075073352 0.04236666999228031 -0.3141099881494064 -0.31215534751268664 0.25802931258808576 -0.1818260941718772 -0.08079863465826022 0.07963884747884262 -0.01385981233011769 -0.06969659539158636 0.09127419714153234 0.35638936168699953 -0.2943858366931724 -0.29567250133546735 -0.4162563838532462 -0.01231753456479439 -0.03730981421669806 0.41624765552092075 -0.002479492922643019 0.15615454310057944
0.03075997319330313 -0.10937980880591015 -0.06583775647387402 -0.40109520306323587 -0.25767689054937043 0.3311936358511589 -0.04596417924567484 0.006445136026871673 0.004607592438264405 -0.11860984175224341 -0.14701392028573812 -0.018137309358122283 0.23813422089975309 -0.2822163498822079 -0.32723142591217025 -0.12111698239928356 0.003191801240991762 -0.05571942835599616 0.5497874935805794 0.08241353430447577 0.19320624833606778
0.3754126440747679 -0.15140002891597792 -0.08584638574030246 -0.41044117070995895 -0.3635657227815797 0.11445425992189096 0.022930847975624176 -0.02539913595311714 0.12056738797920594 -0.0662661036206596 -0.06831885438060338 0.07470484450494431 0.3500755527668515 -0.10824894353483547 -0.13441679440301627 -0.3563288094349061 -0.036670102477742515 -0.24042701454755475 0.2568255481374943 -0.05177746234081884 0.27854292825011934
0.4534669411140261 -0.0772990294571039 -0.10971700845432854 -0.43401613165816205 -0.21753626534023787 0.2576219334366013 0.02395606856392098 -0.04411445556051991 0.14776609656654285 -0.03136254402166272 -0.0020267601600806704 0.08358679088835125 0.31179199216016457 -0.11348525676817633 -0.16665465717940858 -0.32072433594601524 -0.002590644821604504 -0.20904164848894916 0.35759694109599 -0.004610389947824853 0.1721378540158757
0.38644237165516926 -0.03509974306814256 -0.0846249327781194 -0.4245927664603792 -0.4168809457526781 0.18552221340478672 0.0606248068637689 -0.025060047251716674 0.13174521623139718 -0.0006228418609167153 -0.043553557440355765 0.07155190058970864 0.23153462640123712 -0.08383033418968674 -0.1161128197413268 -0.33642934709107997 0.016688898318322244 -0.09475675230258487 0.38338749776820713 -0.08522078678363301 0.2725727834433097
-0.03394265025502815 -0.018589060426252503 -0.03468131134751203 -0.43818500292078966 -0.13413503116446118 0.22777431885016752 -0.40691165808079116 0.02722858333004773 0.10406879867952055 -0.06234692829979007 0.04163848515302397 -0.09604449012795793 0.4121999087394824 -0.1611877766627003 -0.04371538827700741 -0.2663819451818674 -0.06944252871113225 -0.10707035407726996 0.4827042634485494 -0.08742376316898334 0.13316367878308735
0.10828306894153442 0.029436718494148424 0.0015168209637469571 -0.4712566279646273 -0.19529837570781253 0.11627897553694491 -0.403033136164767 0.0720890699719851 0.19301508619295546 -0.1142576887150513 -0.034012238148626986 -0.0534435618992805 0.40442207658065027 -0.055210833943306704 -0.08979514633833709 -0.2412734202116814 -0.2071968782707616 -0.07144996365830603 0.43852587513156355 -0.044533676091862796 0.12845364665940465
-0.15166731798945488 0.06225445838000225 0.07525142957396509 -0.5777561897189649 -0.23754631704757798 0.2069980087407674 -0.23839521538219086 -0.09650440751217919 0.3648928078072439 -0.008285251036013396 -0.05857462451770754 0.008935044551354162 0.23393102015447173 -0.07530400277766691 -0.0341792208069312 -0.2531456421633365 -0.16422959371630583 -0.05680999409831017 0.40835056835627515 -0.029407817290408818 0.08971781922850229
0.0009178280388233204 0.08013753701420451 -0.2025692480333183 -0.46659927407243057 -0.11968752917846748 0.44352341057392897 -0.2687024105042873 0.020600354683418642 0.2099930075737165 -0.041195401006576635 0.08509966282290468 0.10245041847524707 0.11787762923148286 0.0022569691592065786 -0.31020885566355144 -0.349608214731179 0.0659655119686614 -0.23002615730692785 0.23099602577991635 0.04177344356437688 0.20714480622136025
0.037320317250759225 0.10602241755883457 -0.1621382171345984 -0.4723095245967537 -0.2291153754926136 0.25640539650045563 -0.3427875800136316 -0.0509064735688028 0.003391974424689259 -0.15761791607724054 0.1515789182666818 0.11165851881022826 0.3418191105194057 -0.01412706689275459 -0.20763909040756243 -0.2882877481061067 0.14244129515968704 -0.32120308210628995 -0.008809601599517729 -0.05719612166545821 0.2632425224420861
-0.20789541272909404 0.12404336842945189 -0.005716768977549929 -0.4551337028127951 -0.2675614661441479 0.4285711943245428 -0.1930866216359317 0.045461093758477254 -0.007712273753604455 -0.05873821956658678 0.04201353697305721 -0.023960235369060456 0.2431205600699009 -0.10416673500486115 -0.16036750324320947 0.0153923719523396 0.3711817759472464 0.09263026264630916 0.42363448545292787 -0.045272145289922947 -0.0998394952416154
-0.10087549133945135 0.17037196736803226 0.05272990408609485 -0.4540214847910463 -0.158240519185709 0.4154112075214258 -0.12795656627770177 -0.0030769380093531584 0.11459763774090662 -0.005101987474855402 0.09413410754859179 0.008149746640460604 0.13452729535306546 -0.27327332227122264 -0.1320246406641518 -0.22701527244145892 0.2586102404271027 -0.05072153453506809 0.5334214269158212 -0.008152127413008255 0.0026921280600033033
0.22080413421248377 -0.24042747819934043 -0.09762024759934455 -0.3862396918911054 -0.24993816130195964 0.2783949819310423 -0.04388508650587134 -0.02961716107070556 0.07587790766187308 0.11470946144051355 -0.05874486980912569 -0.01047669053103945 0.14713196807813556 -0.29930882820238386 -0.19727953217914865 -0.012355232671757262 0.11029764981575146 0.12160406394334401 0.5990589945332713 -0.039780041980804356 -0.17822535503468961
0.11701938400370879 -0.1026072696794261 -0.07800358154943912 -0.3210485144630752 -0.24280708316601163 0.40153344763209287 0.13844452317487482 0.00563753916547893 0.05871175772047625 0.02390568483325198 -0.0011061319379683191 -0.005569199596387633 0.0783547712386465 -0.30352787022973093 -0.37600545237426763 -0.02896940627340581 0.16392869186176057 -0.004070923412328073 0.5936774632117746 0.022466544793332578 -0.05341185720857588
-0.05532333014406423 0.1686065979496622 -0.05945082846492123 -0.433517097494224 -0.158994499169959 0.19591367445446506 -0.2913455761357639 0.019568916045084466 0.04977026593752005 -0.08628645900726452 0.05087884773211396 -0.009522525292525156 0.2355667740285497 -0.39356281704235696 -0.1547940079402662 0.07816006732602274 0.12448107095282171 -0.09256756501603715 0.5883710616170217 0.016343873940618394 0.06742254171695779
-0.3346757487511012 0.2969817954140884 0.07482390148537986 -0.48282305293765604 -0.22434274030920745 0.14341723508411938 0.03473044804615809 0.011168203682698285 -0.009371906596690936 -0.07584515304375507 -0.008208550115566447 -0.047549749992974545 0.32924921681352065 -0.21894797851514342 -0.06038990803153503 0.00994791353380256 -0.00570012499567338 -0.047589016157280915 0.5522904499977913 -0.019555817057566528 0.11351615085635507
-0.09871834800792657 -0.003807264104454383 -0.04432183040900597 -0.549783222878167 -0.3701993260848365 0.15499698787925348 -0.20563721136513927 0.01518695355616173 0.05990802113383391 0.024359387750174783 -0.21700330204218565 -0.03169493768675501 0.26757458672013756 -0.20983685092737864 -0.012373780168617576 0.14633726310415118 0.17211574489589723 0.09393899897747315 0.5024419456032532 0.02406329548853465 -0.03843468070100751
-0.22022151689949723 0.21658199276678033 0.05382367711565051 -0.48517312607854446 -0.24365668267531215 0.13536493497400806 -0.36876286662092117 -0.03189712966918199 0.14498852140659393 -0.01831975489716571 -0.04008103803093154 -0.10613640093842332 0.2775126914434493 -0.1457700664215411 -0.035429411310337736 -0.023950435554175028 0.15362934094383016 -0.010671664775868941 0.5414912097148652 0.005962436798875994 0.018031298522759164
-0.06279442707895043 0.12460788835520573 -0.012684305801697644 -0.47533482074142397 -0.29788396689628915 0.2365941154709845 -0.3252279602951838 0.07552529208909727 0.13776241648139187 -0.23239654377116314 0.06601209922804774 -0.04675462794382693 0.23345860066980323 -0.16038348663517246 -0.11879929250277788 -0.013729040780101351 0.044891538042358375 -0.08654691649878558 0.5512154453029787 0.010290491902485944 0.1035807527620281
0.009458255636114323 0.08156838763819418 0.06941936817181839 -0.5401330218372576 -0.15893253460923742 0.2604305554729448 -0.27237490192973585 0.04042285339307647 0.11213146496570815 0.03487043576576526 -0.06827071592217104 -0.023547837793380547 0.2969163555258665 -0.3538929431803167 -0.08542743559121449 0.1765852545476047 0.07558929383061737 0.032548130905273254 0.49918280452487424 0.006303557495633065 -0.030130065638339795
-0.11264343265211796 0.08060447235696862 -0.025639166763752656 -0.4474533416075967 -0.3565197231361005 0.31149140070620807 -0.2263812631954877 0.04304764259774015 0.04349617234232405 -0.07380106319920114 0.05790095174647655 -0.05853632920676881 0.31779834176603505 -0.23776755245116696 -0.10294563804162639 0.07514036291086366 0.10399871495044131 -0.10115643522790109 0.529766888939691 -0.01966662569715202 0.11282302664630353
0.1126662328364436 0.27719046869659464 -0.10612841300223828 -0.4407214611776997 0.007887950268265553 0.1915513981887912 -0.039526127192294605 -0.051887589684525136 0.17721855615400262 0.12515692131973888 0.012185840388478078 0.10779397917198522 0.19668369380430484 -0.40778072011332595 -0.14853904837502935 -0.39309202180224606 -0.02407056826639787 0.01101084959412822 0.4703002669873909 0.016031319278444103 -0.03782673402919835
-0.06017579387302021 -0.3779525359250037 -0.002410866965415821 -0.2920834560359487 -0.43438615601892894 0.22442330543004246 -0.1564453040847809 0.0012855305931997955 0.18694092077777635 0.15869874235035356 -0.02392455162346259 -0.04372679155896199 0.2754995321980389 -0.10645752115857997 -0.12290083294610457 -0.2894133835095213 0.041803754264860236 -0.09894773450392977 0.4543390547650119 0.012382018522936347 0.19454620769213227
0.06594830325599106 -0.3003709119197509 -0.015965017970650953 -0.27123140443454347 -0.31032942039972744 0.2302297735228097 -0.1143012389706002 -0.061131190356811686 0.2091511682395105 0.12288853627128779 -0.04718483355297225 0.09015005304123311 0.19052852600099898 -0.17097475787849103 -0.15434229879461606 -0.3855447401278439 0.050068262550055385 -0.23119890854097586 0.4141063390658936 -0.10875394186262316 0.3449994455500526
0.041896055105125375 -0.23883193016474594 -0.0358201631297229 -0.26857826261101797 -0.18852981350450015 0.15451412857032062 -0.19360963048797367 -0.018044055250330177 0.18628155977595628 0.04074901096215625 0.03323435851839714 0.012945834185917151 0.20457971240025366 -0.0770212096155578 -0.16011227726014285 -0.32552852669329546 -0.09187200344245278 -0.09183429073733855 0.7013062111058097 -0.0815840380303192 0.19538324633826232
0.002198749393593048 -0.3208925778601545 -0.05625503433212708 -0.37264635861112244 -0.39074906448837554 0.26765764735086567 -0.2624242760210484 0.09252874179191893 0.22695327086983863 -0.04396989414145452 -0.12913622574464337 -0.039428708996131885 0.19968568563727163 -0.101814824760184 -0.16743651264728848 -0.18865393639184114 0.07968949311057238 -0.14436102182828128 0.44682666159048856 -0.025548252483257892 0.20051063525720783
0.24797147718943668 -0.08153530006823428 -0.14143965425218283 -0.5930068440523961 -0.26591548090348327 0.39485841555374807 -0.029379146230637625 0.011051561004253129 0.11472307072714329 -0.021123801754963985 0.008593294440961323 -0.0068361458565551194 0.2503107551759837 -0.2056751334112235 -0.10304034310220193 -0.08242974252107317 -0.011596668423136119 -0.15621282653690302 0.38589549143035556 0.004145855011516134 0.15173342615950114
0.22693022285798567 0.11272528153680972 -0.07262883753738372 -0.46678039654863895 -0.24864212328641183 0.3045735025462554 0.09521208079662995 0.14956054361593574 0.05869058609226318 -0.004368780601071556 0.13078644286990995 -0.061467521551886846 0.3213125597656631 -0.3347542381523757 -0.1269686345437549 -0.003981657290993574 -0.10247118543871427 -0.12740129600245778 0.48694639103121146 -0.05812237541792261 0.06002229300989061
0.1539242342749172 -0.1357621464950745 -0.018102622012227284 -0.4358002477828394 -0.4165619378238537 0.20896907555541308 0.10095708531094731 -0.03807147591259014 0.08500873306766389 0.0032684894068666635 0.11789257885209041 -0.00535285015845986 0.293259260502368 -0.3018811572700619 -0.0723146848023924 -0.16866438938391695 0.10183646742519989 -0.09584805683702803 0.5327700069251426 -0.00016572417257944047 0.05845078504114097
0.18524534520934371 0.0396067518160821 -0.1585422485221787 -0.5975335602091787 -0.1544706029668271 0.2997561326755828 -0.0656871069525295 0.126085537199416 0.017736839479927075 -0.11968311647169096 0.047172845054700825 -0.05291399059581689 0.34788304839042133 -0.31607061468861014 -0.07194486600022276 -0.03603223655191499 -0.08302513100465277 -0.12370473356470187 0.41536781041341775 -0.04555984749027011 0.064363070669991
0.3903002739093199 0.017276014697864255 0.0793618861652126 -0.36134927944798867 -0.279200385231957 0.30721948144324984 0.056852694359304436 -0.05588425368504722 0.03126723389054084 0.13648459673673063 -0.043278316645550055 -0.03881310569258262 0.38461788546687947 -0.33996200234091056 -0.09784473896472941 -0.15848658366412322 -0.06914973953879636 -0.09630313735590236 0.431421485074465 -0.04361932390202609 0.09240525601405412
0.29932780620035876 -0.13307249334345342 -0.0800190386085299 -0.4129135449139452 -0.23256517146721165 0.32023761689234437 -0.03067987943938245 -0.05027678661371655 0.091444796492776 -0.062494729509619096 0.07615443761435034 0.02513563437064412 0.1802023659853194 -0.2069828335924296 -0.2136783998401653 -0.22047417451148654 -0.014734474601208863 -0.1041210787211923 0.5701326673078093 -0.020948344431759816 0.17566072773800653
0.2826628426866073 -0.03221206624027329 -0.07300155341767414 -0.4136235759882079 -0.18468173574329155 0.26342268518291095 -0.021252288395088713 -0.017353816362725545 0.08413960172030724 0.06996436394160051 0.05956859708619334 -0.008114065839100773 0.23233263345150879 -0.3772788054032174 -0.10299863242982125 -0.08002251362270743 -0.09472751424596404 -0.1516144598853324 0.5884262249368546 -0.06386707993602346 0.1649098474578923
-0.015097048548315613 0.13957559055570531 -0.025312963805755106 -0.3288391588928299 -0.3218174658911147 0.2482474545673398 -0.10920645602159329 0.09555095345721229 0.12159675984791901 -0.052261659521480604 0.11464533860926955 -0.11420799243653938 0.3127174634273165 -0.12826347222077353 -0.20654636668381157 -0.07967316243459638 0.07859086112796423 -0.1607162875100328 0.6351592735150395 0.02392640797953384 0.20567556766527664
-0.07781197667450096 0.08610347473801387 0.002859187862455482 -0.3954828028633752 -0.3481367165351635 0.3449284438942688 -0.1622572793917939 -0.03447967347578997 0.2183598510086221 -0.08066996311646103 -0.057728693056409555 0.07208687752641618 0.23144475648873147 -0.0710449318774364 -0.19219009950035804 -0.38633828045171714 -0.07490499968855709 -0.10834280589643557 0.44416366304909255 -0.059377139047264056 0.19168598040716944
-0.18012316381363974 0.11390054632868107 -0.07518269213113404 -0.40808884704557746 -0.16742402040565904 0.4032878047691706 -0.08923014625499254 -0.030120384085708125 0.19366155980044503 -0.08050533703948214 -0.07921648643493437 0.024940093567934325 0.21169428847430424 -0.20731944148995687 -0.23889580542133174 -0.3088905566963122 0.21641218153103287 -0.17003941668944728 0.44119067230919 -0.006414094719369968 0.14577618300857037
-0.29460549548196757 0.1704120233620442 -0.001950500691756261 -0.331203803425172 -0.356824948218294 0.33209249270312424 -0.03053288081256712 0.08365680615744255 0.03351313401424462 -0.20592511836370286 0.1053009959269744 -0.04608926894688578 0.32062380309881316 -0.23696643226787925 -0.23298332542190855 -0.16185487612896987 0.017799466960753612 -0.16584307365329262 0.44191385921584425 0.000669778422872033 0.0982170678738254
-0.16298440634655617 0.1189354208899974 -0.012605182920896012 -0.32282454919315434 -0.2503117044379206 0.2682881974138927 -0.007650187554607698 -0.03591068950006582 0.1277290496754076 -0.13933995215078745 0.05416861309398459 0.01472912367713342 0.28066896487969717 -0.2515991797084227 -0.2162946794184784 -0.2632969612278019 0.12824192922837116 -0.20190333466647226 0.5614590793811516 0.08800088058916965 0.20414320072726028
-0.1562543440347738 -0.030042262632901526 -0.01161551616229081 -0.2874839876847973 -0.3711090578072166 0.2210845077585957 -0.08524629334108667 0.06643127380590269 0.09831296051880245 -0.046529676035199224 -0.048288144937361784 -0.0642034293007517 0.36861340638598744 -0.1541465978691889 -0.2818042064150558 -0.16802517015671495 -0.0015503963068217977 -0.10551521422859521 0.5916631509239159 0.08627848162097745 0.19851261295098466
-0.18594086355090017 0.13361623538731107 0.1270157285813228 -0.18520521180689375 -0.426765127392578 0.3480194375920536 -0.10803419072746277 -0.06084470612272226 0.10282896981478112 0.021195473005748533 -0.1018564993624849 -0.060736132443650635 0.3465715600040564 -0.3212135983852058 -0.21417699528350834 -0.08619749274540926 0.16962013233337567 -0.14313913400549338 0.450204884862243 0.07521752741721778 0.13870422997657075
-0.19698626209822054 0.20395465681213126 0.018414072987214848 -0.41547251712063027 -0.31718342114396725 0.27559720849614977 -0.08702747825678817 -0.05938175997074283 0.17829728582892115 -0.1446937485473778 0.06485886904436944 0.013022883428126013 0.32854097417686773 -0.1812211431032169 -0.15524219852653595 -0.2532946001944474 -0.05077768534767518 -0.10027053386102616 0.49814182113338734 -0.016731908540792387 0.10855632665961945
0.0424122203701517 0.02102611264921669 -0.059922129247247206 -0.4816843820265596 -0.46162054031365274 0.4035067714889995 0.001138074035640702 0.024168094932084126 0.12294686620143754 -0.08748033477860186 -0.11160192093294974 -0.010363238545945015 0.2379338854242951 -0.1847498606497935 -0.14364806646794326 -0.0890369385821075 0.10588748984291779 -0.10383556866481572 0.4397608958712124 -0.019082117796760268 0.12355443163996586
-0.000745846157263156 -0.11597796086107541 -0.0007368864319382451 -0.25898083686358087 -0.2827861174549243 0.08210653037925784 0.07956942159327587 0.10982406292824823 0.2653258136976947 -0.23476370113165196 0.11771030170055953 -0.0280049760099926 0.21057727585491143 0.021297112643053256 -0.05655004105488799 -0.4356647031782165 0.14841730386166285 -0.23967000601097366 0.5658266163584803 -0.039395553232281 0.18773358925001749
-0.22041447047814566 -0.183864834040792 -0.06035909344908784 -0.36977564097195825 -0.29407348896514596 0.1470571897875535 0.04611796346293533 0.07710002819832248 0.007007629014885149 -0.35249402893844173 0.08923196498199876 0.061714335793716366 0.1967872622654959 -0.03817787430215612 -0.13837835679558874 -0.4370716883600873 0.08422576275142431 -0.15999536710368742 0.4710339249677031 -0.02793695457507079 0.1388399748232645
0.12214907386583075 -0.14666855730629796 -0.09627214586452214 -0.4198018985679341 -0.354666617899512 0.13621939648758788 0.07018893247552029 0.04954255481496516 0.06184977253784441 -0.32110752867982556 0.10271825022341027 -0.013466590194154143 0.2904331659659008 0.007945453616653672 -0.10319243751212424 -0.3387532012925724 0.049044269361147745 -0.179912281737372 0.48432432217816396 -0.03240364744687872 0.16870769467053928
0.05641040816969782 -0.20303044394353745 -0.14565371420635623 -0.4907783259211271 -0.3649032734514644 0.1101117138623325 -0.10214697435396262 0.17582869065559664 0.14715802349614351 -0.2784765902944052 0.06076566742837795 -0.011978974973271168 0.2923319030561343 0.025565311662511022 -0.06974751929525676 -0.37144872949242275 0.04934048789477094 -0.06609386281209743 0.39417954789330634 0.02930912349091062 0.10889872062761402
0.043168285179091354 -0.2058168267388758 0.0007116589282179802 -0.2763100598401753 -0.338821634597614 0.11659688440784048 -0.005259705482758268 -0.06782720567483176 0.1769142957851035 -0.16984559890871093 0.04820763533589025 0.014453011249415258 0.247585810586143 0.07626439982934781 -0.07727997853285916 -0.5189791895821376 0.07013860024446476 -0.06782268425150956 0.5155846263509071 -0.09510430378591471 0.2385534038403082
0.11260209595461584 -0.04277790993401193 -0.29772316090676704 -0.6384941281283824 0.01752041377536579 0.3048262889163073 0.035016172177280536 0.03712274306378551 0.07792120494712498 0.021700231251790176 -0.055703988557696225 -0.003291700397416823 0.2278602965690743 -0.33286784196144587 -0.07513796299895102 -0.1573807507508436 -0.07671793041671161 -0.05679715668516011 0.40597559459952404 -0.05355298005153556 0.11729854471060674
0.1329284336790909 0.1430744336844588 -0.017259077334633232 -0.38350536850708494 -0.351867500928762 0.22664657845323113 0.04559196114995381 -0.17558537050128842 0.07120621810238033 0.2101318104216626 -0.21121385284476307 -0.03375655673686405 0.2670653295743139 -0.2106516465839628 -0.07487241808117104 -0.1819525433421514 0.1989285842491717 0.1753672161942548 0.5227829195050345 -0.08883178881121073 -0.07410001527426796
0.07369586489832865 0.16996019024557574 0.10582217160189651 -0.3701539207914564 -0.26420640998448786 0.19606076644656192 0.0029697448526223684 -0.1892290212549706 7.552967823232485e-05 0.03187920864363219 -0.11055058610509023 -0.08333050227383379 0.341395205350144 -0.24260039480393095 -0.13954303211748104 -0.2105809379371065 0.3361458671397505 0.06591724252230047 0.5435143161690689 0.01367120250534165 0.03272829312872033
0.05821908071066045 0.1528730723017125 0.005627898515170279 -0.5267598810005173 -0.26636582346150955 0.1659462963451359 0.11696958766710708 0.06340781670873975 0.11387461798432075 0.0020489381196828497 -0.12915208578116508 -0.052403974030075164 0.35372689192688295 -0.2641364641393561 -0.10856655304251836 -0.024810751156711778 -0.025998911624464216 0.03982718633944959 0.5798400713706879 0.03692540405183568 0.0031771038864535062
-0.17863268366069648 0.09511853930360382 -0.07862311582693511 -0.49091124732431496 -0.3107430374220091 0.15989062854210132 0.04997045382185165 -0.13714875415903754 0.16990403528277875 0.030573561674872986 -0.11157124936858298 -0.05527695349438389 0.32406311612315086 -0.2109205884157979 -0.10129455029438426 0.11736704651492393 0.24237041389594238 -0.019238438780741104 0.5358258169231439 0.0076111439874631355 0.057512764770036216
0.20194371584778822 0.16546984307712923 0.019961364494442423 -0.44633228698410493 -0.26714600914490555 0.3455734766444273 -0.0429806421275653 0.062107017319039136 0.2345359709947086 0.17936447223115934 -0.17779767498642043 -0.08356897592237192 0.2817657329470335 -0.32269324219169293 -0.08978892633180653 -0.05803802960978906 0.027726469482333278 0.01083852858190684 0.46165557201649504 -0.014813627187394492 0.02784744045311578
0.013679802488034219 0.15710289858047632 0.05822350719989707 -0.4369692260294037 -0.3464207995426028 0.25086182216475356 0.0889043006949096 -0.10007981986574017 0.14939979763912944 0.028602076145220336 -0.13497649528131764 -0.07164283585869044 0.3700107647981133 -0.2679608096333642 -0.12971064510477598 -0.10841418080642518 0.2662970846954136 0.01593097035538913 0.473394959075266 0.02550472867818138 0.015495291335435282
0.04168739599833773 0.18423647695718207 -0.10355959143660287 -0.6871751992502352 0.008530167043473615 0.12095693583436717 0.023115605925670572 -0.065251229244734 0.14488851815561288 -0.0598400527294299 -0.002985811511799245 -0.12754471949987395 0.38839285315605626 -0.19019712916593742 -0.04877107980780182 0.12526715597396773 -0.07504356204678603 -0.01649054612303406 0.45531984142167264 -0.024985811363116225 0.04583554032707355
0.17765009866569942 0.1474716761469137 -0.05622318858996142 -0.5465433779644909 -0.007305859112228923 0.32467170603400425 -0.22629984646073192 -0.2097299722943703 0.02413302375302056 0.1705567209484745 0.01527873937844699 -0.04445309543833384 0.3178673074763036 -0.3838702979970005 -0.1651814296075932 -0.12329339574219683 0.015266969343727604 0.05764633601415004 0.3376059753429221 -0.03175442990471141 -0.053408154190806315
0.26508195046026595 0.25236112311469516 0.0307428249920134 -0.47068147205433225 0.0762455644223709 0.38853277902583616 -0.05638067057682826 -0.06578393683110202 -0.02943181100573824 0.10235694152496387 0.061241839312434515 -0.00024735712055587347 0.2908728688988192 -0.41160056451377436 -0.15533194502577957 -0.17071238233038086 -0.12935363883360682 -0.034163304853490076 0.36160262947653743 -0.054551317353626866 0.07254968943304213
0.025083560072925386 0.162683153288696 -0.03877824927432321 -0.6296380219825094 0.019996563700316664 0.4150365185822321 -0.08463547147052754 -0.03281388193257563 0.12666577440014704 -0.12712875620686984 0.11007880811872724 -0.012717494937491159 0.27085688355550186 -0.3369080558291845 -0.16841080544534054 -0.08108743862539468 -0.10866855509053616 -0.09250691693144493 0.3231946586988778 -0.03195883473595336 0.043894290725532165
0.1392144281098062 0.16786202080930712 -0.0390867896998415 -0.662318412409589 -0.02236638619585039 0.29197910893991036 -0.07898441468954086 0.027090649463739538 0.03659616988578561 0.005893637956348682 0.0008649072531325488 -0.03892312765219719 0.29395935867702855 -0.4402658820534123 -0.18259050537048463 0.0114567586125175 -0.006476583843727285 -0.04295299662437797 0.3150148914945002 0.02654775986890394 0.03303311431758354
0.2533997409963095 0.09638785703977758 -0.08569847408465589 -0.5796751240715502 0.10113073446388487 0.33077017500569617 -0.15615904657571325 0.03877197853075426 0.010939365877758801 0.034098107982219183 0.03509956531443155 -0.03057513237618762 0.2646989984330238 -0.40816779582471896 -0.11803669915466848 -0.008882098840829059 -0.09508877984354096 -0.015593893604862453 0.417198343767753 -0.0007166212636135855 -0.011746347219555225
0.10693228793550903 0.24851451359683857 0.03685848077153151 -0.5835775298244446 -0.1478384541936172 0.20304149161227614 -0.11553638435012971 -0.0030782593870361946 0.026637214156688828 0.07126231495619302 0.10923711591253042 -0.04095642020915326 0.386590608676261 -0.37083186526019 -0.11182070318974441 -0.1160814142272184 -0.1779419120604688 -0.05084067520134266 0.37626993230942557 0.005329754544823571 -0.015608242610895443
0.19912554833785545 0.3480895001647505 -0.09798409995555576 -0.5430786475370859 0.021325646183760354 0.2505208111834587 -0.18669209433994272 -0.011986564960443738 0.06856752072532075 0.0632222092508848 0.03526371483318496 0.0223533794761248 0.34274704101754144 -0.4159530833436514 -0.11253228632340756 -0.1905226109508568 -0.08268786497164517 -0.07465917490084477 0.26098239123601874 -0.04733365057829807 0.061434046993141464
0.03733123504451508 -0.10281208755671715 -0.0900318472528005 -0.365582758909809 -0.3076284237680892 0.16923013039804188 -0.1297005953807889 0.15559184582566274 0.1554858548116295 -0.07660692241087032 -0.11650297158820792 -0.07754705560545196 0.21766915656422187 -0.05377545866124133 -0.17962672462004733 0.03132105229642255 -0.0451150829472314 -0.15319306257641876 0.6383195268024549 0.010180582758522343 0.3402441441447175
-0.03768987432807825 -0.17314292909483087 -0.056961277549910976 -0.5265630651099817 -0.2640014728385125 0.09079710179103201 0.08748349540634896 -0.008417565223862791 0.027115296209457376 -0.2240623100566703 0.06687510460942526 -0.041298286724350326 0.348217632323962 -0.12302140051243894 -0.06690121687892785 0.13910925640364824 -0.02096376533363271 -0.11787862184568297 0.5872814104851667 -0.05562545763243179 0.15086489925385776
-0.0018268341077337246 -0.19608117847252896 -0.048571204973328036 -0.533584096220776 -0.36973049982576095 0.1607314129250703 -0.27829616744509234 0.08565217377951281 0.11245066678178531 -0.16445101189209965 -0.014705925868515641 -0.0317425186558396 0.17048735922635458 -0.12336784902121972 -0.08155642036095172 0.020468048347378944 -0.07619483175842945 -0.07022354774012614 0.5577269206625954 -0.06206991726759244 0.09612135759903187
-0.0536225069960548 -0.06071421996255615 -0.09911530911399664 -0.5781931620178001 -0.3014497548361441 0.17761383664509287 -0.010942869852992462 0.040737515981254996 0.15261865222210194 -0.037959799710024916 0.013115170130989617 -0.0018355434754064204 0.08986593733330193 -0.14419605686464534 -0.08628816172100838 0.09959320267519979 -0.24653839917409362 -0.08997165166466362 0.603556326092891 -0.03988385713452585 0.13863856599153637
-0.03509456185842518 -0.046408642313387594 -0.08063109176960216 -0.5918655576932553 -0.17627652318315074 0.13967474839409874 -0.09597217945283965 0.13076161564442165 0.11823697000482505 -0.12864791252818938 0.02683830981682095 -0.044447760554322424 0.23392834051500463 -0.18062006293542973 -0.07293712110120154 0.054647123755393885 -0.02053330911255976 -0.056902257589608526 0.6458467255269752 -0.020688261883511878 0.11328211713271441
-0.0018963378321987842 -0.17278747289260657 -0.01780509254520706 -0.39786192443011253 -0.31881836473048314 0.11735550261768546 -0.11143582943702939 0.0467705302710193 0.1875256719221299 -0.20496474866255923 0.015939602123299458 -0.08116638243695255 0.2534431387981252 -0.025392987611432525 -0.07702565190767346 0.020296666239478376 0.05259355146087594 -0.14509884503080162 0.680387450530829 -0.04375683641080925 0.19391688436887272
0.10941424152193457 -0.06999640232008057 -0.01607994888512917 -0.4776577816116763 -0.35998855382880235 0.27571405991261294 -0.026886429439911017 -0.04068811090185818 0.15881121932592884 -0.013856771817610468 -0.049462281211048904 -0.0746501992219777 0.35421422221107957 -0.17868309901983073 -0.11034299081400446 -0.06373164309152692 0.1587235340490494 -0.07246370893999624 0.5491410793980633 0.00964245702512983 0.0869896812927158
0.33331498285846606 0.2414133630624708 -0.12787243421075947 -0.4916761408254249 -0.33665603489030127 0.3459682438038882 0.0258400551303035 0.19919236097419624 0.12845447821936395 -0.08351857279886288 -0.023683151968270415 -0.0879352267838391 0.26612282961087425 -0.07336224248706978 -0.17923075107582273 -0.028502379100552616 0.034819304859680204 -0.06857659468745231 0.3482141187287375 -0.017451551697108093 0.175401587022367
0.35976951591493433 0.18238211695605658 -0.023070995778277235 -0.4519654589458719 -0.2705975785532882 0.23352348788522403 -0.07011372165349328 0.16477787089012075 0.1554560284041858 -0.02530288455790685 -0.062247499893415194 -0.1358759565002348 0.401261912102505 -0.17814479021880927 -0.18246837461943485 -0.10699083963571283 -0.05910724853468173 -0.06622611120825911 0.4000890188731071 -0.030242763635855343 0.13847734278099877
0.10537379134837893 0.17150147646169397 -0.06779578762617389 -0.5157992636165549 -0.4329911152375153 0.12839902047355933 -0.09265216459589151 0.08276465560007422 0.2618552830702878 -0.1734359835287203 -0.0015930133408813415 -0.0993829541885821 0.19809000359924966 0.10339637271883845 -0.06355937894684383 -0.13358247295655074 -0.03295817798440908 -0.15377895589256776 0.46226565103118933 -0.08478055464688239 0.2085250079156035
0.176135285769142 -0.1576705933856489 -0.06397941792587947 -0.5747014988972288 -0.2958381188767023 0.31387455144555604 0.10511087692076515 0.061945580576888364 0.01825274009386922 -0.010544317888616954 -0.08095996156556762 -0.02683627639591258 0.21265441964319406 -0.24244972129715656 -0.06712192684421832 0.06871255278014872 0.058207585611731456 -0.047636901605514544 0.525621165211431 -0.009234876323324268 0.07647427568637007
0.06824433279311305 0.10526692031684534 -0.09536676052226696 -0.5119992996840829 -0.14934624593263562 0.30286295431774424 0.14417323060494816 -0.036782761176753234 0.11324712967431488 -0.003758082156221535 -0.014240941062342884 -0.04456525597635266 0.31089175770823163 -0.31622488981004354 -0.11614718172482681 -0.15633980057634608 0.10066003200203918 -0.1268751376247083 0.5337579253194349 0.029910404134656423 0.12337080570613707
-0.01151928015508064 -0.21023533344174733 -0.12207846683102978 -0.2451683737841353 0.028311392415164977 0.3040132821183516 -0.3848599313587132 -0.06348735295720576 -0.0471528666574455 -0.09605896311246918 0.1035400536517644 0.12160113304277506 0.20921764553196906 -0.2584483501707966 -0.1333060262712348 -0.40031073503409653 -0.23221337944081172 -0.1705580487463811 0.4390438300656992 -0.07259026690645223 0.16940343271167227
0.18210579876140648 -0.1899079119003101 -0.20384069876111294 -0.3523784294635851 0.0027795450550933214 0.2785539448219363 -0.31948536862422644 -0.04201068543638027 -0.13740052396942007 -0.037329992952069985 0.1847880690154303 0.034772906524273055 0.22531040931101418 -0.19174525910072127 -0.07357168294417213 -0.25158937926088804 -0.2214368427945114 -0.1595257322142473 0.47963786654535423 -0.13265985783956588 0.22273738792477707
0.30539980881396034 -0.1507793918800165 -0.1758637184588629 -0.27452050584929466 0.07377788013588027 0.2558030541759323 -0.23014171420172144 -0.05033012946159738 0.021599149769000937 0.07338345866662817 0.16761467013644044 0.09388667606976715 0.1713959094778865 -0.24349022046313729 -0.12329395187596552 -0.3626315800210451 -0.20481611354136528 -0.21216688991877308 0.5081256586463607 -0.0952352123412646 0.13775434581233287
-0.01648051067310103 0.07072182165824505 -0.10838919269216171 -0.6030815065713132 -0.1722760208608774 0.313259791356288 -0.09765474810125119 0.022478669663567933 0.023565453232652887 -0.07648255925669116 0.15083897160137946 0.004351337460740472 0.0857413300353832 -0.23527158794894915 -0.08063062676192188 -0.120336548372047 -0.08111726542763034 -0.09026354719811978 0.5832381180232765 -0.04103923212242165 0.1094425476201179
-0.06266593383663431 -0.01654240301933041 -0.16656249729980319 -0.40297650860018785 -0.02350902263745788 0.26944352183006637 -0.032981204735638946 0.08342772874510433 0.0892410034681086 -0.17755086547718202 0.20017905644960818 0.033798307186855205 0.3826944702569973 -0.19897822214227573 -0.13578491179576094 -0.35243072636868045 -0.09539547338363501 -0.21175450845166702 0.4729737396777007 -0.10627588590763727 0.16165450615996307
0.047947511303485846 -0.0008465644118404865 -0.18919485443662032 -0.5706073825882911 -0.16760932975607215 0.3374643337989799 -0.3512695383738463 -0.11648800667431353 0.03485044260867574 -0.09806363833833555 0.2665168197891929 0.04561751571570717 0.14657219557643883 -0.10671692798918282 -0.032193249720265216 -0.24421569123635622 -0.03894613858217283 -0.158100426314656 0.3405657592286097 -0.0866758968104012 0.17284361524459507
0.39668258635146525 -0.21263440876211775 -0.10022637187239598 -0.39867537261460556 0.0331559655785938 0.29920235796173456 0.05397896856474677 0.08321682604571908 0.05878812857128968 -0.0514665155127117 -0.00012721568086108005 -0.026266870193077337 0.260666076912549 -0.4459482932663865 -0.1829261422692242 -0.05508589508574623 -0.10032985644791516 -0.007883322625291792 0.4540429837342222 -0.030113029823467124 0.02615416925784237
0.26799785107349466 -0.14624074015492167 -0.11196792140333946 -0.39687235241932883 0.044110339660409136 0.2291463013474833 -0.08355045118954774 -0.09603922981626883 0.1547023477261156 0.06410905786078255 0.1274774227358742 0.012309084050036162 0.2007094389838252 -0.37100570587465515 -0.17676772498071414 -0.25273255840407505 0.13032752478157567 -0.08276488004522098 0.5661865391439668 0.05951590001045707 0.02547246945186297
0.09565041946674309 -0.08422776078541876 -0.1026141688011113 -0.43661066776594465 0.03724117129984089 0.37640223402810336 0.1129277441394791 0.0084736420836717 0.027368938738486632 -0.05801339698396551 0.10588100866945044 -0.01114111242723517 0.2649569357174566 -0.4260632030490514 -0.14151938810923667 -0.12573089341391144 0.07286038465625609 -0.049579801273929316 0.5619534258085681 -0.0020823924332453803 -0.011304054388812528
0.40363004854485296 -0.09006918193227742 -0.17096106229276611 -0.424939743220867 -0.010532257556938651 0.3150988330020454 0.04518584472406162 0.023915388937843514 -0.008411529834258526 -0.008012004332337997 0.07466546820785311 -0.010140015739311878 0.27251545583977865 -0.3360499419571939 -0.19115168188015785 -0.011163462832583123 -0.014209443660628878 -0.06857282204721574 0.5302696720125235 -0.028581001795486075 0.024072478015680628
0.4471248800383077 -0.11051740287032971 0.0069238344432588535 -0.44476702568433324 -0.0912621700149813 0.18794658538374334 0.09571252229117852 -0.012032295320650834 0.09659188993096732 0.027149000212053943 -0.019442755445277154 -0.01659834607086572 0.24983793606387564 -0.4439930902996946 -0.10592960711830007 0.036762942167504156 0.1163511473680417 -0.058101443224464575 0.4862410119491879 0.003073450774809393 0.029087052978644196
0.28630342726585595 -0.16502220001538526 -0.15622105645757434 -0.47523125772228775 -0.10573179597191827 0.24639567849310148 0.17932974969811777 0.01806505204290756 -0.07105784269271942 0.03393100207360799 0.13962402632635995 -0.014521437440582477 0.2732668199166486 -0.3481096144083318 -0.10338451452169851 0.009036229670116276 -0.06539344804683321 0.04371381151655727 0.5425257160992889 -0.0014651035719821274 -0.05583785314435033
0.2009964899806647 -0.29094271570785907 -0.09557618747291313 -0.454448562638464 0.03402369043802412 0.2833894209343944 0.09363626444723559 0.024256546089407024 0.08801947446160231 -0.0416870898887611 -0.08119269230493256 -0.025126576284235962 0.2936260207297275 -0.4530646495941781 -0.14820685858248317 0.04871123733558298 0.06477124208124481 -0.051581589318217665 0.4777244512365942 0.012403351883511967 0.026644992634578254
0.31963631891257 0.032635792590520664 -0.057082011724315075 -0.5047772565827124 -0.20585709689800602 0.30247647503064007 0.05275797361496078 0.0370871222366075 -0.011425299979237104 -0.029717471434403887 0.12820629321919813 -0.03534087082333477 0.29551265942351407 -0.3085177659520996 -0.16182039736059287 -0.1028180289560161 0.030390502802081765 -0.07617736011421293 0.4967680107086194 0.0011673525926973061 0.09595234694758317
0.2316906157235391 -0.07621775701867115 -0.09733465833434614 -0.44220620911948577 -0.06367954228702426 0.20667116647101755 -0.07446658464724694 -0.07168015717717921 0.2693993590605956 0.0034136589375664272 -0.15894194389497243 -0.03338222207769808 0.31705922581810747 -0.26390766912917357 -0.10263015073820714 -0.1476176596693531 0.07288723562093766 0.028839474152220296 0.5708824939175484 -0.08682849116536605 0.19231740888985246
0.30841135899751176 -0.15335938657182285 -0.02789053518748578 -0.45621150123215604 -0.17398536075848234 0.169929335378625 -0.06372356201079798 0.05101675694778631 0.12413115338283659 0.057410110603155554 -0.11961632787041157 -0.09413343925348562 0.4369976629109803 -0.28485781312180625 -0.12367149924013046 -0.0658643287727913 0.06382721179193124 0.0405400062704274 0.5105958571906886 -0.0010782545517524337 0.08125403212379965
0.41920458204276856 0.04229196274391765 -0.11267115884965707 -0.46331507315406606 -0.14266259879037385 0.10656897991107252 -0.08425119298730249 0.019224319454159717 0.08401616145491642 -0.01649647528693685 -0.045069895909621606 -0.07177469359398994 0.34640247663728646 -0.2905648648559732 -0.0809266804004775 -0.045203848007441184 0.04208203825563448 0.018596851456165502 0.5706361901829289 0.013764404813305632 0.022025309149178256
-0.09959003599303261 0.2339317435597232 -0.10635107140267398 -0.32569464733621806 0.0024534589775220285 0.31349438572795385 0.09718771686086726 0.0008183630127097503 0.13930776279525459 -0.11046975916765468 -0.1561243233120527 0.009371125399404608 0.13857601245932782 -0.3725534209545642 -0.222585087042971 -0.20076547214382348 0.06099719746061682 -0.0037293947985238027 0.6176257844020201 -0.0033158079869914175 0.14528959749225703
-0.10994421791653873 0.004086761265423045 -0.16466017948492273 -0.43228363828801614 0.04305950033665938 0.29450750044540486 0.02714225333922033 0.06972861566553785 0.18963942409588722 -0.08270529732122138 -0.011820036733271866 -0.03431722741063011 0.260501723094493 -0.3101531543322188 -0.21759952324172288 -0.18335980349341335 0.07858338897942253 -0.09680807254666562 0.5674015581353917 0.02329805448545229 0.22922530274871555
0.00012099689240737795 -0.029991663823396755 -0.16814042042096558 -0.49319937410187714 0.07462250048153088 0.49449248243782024 0.1646824947014667 -0.053403291648825166 0.025444002715316494 -0.1188198306054943 0.005461625182153508 -0.0005180277901407074 0.16497601249577676 -0.32624415044490374 -0.18790786614732238 -0.14885860333658138 0.006032710294526397 -0.11253036903158942 0.45373455598983603 -0.012591498371858741 0.15123093379116515
-0.04816035367868547 -0.14295176854550612 0.14050601249736389 -0.15597529267121898 -0.2819413729549822 0.2534995317150623 -0.16633812140050377 -0.084626317282759 0.31575817581817067 0.05710007667184028 -0.1992011593105126 -0.06499599227595401 0.17369741066859348 -0.07761671186176564 -0.04051329426129189 -0.2283913778505465 -0.02183274242865127 -0.10287083449006784 0.6462650077477954 -0.0367476595209512 0.29606749239625446
-0.07117472343630439 -0.12801183565005111 0.029544583865568283 -0.2499400333027526 -0.42849944200723084 0.14524342224694664 -0.13223258185534434 0.07396481352902089 0.36897914267572773 0.22142859290042533 -0.12139979299728398 -0.1379576521226741 0.1491678883733462 0.006961276904636018 -0.07178409944726402 -0.30315887049623863 0.1258258959552962 -0.07860191583885157 0.5185178214742048 -0.032716504514191384 0.23936333476145027
-0.06477026682823275 -0.2022304561062318 0.08358303229861752 -0.2501878947213397 -0.43059322956556223 0.16494554124900998 -0.08399887200893631 0.17234545057641246 0.30032191205716363 0.021769847573098605 -0.06117054909011987 -0.21024233526760275 0.35778042731774273 -0.041279984843759644 -0.14282630323094703 -0.1669429019554672 0.03324356542593359 -0.04505129462949038 0.5399922155657149 -0.06168048401096265 0.1443238899435642
-0.03349566616706288 -0.010864525783447468 -0.0002881360167373435 -0.3675423030408365 -0.4732038768797128 0.20404967038712793 -0.23172987021526245 -0.004620105773358671 0.32451207854110903 0.08311884953975149 -0.03132563235116261 -0.039347491808702804 0.14879576813686585 -0.020608502037033172 -0.06878551600615067 -0.17112326523969962 -0.06960471721497143 -0.12739123129989516 0.564105664552929 -0.11605513473534201 0.14251708463358326
-0.09411616870098384 -0.05707446851296784 0.006645992414868179 -0.34351877694686045 -0.4416185160396631 0.24899011619312408 -0.0972332966156142 -0.03368749769283907 0.2739657553873131 0.16168150176330437 -0.12252190340475949 -0.013753790362963553 0.2398337819031579 -0.08579638479303972 -0.10760295190217363 -0.33366133792379965 -0.03631623641484208 -0.015344475907699235 0.5187701493364023 -0.06969237765730667 0.15000296355964862
-0.02840619227300292 -0.22873909700170264 0.10336068434018503 -0.18391256159109678 -0.5242355224475482 0.14690011026666847 -0.14124870280648807 -0.06011052581767661 0.22225910581478014 0.13544568251580136 -0.13095926682917824 -0.048447867126930715 0.2211506045429335 -0.00173056737030419 -0.06362150192983054 -0.14178586353039324 -0.05360221116530278 -0.09695053446482063 0.5757857567119657 0.0019275213645092663 0.27979996369402216
-0.057468654722415746 -0.194023355931932 0.04340681906933315 -0.30071503696682306 -0.5758337891187175 0.19442949152536754 -0.0764885855763255 0.06591500913361253 0.24885218282624788 0.04487468731574387 -0.1548276833110558 -0.08568187422180382 0.26580264742709614 -0.04680618696375899 -0.08970968217235803 -0.2261508546081577 0.004030198941897454 -0.07507653796944301 0.4592321256732637 -0.07355430189973254 0.1947069075369671
0.06608760331762745 -0.0698011181243626 0.06281260075987226 -0.269348851867108 -0.440281866266514 0.10070369494642632 -0.13631672362571187 -0.02338652423211325 0.3488300718706159 0.08476596886368029 -0.029194549756550534 -0.07191815096824192 0.22252544479422293 0.04563304531167109 -0.05720985879272256 -0.18336921111219795 0.09181353396162985 -0.14794522321679318 0.5877267981177141 -0.05948870494256034 0.29745394135484393
-0.12151158895043156 -0.06513612176208722 -0.040822788924759636 -0.4197327289477713 -0.4871925913979167 0.16878488598989336 -0.25147448450685544 0.08908113222033212 0.2386114559963844 0.07795655868073463 -0.024857607378214127 -0.06825725116042707 0.28615190295676535 0.007093786794928283 -0.10931518023499905 -0.27788161280321244 -0.02332332550907672 -0.14201721590056426 0.40589227650735715 0.07282656004931361 0.18966913144321434
0.08048160280339291 -0.1766496237783694 -0.02534638356305158 -0.33643806409524923 -0.14752214826649054 0.3188678087362665 -0.23764370527373285 -0.10148551633530284 0.07815722126420137 0.1125697524549032 0.2214632371052382 0.05458608780268622 0.2389414738415881 -0.3208056179145148 -0.19226900296201307 -0.3145342708819418 -0.11032006580442716 -0.17752958297226784 0.47691413146769496 0.01619234498712082 0.14198662161635622
0.09475056658977526 -0.14246354368657188 -0.18213481716218158 -0.49326171813923914 -0.13543574702567038 0.32857652472922433 -0.10803046106453607 -0.04008345634125855 0.19547884982600122 0.023657370432235144 -0.06461072102936524 0.030316893718007054 0.16993327117191018 -0.19952671783642772 -0.19961020800035675 -0.23244222024645714 -0.1183447620697279 -0.10138548005728767 0.5450742328443252 0.02785634677947865 0.1614622647684499
0.08549649048872011 -0.14783611803986565 -0.3628091752138843 -0.5289828472756459 -0.09968900531462359 0.14503377435291095 -0.1821785693506398 0.11519653373626873 0.03039525040074638 -0.008148747081518687 0.07122131415441793 0.0020974674861747394 0.16948392772515325 -0.2400620776749258 -0.09237750219426072 -0.13553736640754716 -0.14433909075210313 -0.09262856060683518 0.5573449997288846 -0.06397904167914337 0.13595291223676587
0.10936745466648767 0.02322799960076014 -0.14524186362215905 -0.48101334763319886 -0.07375406350964221 0.15079400279620003 -0.07918092700840103 -0.053105536628921785 0.2009209719936443 0.07306922451886001 0.14211000641348864 0.03150336316272211 0.2469228894043617 -0.27294065542488577 -0.13072523701701633 -0.28640426749711256 -0.14816665587653965 -0.180989641376073 0.5624842941836286 0.042252922249815125 0.15296175998015238
-0.01644748594260956 -0.07008348789611882 -0.21852799159096273 -0.4858563149924645 -0.11243405774570847 0.4091345887455606 -0.06491487140996019 0.06054504320518207 0.1011742468932772 0.07228325733788808 0.11146287158266603 0.0009531285295687986 0.11463680807799813 -0.28602519176409574 -0.2911418953350889 -0.12073089966282727 -0.05177474009926113 -0.13816416260667194 0.5097131642686727 0.054061689634425064 0.12812921738457414
-0.05692144798104647 -0.0313159899022139 -0.06596298952785369 -0.4440746734054919 -0.16913385618086615 0.3306777828682807 -0.31293802440467017 -0.03147637928913542 0.18269255233879703 -0.002728880161485487 0.2568194707582159 0.04902727215613865 0.2139750968160817 -0.19153600751337888 -0.17787780930667174 -0.27063317225917194 -0.08437103990261949 -0.2119699324278146 0.43962732388274683 -0.04821666813481666 0.14354755576025605
0.23178467620748303 -0.1664952279339102 -0.15879124681544915 -0.4013741536208638 -0.032487224314782646 0.4356797514080061 -0.35957473379693866 0.06338187378936228 0.07314562877796592 -0.010309499718810249 0.06862935105194665 0.0001065858640537408 0.19308942458871525 -0.22745337386346257 -0.16188332459592852 -0.13601259302087434 -0.05347410610683012 -0.17607026191159028 0.37930138748450754 -0.155945436611291 0.2492314361314554
0.11531238241599612 -0.21459401367122027 -0.1167284997736043 -0.39867662547224275 -0.02136794068444619 0.34399936940799436 -0.11558179436048618 0.03959321339396661 0.14491383603538222 -0.09491523148671317 0.160783568265776 0.029233915501017983 0.061716983893723036 -0.21396197225444166 -0.09937484103036821 -0.2642656618443662 0.05735468656011211 -0.15557627086624423 0.6228300800118992 -0.01434212201382682 0.18092288426631845
0.006807768826562829 -0.1701090439008623 -0.12270405068446218 -0.3972059531083743 -0.023923618613222338 0.3778343433659887 -0.23043092367953155 0.06196691467819845 0.16667675686245262 0.011110607212877937 0.05382870240283511 0.012412421465347585 0.17156355263532178 -0.28776767672216086 -0.20890764722060817 -0.24224834527341632 -0.01026509250370824 -0.15231058962956384 0.5425255049153433 0.034377813352922296 0.18322524581790595
0.12422045964123529 -0.07754647117222309 -0.11896107986983875 -0.4337806227200839 -0.09082258207998038 0.2825605590961001 -0.1193955219370561 0.01025441056233189 0.1735652399172784 -0.037878586649232666 0.0980063824576029 0.0263988100802007 0.29129343607978686 -0.23212109108935472 -0.1861168643752437 -0.22133457166617596 -0.041959112394506434 -0.2742832825458585 0.530649055988262 0.000962351004214491 0.22579900991353904
0.009739338137799215 -0.03395459220733373 -0.0020862051324297046 -0.375112417326505 -0.06724890565468183 0.24218773710684702 -0.39240869958519187 -0.0189304172695911 0.18123263277595722 0.02395938883428313 -0.12588665080657754 -0.021018740091494313 0.28639417781299914 -0.37035781863031425 -0.144971051946684 -0.061454200132716665 0.08326890757229814 -0.022340844590429603 0.5574346694594723 -0.03507828334506097 0.16562985619600934
0.0966360613490842 0.14465703477217606 -0.004339979401684567 -0.32194821874078555 -0.11315783654380646 0.19078857334153818 -0.236398389577825 -0.14337640487152983 -0.009796205816370203 0.0408268611366389 -7.427946142318579e-05 -0.058460879910770286 0.2882070515519696 -0.3269047819136078 -0.06941460855796158 -0.11532328440763914 -0.025206346648011295 -0.07025586358475629 0.705499586104365 -0.02303804916531359 0.15284084591545988
0.1219704531183917 -0.12597371704810414 -0.4149314568299724 -0.47333738602171166 0.3999914762290019 0.04496357687381318 -0.16689726931542861 -0.04009760980772029 -0.014026677966870274 0.2341077731137542 0.03392708559743507 0.1105254214662367 0.20531882885188665 -0.22364385355370459 -0.03363855385457149 -0.2602061051621578 -0.14928135291516031 -0.10618720748726115 0.11385034130315864 0.07529200794991821 0.3162076942655666
-0.10953778931804743 0.04441066347782286 -0.052083990667891523 -0.46214423462445525 -0.18703226826533237 0.3797427272024418 -0.06381405145370979 0.13873529067093618 0.25400295945025453 -0.05743775534426742 -0.1365595679497783 -0.06596627994373123 0.2925206259333738 -0.2718728285177116 -0.17726813248234066 0.0036458555295474184 0.10330054733355193 -0.007246020564318508 0.5148530924451983 0.01956942723061602 0.09652217969196256
-0.11910670844793379 -0.1500578621429953 -0.12361887132094783 -0.40626240621921894 0.058186447720502396 0.3715489733482552 -0.17711151308030423 0.015602963409296785 0.016277919618016674 -0.0220073745104245 0.05899126995175455 -0.0020623871732045546 0.1090628399936095 -0.5099452396308721 -0.23610801521629018 -0.036696268701438585 -0.05338426305545573 -0.1819565982355366 0.4569281179300758 -0.018987934569679846 0.17762688221703082
0.24709526853326044 -0.004445038133582317 0.02164843527037148 -0.6782051568926086 0.015055797323693628 0.299240939703248 0.13455765628157132 0.046300298198916616 0.02341189810361444 0.08062050279935883 0.026404452531404353 -0.02897242753398584 0.37245618745619197 -0.05451143154286321 -0.12214662086435508 -0.13890171580995012 -0.06379762866420485 -0.19599216399356806 0.07396942831405039 -0.2343756975378483 0.2847674535841814
0.0706101216791044 -0.07872953062230324 -0.006292593378181241 -0.6051224841639243 -0.06226426454226197 0.09611844589634885 0.03811976954959423 -0.08559016269548377 -0.08411293048779817 0.04863144577398972 0.053593206926788865 -0.030858433956178537 0.4784148851436559 -0.10556386823719557 -0.03030246472341501 -0.23184465518734515 -0.01355574042957544 -0.19186229727500717 0.14326325996372125 -0.24134985864604822 0.42069045445932524
0.1621688866781646 -0.02118298516095095 0.029591448936209866 -0.7402652369091894 -0.0215082677452289 0.19132620373240514 -0.009612813186842137 -0.05229698948144162 -0.13308435805831803 0.007159289957570499 -0.005741338297908075 -0.009105651515260013 0.38863146209174837 -0.10623344675369967 -0.08205225817261745 -0.17563897141868187 0.0038285410846520414 -0.22266584688163185 0.03199086668102984 -0.1524155997154387 0.30472894543548157
-0.04432540660522624 -0.11488657839856549 -0.10210583493254226 -0.5084291518051077 -0.1689776153885546 0.42574288435543156 -0.03799853549970103 0.05753719410866344 0.1960756350159391 -0.05365483512585957 -0.21666028801472292 -0.020487784922422272 0.140417350387871 -0.2999527909892109 -0.09982779182993903 0.035509363017644284 0.033527167807103964 0.0009015791423870172 0.5389394563475244 -0.005740230763331604 0.011443933797079127
-0.1226809683666498 -0.13036187430235704 -0.07732239074266903 -0.48915244727416285 0.04312920728627557 0.2497554853268579 -0.3068309524095312 0.039076611078714865 0.23932379400719708 -0.02228802037396441 -0.33184194557199514 -0.016055483592897803 0.22331202577907433 -0.3186878339285597 0.12553312251066132 -0.16185162203805223 -0.027756119421451723 -0.06668367382154965 0.4354464560714379 -0.012066789017592944 0.07928184332303173
-0.11500724026776699 -0.19063638282157833 0.025172765144736084 -0.48689827596946633 -0.10410196962920037 0.19639442417056788 -0.2295332215452625 0.0631798174122224 0.264712454142003 -0.05748874139341458 -0.14455576401069964 -0.07154160389193938 0.35039989740634225 -0.35038714196207893 -0.06938248729328668 -0.1393285741658749 0.1424100983722464 0.07573615873954152 0.45939222576941596 0.006133352966022126 -0.019418077237844424
-0.007089378340877528 -0.06814965610068383 -0.13388387519035463 -0.5959023514719699 -0.12067809240455893 0.2751774992231584 -0.08472652927475853 0.10114849540798747 0.2786560569087448 -0.03420301270670942 -0.09822114453229294 -0.01997219170580186 0.30266903047717875 -0.24752575505391303 -0.10442740740807896 -0.1509610570381151 -0.02972961247669608 -0.06499465697442014 0.46665074337627865 -0.04773743559322864 0.11831430123651522
-0.04351741075325651 -0.0611081467972527 -0.17247204064556151 -0.434760622449621 -0.31954208233595205 0.06342203671393938 -0.2109864314288442 0.10084555776297481 -0.048440411126249895 -0.22598140792686008 0.018224211015373488 0.004627968039086872 0.3919366740748529 -0.07360823698389618 -0.1119349324138282 -0.3323303205127669 0.008685778791052095 -0.11775768941707757 0.48809171920871247 -0.0023478202761120456 0.1638281503875758
-0.06839198672500785 -0.10053250013344264 -0.050646917240036046 -0.5200990797728571 -0.38879090681185124 0.16679283752644894 -0.03590404193022356 0.031465141405895264 0.004461339138317272 -0.24608403725164876 0.08610057683124402 0.004349105354361438 0.4600334732926553 -0.06216102015781885 -0.07291761157317482 -0.3874392580070692 0.0060015110930399 -0.07223624502722728 0.28986792505191733 -0.006669408377258234 0.05135951172337786
0.10517457484923891 -0.09201379800913971 -0.18069224708479817 -0.5211921690552579 -0.2888776431850849 0.11759301651483718 -0.24793195906287085 -0.027477293322800505 0.03778980343946801 -0.2454187771435137 0.009943329545775039 0.05406208601680498 0.2601379698105057 -0.06780689036984894 -0.17918004681235758 -0.2639211185434521 0.05687234424605186 -0.17329334339846206 0.4245879672198355 -0.033704790424952655 0.2515784708930121
0.0678520600835849 -0.06340889275992698 -0.1036051520834913 -0.5595608504785636 -0.47108492533601487 0.1341727739996856 -0.06417797385950043 0.08257042521629887 0.05438592068579025 -0.1654802037477328 -0.03154316561428204 -0.025451356208206325 0.3353224246611939 -0.1302188490441151 -0.0881251754700426 -0.19473416605754412 0.12242729570704096 -0.061526693093043094 0.4308859443065655 -0.0012513112439224508 0.07186780994571408
0.04908037399114759 -0.21864280669947642 -0.1345583755551457 -0.42274395090101025 -0.30473509038317437 0.14119537333095022 -0.13837960406642744 0.05079712834795592 0.10502138008734195 -0.1515510628552738 0.05433161789259528 0.05423084092293765 0.3831248876237871 -0.1384319755510314 -0.177770929707065 -0.3998824672375978 0.08840580119563167 -0.12126639449126217 0.4209108478695189 0.07266901237081791 0.1269827003465802
0.055261587229951094 0.04929862588770454 -0.03672416774360497 -0.5486635207657818 -0.36819480344574423 0.1351350101179826 -0.1714295069821922 0.04285731605729507 0.17899038763869124 -0.3532250997861096 0.0652660138766824 -0.046054312981366204 0.34689970527042463 -0.024088839660360677 -0.09236573226458782 -0.2291251274101688 -0.03968179123312926 -0.12249496708285414 0.3515298584912118 -0.05988920944558463 0.13493159913884623
0.009101115897201417 -0.026168629560048017 -0.0605390615564244 -0.4911054329149007 -0.4113805150069605 0.10400817032783258 -0.0566861914331347 -0.0028975410238069503 -0.09286750221588792 -0.24433987063407495 0.1036009451213147 0.039625354719204094 0.3424515440632264 -0.17103284042993486 -0.08124257415114586 -0.34101037536287576 -0.08082634009859115 -0.09888553879709645 0.4485263803535399 0.031078163988854476 0.05111842171569888
0.07821631853768718 -0.20568893752050885 -0.08380339120289504 -0.305360014790638 0.15921612091816015 0.2914480384409906 0.08421253661337771 -0.0056780831268024865 -0.012888635501901868 0.12378940316997068 -0.013956548911237605 -0.036968865706198076 0.2774758071809204 -0.4365850942681675 -0.20999792534774794 0.00986448799917307 -0.05369277425940504 0.10137557560618388 0.6236751499306626 -0.042029178401062656 -0.033860168569053786
0.008255330194175925 0.2993877500162935 -0.12953850548565007 -0.3498156367389504 0.005505697096650864 0.23291553305769996 -0.40886192663840365 0.11120556008515523 0.011831497025741088 -0.11772799176626272 0.026526822847149516 -0.02862759939741404 0.23924022055751315 -0.22675258745280374 -0.11317219801795977 0.10353670928574012 0.23989735500952036 -0.02695544047520676 0.5751534602565718 0.012231221433096441 0.02002439917489433
-0.00027432784479721633 0.005466990649411876 -0.05822603791954465 -0.44607959818183596 -0.1331600910940528 0.24660480993457604 -0.4966819911147016 0.06377446903382383 0.13790350887800681 -0.16274389655365817 0.12541058576081326 -0.07239800979306996 0.2814031262079575 -0.18522224109630572 -0.12843531101746386 -0.021135190441021225 0.2869118112778899 -0.12437527391762447 0.39985880898275233 0.06348544446198962 0.09834837630166139
0.0053225312254830785 0.0086631406136086 -0.11771333923157791 -0.3678702499761414 -0.18058515323316926 0.16353283039545013 -0.5342103710554732 0.10522703918366555 0.03186457871641817 -0.24760719547065574 0.15675611999552808 -0.029598081545807845 0.19455229212592998 -0.2718190429603915 -0.0893439337038888 -0.09252076757393153 0.17129511648769935 -0.17268506430751265 0.4626908632696203 -0.030259019736705233 0.06849688958714226
-0.16621376503999635 0.009818480357120598 -0.10990899318389075 -0.4360004347050538 -0.15471475200498525 0.17447409251264712 -0.41056015307423394 -0.002102235445599728 0.023061224005002396 -0.08091896683361276 0.16614172689591947 -0.02397217689054096 0.22365020371087854 -0.2501816166216849 -0.04108512643733996 -0.16743081389092268 0.006853590438006541 -0.15997352751707952 0.5538007628672295 -0.02262011822040171 0.19163527851412454
0.18821777059003258 0.1685865012733179 -0.15173679927140343 -0.49751082432244464 -0.10026837505040369 0.21379829307522252 -0.014949649500952816 0.08538770126398214 0.013098039852468615 -0.10743582345538873 0.12962449793120717 -0.07377803801295064 0.28841606424228283 -0.22270820136760344 -0.0690706266481907 0.08396410827514622 -0.01928641451027954 -0.17421831523454098 0.5573022683554564 -0.09140393976370972 0.27222394329073646
-0.0289592924884578 0.03178174371662177 0.05588468468835984 -0.5102390021772201 -0.35696048929622337 0.19819923387211505 -0.016659284734175887 0.000369533693652871 0.10188809821629433 -0.2148623195284306 0.013820415945176145 -0.05935439196744677 0.3562626120361901 -0.23148761776869872 -0.10863933712930508 -0.06864170784381149 0.10706114481439827 -0.03664123164091929 0.5451975068852464 -0.016909474714458753 -0.009344658338263635
-0.04805692677727511 0.009857296259420464 0.023606570937365165 -0.5738301640850438 -0.16458871286835752 0.12852387855950903 -0.0206092553382511 -0.049935417510497224 0.3401164766874998 -0.1430973644839597 0.05976708100916356 -0.06163203755306538 0.3118334454031438 -0.1805966681048003 -0.09321270998812874 -0.15059915236929164 0.059363715930795 -0.1028149507660498 0.5461355461525592 -0.04133568799863747 0.049098132314642565
-0.14017760213123517 0.15975535135577215 -0.025661394695683577 -0.47092643688749186 -0.2178731339668409 0.28880660606247227 0.04744180778794688 -0.013453517506128054 0.004791648797868412 -0.061432302150506116 -0.06208658243152473 -0.026685350431057006 0.33024233500698885 -0.30125125518281676 -0.1831824264303779 -0.11615132631664364 0.009078747446364274 -0.013260942279528742 0.5779274924421373 -0.04537541221441974 0.08688032192853107
0.09494045583989433 0.007155698178567886 0.03833862762886256 -0.33057324261143967 -0.23100126602310966 0.26251271695747014 -0.12145754809884046 -0.04365806192064613 0.02085400665534516 -0.08208671146443881 -0.08456363366092219 -0.06377597213734405 0.3403227492774572 -0.34067553726043687 -0.1603830927623879 1.5001271472686776e-05 0.10305689381490855 -0.0744618083884861 0.667546115827849 0.018018561534624434 0.056149004682420234
0.044486988555736406 0.07727956455031587 0.022417466588419897 -0.4489567948522318 -0.17587695632027808 0.2989869936325222 -0.2864658867670084 0.013777089503676454 0.19874400435636083 -0.24358651851665525 0.02866121686934645 -0.06295537810529013 0.3168125379048799 -0.198103534902097 -0.17272933878777427 -0.10219037652180685 0.09684297798564302 -0.0873366019774943 0.5234930289618586 0.023642136524414038 0.11083111826005783
-0.05585120180510852 0.1419377849787503 0.021703703460602547 -0.5030269906179334 -0.13588309797955384 0.1338575128968246 -0.0405055669876833 -0.011620388387347122 0.21194901690946055 -0.16678382629842176 0.06452169641076166 -0.10087420656367473 0.46858642100971637 -0.19064051396142512 -0.13998262821509516 -0.0921140491651909 0.10429606089859199 -0.14526859489726282 0.5190422513061211 0.029378585517280762 0.10837743277178424
0.009249439772872648 0.141881692551385 -0.05655947649452963 -0.5576841442070427 -0.21129012531806043 0.14214715063865782 -0.06433941082186992 0.03140757321505974 0.15325583213457503 -0.05714743350939686 -0.12416877859375047 -0.04188360768010651 0.19539258690203173 -0.1569596588076203 -0.06859077866027395 -0.017157024706581418 0.16332997564012092 0.02396941057950263 0.6740986814562482 0.039940450060945626 0.02457002967683685
-0.1522795593420886 0.23712161215309668 -0.045407355538616426 -0.4630132023670932 -0.3150080251573007 0.30209263245416307 0.11114877127717249 0.029069187044798134 0.0943280834194025 -0.13616393530881837 0.05320462474546271 0.010956508960213794 0.32165127330748317 -0.279564126427932 -0.15141511200804952 -0.2564826124277374 -0.06847430248558672 -0.14509006432012964 0.4053741697148778 0.003271125455388246 0.09827856559061704
-0.2676516983905478 0.07383339297050572 -0.05405306894046921 -0.46048352552895794 -0.46982143485379974 0.16558444348066556 0.02515439802200689 -0.160294799525748 -0.03653157663391297 -0.0633491032644421 -0.08936806231422778 -0.06450511094611605 0.24725021476348816 -0.20706799337946974 -0.101466699958883 -0.14772214798903005 0.16164075842794495 0.03757254912335553 0.5018709975699152 0.02019875284368558 0.004747747181868697
-0.06900181100981269 0.010017228473500756 -0.09649437535482586 -0.4480379687159339 -0.22091149979099442 0.1698658156422452 -0.19888999717801947 0.009945317774681033 -0.016925998972886668 -0.15228984776648985 -0.0004919274178025344 -0.027553830808734324 0.2914787175656077 -0.3498831695111601 -0.12698426882552705 -0.06884606388654797 0.016079319601380104 -0.15071873556253557 0.6039755885536033 -0.03665462749681248 0.16183644516157913
0.06279728825289455 0.08395791884637745 0.03480559378726442 -0.5181901959093311 -0.38109309325882484 0.1334287074590382 -0.07973592274340346 0.0542377503883346 -0.009514678019038113 -0.16312277385846033 0.09384749002751165 -0.0861490054077247 0.4066432426497214 -0.2658470904850706 -0.12112290819840416 -0.10103740710369906 -0.015798512567797685 -0.1363470650840532 0.46906812830409544 0.02337171173239149 0.06072719695088919
0.001138129780273866 -0.08137940547541885 -0.08577470451653961 -0.43157118282866924 -0.33401276890289666 0.10944643539732532 0.00017358959425694306 -0.09839120988641939 -0.10151759330609632 -0.08963840376461632 0.09982799792768111 -0.05685308722744554 0.32841232748895705 -0.1451967695162045 -0.034926153094053336 0.17882967279857948 0.21835833884814912 -0.0047012945032269245 0.6405679834462652 -0.07421523937174125 -0.09658195888954213
-0.27953424477891264 0.1197716765248706 0.09538282391314913 -0.15513925894310948 -0.5378289982657704 0.1792045248992276 -0.38113499037035387 -0.0973519151938952 0.024553381683055684 -0.28245312024650054 0.13749362531222162 0.08131511148806057 0.16856036736663055 -0.1655511038373141 -0.05904263869003914 -0.3316084641533816 0.07818811690541849 -0.07875819765440546 0.33164565029336773 -0.027314468258731624 0.0036477834355996353
0.12769576935929203 -0.25156573661824905 -0.024115034205337137 -0.49661959827463764 -0.12844440348773783 0.2981101204703797 -0.09022548524645053 0.06734873729174819 0.1882678662693003 -0.004083438412496038 -0.1147243442126251 -0.07598316410975924 0.3832114339113462 -0.31025517682133696 -0.15631311355672672 -0.07933470686106997 0.1361349059636913 0.032777522979227945 0.4545581262213157 -0.019058816074752422 -0.01802111310550762
0.20738632417406838 -0.12774930766996434 -0.3206565861045377 -0.49711448670075153 0.04071788583855666 0.13951929535218838 0.05442878483796604 0.1576933301056098 0.16579838618097648 -0.0099820503029244 0.0387966329238874 -0.06000921166578373 0.3280432381512208 -0.366943063574468 -0.11954181210266769 -0.15929084573189084 -0.01569216745551181 -0.044146693508133744 0.4722920196284197 -0.011044742337781143 -0.042177829157668933
0.012776911204299319 -0.24739419681753969 -0.11467927866463667 -0.578701299098393 0.03577839399301617 0.13332335296735434 0.03888704904249508 0.11067141027392537 0.013869657083508338 -0.04418452600113926 0.057950675657721495 -0.03799787142580076 0.25405724900017423 -0.4234825229086104 -0.08069499612762093 0.03362459242377677 0.11755928091972363 -0.05872680373722335 0.5301924355766504 0.01585987652350269 0.025972948117815958
0.08459766711664242 -0.2520853922064939 -0.08430396007465327 -0.597172272900477 0.08088868666816225 0.11370434587299466 0.09592897313737574 0.12568014949757586 0.06907587847972863 0.06315203820610442 0.0760080015782285 -0.04814429115120142 0.2661451913642184 -0.41280658032901424 -0.05639151121658842 -0.08025464790103265 0.12376703943222374 -0.05300540486701874 0.4835330238503318 0.02329296837929008 0.030200820688539336
-0.06963232588395728 -0.1213185855058832 0.10637614722803017 -0.3870033007098493 -0.2917833537449983 0.1421050454033299 -0.36410543320419525 -0.058187027116340384 0.42316549256304353 0.01603442112421116 -0.0023928028339778563 -0.040552872217039314 0.23876382063421697 -0.1368234462416426 -0.16481984527944313 -0.21257803114565063 0.05987854723200536 -0.10405002134273031 0.4688092155534815 0.06793937994579755 0.10092537474068612
0.14352852480904763 -0.05864737533464932 -0.051384067217131145 -0.3245715119339458 -0.2098358633804579 0.2223101463852935 -0.5457877035283452 0.044440957237000624 0.15216255219522862 0.06518675150034171 0.009374994525223631 0.06412685675727824 0.35950961754939553 -0.09047076532539608 -0.1434071612770298 -0.41321693189750336 -0.07712080522466201 -0.09311912741230238 0.29676127812056685 -0.009795052397846981 0.10737826775223193
0.13601562320318708 0.002842333108796431 0.04105106872427473 -0.24972705871660988 -0.4036229960388331 0.10787533873975681 -0.17152499374138264 0.07650431633115229 0.07017476336708922 -0.22477209023303682 0.032675605483774704 -0.1997657038171527 0.4415473766889376 -0.03706421099509729 -0.21330860692548523 -0.17479050855397846 0.10068342821728452 -0.15109558898675474 0.5200379269436748 0.10150694420751893 0.15842742817864786
0.05853008380282201 0.12629750737609952 -0.1922130185579268 -0.35487828887207334 -0.04292098328574136 0.2176734483191811 -0.10587986898804999 0.10731215437474649 0.06852418894009138 -0.05591965884544363 0.0025542356520001867 -0.03489023730804653 0.22221557514983228 -0.29556748914789743 -0.20630649765977332 0.03846484843567393 0.1111348251655081 -0.20371282581787775 0.6831642642285707 -0.09401855417212429 0.16296419769489093
0.1721070990767481 -0.07763198137010302 -0.13444067354606568 -0.4236606771687221 -0.35531078472754907 0.1215236838217562 0.04877004694650865 0.0016258550253268798 -0.059397907791784006 -0.15352973831853453 0.15564888216983444 0.08139015950302499 0.3233043733536542 0.012112829560852172 0.035317280270733956 -0.422183994735137 0.01384419700331667 -0.1709532105256655 0.4140375597517066 -0.23953469493465657 0.1518706877095526
0.16702316772699471 -0.03768906980946163 -0.281166640629785 -0.5241830145710372 -0.2831251989463025 0.08589480607382277 -0.004915657544094199 0.03614057715149848 -0.08226555018809058 -0.14752576896723654 0.02363430213777492 0.0978370779895308 0.4237257514857042 -0.022093833461196703 -0.058940202060675455 -0.40132100316928093 0.013388492801868884 -0.07623380741295366 0.3044927528162196 -0.09954786399712443 0.19013003640532736
0.09772816111443937 -0.0672500037715005 -0.041764388356928 -0.42410116236864986 -0.35566768316847425 0.1139593883276451 0.09584453043000592 0.0052918601908493535 0.01373401839261068 -0.029305864654614544 0.11017335911299754 0.12171064409649941 0.5333599958669717 -0.014664438928937974 -0.003783803744483374 -0.4658170641951915 -0.14296894601449983 -0.08678072019951975 0.2735177990953264 -0.1081607655328663 0.10701177385514578
0.21556364954725948 0.08037696742463823 -0.2645812348510181 -0.4417269070074776 -0.05223126668629958 0.07926796184994911 -0.014591563367022888 -0.15270638538898093 0.06008675500400617 -0.0100919058788543 -0.10454937047159318 -0.08197006552559949 0.337272746157271 -0.26433271175349843 -0.023418466088158205 0.0342025296226722 0.1494870422670509 0.0445021122866649 0.6454192828954812 -0.012076759157272871 0.04072753120507916
0.09686651238890945 0.006651611530333182 -0.21641827805031125 -0.4219118476285951 -0.028960880684136082 0.3563909344792761 -0.18355659512941672 0.0440969481335127 0.10958840380350168 0.03320285804622339 -0.06142718939835693 0.04304475517616098 0.25676011993731557 -0.3003303315807599 -0.28136617030476124 -0.23825028919145233 -0.09370237249695973 -0.08714647997739312 0.45449397010934717 -0.03411216998026711 0.259499365784737
0.14014584672823943 -0.019697550519320612 0.01364938898387339 -0.5322745584428986 -0.4212559679683908 0.2059412762901756 0.012012704906146027 0.17309130726386318 0.3316476731938415 0.0497079865735951 -0.22839286503215658 -0.10632381618703464 0.20394431503544513 -0.09307393199520071 -0.017316464174183758 -0.03845780188084456 0.049419499193143576 -0.005729535541573083 0.45481001976035373 -0.008358866961374528 0.09557285878197018
0.06171423140806798 0.13389266716149348 -0.04094496337194959 -0.36672807715403133 -0.2611978281562833 0.06286303629873001 0.3339517565583784 0.03352306507210211 0.13752697792432117 -0.01955527542990229 -0.01474643127405967 -0.11369114039766122 0.3430829542735065 -0.14038292392714422 -0.062158615752443386 0.04365575114091803 0.11615063675459135 -0.10080514861313448 0.6628077793454792 -8.850653701266525e-05 0.1366955730796281
0.12600382029456958 -0.012774991049423572 -0.2175125143790045 -0.5872397886990093 -0.2591468425375283 0.2713176777121269 0.08795056724146215 0.10622448902526364 0.17962382383059194 0.09322744870722928 -0.07034425941112654 -0.02240763497003623 0.23325350059246336 -0.25393887092723394 -0.10524485478295448 0.06524825440096572 0.11522733304824659 0.068578708763754 0.4657409922146667 -0.06109949410586717 -0.11290531997538263
0.26707812681376075 0.17667917016315862 -0.14162866689972842 -0.4950545910532558 0.006396615211936874 0.125471406813865 0.13310872890368147 -0.04971186619694541 0.1327951828570714 0.12202864298138587 -0.13853888010497062 -0.046781761558403634 0.32944291722879737 -0.2514312344250983 -0.025008085410164214 -0.03413802166947558 0.15342779325152958 0.09354099990337442 0.5693943902927164 -0.0543687408756755 -0.09715282042622428
0.10727036133566727 0.09522800290315976 -0.08068806130759928 -0.4960028908003871 -0.2698882161045951 0.2740760441242762 0.09162297017323658 -0.15660778275648968 0.10737894714457198 0.04908200644565597 -0.12993988704717993 -0.0437997570037067 0.37180140318448657 -0.2309419146257872 -0.13961294462016283 -0.055929191836569817 0.14012525684298538 0.03085843949767151 0.5134445990840473 -0.028238118064986065 0.11863692257424359
0.2659019282084298 -0.041448910843235445 -0.15323159864875432 -0.5598220726859705 0.003299691942375624 0.260707615199935 -0.20410345640589117 0.000668990113448686 0.0390254736945956 -0.09785693128739852 0.17039214379246112 0.01569355712061619 0.28607770978311603 -0.26173883132282627 -0.10002151534312337 -0.27662031326608194 -0.02270689176595737 -0.11906570198893467 0.4171936823792513 -0.006698786919096585 0.12256534025928444
0.18201358751354735 -0.07550379239957658 -0.17419955632391695 -0.519973450178307 -0.09712169807711787 0.16931692369214152 -0.2093945489304716 -0.03970602070682141 0.017242005055229995 -0.15253147215533217 0.14244842991298737 0.035134737795636424 0.3167441133405471 -0.2396765238690771 -0.15104837322446196 -0.2470071755169799 -0.12752868215174468 -0.22892273092525564 0.4250092479528448 -0.07531651664210759 0.18779052132714366
0.21496763498933438 -0.07511561746067182 -0.25108112150318423 -0.5376542197249827 -0.14400146673123343 0.18613311885949127 -0.18822598442097546 -0.022294197679735058 -0.12836880165194245 -0.14236300235082933 0.0373880137657044 -0.027148454141086957 0.3150261044719212 -0.2376765707059397 -0.13724797850040218 -0.18095685364272224 -0.07588271534715896 -0.08426026877981267 0.4863837518077408 -0.01108760787957397 0.09476298870766295
0.2384593885123532 0.010361498921040874 -0.1428668257019231 -0.4861787198006322 -0.09785778694167449 0.22291879459046962 -0.01667999139814549 -0.049243687890394065 -0.06515405882501234 -0.1542007939181252 0.20150892450822414 -0.012762844535250513 0.33097655857232616 -0.3071583504595898 -0.05738552882713072 -0.2008799029430958 -0.07230692475362505 -0.24814486167484504 0.4371954149695918 -0.15196780282161637 0.1640412565256774
0.3432685467655113 -0.04552123021226687 -0.1921219889248592 -0.4209564040541834 0.0366839393729015 0.32243019855825233 -0.19084731894602644 -0.08471549896938257 -0.11197957142281406 0.08278902775794054 0.12408373154993836 0.05722566047001257 0.1354172832773154 -0.35594164630274994 -0.10966497696747522 -0.26216108546699984 -0.24928198878325888 -0.09103153801076996 0.41428282476698525 -0.06307117666138727 0.0847607990356822
0.14769456733211864 0.013813530821480246 -0.29422532500379767 -0.6208740137900978 -0.011200911062295937 0.2934197885236575 -0.20230082045968562 -0.029002702189967953 0.04639204199147676 -0.10731389098961833 0.13640616118461965 0.036485783661390665 0.3158417663628529 -0.14812799117519862 -0.08884438301034621 -0.25494777311489547 -0.09983114039158195 -0.09406960920596365 0.3465240720745664 -0.06929337497163049 0.07786651416921478
0.17848154947783454 -0.07280185686439428 -0.20525139209290472 -0.538042447945081 0.008937912807295072 0.19231226665724457 -0.14369599174264247 -0.10802644103383455 0.015230550856017957 -0.014652724029663253 0.11233508516059494 0.06657330372421592 0.391567769260953 -0.31171677684778626 -0.05858916810435471 -0.26426335056450423 -0.12153824651410532 -0.1250276095258206 0.42133088325304996 -0.0880991740475671 0.0700094417764183
0.23480821675867092 -0.038135635847164326 0.007402436952824116 -0.3965330039208778 -0.22474530844758386 0.14122194546424183 0.04300482696508222 -0.1294832106333762 0.22245417801579592 -0.10383410489250708 4.4365133774800554e-06 -0.05620021552571905 0.3191242113450716 -0.1301997590201884 -0.13984340343249785 0.04222337113699307 0.22749282905905188 -0.09957401886465975 0.6469398905391123 -0.04231216001453154 0.10724530987432304
0.2046208962838915 0.07242904591747273 -0.04501383160590202 -0.4743028549167071 -0.019004724565986064 0.2866842698256185 0.05928093806007164 -0.06450952327880774 0.13310606022251553 0.003053971793174767 -0.08390537247862709 -0.10960388343324862 0.4372942691013988 -0.3431019024643802 -0.15082015482539474 -0.10303337739466058 0.08671379918614405 -0.01313828521115627 0.4914695601232521 0.0018777720164936645 0.08570242977638656
-0.04391641621277174 0.07491495326492763 0.18545534978374467 -0.2165662541004489 -0.3821357681766375 0.3412680518025688 -0.19666400990068797 0.024919296863230595 -0.046790285499368894 -0.03406849360030472 0.02147351547231416 -0.08647164604995787 0.37145779001212215 -0.3214260042295528 -0.11185420189707895 -0.03808738583883107 0.08468008253077973 0.1781397451106681 0.5296265622786799 -0.03698588479114343 -0.14850041117648158
0.07039762253110117 0.21590307977630402 0.023495303259717992 -0.40891702344793024 -0.13410008383495273 0.17066210381560717 -0.18103394781831286 -0.05818941649122764 -0.02461789236580732 -0.15291826830050514 0.11232870015173166 -0.08302035933997273 0.4270060903608286 -0.32696959809456644 -0.24960837095945637 -0.1231730202885233 -0.0028440297029221026 -0.20115819059682724 0.47497636266337373 0.09234957164427428 0.11213424497044468
0.07310978125006923 0.010667288201115016 0.07730976921456566 -0.5021387998213176 -0.3316430285725569 0.17003675912722652 -0.20732463196818207 0.02147280313503533 0.03906167784418331 -0.10126994288543575 -0.030060398770580785 -0.06537711399777708 0.3159190632337817 -0.17507646093864668 -0.09377172308279651 -0.03577349423434336 0.19250943422584432 -0.017737542273637916 0.5970326181537299 0.00799540819009989 0.051978114491725666
-0.04802072759821316 0.07347716728368171 0.11894582373857422 -0.4156184989025194 -0.29737861979494384 0.33519687164948503 -0.2773791510990643 -0.0026331606652437523 0.0746958856086062 -0.0503108042245139 -0.041053661223612474 -0.03973894811567948 0.3293673975941884 -0.3087992725001008 -0.2055805732496379 -0.08229230704001404 0.08349749320548558 -0.043874670731170254 0.5042604054838822 0.008516327804864075 0.013143272135524244
0.055170651521986344 0.064832342624884 -0.12144514285493752 -0.5528491299369339 -0.07468458264360239 0.136611172068164 -0.24101969894145756 -0.003385483060685436 0.09976771171266001 0.03637040319484526 -0.015413294911506325 -0.02577170978955244 0.32836209683453943 -0.38742358749041034 -0.08378681898544536 -0.0778334719760222 0.009613136374598034 -0.06204081763337741 0.5444907950778931 -0.018903341120761502 0.07794455278144
-0.04466315707734845 0.20531411170230884 -0.08618553145290471 -0.5213737922111917 -0.1594793464646638 0.26234350919841376 -0.12096970680751465 -0.15236224119940533 0.21230559566125118 -0.075143688857766 0.00488403360341479 0.04907655962200312 0.293646603422334 -0.27264276495497863 -0.16200451614681924 -0.2969563673697354 0.15411102684353883 -0.07203582275918316 0.43123164197233116 0.010523994343047727 0.03650524624115336
0.003812996661178001 0.2204655629369978 -0.15836343417071236 -0.49469424709111764 -0.10279559630962239 0.38581308821298455 -0.3177189207546139 0.008463494413372404 0.09439139345199564 -0.01071989806291973 0.014627246699372487 -0.005538312541592028 0.2486941236577787 -0.290022722903192 -0.23607411355513008 -0.18512717085935626 0.047016505253029806 -0.06280138494823706 0.41164882463753033 0.006863454733126429 0.0158963085749508
-0.010796204894516251 0.2057750809417229 -0.17140286273590852 -0.5192246611894458 -0.19883103430002932 0.2505156813185621 -0.19145727987134714 0.08728795252604081 0.13202393918954228 -0.06219602755644249 -0.016867491524965562 -0.036065043021156984 0.24565591707109175 -0.2794289991827596 -0.22711003030184612 -0.12177614732494518 0.04831632967821613 -0.10069602631078346 0.5160390063510785 0.0457417464495109 0.05845961419273002
0.011202281038788833 0.0036405577024767413 -0.18417338163224095 -0.5510908384865386 -0.14337078003551873 0.3057678165964976 -0.21457823004333737 0.028432167639786406 0.18698903779631496 -0.08496897076231834 0.13226473248388484 0.01762665585026832 0.2517234068424533 -0.1826933655170315 -0.26850826641583947 -0.11997505628606904 0.022366955713655 -0.2312119896740544 0.44332176000651197 -0.01093625367305981 0.08662787387892928
0.051416389149217236 0.25388162729469993 -0.04255440477700077 -0.5406168365831117 -0.06843194245947151 0.44329468408514994 -0.2435534917017358 -0.1009015834164149 0.18820952709510316 -0.2321773052147075 0.18169620765034267 -0.007517155857097014 0.15252552131543876 -0.17055349648682736 -0.16877209430402115 -0.135563324280679 0.06420643393719633 -0.16703108660605814 0.32768296387418056 0.0045758372734533296 0.0842524065894956
-0.013672803700586865 0.17983588412121523 -0.13806395808199953 -0.44990724759915923 -0.11793250602633884 0.33449572023433044 -0.14620748434198508 0.060748909323731254 0.13358300925305028 -0.16438312550194878 0.18951996586884653 -0.0002305419113467861 0.08332562495170885 -0.1716223177238075 -0.23979619242318856 -0.14976639627357272 0.15253014017436006 -0.27733590529960767 0.5012125965915175 0.00423999375372145 0.21588199881672068
0.039443971409817424 -0.02687065037243793 -0.06260714543277193 -0.4055715600085758 -0.283215284810279 0.19278481743382941 -0.18614577480795308 0.01387173352752979 0.02004159128200492 -0.12297287321029163 0.1020635469403121 0.034336244835919065 0.09952406458839956 -0.24438643448212627 -0.15032495853918673 -0.28424556506555754 0.20228904139235013 -0.17831119437264853 0.6305793477767715 -0.04738630285509381 0.06603244021298803
-0.0922461285118332 -0.003496629884313066 0.08996904509221615 -0.47336391295009944 -0.16226814307091475 0.05367579648254761 -0.1886402275236606 0.1256670150175121 0.4400155887880951 -0.12936104317423974 0.026804642876741523 -0.23727829874786027 0.2726575245910304 0.026101479244739167 -0.038066414428610924 -0.31632608738177304 0.06377977472719167 -0.10797426698259313 0.425440962084694 0.010573189634119842 0.19488710565490133
0.13535091692867574 -0.15286160032703558 -0.08966663979742842 -0.6701561826788299 -0.17492759845126032 0.11340434681210132 -0.05074749837929832 -0.05101783806502596 0.2927179029532444 -0.14454395853432384 0.024241501371724254 -0.012945211835593141 0.26791726604733324 -0.10542168321037702 -0.06486304186091152 -0.20912907570259967 -0.1271298943366163 -0.1080644622809286 0.39821476335591593 -0.06589960676707696 0.15362447468564394
-0.06493396007998153 -0.0104040320563224 -0.10863331175458457 -0.5416074804594295 -0.06903671243155172 0.16400931241944292 -0.16182410564187402 0.0812754391839176 0.2482423977133672 -0.05052944597369796 0.05371077689159533 -0.012814237814617126 0.24430242389972476 -0.2524618882780887 -0.13496243930917975 -0.20896165950882495 -0.07737568964595203 -0.09272114849997364 0.5741629410909489 -0.08818552691343308 0.14671931951260955
-0.01919330390942811 0.09492831390325315 0.04700408058097087 -0.4648706837080444 -0.4348540211484297 0.1710218757940282 -0.1563566572443399 0.11831223759895529 0.25219847966055653 -0.07320522943006345 0.012657047115335713 -0.14004609125184664 0.4279643696556717 -0.0852366134960444 -0.0481782793635025 -0.10295887200160606 0.034890972081994855 -0.11895152642415319 0.43624766817195804 -0.07119984387702975 0.11264753925738105
0.12013107181938201 0.07885771297834317 0.038780115748015424 -0.522429177799334 0.08213554981677429 0.10536814899178118 0.03199313826443842 -0.014875510386957303 -0.1194332315864018 -0.07692118174952159 0.010193125673872688 -0.043727004083830616 0.26770941678750526 -0.3163439477320741 -0.2026250764909917 -0.0062025711908602 -0.18094212772129048 -0.19031839940607334 0.5409415297333713 0.08648079686597013 0.2858813714592185
0.17400254614308136 -0.12029387726418589 -0.0345768076562312 -0.43177489106776984 -0.24243895581433675 0.2995761460540214 -0.04115970417096436 -0.07646502502450311 -0.04713753070085551 -0.07288547671983854 -0.028454417424164966 -0.0585710688945479 0.30883386357168446 -0.31038919659869935 -0.14663431671977625 -0.14911616421264007 -0.018133262169976204 -0.035952484046575806 0.6014952177064978 0.01007732731205472 0.02851101165207903
-0.054975598786277224 -0.29139497866956215 -0.02439821487854588 -0.43205706970470836 -0.4416676434472578 0.350025875182197 -0.019531745174827683 0.0026669462960790934 0.08530742735462564 0.0487717468136836 0.0069483562254299145 -0.03492039749676727 0.3010841527931426 -0.1884973009599521 -0.13716579098453904 0.046138059514234275 0.1348889891303254 0.055848824698793945 0.4724519970708114 0.005586707082273591 -0.06492290308885938
-0.07348355909139506 -0.02469139767025492 -0.08785131959369395 -0.4287802591364179 -0.2476410972618091 0.3626638868864548 0.008671180844556016 0.09860913360928167 0.18398020490333483 0.11853246359613588 0.004438436831122293 -0.04980376304513081 0.21253820927369557 -0.3427154971904714 -0.18520997103767062 -0.04932029196773259 -0.060249234844073116 0.06046720135401477 0.5799149451080307 0.02972697203231151 -0.07441966489029722
0.23552848134387236 -0.038937310701805075 -0.15861389876742985 -0.40270761824555507 -0.17958250853042135 0.33992494544113433 -0.10029586551113534 0.023761576468461974 0.07955134495722055 0.10114534687935328 0.09721826554404771 -0.0010808644126384798 0.09208382930334834 -0.22932117813734001 -0.13437509481841092 -0.07136526261775611 0.07000947986568336 0.01113181228201667 0.6885882153862801 -0.0015586621790382952 -0.08857563990667998
0.08035207235112345 -0.15707314307899178 -0.0867393727166211 -0.5193637407689896 -0.20526662125305792 0.2866941544884888 -0.15532119449511234 -0.07112230307382453 -0.056452523757673234 -0.011989773613553488 0.04173818687560229 -0.0194452725910478 0.38191677225178794 -0.26968042162505007 -0.15622713738875596 -0.1609922512228504 -0.014411458067007032 0.04407833480641548 0.5077970815001016 0.025207004247013717 -0.05558874727460004
-0.07333351225717812 -0.17047679267915689 -0.06887003338264434 -0.4278909396890742 -0.334270682437692 0.2564601428495321 -0.34861829512553766 -0.004419301542643176 0.05792785142198963 -0.16673513920956753 0.10491126727463973 -0.01354825895728479 0.16817397719858562 -0.29553836520456905 -0.040527720852798384 -0.08617109118755474 0.2178664775461272 0.05510522469541815 0.5051044857406147 -0.0453217835782568 -0.06274273714468781
-0.09179607643153387 -0.0021956875294399194 -0.49240787264269237 -0.3714435071897997 0.27168222595091146 0.2624525327979418 -0.1329378378110144 -0.06917565405254421 -0.011098442422746754 0.002271376166781538 0.03499893733159743 0.06445420625268848 0.017380429591045018 -0.4781803541055829 -0.11829471931191196 -0.21538242591786377 -0.006557332470045727 0.048517961954672194 0.3835547286544492 -0.013018179789956423 -0.03811173206208357
-0.10302505745020699 -0.016731390895994427 -0.03504121059417375 -0.5061820942701563 -0.11917934076053988 0.34035039535144357 -0.20349756321910167 -0.03593483084254362 0.034064255597526724 -0.043862661899762255 0.06534900062931259 0.007031496600333564 0.25818726282986676 -0.3807914946619335 -0.24464346844709278 -0.1597117180784784 0.16318897674877278 -0.02498090150559003 0.47600806256205064 0.022279933336249166 0.012366818542729242
-0.04952342527735215 0.049963882933373685 0.006628793150138084 -0.487888426415584 -0.23084608657082653 0.2526295854631019 0.0003456626076280319 -0.09661754835052336 0.09919913683889556 -0.09885417661664887 0.13053937804871457 -0.011126722044129938 0.28805026552719426 -0.259873362406509 -0.057158929655469135 -0.20712465931003357 0.11034641492563971 -0.08881791758545576 0.607703801662983 0.014699380966290991 0.08653621198641409
-0.0651549759155997 -0.1580824786829052 0.09520180007698663 -0.5062477708890974 -0.01972355770030792 0.28935089179743 -0.033476569550541076 -0.04165338664724637 0.1855780414098611 -0.19629805681530074 0.1031673260208596 -0.04276301086529525 0.27278475681498005 -0.29470574029921415 -0.1273259279827582 -0.06351150555902456 0.044016565140748816 -0.10957173213360134 0.5739309099284917 -0.033205350831507094 0.08396613569293719
-0.0185891797243523 -0.05280899169854551 -0.18348472227515544 -0.43818963169449837 0.04249593239362864 0.2922999985630483 -0.11220898920560594 -0.05958109405559227 0.04888920779861889 -0.02920141385608003 0.122375067330058 -0.01927607199443674 0.2688620205571926 -0.3271868047727716 -0.17252591761982897 -0.23125297458646968 0.13420391127131368 -0.1109909433150867 0.580785810520856 0.0424359086386413 0.131106949749761
-0.23342008660995758 -0.03577076379334133 -0.12492054814720274 -0.5374817842375521 -0.18678528961248977 0.21716037788275028 -0.05610103784117048 -0.02000120436224166 0.17888345223147228 -0.08969881440848168 0.10651691166938286 0.005590326295154968 0.23630457961942725 -0.23256968008454673 -0.19432251557427027 -0.22379180332451037 -0.0284767327447221 -0.19219174686082144 0.4982088783474794 -0.025950646657725056 0.1353515717889162
-0.09008089816121141 -0.1063981618868464 0.007974788138858902 -0.5239291490190784 -0.14741701973345592 0.3093945739345793 0.029613139064087215 -0.08045854569338884 0.208635963668701 -0.17323536012155832 -0.023238137996382958 -0.03996563911452924 0.23836651090803396 -0.15158344083121883 -0.13759147427653312 -0.22547671658051274 0.19906554363610762 -0.08171462199784414 0.543956889529861 0.03683872984070522 0.11134469795910051
-0.047947583909954246 0.04771225531258481 0.008185056390086033 -0.5294022672874663 -0.2512548561600184 0.2207742068326735 -0.0993929323771562 -0.04434547304585589 0.10118651311570669 -0.16355815372390695 0.004672497390426774 -0.06716149058662473 0.3492059236247456 -0.25136614349017616 -0.10817911846123654 -0.10105664565151826 0.05804099198133482 -0.06923336800026055 0.5747765656174808 -0.002888764934502575 0.06533959775347624
-0.02367491903883227 -0.03017018945676505 -0.03137854021618905 -0.6059277118507854 -0.09752323089514679 0.32507273451657925 -0.1294608739022551 -0.06948246024548384 0.08954447154109987 -0.10083038381254159 0.22624944996853438 -0.018970477197532476 0.24431714120876588 -0.2908152724145496 -0.09383977942049254 -0.09366453042186083 0.009156415995098694 -0.12172719775991188 0.4931200911697799 -0.05069006306334061 0.03754989085015625
0.12425785637119971 0.303071090589989 -0.005218807364716378 -0.3351066988043436 -0.45384871831871176 0.02794451581690311 -0.1568463010439186 0.19053169825834737 0.23179343730459986 -0.029120214569941988 0.014456933102026446 -0.2881268220136002 0.3205270169142308 0.1184902682686506 -0.003999105299584787 -0.3388367010755386 -0.06233596004499352 -0.07154476418263336 0.3285384960873146 -0.03317722005386131 0.15897406641465792
0.08933323641913615 0.3765704765738229 0.03812533452995233 -0.2244833822124592 -0.4092772224707683 0.138782134512071 -0.10310326203543392 0.0733894461296073 0.042673974925312594 -0.07886994168330148 0.010986752993160341 -0.07771464558386235 0.5222924107951532 -0.05979985565347031 -0.063382834413699 -0.32008543164085623 -0.024568635364646232 -0.08762976339852474 0.33066509997262417 -0.16472167449711955 0.23192413661061298
0.08028996797241954 -0.12345306226847488 -0.06030481509850647 -0.5500009849489135 0.21756145896690252 0.3664551243344704 -0.10367293597324513 -0.08841550254191546 -0.0030499024421991173 0.10474760939240707 -0.04228594270631509 -0.034783462584972016 0.2568065341681638 -0.43793625011588333 -0.15427183421348956 -0.07548342651052667 0.05539110986357118 0.05133262942515893 0.40242818284919657 -0.010740630539881687 -0.054824356930380534
-0.1001467006669377 -0.0025486926286896654 -0.2433653277470626 -0.48951761739750366 0.20267699852342583 0.25601876833056003 -0.17520469698015767 -0.09890707976876378 0.21531775294955446 -0.02688421128921936 -0.19496673132281367 -0.014158522640122132 0.1979690525238094 -0.5166046911918517 -0.07352824101076776 -0.03009591104360313 0.05804791373493351 0.08968735775659109 0.3639441131021145 -0.04928723359129477 -0.005277740791318307
-0.10367721841676981 -0.12606234844970754 -0.1470626287104025 -0.40265305488168035 0.18001297398017901 0.23198731008962212 -0.28345002076523884 -0.0769016072935777 0.22528823669572387 0.0645874354553049 -0.14442945852344397 0.012443275586008301 0.24369454751255065 -0.5126683041238602 -0.08401260541457042 -0.1508327962508194 0.02940658383903943 0.1463598977395998 0.40145066547723074 -0.013757776693058393 -0.07428648653756754
-0.038837219260120286 -0.06326142082498808 -0.22407835447093094 -0.48054947621666005 0.0850636137270905 0.12065179949606865 -0.29599327616077925 0.07032662546212193 0.10603158167100664 -0.0056528627991091224 -0.11730784653251768 0.030532807837518623 0.3582820031242858 -0.45463363036929105 -0.04565138186743789 0.06849881691037608 0.08217895420814292 0.09562982397164305 0.46053111385686235 -0.035735042001125324 -0.04397703629043266
-0.20051199747700688 -0.20709984609872195 -0.18369426467442773 -0.492115799455342 0.1626966721400474 0.24587169758007069 -0.09688285911072665 0.01893224142598131 0.15744744668204766 -0.016461696043297582 -0.14058020738384008 -0.028699631437325512 0.33732341407514654 -0.4390211193156241 -0.08979768039342384 -0.08106887371941342 -0.01781544566061448 0.0606343935912189 0.41607519908978646 -0.019808871453479496 -0.0008866813339972922
-0.06300719363601051 -0.008480623692271212 -0.0046322886681154024 -0.2914837738184831 -0.12267003737101383 0.40615458553905287 0.06513176343956112 0.033238438033905825 0.08015292561651606 -0.2644416346415865 0.19055777703992763 0.0715031292332413 0.08915230161209667 -0.1522860031766166 -0.17751284587777102 -0.39089372371013936 0.29557233298917035 -0.23273724941133622 0.38223982817728946 0.13512972584130978 0.2940983357740898
0.2149077238263379 -0.2716534015234999 -0.02748936855596093 -0.43728727038414944 -0.13117885379885355 0.4323483412831909 -0.09916355932345144 0.0014969728947825712 0.20529772237507632 -0.22562938086084072 0.19841941350838924 0.05183210256298096 0.038122381517964064 -0.15342221662639555 -0.2327523831795303 -0.2330827018033351 0.12652723294485888 -0.275600245668878 0.255851531723538 0.09224041760540445 0.19883710671372606
-0.11179275135714745 0.008821827834028574 -0.13392602339761334 -0.38502912696072467 -0.20906582190010983 0.36592781124931956 -0.06659892846381404 0.0011049122086208049 0.015528747771379317 -0.09096501526643919 0.2299092446097197 0.013515294716272924 0.14405865916844698 -0.05552110049108461 -0.2481033576055023 -0.2561425579456301 0.21366885463550897 -0.2829346876784932 0.47894159954401105 0.11355556813942001 0.2421772348156435
0.0581442466650312 -0.11032161590173042 -0.17175645186747354 -0.44876017533495577 -0.09352956198609412 0.40325506338769573 -0.03183915839735241 0.03880405759329137 0.038911653595257764 -0.301085235062274 0.14474059593580024 0.08614625732217789 0.18230961870312778 -0.10328857271437919 -0.21670292968850927 -0.35126296414145536 0.030208176275042745 -0.2271540090734891 0.36883608290845 -0.056947973773276914 0.23042848571914862
0.1319451874007349 -0.19399608331832272 -0.08829578255780915 -0.41699846832389675 -0.0770328547177202 0.3713882107658772 -0.08286297244091331 -0.0379689326122666 0.16689413756736235 -0.2242262620036309 0.21555045376522425 0.10623773490906438 0.024883195212367273 -0.07251885653638464 -0.17911608866297474 -0.3666296476205964 0.1901351993172998 -0.29420869155255 0.3733999794672249 0.01877892319245904 0.20088068311725468
0.00936208290137014 0.19302776188704807 -0.008997028761337893 -0.5134332099569091 -0.22998523815733674 0.2594078824978129 -0.0028288975526907186 0.09498398260286378 0.1908854921790241 0.13171896082956677 -0.12536454634747332 -0.06500001896281908 0.42420275532433066 -0.27561553045244147 -0.12558028835188856 -0.13194135495891565 -0.12369389850374655 0.01017172727483105 0.43692896918689206 0.006046786283737786 0.02400041270478216
0.018521691366580592 0.03486273875025106 -0.10003628244493332 -0.6814542385549837 -0.2900453119770184 0.3214416568567963 0.020941671168785148 0.036940914630321925 0.1040206292772724 0.03020785035245601 0.03899727655103706 -0.03254783140621505 0.2548351980035893 -0.20555606592201048 -0.10021760653253937 -0.07482637203555116 -0.1705831002129602 -0.055801870801337666 0.40094870857454945 -0.055583997250038944 0.03985622738268685
-0.18403412221174636 0.14779235707797173 -0.1984589164147282 -0.6453162544319254 -0.22115706098862206 0.10282694421675706 -0.004298290392306763 0.011532222800534205 0.25661732874711984 0.04175342552094552 -0.0657260852356498 -0.0019331944524805622 0.2753865654966149 -0.22104485998395082 -0.029089108228567136 -0.12654223311900853 -0.10298749010478253 -0.003324856606656037 0.45162967076340815 -0.01489345144720946 0.02342529677848411
-0.21474679736597047 -0.02962885450397808 -0.024219020233267132 -0.40792070193539054 -0.2554494459665349 0.16057185546048483 -0.03239719891220532 -0.06066338350880634 0.22606844010581825 -0.017953083498650952 -0.04831966699941078 -0.018605633719104907 0.23664201000319307 -0.17687793702059165 -0.16076589965054242 -0.17460736522636908 0.002507146047587935 -0.10073281011205652 0.6618125217700903 -0.006146036934691433 0.21056324940920665
-0.2538156106384556 0.044398351426016856 -0.025757781916703873 -0.3701144236526773 -0.34285723665154433 0.10214761043552058 -0.2888967525902748 0.11571994154735094 0.334699586782486 -0.026659402771177055 0.03925578307025551 -0.07161601619606987 0.20725156341162654 -0.022833408487933655 -0.09018648230153309 -0.21895457333366367 -0.08130092272673443 -0.1331009603054744 0.5548471732803244 0.0194344636974113 0.14002905292099155
-0.19697893212941772 -0.20189388976179898 0.017925496001031136 -0.2524932734284979 -0.2897277205902823 0.1635231004754384 -0.0071629527295269755 0.13111352413930408 0.30712668546424976 0.1245313473178061 -0.07484019289245648 -0.13604228002398813 0.18436520003557993 -0.09883413372164526 -0.09656126292434189 -0.025017660054886807 -0.032205055615383685 -0.13670497317061833 0.6682098396704811 -0.09609266100976499 0.25558612685270926
-0.11684046449005168 0.019621534897532236 0.016848743788413948 -0.29846036090966604 -0.4159266323516891 0.1310371123102338 -0.09831221526910142 0.04904498452925151 0.30676904820792733 0.08837282035432399 -0.016170039953894055 -0.05418713838294029 0.12412707910722832 0.0017164379432341177 -0.07621684667512527 -0.02857298586166151 -0.18939388435926335 -0.044424030472798685 0.6993235089708302 -0.09302181092841609 0.1779434080850867
-0.2296729060164137 0.209352888361819 -0.031593339130264964 -0.45466777083577437 -0.3426451312047756 0.07534129570152717 -0.02928443236891054 0.048472282017481945 0.3985384898762961 0.08114640473759538 0.027401547149707405 -0.027353048691042183 0.010278517065477243 -0.058673164726424296 -0.08630454227313354 -0.13134478560814122 0.16674045349713243 -0.10745420401430031 0.541039636251354 0.09355820100959503 0.1828142252393278
-0.19420290758670725 0.10604390355813427 0.08071916413280836 -0.33772615585937293 -0.304522548957892 0.19327574423223673 0.036232695859022654 -0.005302963626022197 0.36920400523450586 0.03710420107809509 -0.09798141008178453 -0.03701649139892528 0.14026753892087138 -0.12024968284126711 -0.18268774366000712 0.06559070294888647 0.01083161098422071 -0.059061445235214165 0.6660892889899517 0.029610323242946858 0.17437559478816103
0.12967251749669254 -0.11452361867798316 -0.19560918525643664 -0.5237100055810363 -0.019185001502839034 0.2804584808312437 -0.14911097289613817 -0.0021098100805274213 0.23800292058987568 -0.22919183764853696 0.009958100173934859 0.09682525764060845 0.32068814905276494 -0.07212430964224799 -0.1213022854161063 -0.4336356164327246 0.1262141712244314 -0.18686777715515712 0.24485570965741257 -0.03572408545026697 0.12142942884075664
0.1931115906757035 -0.027480405208882563 -0.029458013175864876 -0.5679320742403866 -0.28823144595228006 0.27600664382743273 -0.016607132084463787 -0.12343414326209054 0.21869776662926327 -0.08558526674018661 0.027134197278302748 0.11460736355939212 0.29651535888816327 -0.18635176081279373 -0.0959035393237576 -0.39276029928516193 0.0696983585394108 -0.08154420973161194 0.3045042773716663 -0.009059695669295544 0.06577167161297802
0.14661996441556668 -0.06320633402706789 -0.17658555923591016 -0.5448884938493912 -0.26968559473687653 0.29880136250193384 -0.1504318962331864 -0.03953276449462 0.1421923439126185 -0.1033268893895692 0.05023745319681273 0.1361415284728401 0.21777797379667385 -0.10910636759229418 -0.16873052242072412 -0.40667355444806086 0.07903216567935326 -0.14404444120953538 0.3281491130095101 -0.04084275415145308 0.13686982862272237
-0.07933875992089742 0.1320226077716581 -0.10497939411862545 -0.4884910403433199 -0.28137828432186834 0.38315736663004774 -0.028295207524319122 -0.14751104743185386 0.12602335357763692 0.06032624731499617 0.06784203826682386 0.14291809812935763 0.30184936180175226 -0.1326876559896513 -0.28032821022773535 -0.3789721545665373 0.029948320191638525 -0.13486505223558637 0.16054030071128741 -0.035068698177048635 0.23775446338894796
0.052801990448181055 0.037539882566198335 -0.19310322882715228 -0.4957135833179878 -0.18042806254613106 0.29157479504479966 -0.3139884542956919 0.09329072099322509 0.1396701867938262 -0.046692329283034066 0.1760634745179407 0.1204064064327306 0.3434449598058792 -0.02677732615561688 -0.1857652280566712 -0.3979910192576118 0.09511946387484636 -0.21823981758615352 0.11883009650778142 -0.0866413732785134 0.17565638961235008
0.051058624698708484 0.250429278232131 -0.0092927711740805 -0.4189494777634228 -0.3603616873541288 0.12723631938187763 -0.2417245733359993 -0.10115670828804146 0.19457361949343915 -0.1805188100394176 0.032054016574922496 0.10099315088624217 0.4425419084999332 -0.03408885460668703 -0.13042300483798638 -0.40849338040277033 0.16371645463907583 -0.08782312310504918 0.19694508254883905 0.0372422106047964 0.08434671010893077
0.14410743557543632 0.04453890788989524 -0.07841156543596736 -0.37964468734844653 -0.09841504832760159 0.1243558096957274 -0.034354494441771716 0.009436679398564454 0.07412889321737673 -0.043396773086295096 0.06279109492564047 -0.008143179895326624 0.47549596743973593 -0.2843642890705994 -0.12456866529613196 -0.14841495823054732 0.04270012215786929 -0.13554054716208325 0.6371353029083442 -0.051011692543526777 0.12618379420681797
0.06060329871678268 0.1317367666438831 -0.060735762806647976 -0.4635867173562991 -0.11032864933114694 0.1533427850342979 0.015159820801525298 0.035375235950651084 0.11029323772663852 0.07864917298707776 -0.059782243574435824 -0.04069374075473434 0.36030611802044116 -0.4419081971266614 -0.07196225418934618 -0.008680424928131989 0.07273700765739499 -0.10174289817041582 0.5809058258582883 0.012879296472532161 0.12651615537842334
0.1318197800037853 0.11310747262903116 -0.006107868739310048 -0.3983830333378631 -0.27575404405741016 0.16053923012824117 -0.14562883320300296 -0.047998582357042685 -0.010094136830994617 0.013131613668592524 0.05026070730860618 -0.10957245644318331 0.43886174367185454 -0.2449393952991859 -0.07727153414120971 0.00864241797363235 0.06646345667751902 -0.1203682424842997 0.5980100560054621 0.012124827437756888 0.18879376245809207
-0.011577863242238737 -0.08637696672827998 0.06925738211181498 -0.3041790599157551 -0.44217106467121464 0.22383007031717073 -0.27767499119316225 -0.029419416178409923 0.12443391860551885 -0.07245752032251865 0.058775483076178275 -0.07080384616371227 0.3811912432012655 -0.10325781408808672 -0.08907579627742077 -0.3200944365626353 -0.004136815039754668 -0.1497087207783782 0.46905966268248583 0.0027840269733157928 0.1829737169784445
0.1186469784561225 0.08260814286921869 -0.02151767462980402 -0.3604850312442865 -0.3168911477829088 0.16324974275316093 -0.24906757166849236 0.0552696130014831 0.08049547524926705 -0.11876764015370433 0.1566299625898507 -0.0004184612149343338 0.33912198189332476 -0.17246712667081102 -0.023604876707552364 -0.31941881542910866 -0.05064919528611344 -0.18679351366346342 0.5451168723052531 -0.12826120788167067 0.11407613978882569
-0.01488343522510934 0.2929410784498335 0.02018118997384802 -0.33410198509150657 -0.4504563496653504 0.06607115193636975 -0.21166054904633116 0.12082699104468728 0.10473715395155843 -0.007180607712353548 0.030574103518023157 -0.1576321803186315 0.4764643980212068 0.006081466081261073 -0.023749613008081087 -0.2373975962753018 -0.054868739650933314 -0.09468522448106308 0.38250331604717325 -0.0990591962915849 0.21535658204376662
0.01590386166106915 -0.05255760899333803 -0.0038818345505374587 -0.2094806351366882 -0.444934650642249 0.17185452478378394 -0.22670857012859652 0.0670235887310739 0.09704950733736824 -0.24037174023945748 0.010389178264817252 0.0009532467183417969 0.4131179530304276 -0.1176855160437074 -0.1809490453540044 -0.37231980485653154 -0.059809414571223116 -0.11746058420845865 0.4204355045779669 -0.09803719253631042 0.20678346162942718
-0.017010324193860102 0.0595174010242889 0.03132830330584897 -0.3337291573969154 -0.3106881322990706 0.06803999310169456 -0.2482729642656809 -0.12590505841105837 0.013799006356070042 -0.04997455774846679 -0.023902194679394095 0.03419389760366484 0.3495042729935473 -0.09022985721243583 -0.01874884108877294 -0.538396655060442 -0.049245959867770556 -0.031129040153057466 0.5159440875483796 -0.051242644437922126 0.08944143615965339
-0.030292428629906446 0.1778148582957368 -0.028906509998502302 -0.3913528741398107 -0.4170545858295706 0.19283465604397254 -0.38103508008432874 0.0005442224473054539 0.16455504983328353 -0.23358491577271032 0.04507526805198664 -0.025531649051178218 0.25811090210698995 0.0017296135244459889 -0.09844335770151497 -0.27372985631516045 -0.00020933485899060855 -0.09568143909064761 0.4307626198976652 -0.017432574414166076 0.16303752492944515
-0.21774441556580612 0.08481943520009717 -0.0035592661415308723 -0.457520674247583 -0.2668736761736507 0.3552657738156063 -0.16705939904022896 -0.025906473774707877 0.16757693325094258 0.07335607721452991 0.11857695652245837 -0.0037804597279442495 0.094265464815905 -0.21343089135045198 -0.1560995168488975 -0.12923177933880606 0.3357405803456607 -0.010901785780033509 0.5001206219902675 -0.04359799619262356 -0.046187742414553166
0.05522630646011879 -0.059051535897260386 0.0225936976729629 -0.4685610102188151 -0.3040592547695596 0.47710544984027786 -0.1839813704233953 -0.05033057558223056 0.11298737897152132 -0.09169476663327047 0.1513641087914491 -0.026972945751574537 0.27974176625460023 -0.2659025498200479 -0.22793374411071163 -0.17747420706865716 0.14080618047678048 -0.06487858484259136 0.334468369633583 0.05041685939874995 0.03562784540692831
-0.08544235802541052 -0.09569748032145602 -0.059747544743478896 -0.41067800337218163 -0.16985721411245688 0.4102638714318178 -0.2576171569201602 -0.07758242928844072 0.05601510866873429 -0.10739165086511691 0.3020748992735172 0.062386168226157696 0.24402488434774058 -0.30545783289632555 -0.1366519097822483 -0.28140623490023925 0.03688798018263704 -0.11219503014939158 0.408849563751941 -0.011114496796607566 0.002031016178891732
-0.11892278861094559 -0.11896835907685759 -0.08423477212488883 -0.5177110323033645 -0.1706822840811601 0.35397251145876435 -0.3035950782094302 -0.08806501898502009 0.11574016627009298 -0.039814992418951485 0.12657863788222454 -0.006265783984124597 0.20004331160058197 -0.29769547589988804 -0.14384895243430332 -0.18915239255494268 0.12257579908524185 -0.06568038080962028 0.4546391631929409 -0.005056390708211946 0.00383566870929155
-0.23352294341575333 0.006307691106363858 -0.10855321388016301 -0.49807527176509014 -0.24239955824323955 0.3239461418212664 -0.10148156838098485 0.0015632470171295786 0.09897756983716456 -0.11182459293955203 0.07711847827391048 0.008109046103574834 0.18949390831906734 -0.3197213333711003 -0.15497527434209557 -0.15908272131170872 0.1902912610991354 -0.1319610071451096 0.4848534961767069 0.004844465498637285 0.08405582531231628
-0.09929629967301408 -0.013345466366640656 0.01874849358265004 -0.5125313660408615 -0.39973828125349725 0.49792615656970074 -0.06506799885916856 -0.12155967972933962 0.009987518121013401 -0.04633901831397881 0.10586980371203927 -0.035307908339843326 0.1622634090367748 -0.17263449023178937 -0.15805980678209042 -0.08858157412969123 0.2636719451279227 0.023352131615592703 0.3481230264099585 -0.041733436576525264 -0.05938980863179222
-0.08145637804565455 0.0006610701832376147 -0.06480471012464097 -0.4782515434303765 -0.2487885229628082 0.4161297554266153 -0.19548388624794114 -0.032220731673569585 0.1314703490127988 -0.08875202498952306 0.08154272963247226 -0.03906753019769203 0.2867490003060817 -0.26502537754118727 -0.2161063594053938 -0.026747710577584672 0.29700582579793955 -0.0991556581730061 0.3902175128951595 -0.05036510711156699 -0.007748941050137006
0.0167170751519625 -0.04472822908759846 -0.13377559182367585 -0.4733955496466338 -0.25401303045521834 0.2885772181585935 -0.16743891921782605 0.021689796876578207 0.05711807859438833 -0.06480014200237026 0.18005855996879727 0.018783838213734444 0.25772226309172885 -0.14597735774463005 -0.23304604963989772 -0.2614835190122641 0.033661120781040284 -0.17294711492340883 0.49568620851053247 0.11661658329391818 0.19600327276159446
0.24114862393679362 -0.14737184755349095 0.013551249422444157 -0.2558258432497107 -0.04227455877607744 0.1333567207325329 -0.4389906608752363 0.043909897589565934 0.006587709281387687 -0.07983236317318947 0.03542534085051591 -0.045701446918827285 0.3155369675845028 -0.3002783562052889 -0.0916919268066168 0.015851258563753162 -0.021686970981760183 -0.11123120967160921 0.6311171331924447 0.0039804424145569225 0.1448082870855729
-0.05163161766588003 -0.029403220487709474 -0.04079688239658851 -0.4403382071791914 -0.21090988813002579 0.1833142315891624 -0.4854060615178025 -0.02856991120379034 0.10243862808313232 -0.1460096710549658 0.20216390893090838 -0.05045579955322222 0.25060501733000184 -0.24229629520050802 -0.11905315515679045 -0.04522658910704345 0.09673105539643227 -0.2443502680054879 0.44376935585683286 -0.027644902977560396 0.08165599375440491
-0.1801569589698731 0.11902996668286078 -0.2097359401312054 -0.4648602602819113 -0.09785149420076374 0.20535231773482118 -0.09090365315483943 0.13105482170263677 0.23459334451013525 -0.01615495712145574 -0.24742829212429523 -0.01307041061014191 0.12958001022824364 -0.3313062889261945 -0.07898807815283085 -0.1250859400350151 0.08148470938413015 0.0564680693248045 0.5618056431633182 -0.03920392527122202 0.1548863833369121
-0.02114012843398254 0.003844167149480975 -0.029869494240516565 -0.35723387106778354 -0.013882875746792029 0.2844392421113419 -0.028551214749414074 0.015513527064923533 0.30944325912023557 -0.03176423957048164 -0.3195001887438774 -0.06351949367388908 0.2509839997080248 -0.25162877903504144 -0.019487200804435934 -0.19523180681120372 0.004469741626224301 0.04388921989957662 0.6411525944603247 -0.01763362937288645 0.08864301053548745
0.08222318736528238 -0.06636815113911067 -0.034683188776270524 -0.489925368834118 -0.20809809243858754 0.40668465180114677 0.10735922534282553 -0.013826156777338132 0.22640223457375716 -0.13209770528781548 -0.16697308549155068 0.005135914657512045 0.1905272690680462 -0.34993416869219085 -0.13890798108274094 -0.18170211195266955 0.03620248709787395 -0.1371307964906693 0.4298015943019371 -0.004607517306165199 0.12101450518941613
0.17445128175169416 -0.1357466259946938 -0.1290213949698136 -0.5345150485806278 -0.355951062380531 0.2493270176084951 -0.0632286618009081 -0.023724644571689227 0.17153175756966374 0.022233226748791475 0.04870452626488082 0.005371983581225007 0.17232034524031947 -0.1369443619277258 -0.0963105880804434 -0.14120826573671175 -0.05868146536192476 -0.14802393278370915 0.5436616828168116 -0.032887378424172574 0.15288782367731968
0.22765468053405769 -0.19814921452753112 -0.0767002436029418 -0.44164933978210913 -0.15997728161466146 0.41950990921191045 0.22637708796183564 0.015900940441433455 0.23958778472502149 0.0028134157251911954 -0.19206349028060712 0.0034844540461857238 0.1428738988731053 -0.20026609315749166 -0.18968906284936277 -0.11618010946694368 -0.09527823272735757 -0.06188830921963664 0.4369281516370749 -0.07671266198507955 0.20219628180939891
0.0013859966413249164 -0.15373767419213186 -0.04734282212525735 -0.3816200844623669 -0.3835514327033615 0.3424734232159994 -0.11020771551934007 0.08715201885395053 0.20769801068776036 0.10978163309869099 -0.1474793791304841 -0.05096260281685952 0.2945068585831584 -0.16450673621252165 -0.16978729267248613 -0.09206261402663973 0.09106200425219976 -0.0990179508617965 0.4923579932641401 -0.04673714905081771 0.22585655738307656
0.04144234179885561 0.07201775017588481 -0.13886289182827355 -0.4722816497278627 -0.1536278921867943 0.33682468696723444 -0.028435483028507992 0.06026018656503119 0.3112260286505973 0.06182005866863559 -0.08121638708369965 0.023631611228924466 0.2458329655659963 -0.27773597026686686 -0.2436797062928766 -0.24992294713191196 0.0870203421204543 -0.1138326174682369 0.4237469305883751 -0.01828914474832616 0.20394651748710896
0.2131724365935945 0.09057488052186798 -0.20343338411668188 -0.3900567129888736 -0.08685377729637173 0.15973477723314067 -0.04912891247719861 0.01814221095545914 0.1930423991095304 -0.012868098640758642 0.07287258237192744 0.10475185941202741 0.2137210328057686 -0.07618287663598816 -0.1696616246448449 -0.4379074080935844 -0.08775650731718682 -0.24803885882931578 0.501331690085892 -0.07738750210018092 0.2544271781276574
0.2850676575781127 0.0355837738734533 -0.11255002225342209 -0.4191521648407349 -0.23684653178301426 0.19361754929779296 -0.10652787035080181 0.008808378818044506 0.10660131435442037 0.014025263071227478 -0.07629583131409177 0.019390102174718978 0.3436079875852601 -0.15406441119235537 -0.09653152585566852 -0.24440585908813803 -0.05241067415621059 -0.1505095023950608 0.41975812797221607 -0.1702513958441105 0.40609054252883736
0.3745438788645758 -0.015092097029903363 -0.13095219129731606 -0.4557455022580634 -0.2481186252148286 0.12055555667374561 0.018969569761556046 -0.07804570114256573 0.09764925692360842 -0.09593963230547538 -0.1051518495465148 0.08108669773943018 0.3172556394234209 -0.1120995958136689 -0.13476460405026913 -0.34290465943491977 -0.05182493718925159 -0.1911787859660851 0.2918900629588463 -0.07332687391353573 0.3700582272675263
0.027647304717935833 0.22248238847297339 -0.40421429937691983 -0.5381674645836488 0.010198674491310416 0.18482342794662793 -0.04554567895614908 0.10079674413769782 0.06951293408810888 0.1298663253325114 0.0587899493633076 0.01618463171510616 0.17366649579196006 -0.3732969291340797 -0.13463289924248842 0.09446813472169063 0.00831495679663566 0.03731731550786334 0.47326624391539346 0.01030418548240874 -0.051965836895562965
-0.014940996458091426 0.271581085826014 0.042917161882810737 -0.13877318863551905 -0.5297402080569927 0.2649179353993372 -0.2485729937207149 -0.04734094122041097 0.04721885414802094 -0.08204064154541346 -0.1316086201337149 -0.031501802554685085 0.1881531549887505 -0.12496636905944696 -0.18124049875786452 -0.18313307917751936 0.20542051424668376 -0.037322891174971035 0.5368291797431347 0.01668364124235108 0.11555378670523336
0.09655079827300415 0.06883934719922612 0.04570595577936947 -0.3100766366973225 -0.5481452725873347 0.2815720602712503 -0.21667756843706917 -0.15238691985793504 0.03141397379413337 -0.11844701954230001 0.08970760942270595 -0.03369669955217267 0.2921738137316988 -0.12021495605929491 -0.09005681962711319 -0.2872560950032885 0.14310491313924242 -0.07340901197223668 0.43154438301785997 0.019094715551388326 0.10334185421501069
0.20972636936292594 0.09269504940778249 0.09221236286674223 -0.16618564098856084 -0.42890926592335865 0.17420171064348552 -0.22789924714175336 -0.07015193220577358 0.12315028470588434 -0.11481216430914028 -0.03625810686844165 -0.030937764397160356 0.3130667253753839 -0.1911504105959727 -0.15632736835278394 -0.19992560244666008 0.10646923822699134 -0.08309665948893576 0.6111090501995227 -0.005580021233133851 0.1372202848458843
0.07809417924217761 0.012220396986061144 0.027061807104456173 -0.3598264038377587 -0.43576345382331994 0.23431986462927754 -0.3517023826777475 -0.10175682578162094 0.1403282936295626 -0.03315333323119977 -0.10333269590064795 0.023118745496452608 0.2252187063618987 -0.2203745390017918 -0.10662482509462817 -0.2879604187150976 0.20677130180135267 -0.07728251664336112 0.4519384319178309 0.0206781586629499 0.07559979022718946
0.12331523848128928 -0.010169827875742917 0.05581696349280666 -0.39145957662906705 -0.3611078259206993 0.33115316086707947 -0.3583841651016875 -0.11692443981313362 0.23499779238127197 -0.03813316857540615 -0.04444568091444577 -0.01252650550091081 0.28268299794307045 -0.12461304200827952 -0.17248163798526286 -0.2847441142062036 0.14185575756980057 -0.14743508657173102 0.31273671670364833 0.043402499319574454 0.19883697498975275
0.019526318010375566 0.09989453202325214 -0.0612007981976469 -0.31888143707444083 -0.2538583038301718 0.2827879175363071 -0.2065005513071072 -0.0014545289151154997 0.08607037579657524 -0.1616383786912857 -0.12895384824599782 0.007785112096232915 0.13965103449957186 -0.21303440984715763 -0.2291890135876044 -0.22828730308361886 0.2163439354267423 -0.1276453734176795 0.6205683749083588 0.05912018964665028 0.16031022507858664
0.24652001533926435 0.05575604212929251 0.14968910565662602 -0.17332973566833798 -0.5679917749531949 0.28364697257974053 -0.12646279313274622 -0.005181943706259 0.09804598658851418 -0.11812991188408575 0.05306520169063789 -0.043423313978759925 0.26893767585490075 -0.23330870210917032 -0.14574910177426664 -0.18699822355208892 0.1416071680206333 -0.07296314122731493 0.4756537534904914 0.01699624057221558 0.0377735497894469
0.02750357339390987 0.19361793337450542 0.03613636344549823 -0.20317865408304 -0.4046289665152823 0.3732433017820322 -0.1466072757957685 0.05229620625468845 0.18814633778930015 0.09889236106371195 -0.03749571707875553 -0.049980679949254085 0.18236968155262107 -0.1161033647583829 -0.28870231800460694 -0.17600189018202853 -0.061701810948098 -0.0928583473429717 0.6018306368526748 0.04167030834297814 0.07342380419973694
-0.009790756447155467 0.17044095607308607 0.09210625835316608 -0.2184020293048173 -0.5000010719826068 0.28522220886471195 -0.016101792662103473 -0.016174793782051854 0.0966239553092331 -0.057632535219783586 -0.06483746130462706 -0.06061868697487015 0.37150402324575266 -0.20773732196387196 -0.24505800292278215 -0.2117420949760683 0.11017973734403977 -0.11432910142657282 0.47207244097911644 0.02575627206823555 0.16576023032442644
0.07037287552719498 0.08754001089914987 0.07283115976366704 -0.20384594580230433 -0.45536512184871036 0.23536559841366578 -0.1733659440217703 -0.0881603999706185 0.10495266062426217 -0.07430490321130752 0.029130326165346963 -0.0809859411800953 0.3395507119262151 -0.16138903018318213 -0.11048282765025469 -0.10743507575687855 0.26325721650910666 -0.11162133715665153 0.5889322925654125 0.06253574318578103 0.1356296736177614
0.14042816489020554 0.002161266724982397 -0.07086664442024677 -0.3832145585614666 -0.05379831808788815 0.32269669857012856 0.10410660272131919 -0.005118539005600522 0.16401533055242007 0.003788634577667269 -0.034794623339231376 0.018502954423400622 0.22941503643157543 -0.430734701519872 -0.24661276477831798 -0.21291152923707593 0.0698737365600735 -0.20203276902994152 0.4512049559417624 -0.0210871534731908 0.2966421986759917
-0.24731728730073443 -0.0855342473695159 -0.10999543004001221 -0.3661927808718541 -0.0727469958996994 0.37188154988664984 0.03720601474293334 0.03957033740524882 0.12673797773548112 -0.026916945619083737 -0.21194226347664252 -0.002144140101566232 0.18384809716929548 -0.3782585546643223 -0.13857378447172283 -0.17390547573630738 -0.07434976440241697 -0.007143262005747523 0.5816981086150225 -0.04059076643028425 0.07174926277430058
-0.02882439040920639 -0.20646235244251618 -0.02085533095409759 -0.42420754390480037 -0.1994427118930287 0.3623804650302442 -0.0023592982237585236 -0.039588098462397026 -0.0011614856854282563 -0.20651899595169046 -0.14588504701743127 0.008939494302068753 0.13170702688770203 -0.4138010738592287 -0.2260480872701803 -0.1735272085453095 0.16068764879740674 -0.034854461344142544 0.48634533885998427 0.04114434670820559 0.06651601465058062
-0.33242982046438313 0.015737255788641952 -0.01201448946475858 -0.4722855409290974 -0.1398245838161596 0.25668011517576755 -0.0913063201515249 -0.03536437920013321 0.10735043907479888 -0.24369602067285295 -0.05763516687673252 0.01889193325641322 0.21610736014747978 -0.3925406117193739 -0.16184709790594085 -0.2206400897484044 0.17159193868963268 -0.0006887738740332356 0.4353363450922069 0.027340145112579425 0.032474129438763315
-0.16763241055876638 -0.05457580388572358 -0.22445088208281497 -0.516792896462562 0.013296234027732093 0.3129785395166525 0.021034387697221733 -0.11104729487204604 -0.11202108645491926 -0.13552079388965202 -0.19058779129612063 0.009798961427131655 0.052092656744453965 -0.41166723373340997 -0.1767970129396097 -0.173572539229772 0.10101329527655853 0.06077133439824385 0.4743402481447814 0.022465277036478878 0.016085859282710092
-0.2477944749320874 -0.2640001720788848 -0.1502679179033485 -0.41874206003906334 -0.0485209801475839 0.3859525777262886 0.10111342968901613 0.019251677624868915 0.10075449683046492 -0.06586210609489646 -0.1748469323294905 0.025177091793404778 0.1918323732716417 -0.374267193058277 -0.14955034408312906 -0.18487027674131573 -0.06673514053903068 0.016212140816407247 0.4725562589532062 -0.03209920947555644 0.029991498442056175
-0.30250286153525324 -0.28760065937454454 -0.1491010350976974 -0.3659494241656038 -0.031115433523975618 0.33125016468572605 0.045713966360071176 -0.04868139811179701 0.004247721229022773 -0.08761837632529086 -0.06289402668966552 0.029763269955516498 0.1437730748164347 -0.3377642388132785 -0.22593050926025413 -0.19657848243394113 -0.042582753209800664 -0.045114064292558674 0.5495400461293221 -0.0023740289097185906 0.10791301160496437
0.017883110460471807 -0.13561951133925493 -0.12114970000996637 -0.534640972060146 -0.24131783980796576 0.3247284897826586 0.057187522980313966 -0.09938965148732053 0.013826006578908796 -0.08811818736998683 -0.06246504770667731 0.07932628746657402 0.23370408782446705 -0.3621308361531431 -0.1628878208153793 -0.3221678816582203 -0.01881674540512522 -0.08854202607229968 0.3915914605252047 -0.012449394445485264 0.08951900219223652
-0.11296925573948487 -0.21513807620406625 0.004997090943820795 -0.5087488606961357 -0.08642080707772375 0.20476388424741632 0.10146524785096075 -0.10161708542012489 0.1552158249223489 -0.09088820937021391 -0.15249065670547834 -0.03583270468138736 0.27051073724372915 -0.4276617635577802 -0.10296211696822122 -0.13473905315235166 0.17682185547563448 -0.07243384630304138 0.47257705687194285 0.03665533439408079 0.0958299255901598
0.11398602336259016 0.05244960662588125 -0.2779143979188013 -0.47898186726846426 0.05042414686692044 0.3224484893800148 0.21482620059620966 0.008716066368718864 0.03452290015265361 0.09511129105467521 -0.18871986593506773 0.008069260977153641 0.07739002628785337 -0.30673618380817375 -0.10096332810880305 0.07260303635564212 0.12416526037360319 0.21297181487441622 0.5147649912873782 -0.04895975764747575 -0.1877254595578737
-0.08768175344740835 -0.13279412609149438 -0.14067665437673993 -0.492658048301505 0.16681039252482655 0.259605613116527 -0.21477064141661273 -0.09275021620934862 0.12745029577082584 -0.024353988388643177 -0.13486060949110393 -0.05944134069328561 0.3430363615056099 -0.45603093010149487 -0.11086833489100109 -0.013987550997827024 0.052381364503915666 0.06392135030926444 0.42209511395910326 0.01760024861829506 -0.01546603855886876
0.11652307326261876 -0.1924852747020671 -0.08638080563762374 -0.4043150640369352 0.011873357373279686 0.16306545077700965 -0.15232693531206648 0.09849860331146208 0.26056667414291 -0.027031086940792207 -0.095207324656709 -0.06218649438039057 0.3201571550441445 -0.42476168741018533 -0.09340751692148147 -0.15081202569805263 0.20609791622348983 0.027000766518784414 0.5276148906632617 -0.02824247457304528 0.02173924565216134
0.09750087375045974 -0.21081679963504357 -0.034897986594792665 -0.44012799777646044 0.06796569086529308 0.2567464204309333 -0.09390469779313461 -0.10818198705358287 0.23678764892821905 -0.07761136518310834 -0.11464686912770247 -0.0042712999272147105 0.24186315351993515 -0.4717989475481286 -0.20433007902799333 -0.16783387599921207 0.10557195541223767 -0.026488367522313733 0.46340257435624754 0.0005741020733677852 0.08488465896319183
-0.010833332546914811 0.0049155946012501926 -0.1308088531947328 -0.41883223063179403 -0.20637287250032316 0.23025441035530395 -0.0949787164911009 0.10084057415015607 0.07887596980968603 -0.12482771985637782 0.1802000948510521 0.0035433554835277437 0.212066646409199 -0.22018336224578194 -0.22729916526129434 -0.27992939791993277 0.11622496230696501 -0.25578637803774623 0.5508371730684694 0.04552658579015754 0.1741692061867401
-0.0674910595734946 0.14618433109277298 -0.16289951645262257 -0.565160637029323 -0.33592408380624 0.24626765811005813 0.006260893242154737 0.10011117167175113 5.491857561798057e-05 -0.0779266701791309 0.14839508497817264 -0.0035480233093694623 0.23435112891163218 -0.14322898925947067 -0.09283138057018633 -0.27198385898002286 0.04590890081130088 -0.08129990708815868 0.49885743501481955 -0.015713254904419657 0.024920228739790738
0.10692417169884098 -0.09842608181108921 0.008509703285269584 -0.40082445228461394 -0.23580023626623375 0.2942494777306025 -0.17410346914103 0.007443974396307981 -0.0028141295803360156 0.002451135313173187 0.10030637481125353 0.015016970289896544 0.3217034767281499 -0.24877150772866088 -0.07165758152647855 -0.35655817555612457 -0.05604290350125607 -0.11208282666261914 0.5539594202579634 -0.016371807644550925 0.12166657074340428
-0.015022796000520363 -0.08547897983720082 -0.031747681821583364 -0.3053872488628681 -0.1526078670887937 0.2265731816003929 -0.06987547760692173 0.032101393697332864 0.1505186184588914 -0.11193649390868309 -0.02342465220296238 -0.0008453022186740693 0.427873372471828 -0.2660320805266025 -0.2987961360582527 -0.3729858151805881 0.048028676377312327 -0.14257062294212308 0.4813567840384001 0.07185556343419942 0.20044627491502717
-0.018261229330229264 -0.20933292295430825 -0.18702090039595728 -0.37793288421351423 -0.11389000277361161 0.2337037985866401 -0.10562714709777804 0.04083418025027072 0.03447787145146349 -0.11619348820674219 0.11659089795969901 0.1097634388726045 0.2932870501949559 -0.2192222376069177 -0.22974043654127949 -0.4441694491578514 -0.028466101299670726 -0.18955782437872915 0.4587604984602911 0.06132072361782154 0.1489475910787029
