-0.0823605605543846 -0.18515964361377085 0.04185029599699716 0.24022893104242984 0.004080438730339694 -0.047569204658873064 -0.11032248960901299 0.10552814424655259 0.14109467750012003 -0.0008489841715374498 0.2659993060949841 -0.10160965588377016 -0.1059131390421069 0.16059133354219138 -0.1011596338525058 -0.2593285619979981 -0.06898185519307305 0.30078294216332774 -0.07301846409200985 0.23808451648250528 0.25078146051773403 0.23149794224695194 -0.41123612213647537 0.32625916842977903 -0.2657812677867145 0.06304743070965509 -0.18521552773489072 0.014039952693855837
-0.07950682575932863 -0.2269788985073129 0.08444183929336209 0.07264842029450065 0.1283065538052593 -0.005828005744132474 -0.05704501648526263 -0.08829126899175296 0.2035873302461919 -0.2588649248892471 0.2374489628995998 -0.384038496398836 -0.13293879428555028 0.0035536389482830628 0.20372295757321035 -0.10777416458235665 -0.18544134913673355 0.17708287542598133 -0.0878104642398531 0.22593812237137978 0.2779604941261684 0.3629322995727698 -0.19214737827686668 0.287223165289624 -0.13348268272315467 0.015246729597323797 -0.21762816594054873 -0.027524601182522514
-0.3046082757859676 -0.2010075548531574 0.1714557633085771 -0.08039951100754138 0.042642320932844514 0.1314009911320157 -0.09034404456780463 0.012481556275930393 0.06360998758693107 -0.020137999485408738 0.1372596818278928 -0.19670670747687347 0.00028464272626471616 0.005215980846707655 0.0027823576096600035 -0.22389138310120268 0.055202283643423035 0.2718143374946679 0.054514586643444406 0.06235417141644839 0.22231606619453942 0.271204531324769 -0.4657525755570334 0.24435897836663945 -0.23541651987132783 0.10809129976646345 -0.36979276520765236 -0.06437088045874763
-0.1526525466146775 -0.2740132241016584 0.028488431102739523 -0.1095166061281683 0.07978204311811482 0.07369135160536414 -0.18631058226449976 -0.08940680819015338 0.28981846838078656 0.0805012467890296 0.29292509490366847 -0.3189983859224073 -0.15787123088769103 0.12245528558900075 0.11765654466945377 -0.13186253755123975 0.00499424629385751 0.3005503232141708 0.1055253075169782 0.18679165860443356 0.15692512659856164 0.16803243985994043 -0.3498151195966039 0.2880123493620596 -0.258682580646215 0.07271417803176233 -0.13469059469336694 -0.014426296598120312
-0.0036205360631105417 -0.4912639900408042 0.1310629657374807 -0.08962212969124743 0.09301067231966528 0.22627002460275222 -0.14107066523333597 0.08041480800154854 0.11788789494434584 -0.03117295691251284 0.13352349298701535 -0.15651998969628317 -0.06403317392295535 -0.10128494769121645 0.16297463414017985 -0.1523646462180243 -0.19456813455465738 0.1647830797875932 0.05105515223336297 0.3031581348491521 0.18949723045079758 0.35592570198756684 -0.10281973943954845 0.3890209392443577 0.03453266581157456 -0.010322708052035697 -0.1829792683450094 -0.08417690961706337
-0.06973136459066048 -0.32074458224167873 0.1139167457205284 -0.032431292798248634 0.19723370213325206 -0.05909356829136868 -0.11754395629085042 -0.028668127731569754 0.0588483477824203 0.07705847321540887 0.1865250725489142 -0.3031224905000262 -0.1302167499779897 0.18787092104646785 0.1765351456850864 -0.06060052842596903 -0.12410031381973312 0.20021434133669594 -0.034183359594191824 0.16533892989965823 0.2092528467743424 0.29591598526987245 -0.2519620029931248 0.48447633345286845 -0.19615070331832635 0.012456527229893785 -0.21189796400065208 -0.030930925993048714
-0.13875696246390162 -0.12706468213719632 0.05194608662253003 -0.12619713301295635 0.09989083486300077 0.04910103065843795 -0.0658445770962074 0.014433004632129773 0.20032150895004003 -0.1748832194730929 0.32120824235359996 -0.11317914489517433 -0.1872631648604779 -0.12215130023858925 0.15727783182457247 -0.13331574564326254 -0.09216084917670443 0.1183322450605409 -0.13842594007728729 0.26528210468865565 0.3436919875434394 0.41314244955141477 -0.2193961224488319 0.3047727146032587 -0.15292973527029893 -0.0794930353231562 -0.2743876637162291 -0.05467599073072329
-0.14094104914876682 -0.1660762878482276 0.18301652609926267 0.15349684729627222 0.13220344433250944 -0.09418917715919126 -0.06701173509164474 -0.07263209643976351 0.09177663405449829 -0.05026441671132344 0.18111144040863986 -0.2635064508585621 -0.025630768982547545 -0.009956757970386707 0.2508946711067794 -0.15199659298769116 -0.1391126142620244 0.25428341608702465 -0.05285081761260099 0.1853366290620188 0.2969695859941999 0.14744192036617054 -0.3725241877481078 0.21130905861498162 -0.17096192166104687 0.09866934342792297 -0.35537726932159086 -0.2821723869077669
-0.2848992010421979 -0.3302245142154916 0.137658296807375 0.044038127683714665 0.21120531879628499 0.06556429115180686 -0.11850357202484828 -0.06015270711335292 0.21390209407146019 -0.05546016459081443 0.3079854489746548 -0.20296490173594758 -0.08303617848934997 -0.08254012793675264 0.06886103156229137 -0.14286824430896095 -0.14574314712909323 0.18010757174708905 0.03681329776063404 0.24075576495806902 0.034239585061040835 0.2350032089059008 -0.2844624201431261 0.34305542147001716 -0.14033518676519907 0.15937983459200758 -0.28668768747240314 -0.05742499350945186
-0.12301446570624988 -0.37447803690512227 0.165841802175709 0.03200786371857176 0.13621027839983935 0.12123816846508113 -0.13533463523440292 -0.09699423062131818 0.1450698956120242 0.024840853860633828 0.334180868410212 -0.3017675606608305 -0.08648782525386567 -0.0038385228105439193 0.06444045052872684 -0.1360345159122231 -0.09320997504875946 0.06054437817355069 -0.06831071673074567 0.33197640733878075 0.18801765193080294 0.197221999294265 -0.35898964105981274 0.3699468629329254 -0.08364420070660976 0.027483535258108507 -0.15741639190427822 -0.02886581588604147
-0.2492639439797809 -0.2855495695710286 0.11564620013974 -0.06017790443581435 0.09123607553027858 0.07252463349792931 -0.09691286373640583 -0.05338529762873062 -0.07729852091482622 0.01379581086065895 0.3257769754500988 -0.15442390249072502 -0.19297679673476567 -0.05155040778887621 0.09253857391125553 -0.03285603981424746 -0.13620464382780675 0.2677736339847575 -0.10196873666478498 0.17038686841421527 0.32041740031448834 0.38756491077328775 -0.27639921663393363 0.35060692571927343 -0.15851990931828416 0.03547804252737122 -0.13977258352062982 0.0046296427693659475
-0.05963910510174539 -0.3148375059945458 0.04410092315032855 0.15967431579083008 0.15418133109346252 0.08354414310004409 -0.1943440216069507 -0.006201106272642267 0.1534016434629859 0.13685982366876837 0.26770827729789287 -0.15555332064582586 -0.21667220236132084 -0.1324013578439388 0.132522995549742 -0.22316692065628058 -0.0751135002166034 0.36027969630098655 -0.12740066881567577 0.18508025855204724 0.1983633416361168 0.349859740128587 -0.14661017802428275 0.35975245679061946 -0.1332891328141683 -0.10086936217014948 -0.06757632760479437 -0.01573629589928179
-0.24346930483865337 -0.3439280686915126 0.09560353718238902 0.035624983447584975 0.20411314074391 -0.0011829509940163648 -0.055995643790235375 0.015061183510617188 0.35275120866996823 0.04097641559848832 0.304926596778219 -0.26600435530283817 -0.1153757416648728 -0.00046560389940200375 0.022096521464123206 -0.1530663175081502 -0.006795763364945659 0.007840966694488246 0.0013980563688266996 0.3570323140257413 0.11740684970660899 0.11100302701205111 -0.29227139389457846 0.31739772227888174 -0.19382929462299683 0.15038562652432408 -0.19590275595823642 -0.03880186458942681
-0.15834212468452688 -0.2872954626418733 0.15754585843666188 0.018182344086811058 0.20139015359967577 0.13234176207863396 -0.14100405922376805 -0.04339925213544074 0.17756340010253038 0.0622658851555101 0.2368040437155607 -0.3017751682244582 -0.09584419944824461 -0.06416258538374571 -0.030601305326261537 -0.17741922194829604 -0.24768924347106833 0.04362119009696445 -0.23746792571439004 0.41203644438310993 0.04037216801791045 0.20390588760116768 -0.22474268312939227 0.3543970309838835 -0.014370292569888365 0.11809660853512406 -0.18701335809237077 -0.03568559325173322
-0.08405319076323786 -0.3800988994651824 0.09528863305051552 0.21228869814400939 0.1456536375327929 0.1303748289078422 -0.1988599898870772 -0.042005034638390906 0.15049006998739203 -0.06562040797874649 0.33610444751938345 -0.28289089108563775 -0.01580940980185092 -0.018345793413958297 0.03779936920265504 -0.047275258295329185 -0.14408972445935952 0.27337490265208436 0.08246953186428835 0.32129653538686304 0.1754006168795411 0.0937519836479751 -0.34883634512694334 0.31025687301508564 0.019323870126467864 0.06649475712330376 -0.10277737510225969 -0.11048399197815281
-0.19946002060477333 -0.051200094595648414 0.19212067789858778 -0.051186418910013985 0.0697233394051362 0.10435807523428706 -0.2024043762036039 -0.12162950926603303 -0.03623353839715286 -0.30275327684317055 0.3075062091631916 -0.09462753498132623 -0.1002548592511378 -0.1465413734701258 0.15117268893293342 -0.16525615838214103 0.007711682066346521 0.32608179271183224 0.00864533586032811 0.31294131023070326 0.1278728515442326 0.29057004499876793 -0.2004742839031267 0.3441462314740916 -0.0659842144193976 0.06497047608287738 -0.26518507838892597 -0.160226648691908
-0.18759638404262213 -0.25454453046970194 0.1778036154366623 0.037311141777956865 0.24994881535125735 0.06304733046697016 -0.17718262593487039 -0.15580564138025846 0.16057559418125217 -0.1776375347087428 0.21311070951434868 -0.0016976682691790966 -0.11580188660177006 -0.08504635213551562 0.14796577124423874 -0.03573088898175797 -0.1802666921799658 0.26201736203900006 -0.06992675842028101 0.35955498817042897 0.2130323814133704 0.1051840792491576 -0.2699970046468684 0.3544610959830893 -0.1625673867102472 0.04358719549550872 -0.25931968663811616 -0.11152050439641216
-0.19387130017971244 -0.26917296521450074 0.054653370366179115 -0.17090556566382775 -0.00829655830300733 0.06583503636154457 -0.1132116943192664 0.11427665331312808 0.13995407402952562 0.09718922092397983 0.16370167715354025 -0.2851173747994514 -0.09237443596340146 -0.01511195427265398 0.050167236123325416 -0.06969868113031498 -0.14834554498051836 0.28671471940929155 0.0025928359684607672 0.2731838524132654 0.22121060180327665 0.2739302563544795 -0.35776993225095377 0.4197103537451052 -0.18619980781243875 0.09453402666350888 -0.1534996175714937 -0.008989972806217135
-0.11692101184487552 -0.20231575310802305 0.22735864142884285 0.01679375119505258 0.12368554083354073 0.13695543108008243 -0.20565091698786694 -0.13752559117951463 0.12199779005399981 -0.05880112505664581 0.3186817853899707 -0.2299430713168227 -0.11336378290825529 -0.0692224524879793 0.08941517709217578 -0.1922623414332699 -0.11299855149040382 0.20952390572137186 -0.009816045770361912 0.1539746188182053 0.21794518935514715 0.2859498689434298 -0.3698473159074916 0.2909016973347582 -0.019918476243763136 0.1063545766273164 -0.337797943388602 -0.07629020896618512
-0.05444013004773349 -0.3003475685866558 0.04700890294850446 0.012176325382187422 0.03768402771011623 -0.07405757396328304 -0.10961097527555641 0.006681137490466468 0.1692579297513223 -0.05722278895511065 0.2979249613880601 -0.23895651114906039 -0.1887729579770537 0.11970364428705557 0.2451223133308929 -0.07079786678290795 0.009279104295764205 0.3026662135153553 -0.17833912041235944 0.1921588993175789 0.08082516832729539 0.2462148496259631 -0.2643247515739521 0.4670932979089696 -0.2680855463803647 -0.02558213747483672 -0.06496723405935617 -0.017203872854998314
-0.18978543599316489 -0.33384354080794365 0.17046622977813386 0.01489512326188558 0.3480030244663157 -0.035097971046625154 -0.11150768947491678 -0.06360893124763942 0.1853666130772706 -0.05225956220380848 0.17101598052925304 -0.2002614325595082 -0.03658262321620764 -0.04323522536855706 0.0444966573953768 -0.3059916372154429 -0.10530943983253116 -0.010935171315387135 -0.038990206478576976 0.25010002467085396 0.20091673887435074 0.2728356235868581 -0.26851639019101536 0.3613124853873109 -0.07126155524706661 0.16450945595374158 -0.23281960177773162 -0.009431746015169377
-0.2853629838571919 -0.46234971937627284 0.15847983917365607 -0.0637739610414471 0.10388253161966719 0.14783618785953262 -0.1416625064411767 0.0012330039802866874 0.18706564571189316 -0.2047347970576402 0.2487895153101377 -0.17506719375396243 -0.1437825741403043 -0.006568476133575926 0.21367520440877 -0.08731712312613217 -0.04226157722234589 0.049914326847000846 0.05217051504368244 0.2824701288900706 0.11667068114996658 0.19343370618202618 -0.23638334720957702 0.3472012074149603 -0.14186554389230072 0.0443260343913296 -0.20577526414169695 -0.02776903146527542
-0.15477359354012699 -0.24014845251298603 0.015673008200867637 -0.05718560093397129 0.16153085987676907 0.09834923586701695 -0.09339641597566772 0.018129067024602184 0.3467487090937304 -0.04639998463358705 0.2682646727058823 -0.31294246435113193 -0.018277312310083955 0.04010663859109133 0.14460501558761785 -0.08490153105532972 -0.1703074965753076 0.0988408786425413 -0.025025567095725103 0.24742491318496507 0.019651883819689478 0.3352695076308086 -0.2524516514743998 0.3840811071301355 -0.09864517574368889 0.122079205583662 -0.30335802632098485 -0.07982385751603017
-0.07227471814293354 -0.4401191285250209 0.23126217921510167 0.1122526645876566 0.2034677005789671 -0.04888998258144694 -0.07599217280956841 -0.04420560352091468 0.10465399694720195 -0.08769078571975171 0.32495414402654843 -0.13841019566881704 -0.18083958395772626 -0.0774068056904523 0.1301136925756092 -0.05838676127854719 -0.0731721469501381 0.17522411122886744 -0.016075650701990202 0.3314677408759105 0.02095335700356129 0.3773623057637323 -0.08287552663622177 0.33752460325451006 -0.19590972882117552 0.010357010443169478 -0.1807507683886833 -0.008004888211123813
-0.11462079001679279 -0.26531290918490597 0.20029658867263708 0.022216884886209425 0.15053612354102405 0.04664491323098564 -0.11920476355281451 0.03068123522202869 0.04316004440599076 -0.004736276315989272 0.3288738921147882 -0.19346930994549044 -0.21320818366017333 -0.07903034954147653 0.09700893927845043 -0.11995405881709177 -0.18442336625297914 0.2496835215908768 -0.032811617327795764 0.19622372425352688 0.16906921124230348 0.230449265268722 -0.39697128524057473 0.3487349713403007 -0.2466769275932757 0.1226614444031837 -0.19782969095072683 -0.0321606638587562
-0.07085794730983737 -0.20940956226728172 0.017578655575574163 -0.0539810143141502 0.03899882546564934 -0.10219886493438388 -0.0990712396242344 0.08475805557606568 0.2650910890269289 -0.04527380444165688 0.33195174514559783 -0.190650011331987 -0.2311066511658326 -0.042617032792006584 0.19827608835531518 -0.050968442550017735 -0.01556875260307981 0.12440891547797957 -0.08803682417851859 0.2690836344303625 0.22515660746310226 0.2677371991026926 -0.31806585958632 0.4563857844843741 -0.2015247095418827 0.037602683330696884 -0.18207740799726355 -0.0071981882457941935
-0.08473243477993228 -0.20735441443384095 0.005010335739980325 -0.0030535341032949955 0.18325971132260996 0.07346220932016953 -0.1324982326052901 -0.01998544375063058 0.1605125924075684 0.09048233126844042 0.3700760796581271 -0.14421576280079165 -0.1707313696869565 -0.05038429258241275 -0.013021488509650578 -0.1363181149128576 -0.0413364695641157 0.29457688408537896 -0.14052945255824026 0.23103885911572797 0.15752429301492799 0.3508533778605282 -0.4457470597093981 0.32310030373070314 -0.15143795130040624 0.018555421332732122 -0.12144032384321884 -0.008650865952403148
-0.1862648313431307 -0.2963845436140575 0.08937103086017553 0.0005490697302917938 0.0009995302994657905 -0.04506302376165719 -0.07893750682830065 -0.031037518789475346 0.2692931082653765 -0.03245730212078862 0.2304034582869037 -0.19402538730651256 -0.23018649953943424 0.03029936328861681 0.16879422433841448 -0.06639162472317396 -0.17212591085051585 0.26470480802267626 -0.05214783304695695 0.26449304284427627 0.13907085055579632 0.3691839684848308 -0.24362828323953317 0.3753630818157208 -0.23425421946008645 0.0022253958426157903 -0.15989089440281629 -0.020837902215069655
-0.3139290338640104 -0.13940598446777677 0.0737196079871084 0.024452724626653082 0.08065489803023927 0.022428860472184817 -0.032996035392179934 -0.08442885875443613 0.11445392060365524 -0.08491389189255424 0.3386895625996862 -0.17334195302187339 -0.13684226876013386 0.018420115857612034 0.19295476721784097 -0.09518921182726833 -0.013172144315038974 0.05460951785937339 -0.03450366058969121 0.21163366111901943 0.09763717122878195 0.42843416158087927 -0.31554452841924857 0.46229248997946604 -0.11997599132009158 0.07387350978877273 -0.23441068900062378 -0.004955837949026679
-0.14929243618575289 -0.28149701776779573 0.12658569842167464 -0.02963477983969825 0.06582736378133787 -0.04610728539632592 -0.0791523147646435 -0.0012683224670084578 0.20494376547385795 -0.2335465550293333 0.31561320088038414 -0.11702310484523008 -0.15551952902849334 -0.10912749645697764 0.14520111030446464 -0.2057425389670059 0.037347289730128914 0.15505656171127752 0.02904944032695871 0.13604065208322333 0.12781400584361483 0.329867583773801 -0.437998146991405 0.3821980593028949 -0.09241375644491083 0.10720986615649526 -0.17689718542285618 -0.017342241274292035
-0.011371138055382724 0.1691865854917991 0.1974018562581987 0.027916161349115478 0.06816370760365133 -0.19541443921299895 0.059875635947504335 0.18083585200456126 -0.2392199496287428 -0.07439976924705892 -0.29271358968476835 -0.12025045240956589 0.11542597315082383 0.361575457755499 -0.24837466595367974 0.09577187115052836 0.23964700060507654 -0.06458889960812148 0.28926911095288843 -0.002711996773228937 -0.1431461967519832 0.2032848026915596 -0.10050059022100528 -0.03671454771215653 0.22838983965957174 -0.3498500946986438 -0.2797591407339073 0.05641312351595194
-0.03537097912545138 -0.10162683228349366 0.19894834910949166 0.3047439140566659 -0.046863127692856714 -0.06416291903699006 0.10592818938091783 0.11044501994656127 0.03103792691606738 0.004222899754099753 -0.3501938220424267 0.09374432048583019 0.052298825620920725 0.18211440460041906 -0.18749473240679684 0.17177812584585764 0.49284427445716855 -0.05351001092592418 0.17846476577116357 -0.023084284520763953 -0.23554070644383548 0.17505702193760728 -0.1810068303006736 -0.06779670696475981 0.206504425945487 -0.3081089977119888 -0.2306085167726454 0.02984656540705479
0.000770377362255553 0.08267440568510714 0.20946019660547865 0.045445505715498144 -0.11638841808931351 0.02375466952622651 0.14624160043490944 0.06658847340753613 -0.38332633922434983 -0.3920333989662607 -0.39485725894524537 0.15115301359379718 0.22058769210256862 0.06525693480960536 -0.1298427707879048 -0.002207100416213539 0.2768518469275521 -0.051846712094122886 0.1690792687378266 0.09561411905766697 0.027813719063991247 0.22082191866385506 -0.18273604592333148 0.17310432835576126 0.3296099107436829 -0.06862274426593158 -0.11081301091204218 0.05034337089001861
-0.10055358091018007 0.3609529125813337 0.31507697229585707 -0.12013555744652676 0.13579725994831304 -0.19283783550466832 0.04908690257888863 0.009551392251785952 -0.008886827741576295 -0.06650129567238523 -0.2746942472286971 -0.016429521979104342 0.03665337742000167 0.23276999926842712 -0.18296446398415445 0.24566098068141087 0.3134392635302003 -0.04307135053074924 0.22841272221249137 -0.04045580965204575 -0.20665424270531021 0.22635874816815255 -0.06460320108110634 0.05653074196282535 -0.005538764496608907 -0.2753959804630589 -0.3337215717620192 0.1253925995520062
-0.01026426815264604 0.03769844465749942 0.2628318803900281 0.0373446953293696 0.02633906668854524 0.10697132215525432 0.09200505741744153 -0.04747815649192047 -0.06414850448909487 -0.19775710577479289 -0.38647581993333874 0.11040791796659032 -0.010970463970141613 0.17376378646277202 -0.05309692969163026 0.04056487314894238 0.38956753335965627 -0.1433845207256423 0.13500186964519978 0.08501247422695465 -0.09121599327439602 0.35327041892463906 -0.13405873541319357 -0.07420478488882662 0.3155742782972048 -0.2985408043246321 -0.33265118268847327 0.10882815323915336
-0.1589728457759193 0.1938468459335592 0.25757813712969624 0.1759017075108299 0.14158265209306573 -0.22574827707214024 0.05375351564412874 0.05590535365225743 -0.06362515162190835 -0.13340799382667134 -0.3952119412349363 -0.044728852521813675 0.0325047125113506 0.19098244080666413 -0.011028950036008279 -0.10386053288661273 0.23101944737537702 -0.14644203131895872 0.11362906243288401 0.13440586747663175 -0.03186845356348739 0.213083730956274 -0.1924960398154629 0.0517016243344727 0.27151213077612907 -0.16162322631739473 -0.4394582335418181 0.22239062821719843
0.04612910574420667 0.1294422057372364 0.40233704978768664 0.12513004774154415 0.06323324459880175 -0.11624936528225945 0.03618958317634593 0.03722735988322587 -0.17447709547253412 -0.193058210338666 -0.41412761728435526 0.1407420023711195 -0.10226093931926357 -0.027775009477680485 -0.3295448779925588 0.18665189101071325 0.34521096203824214 0.002905921356914103 0.16249245728561462 0.07157288312422772 -0.1328979574764913 0.20012536626425417 -0.04882400646246232 0.04473542080609224 0.1755239927956183 -0.2334218779608924 -0.26620044516597663 0.02693173248814823
-0.07196812964960578 0.1704085199941298 0.2225644270717017 0.27254454510278653 -0.021935334018355856 -0.283575931891735 0.0872230806658695 0.1017305885345759 -0.0720456062631635 -0.1961220025997238 -0.48034454993613335 -0.010044988899755598 0.13574615515580066 0.23818116483172744 -0.06248960736647428 0.054558024610494124 0.32549550018729995 0.0691023437110384 0.13883679735573845 -0.08238828385335968 -0.1762157357919175 0.26468413772961585 0.004152615747171027 0.09068746603680608 0.13171878905308182 -0.27063815219477905 -0.2212704950410355 0.029917422699501532
0.03395645567274025 0.09691747356341772 0.38743513847501293 -0.06605766770204104 -0.14776864884671465 0.08026863837571922 0.04556449018548605 0.10997886292477446 -0.15833804068603027 -0.07685539439814242 -0.40240019551287265 0.02777828113412179 0.06809570813342666 0.22995724263397488 -0.10888345056399532 0.149225342648868 0.28675850785056933 -0.17259257669373426 0.2207681403052906 0.17461721633887026 -0.30367651783444793 0.22558620461286277 -0.14938135873866237 -0.017829960722513142 0.14468775460732095 -0.11262399893875373 -0.30588395273762775 0.15180417141216415
-0.020135737313460456 -0.05861485750873383 0.22743788034284323 0.0761861513566039 -0.09797029063906326 0.025577760148271556 0.05671857149250322 -0.026809857388485677 -0.07349715235935618 -0.21580093365918002 -0.4288910621737625 0.22318348585547845 0.15356052848527055 0.30412047015834454 -0.028571091180228728 0.1715671622019518 0.3861248706774366 0.03640650205273578 0.2597451522819002 0.04805699153922374 -0.11616708129142464 0.20580156037654126 0.02693526852980907 -0.01107722022956111 0.19700805563243745 -0.16942907550408953 -0.36094017675406914 0.13303396314898333
-0.1324391125369859 0.25769423019466325 0.2951053845056266 -0.009999628594950093 -0.128720504725331 -0.18569097312102661 0.1057820509645995 0.06666269001695346 -0.07139224976744984 -0.1563836924047495 -0.34252641849842275 -0.13431321580917271 0.1383379486021815 0.23052962662344031 -0.1263320402609424 0.10918492897261564 0.37558931444484783 0.03564600323177804 0.08177761032643946 -0.042622794530693245 -0.3153602378503672 0.32101993539663914 -0.03737850634278717 -0.1112534058854664 0.09673036138528344 -0.14026532673951428 -0.2835261203066939 0.1433952735471155
0.015693307751112162 0.13612130698760744 0.3016197669421675 0.07520033085369958 -0.1257704776843836 -0.049157490609655116 0.05699818891616837 0.026555118841436846 -0.12246775231533014 -0.11720941831678097 -0.32045037196196907 0.05035290369631583 0.20928139402431328 0.2251079743113308 -0.10793928813733891 0.17082351330597836 0.3465350887074238 -0.26321053967709085 0.23553211572094865 -0.05476905115780194 -0.2752589048346393 0.17100094431706261 -0.03829109892974874 0.07118058702029428 0.3039180483866006 -0.25971770417501167 -0.2463699568311764 0.11507259482511462
0.04263508521977797 0.1850631881039541 0.34744618515934617 0.32379169613396025 -0.00692418620844818 -0.18207719698338223 0.04546568383073394 -0.015536605317934715 -0.19696559049384466 -0.13425436087683715 -0.15561261970476725 -0.09010776800097908 0.13390192066269269 0.04173449347111462 -0.22700802832618244 0.10519037537917587 0.3017450235806967 0.14146639912915454 0.19393053161187512 0.07115411018500689 -0.15364422619290072 0.29729814584581976 -0.2943912969815801 -0.02997282217554029 0.25057697898237924 -0.18152124816808704 -0.2719270365272859 0.09201445527167021
-0.21751154892648958 0.10699266409764414 0.21626728968761816 0.2567859913654211 -0.0469552185705852 -0.15191196512729982 0.046126228262447576 0.09226662765866818 -0.17065809075089583 -0.07949110754813418 -0.2849630752317982 -0.044894838818231655 0.047743114219444875 0.35501061404533063 -0.10049359275755772 0.27252650450468735 0.30879783520261334 -0.041090559282435254 0.14454833943785422 -0.06157959443320119 -0.0702685464551435 0.27387832571598014 0.019951457146869918 0.09210308341486587 0.13703225502386507 -0.3282079280726711 -0.31373971669836265 0.16054298378381265
0.010360191070478532 0.011313882823488936 0.4559023808782391 0.09398782388914984 -0.03477054195905399 -0.048781130289628535 -0.0033076124642937048 0.12684557592071288 -0.18494793736493712 -0.11876415147093503 -0.4993891238116696 0.13325480880220206 0.00790061551319927 0.19434756438792872 0.017661086520506422 0.17022119748771952 0.15181685545493032 0.04604761838791834 0.24243457187899625 0.04090431884153712 -0.06204519769916169 0.20087785597764032 0.08182990862569038 -0.09958750773531132 0.22700453023327383 -0.3341868102164227 -0.26326976939439856 0.04315631801626313
-0.0036705939123305173 0.07969127548289494 0.514746618482738 -0.020944284040901123 0.025867639682473787 -0.08877269234537444 -0.00034860599026300516 -0.018408897951291997 0.0829507688388035 -0.17737607859310342 -0.335105830820549 -0.09123059723290715 0.11014289169032757 0.0678195775077017 -0.24469960237481805 -0.013094409104115926 0.28439890730431727 -0.0687780184007106 0.2936111745100757 0.06731677430988232 -0.048343309047410334 0.32034385213117256 0.020799874489969537 0.03370559239526222 0.08635556936195131 -0.18222248007402372 -0.3804973089033895 0.12362560791005726
-0.07371559878847052 0.03065748040982191 0.2873566103248124 -0.014284923873673165 0.11335866889310658 -0.02609542204849239 0.0030408655341562195 0.20792637675837108 -0.02553093864542318 -0.03550876928169315 -0.42543564779638515 0.07742126546597196 0.005383024677526883 0.40390475201771125 -0.085099674036985 0.142187035078922 0.25711767362906723 -0.0666758874797423 0.19353834286689778 0.070275896287853 -0.34586784014405897 0.0811923480688806 0.021556796904187735 -0.22361598687733833 0.2292945809974284 -0.18574130757326804 -0.3079912912520028 0.054535169563937565
-0.005215092658580931 -0.02490566911768052 0.16534453214188 0.10290696721260731 -0.01660377033449857 0.025073635175113834 0.05888167470809431 -0.0012338949199666173 -0.2149056131755598 0.014386983614283203 -0.4605121857814979 -0.011696539647022898 0.19458536929336043 0.28614884538462404 -0.24458183425774221 0.2962574450954482 0.5135697581279068 -0.05922234934965345 0.11145470621404607 0.0573944541556374 -0.16804478610367019 0.11388327176721412 0.11385874514752935 -0.010350609463622852 0.11430820157318826 -0.06666793503442593 -0.27581024539972265 -0.01669472430502687
-0.14113276647728948 0.19410454408403222 0.2959396331443986 -0.009865482123468513 0.05863343033988832 -0.22862266034392112 0.07580679320873467 0.15034773556370107 -0.04186244530374156 -0.05849366564371163 -0.40925808366796756 0.003759064372060354 0.07048135296229689 0.2283424569414161 -0.14975693222558112 0.04907987651385519 0.26774239663364324 -0.07811049000731425 0.19495134362211763 -0.057792948518905686 -0.0047204622928993245 0.31493601512754016 0.14328540127305195 0.05434206936229575 0.3147964564111416 -0.2511171690847188 -0.3183977733957209 0.10338322014860633
0.006910521673217684 0.2092188117986497 0.4023049489641797 0.10745894292761315 0.054123620531929865 -0.19086439278710882 0.04918870661137846 0.030647409170899573 -0.11126944860715607 -0.03985070053740409 -0.5404744000331327 0.12193836726696582 0.01350889892064937 0.1840568785743228 -0.17049558455000025 0.14239404476475734 0.2718037100377292 -0.1282225422548956 0.093108635807892 -0.18268018995344407 -0.12053226884795597 0.1231388977707036 -0.08711721329459102 0.06582010315561926 0.21570352757638162 -0.20719099744803135 -0.20826940098258512 0.17001822000578812
0.050311637245115 0.1973087462566291 0.23404305116268653 0.08259073337414785 0.007168150774416643 -0.0521198067319875 0.1206217908841425 0.11452182854496935 -0.08900673655554572 -0.1425770786989721 -0.37765447085703996 -0.009261013199152379 0.20109795357711008 0.32265835857097297 -0.19298846452780444 0.26842659558739507 0.3485248503071782 -0.10811901939558943 0.09793949034137972 -0.05167047856549813 -0.09195402625171445 0.2231246428905154 -0.19651259459497347 0.16801049946526986 0.22169747842072096 -0.15889170610722791 -0.30315650566728625 0.06997324072868637
-0.06992228231486909 -0.03286515259219275 0.3384643312136111 0.0401812133031485 -0.12721926441911818 -0.09107631778726955 0.11110869300497107 0.011705761294834496 -0.10836767833083098 -0.09344047561187357 -0.35392109245909803 0.2077078312907335 0.1294720796480948 0.20336660121314332 -0.10799936609817841 0.04088840898233979 0.30796236569741214 -0.18881789009145447 0.21256068990150054 0.14247334233906456 -0.3540419805322559 0.21233417527606233 -0.179316954783608 0.1599107140517311 0.14998383262018428 -0.14014442775787497 -0.3115027043785127 0.13138283238778337
-0.11074708367434635 0.04247022723808222 0.38050044409236694 0.05552857724164573 -0.23919986444655122 -0.060316789725907496 0.0727891206828028 0.18315518871002817 -0.22188255365689682 -0.10047795829782276 -0.20961828161226803 0.04312647934088477 0.19087520647398035 0.08602109825246396 -0.027786990916949184 0.08078255821902969 0.3344418801693161 0.11603313638642877 0.246726677318064 0.034907981046494826 -0.27855037081008455 0.1255618686158692 -0.045936480297360395 0.02305638656557645 0.19099109690269028 -0.2894749563214671 -0.3838463349582337 0.17633314436608172
0.10070983558454615 0.10307950565079811 0.28220556840187455 0.22514943278441732 0.017986762986635693 0.03150459333606178 0.10621173687332361 0.10131330598127418 0.01452450596511938 -0.0143145175674087 -0.3330124834701734 0.03613486303455394 0.16366625565728887 -0.06192143908970366 -0.18073970086729896 0.05410539642282938 0.4764389045354871 -0.03297076256893631 0.12564154216980772 0.14798260377221775 -0.06527111833057979 0.33665457523652287 -0.05185061159095031 -0.017118028676118245 0.24143206234113865 -0.18468626238334368 -0.40294947788668944 0.0780630536622015
-0.0301553005613103 0.09573061518074755 0.3347762993518217 0.18913856798091452 0.08800254214655805 -0.007932839452243908 0.0038353567602371413 0.05068280135805026 -0.000601087197584398 -0.031056900021542173 -0.49325863619324484 0.11643618757706843 0.06495770626971518 0.31732899959562794 -0.11499614311089978 0.13503939451685232 0.19002203011143187 0.053859999442406756 0.1111057331945233 0.03734857800855622 -0.10212187279347 0.38915071348009295 0.02920736402417205 0.06947629956948254 0.40158001890880707 0.0010063626847282964 -0.2291458628676142 -0.05841568752914481
-0.02242473011660765 0.0705677276709282 0.48842285925938145 0.024984012569431096 -0.08871810853327265 0.18137530230282944 0.15167577887769332 0.0440393682663657 -0.1656967431947409 -0.08548198286108641 -0.4057026591253947 0.07423444627053528 0.04873726876465023 0.13791834869071207 -0.11651146507530509 0.10564083808215384 0.328014923912842 0.030561933081563398 0.07533349799271707 -0.03137419838433338 -0.23207976407404685 0.31692215641309546 -0.022769766934265273 0.10819185597002286 0.1969254083769035 -0.1686034917091213 -0.299506890803856 0.0007777764784308492
-0.007938471688695081 -0.006214268187983344 0.36252173109594654 0.051370409526692515 -0.02924702221542459 0.187282855574687 0.10304193475676511 0.02831978655113838 -0.054875286378229256 -0.10780106507144052 -0.38496636512095994 0.09295153636647777 0.16177459447679637 0.09214809253737456 -0.08954370042280271 0.024780081494592245 0.42052614023806784 -0.055504527088811165 0.1657319428589227 0.00853089202372449 -0.31703829190263505 0.290921298283304 -0.0384574330711878 -0.007713261950582804 0.1880717293417895 -0.25338201841766517 -0.2786317687530642 0.1798965916873768
0.00018405480793728655 0.17161870741999818 0.4328626946277871 -0.14454948764034042 -0.11818422216085463 0.024928282654889278 0.056705067864491754 -0.12852228656482295 -0.08249721847692174 0.032222429351837126 -0.39546028224003377 0.2524661437774418 0.10847466899047861 0.22731601715656613 -0.10171626999635566 0.15580093244691354 0.27985515955226387 -0.1243541115012558 0.22081902982427734 -0.033299898511467044 -0.11890709897448117 0.2285323033028287 0.09244640515024552 0.0027991342139836294 0.2239966639455824 -0.22532024480888685 -0.2632380253950138 0.11453201450564786
-0.10645409963081595 0.10824664705829659 0.28430910513447394 -0.07722403833176009 0.09280149152244 0.04414567838320111 0.08739830347898389 0.02961760487960204 0.008723025360993716 -0.04487818560489033 -0.3353237605721715 -0.02907307795911565 -0.045088274485927386 0.27604384385647307 -0.043204052684216336 0.13490209780938878 0.4507738973287536 -0.1916834997599084 0.11190519607493846 -0.04125577917923602 -0.14764051837242295 0.1814421957771064 -0.07105523147818842 0.2829521943024474 0.19315354421973543 -0.3024335563652156 -0.3217580428514558 0.17636825041209694
0.009148385497164032 0.10441004007111294 0.29473221527521415 0.16455821606628535 0.0018206144274660826 0.11618456126554545 0.13188386483643794 0.0052302826124684485 -0.029897839458809278 -0.309784079844988 -0.39116552564721374 0.04107328019082406 0.1731176853689501 0.09234919497548669 -0.19285530816165744 -0.0008920078334039783 0.4902885496408028 -0.012382702954025196 0.1793542681847945 -0.05390242811677928 -0.14883605245738502 0.21336118014587752 -0.13123499227972207 -0.012119170552103263 0.22940136552238563 -0.1603981389267195 -0.27691258428537086 0.03476302904692106
-0.019909611889337264 0.10244459202012612 0.43459713759677343 0.11164808944913353 -0.02261564677895921 0.08369230503453794 0.04009109106668895 0.020841201972843088 0.01381809867701427 -0.06448465441748356 -0.37115990403841964 0.14157780764681904 0.20046042907168518 0.17675154596740275 -0.08458212978901469 0.09029545929223146 0.3276766021115908 0.007824888855901366 0.16784934801070053 -0.048208796328169205 -0.25431139572411476 0.23340806114373963 -0.08462044415617716 0.03582915198127669 0.24693305305090393 -0.2728935324359863 -0.35294827646225363 0.0614591991831722
0.026213845274485136 0.0752873982027855 0.22374128718087186 0.13150179095660533 -0.034898898539925116 0.23310783172837038 0.1951763565556808 0.09899027835976362 -0.1279203564643219 -0.26660671817142484 -0.2633698880248585 0.16800279730852588 0.22114976993362415 0.16868456214446897 -0.16026966547352015 0.10807640430275542 0.29854821505548346 0.15928501589431043 0.21651142822829492 0.04927858432499118 -0.3451095615146922 0.26898820039638005 -0.11815275756312822 -0.12484264088207932 0.340269812585355 -0.08095198487763837 -0.1262360366823576 -0.00021422570468087972
-0.04433580942661525 0.016008659285719047 0.3476476327407101 -0.07275787836153078 -0.1449585577575838 -0.1450377428735766 0.020834698444627542 -0.015518591025008176 -0.05307876119230863 -0.05071428731370749 -0.35572786608160073 0.24345660044811565 0.09496191822169396 0.1957543293609044 -0.26076330780219587 0.20704210610216334 0.49128616149229026 -0.08338412837748857 0.026164414165555393 0.08247488905824041 -0.09665886859659242 0.23094907147918095 0.1179696779118411 -0.0071145181479239355 0.10678091818107432 -0.1323355368786963 -0.3295992722998803 0.09745433312537402
0.0012060276348741662 0.2415794202919756 0.38309187549269397 0.13269813520202417 -0.03958161278649428 -0.06883492107942402 0.01749061099844341 -0.0848505572182016 -0.20168311610518697 0.03880978505985206 -0.4114416921274583 -0.016132670881003612 0.008091898572108623 0.10297306284207446 -0.040547662763113494 0.04810048338270563 0.3762150331112974 -0.09312909287398173 0.16952335275486102 0.09055523727540359 -0.19806145600280778 0.35063790676401524 -0.11737573197455281 0.1386408932766291 0.22531364448508226 -0.12756458266660012 -0.29192303784876195 0.05024830501563079
-0.004609883191224819 0.06041856665484961 0.3517712446625906 0.12455605223156149 -0.0697939693065086 -0.012868951048723761 0.07563979839034235 -0.0097861010334476 -0.037028136362264916 0.02619218895267449 -0.31674157678516224 0.023466205499074456 -0.0355029534154298 0.23879173419442598 -0.12527483001054154 0.08455076907977367 0.39283761933737504 -0.08580935287309988 0.07252159837803232 0.13560529000943317 -0.1675246902887073 0.37131829397384225 0.05614543173318225 -0.12161716811020787 0.15524709652476623 -0.3560022213365633 -0.37684057228650963 0.009689304646126558
-0.058999276626362916 0.1762337488838627 0.39642400064778066 -0.06653083518168951 -0.16898405444059053 -0.10800874651028405 0.08537239726651137 0.008873681638003532 -0.14075000640128715 -0.28632122537727756 -0.2093915960742226 0.07446907070396538 0.20288632431068196 0.12054040117664296 -0.09410773818069729 0.047290019045997035 0.4619180009245257 0.1232065983385773 0.17655933914586833 0.05238550906280047 -0.12356701265796004 0.26467695761508214 0.019525191125774412 -0.10966418766977422 0.20120608832049697 -0.26852726372318997 -0.23514150146299762 0.10123907259493305
0.12039032066219914 0.030891985486620612 0.2167528179529674 0.0036293733541273815 -0.16779394000375283 -0.005562823854183403 0.02690239781311958 -0.022815279025395346 -0.12246835773382622 -0.11666138123427942 -0.4179705750703171 0.01766186775562408 0.023320091033814515 0.3410627772025921 -0.14654475351456492 0.18208360004086555 0.3573447867923126 0.06798580910174709 0.1007951781256273 -0.03877191729260825 -0.34973476045102736 0.28558631364554454 -0.17304357852668156 -0.06945738509795471 0.24949066384294188 -0.1845954362764642 -0.1930351423440624 0.1296280179309881
-0.026458484418666797 0.07015723094890414 0.29217175943843227 0.1118691761522636 0.022998265658075268 0.02137252154391531 0.15071775758935332 -0.0842998413757091 -0.12817676421121676 -0.06670928893425415 -0.3860028264992598 0.018396891113246383 0.12476704807801865 0.18932160603775836 0.010249935420203136 0.29077709205358504 0.29657607879264297 -0.12115112234951532 0.26314045621765925 0.05911227775670551 -0.2621232474035244 0.23182841827785927 -0.31886256829901144 -0.12756650497108737 0.12213941149470187 -0.18302593446467552 -0.28565038962170536 0.11672439193472844
-0.09114696351354441 0.13014811928157652 0.24553999431793633 0.003040287519442645 -0.08812779835191144 -0.07272000355646621 0.06461278743576193 0.0344346333110192 -0.21234191038711203 -0.1008494399980917 -0.5455187978838967 0.06966425944983637 0.0623189212776615 0.20521441194306309 -0.2368343933407821 0.32433466521227455 0.2928904535658022 -0.037110637414426446 0.15166331652378992 0.08161429426831314 -0.2504751597676031 0.289060126678317 0.0011413333336183587 -0.03724772704550645 0.06281325574467814 -0.141273530951576 -0.1979708457612185 0.05875821882691987
-0.11028519129803363 0.0671289719831995 0.21292264240211653 -0.049901700390542425 -0.044060254831278456 -0.14555607072686613 0.09964133804018473 -0.06125382547358871 -0.09603920251583652 -0.14933866358972994 -0.4650523460409669 0.23499476436983938 0.01461461973549169 0.25302606163500435 -0.14331611324576587 0.20699012094932404 0.4241241975610045 -0.08414636310867235 0.1847626307208784 -0.03567917738916707 -0.1322510087344673 0.33599750755021973 -0.01566810130736806 0.04387092480944886 0.052785680812472036 -0.1601715868353992 -0.2747910719649506 0.09579134532392454
-0.04541117960525483 0.07847680830948978 -0.0010320466829751946 -0.27581836437912466 -0.02510628187128494 0.38272922030530343 -0.13735151870696702 0.23042833039182392 -0.2599172518334981 0.23406271812723928 -0.172504678656181 -0.07815002447789211 -0.23489086819250346 0.11541306354433689 -0.2630337691795805 -0.12717677195848315 0.17902068266192725 -0.06629399313224808 -0.25485375914548775 -0.1271252898140899 0.20875143598524715 0.2597566480685773 0.20954152778464202 -0.0015496590143683625 0.038652729855360404 -0.09889915486622433 0.21572966263686758 -0.23288593229415833
-0.12168697263816784 0.1501554913410818 -0.09290134282577647 -0.10905632715546237 -0.33140690983951737 -0.013011662791558659 -0.00228917260728046 -0.15479445345320691 0.5055613632983801 0.2703538810383299 -0.09744402739518424 -0.03756750452769468 -0.01294314656281032 0.24247597657181777 0.155943522192698 0.026313048891100168 0.03558733678823086 0.10134939882611867 0.09023236962695184 0.1781577415342845 0.3710518114488298 -0.1255887646784804 -0.18496906037947491 0.0373188757886002 -0.06685787457366196 0.25037315605846217 0.18415051440490718 -0.2074744497758624
-0.15884339965455993 -0.15679623839281762 -0.16669711866250175 -0.2864989618872554 -0.043937375057753046 0.03536074843433219 -0.09936161155689022 -0.05032697120531433 0.03771982162795024 0.1171206396947563 0.14326092062570642 0.03434270803584469 0.28224702043353916 0.2946393910549082 0.023843496635837808 0.14855725091023012 -0.005853098587705293 0.0750762589854655 -0.010702694131867405 -0.01768121881931284 -0.2816190345133192 -0.1796447144511287 -0.10396450864716499 0.4368487875200507 -0.3751058167522761 0.14883473753737958 -0.3332481157648 -0.07440252141271347
-0.0016844264078199169 -0.12799173717510065 0.26792514439764503 -0.08498580970432061 0.13993181927545 0.18316569204687413 0.049904551253726205 0.04785378421968962 -0.20285203596135604 -0.08471655586914008 0.39489424096184167 -0.45819617658954626 -0.3321580884924859 0.23089131252067524 0.2489047984525351 0.18369439094468604 0.17918039282604 -0.1868140753521687 0.1860290951985597 -0.135816475846983 -0.020964045737314616 0.07053491783202594 -0.020899089930457596 -0.018012029560623477 0.1566758081289046 -0.009067840505635753 0.14623002462913562 0.03005051347581368
-0.03287852078132483 -0.025083975293181904 0.24421331310699923 -0.04182143813166687 -0.11287958681441906 0.06804779103378562 0.03624741023534637 -0.01974064470674619 -0.02551480391000051 -0.3283289803111616 -0.20207299285961153 0.3558481815096123 0.13547713442132528 0.202390992419147 0.27768610798526344 -0.0447301652371511 -0.006567457227740563 0.22409593422500074 0.2907307339029178 0.174000690490798 -0.1969835048816964 0.24137638629635583 -0.041404793738629354 0.3371722364990406 -0.03000274245961986 0.016180361286411052 -0.3531900889539868 0.007308365380764382
0.12166124988063054 0.06565564766495043 -0.034328539348071764 0.14928409296597428 -0.1280155743821964 -0.0876848515585523 0.14543021544173793 -0.1421426363303093 0.07662123304331166 0.04081025562563155 0.02269991423278275 -0.1964531626823893 -0.0998760510298358 0.03806401540589706 0.24027456405642478 0.005833389598312415 -0.08495657492678005 0.151841763164692 -0.15557832215265444 -0.3280204315068773 0.11481011838598884 -0.1358298950173613 0.06923435892575429 -0.03918266446978666 -0.34984844527366 0.4683774201084589 0.41105264149585136 0.255707260208275
-0.5317824632713745 -0.2507553676721118 -0.21063621871964477 -0.1577810761694589 0.2833212026115021 0.0680285286018903 -0.08821659498064077 0.1004565105390601 0.03783505129947315 -0.005313008348560913 0.1460091826215431 0.08170635942884924 0.0469631196633949 0.05711313741635097 0.2217440965338166 0.25355074518419524 0.0071441570245816075 0.23653848307754377 -0.08481089688489127 -0.06785994458056997 -0.01914398041327226 -0.2387230727651586 0.16527481269985606 -0.02925528453593342 -0.16411182067773888 -0.08904762970510306 0.07625680441052599 -0.37404619246117005
0.21015531060532486 -0.046599632200546 0.014732349735841532 0.17075540502223666 0.037971075961358645 -0.021369471326987303 0.05418915466223705 -0.1715816219971108 -0.0825579395204505 -0.2978100135081929 0.4103779902104565 0.32221559546311296 0.10740575808653384 0.11522047143065985 -0.07800560955865114 0.24027199703552288 0.4514933890057215 -0.00814886126770104 -0.0954822764423121 -0.18056070910693423 0.35053112629168703 -0.20959766804523275 -0.038710204444701975 0.05939659037320998 -0.009224945076927367 -0.10307304163689633 -0.029736953487490465 0.06776345702814256
-0.210136470118994 0.0626968721884697 -0.029822253503194326 -0.36615074496029293 -0.19308489816989444 -0.10766311261860523 -0.09812396902073892 -0.433619745508145 0.006165949952718663 0.1568169320252133 -0.08160372767260549 -0.07591742414737279 -0.1003188064474713 -0.05405008591109417 0.04278951484173996 0.15145181646255831 -0.2835423522667587 0.09592863973346656 -0.24673527642963114 -0.4023920081785382 0.022863656259578407 0.135896005280104 -0.22122559939177777 0.04383724576047791 -0.1672222584058336 0.26014984481139136 0.1328236154485254 -0.009485475081911977
-0.15040333243923598 -0.06744234535328725 -0.04158484636393999 -0.14339792481381491 0.004977952407982281 0.2521740591211629 -0.001063400223413902 0.19590300665887425 4.042957084815742e-05 -0.04395465392563442 0.35430729763837315 -0.24530549278027927 0.19741106368594574 0.13628041775605051 0.07494870056856423 0.08943169952274115 0.010712613048453055 -0.29361935799585087 0.17730108811214385 -0.36202818917841456 -0.2190976706999703 -0.1728469597426434 0.12147181879321722 0.1423791813021155 -0.1726530612633208 -0.29892530619932295 0.24131618570260502 -0.22496663012784152
-0.13474624587481981 -0.23939565714473318 0.06876040850273304 0.37848163418992103 0.0027132167473811176 -0.24872504857384894 0.004559743695606932 -0.3177409846904622 -0.08604224408591264 0.2625761834961753 -0.2869673227076369 -0.25304167931982263 -0.03592079054635749 -0.06048793895299515 -0.14394197953166168 -0.20231244021496186 0.13682119650171254 -0.10995747666342155 0.05717427316381642 0.35298428402443466 0.0903114303558167 -0.07910826844812993 -0.16743280529063326 -0.14593617154151486 -0.23308839156413297 0.19183194444547103 -0.048364646115811386 0.09211363011983842
0.3752711625289509 -0.34992312813163184 -0.18091576897299597 0.02343245900043213 0.07066502448072985 0.18050236614829368 0.2823731264604889 -0.10114730074301927 -0.40273893457232113 0.08927720951005985 0.1928519344916072 -0.14658782555558936 -0.1137913342239733 -0.15059143309000156 0.2407504538896318 0.02000216352897302 -0.263547374464038 0.05051728737737268 0.08614119377211937 0.22691357162812203 0.024929565662344666 -0.15611855743339526 -0.054522877178724095 -0.03143851433639894 -0.2425550466383716 0.08663947196931668 -0.005236766656840148 0.16379266611818635
-0.10260191807295321 -0.08427581275355432 -0.19073069249568933 0.1547982697042614 -0.05900647914413311 0.07226076346236264 0.00552498687472072 -0.24266660827102632 0.2642155103396696 0.13944026969640477 -0.3745109148983299 0.150679873141336 0.01620453907098586 -0.01677024662935712 0.08513819514156423 0.1296089205760808 -0.13685086174758443 -0.5301931987215621 0.00036086167329654756 0.08501761540364784 -0.2886843365181155 -0.17501840317925488 0.09843247650189081 0.26169486618893756 0.1688247284770199 0.14322202126258243 -0.010187756478625971 -0.17111158163034923
-0.5198936082425869 -0.033680617304294704 0.033715596016722964 0.044916266871697065 0.2536031544987689 -0.06733862276728977 -0.04661342144208166 -0.03873703651436918 -0.20566122769264455 0.13662557262407332 -0.26014745676575995 0.00011661631620932669 -0.01799739558579796 -0.21949737686440282 -0.25287429873505185 -0.2955895861672714 0.10210244637528025 -0.03231401081751838 -0.0713982112350424 0.11750484025635444 0.13898652425553928 0.14732525613529787 0.052144237410060065 0.42185263351916014 0.026330437492796965 -0.24778163231513917 0.004333218303181323 -0.10126967482800112
-0.029524705026014963 0.10134012078815634 0.22161049506923608 -0.32830094182623354 0.04716897049082989 0.09381315989648917 0.034580522027718455 -0.07369867232624147 -0.04644515998299412 0.4162444346297606 0.08546520811309913 -0.05413687357628646 0.05205579638796018 -0.054980528819400264 -0.2779102727367958 -0.20663250566412766 0.3634820793936775 -0.00408245463261183 -0.09343382969328079 -0.031544396942297694 0.25236948173637447 0.03096382425833741 0.3983395099264144 -0.22122033099941624 -0.0801330222809301 0.1737706620951242 -0.13878006106912277 0.18165071204684374
-0.04481008415995094 -0.05448650362656419 0.050493016789393864 -0.06025085046533408 -0.16260129975992807 0.15088093114276716 0.30558772233710985 0.27447862959824754 0.041450325205463656 -0.07547372062494594 0.12758073117302512 -0.05708322146680929 0.20258242632535287 0.13391281699336174 0.3045191150294865 0.0786566846600362 -0.12932012139613022 -0.20886571694533146 -0.2777772756737261 -0.1074490707723327 -0.06514309665823603 -0.07152806603841123 0.20953246052079594 -0.5954764135585847 -0.10727182971707369 0.028841937099972004 -0.0893110640625185 0.09407758616763556
-0.009812063386940146 0.029561935941540194 -0.234276796266717 0.1971618231081121 0.006144938941905634 0.15557089585753578 -0.11461675315831485 -0.1422438165039175 0.10316229653688126 0.09490302405832175 0.13723225379889153 -0.15553920005631422 -0.013640645717251243 -0.3506505267529008 -0.07626329557506722 -0.1587356012120549 -0.41356389697935364 0.2323705265080254 0.3653852574588138 0.19885017223717272 -0.19515403509894438 -0.21137746848181596 0.08718189423230653 -0.10912742837250315 -0.1698411751349592 -0.11420773402591536 0.2860312345651556 0.0823084683404247
-0.14366374431122864 0.26259839291706977 0.1787592056411969 0.10202667993568734 -0.2765012433947146 -0.07743888355310195 0.0023783327136264474 0.20257614446211097 -0.13805355907653774 -0.22158179323677657 0.09660246853240088 -0.004044387195925022 -0.17269480635827814 0.1889051618527144 -0.03238931477024354 0.11065716688625382 0.023654728275113824 0.0505094936976559 -0.19175157663305656 -0.3755353697091417 -0.17097715959178292 0.4447756171302791 -0.13272364540959142 -0.2999418164493438 -0.10007089882722497 -0.10134299100517669 -0.22001250607534273 -0.06326231137685757
0.12077615521566437 -0.2068492227628461 -0.09188519964579232 0.23847349311944727 0.10926791016534045 -0.17164973031556344 0.1678276496623917 0.13272266443889721 0.23871692011010096 -0.2311872238313586 0.011615511176416862 -0.04400130016589092 0.24499862588190383 -0.3245676299702001 0.38572698974746594 0.13710908561317414 -0.15885354802000923 -0.2795430572181376 -0.0849965279497925 -0.2203439279551835 0.023453995108512128 -0.3431358776964261 0.06921840364025583 -0.20900605756294385 -0.0036488670725932423 -0.022691760361753466 -0.014821794397857413 0.1341748415524245
-0.10040846551810008 0.004506250546767828 -0.03399052375910005 -0.41533698058613033 0.059304080915440774 0.22350318898458435 -0.12643312691558212 0.009596278245337597 0.09735891504107341 -0.20499362758477052 0.2714063086427049 -0.07551937146689214 0.10270994633153735 0.12655919868087365 -0.1735829608865408 0.32559074784975967 0.09118616511035918 0.21950663812533197 -0.1275782840157355 0.01869688974020718 -0.021416924519354685 -0.24723329926235088 0.14357370525558674 0.10374896338403619 0.04259427625573474 0.29321573612890595 0.04252416117902519 -0.4443363425907514
-0.05897621701910554 0.09871272991017635 -0.2547479863682278 -0.08409768855385805 -0.20615781463995964 -0.1626350714368743 0.044044389459061015 0.06061371015878089 -0.3947988843888524 0.06612318841729542 0.4138841354650314 -0.09706509722049247 -0.18176392527877352 -0.007732005268989631 0.19831089470655552 -0.09379667371890316 0.24101271951880887 0.04421564306233333 0.11674761394361355 -0.029445140111507135 0.38491326420948596 0.20436880422558754 0.18009868357521908 0.09058972264972794 -0.031049852705946873 -0.26476015989638146 -0.1464259483242995 -0.14300975564540594
0.25581741059156354 -0.39320766172066995 -0.08111335046498691 0.4385393476220515 -0.1334839525574282 -0.10258564607406002 0.08607647986412688 0.28820522251082775 0.1816191455282881 -0.1970379895531201 0.00502491319624803 -0.14761213640844642 -0.21771336234539296 0.012446886131758811 0.06830537660280726 0.18690276043110476 0.1998823976606676 0.009048655775200566 0.05540874613503655 0.07336060625117583 0.1919365612573726 0.154965530221977 -0.07718439187460104 -0.0995923098396702 -0.07377783169073635 0.052058527225262365 0.2920947178656134 0.25053967042123276
0.22870643566237134 0.06854649657306841 0.04307932647120042 -0.14643599109925098 -0.07702838662063345 0.1055063461105498 0.212852599218511 -0.2910945814940955 -0.04829002941428796 0.09301343238120585 0.20371514372589852 0.05582209826683553 0.2061935795692386 0.12175316270769837 -0.09680008565932498 0.005400607699063157 0.1772007634148048 0.05511650208221588 -0.06853275500475406 0.2963612498386824 0.44221594089866 0.3790494501469149 -0.1365394519801083 0.10735452309369177 0.36596565654174157 0.03885888571227424 -0.13456209619513604 0.018324575014622767
-0.027127948804261937 0.16905639929799804 -0.065995342410324 -0.3755628345149435 0.12606694114266254 0.1422177660381099 -0.12555896057975943 -0.04827472031873476 0.11568631036668155 -0.0008498266948651212 0.2894071236409215 -0.4215475680720001 -0.059981660585207076 -0.2937319808733366 0.14248828998024596 -0.20324768534129606 0.12324385010621819 0.03505536653577514 -0.3268419886655401 -0.19884895528630275 0.27552397256337574 0.23540228101106456 0.08194601095006998 0.03410370340486307 0.07314746563787992 -0.04142048632707554 0.09002753817788456 -0.16605310414056237
-0.15970495041074037 0.007488490721332037 0.0041609315998073736 -0.0948008345303151 -0.02687929681931458 0.1011481437379888 -0.08425250752241703 0.005366484014415237 0.2562549130192731 -0.13720623188411932 0.11838397655244084 -0.49585744543703286 0.15828533683213752 0.1787978985509721 0.250842241115957 -0.11895857041540103 0.01574875819042812 -0.2112160111385414 0.07901602238566136 -0.08557799191340654 -0.03769934041751125 -0.558821122080356 -0.26779262557404926 0.04737292758124433 -0.11742416052036157 0.03607960381353241 0.08623274062755941 0.01620562176916676
-0.1929892556956222 0.21995044320524101 -0.029949448660792258 0.023118062704003284 0.3783304603561598 -0.15678157754860217 -0.24790493560146112 0.0037120798197065106 -0.2804063161393741 -0.033161657836774175 0.05346443192259585 0.02865863975483254 0.07882480492436454 0.09087288450666192 -0.2039467104294349 0.08478463040565025 0.029396460838720575 0.15952515477096782 0.3812697053364233 0.14428560873484006 0.23114925264683303 0.029679553153296446 0.03263911912508931 -0.08860193481621059 -0.24492943237934384 -0.3320550495684838 -0.2621056777316452 -0.2059738418373001
-0.03125129707282258 -0.12173138836379438 0.10184331761366075 0.16004470758656028 -0.37858967312310726 0.2074933841746991 -0.1217644157209536 -0.1543049031020961 -0.014920355642167817 0.44424280647530573 0.21873067635930418 0.06486836637133281 -0.31692329783515516 -0.014684882100818482 -0.11383873635599158 0.2420178732125332 0.16002686558455942 -0.06716170690074702 0.10885391243038357 -0.15764642567594936 -0.17047608549426593 0.1220295042096771 0.009197515166931996 0.16772247533735754 -0.2161531163550027 0.17746930329895705 -0.1776792701508593 -0.22936428247482848
0.1145557963815849 0.21021705890514042 -0.37004888065120056 -0.07672854693133621 0.22483510148763877 -0.21174054497857336 0.2359788134374882 -0.1738798384517005 0.057664128079795554 -0.22419508559384693 -0.12857105351801953 -0.11494537727080312 0.148275248204445 0.13939883325645977 -0.10813430660708179 -0.27717349537838487 -0.05380123369352365 -0.28942172573885805 0.2103915802117421 0.06366949186479694 0.14669710824649448 -0.12646782341252336 -0.23051735159368117 0.3034737526382106 -0.006190928739126518 0.10757279918069192 0.037467533946677095 0.27303705145263674
-0.10530467970434619 -0.10437906102707496 0.18664441960492573 0.3585397870452895 -0.18418440002288086 -0.3974263652562538 -0.14139884554545096 -0.11259195453402866 -0.18314872376267602 0.11032825489765202 0.25229496227066556 0.16989998196963665 -0.13735454380081358 0.16529045584083726 0.314584979033453 -0.16914750931459638 -0.0934603912215819 0.20385477394619633 -0.1592967801683807 0.031008432554419815 0.03420276991633752 0.07718658201584142 0.08528534792703986 0.09532287044026581 -0.003931381898120894 0.018847888060014223 0.29934982711573693 -0.29663655452724635
-0.24121944242481128 0.30820423517281126 0.0705448465486115 -0.30876597469217987 -0.07243758298236137 -0.05859557120116783 -0.027932201502483687 0.14850542608710102 0.04142953066405659 0.2956961530360548 -0.07445838101692383 -0.15870064767662023 -0.03790780028977588 -0.11224627923888844 0.21200356214849173 0.44760396118253776 0.1173430844656703 0.1720789794036712 -0.3009877418491843 -0.12371997455350515 -0.30631972970959853 0.19206427522109865 0.10072500722648095 0.03823263470163633 -0.14751581946876588 0.12351595775130624 -0.07708043460093164 -0.03485610356828066
0.23462379613137616 0.19791164545477732 -0.16711112514038723 -0.3794937108096876 -0.18596293163943597 0.17409455839893437 0.17003978037072545 0.0007696049820824909 0.0314637323990448 0.05737201908203819 -0.042137100560243064 0.06475886397027175 0.23059766446418437 -0.3756505320211643 0.21086065755956218 -0.08798722360834126 -0.29166398092200535 -0.02155076772448032 -0.18113223247149726 0.02573346782698695 -0.09834600375389367 -5.618324471245044e-06 0.27869029697943154 0.07356278601201537 -0.08333962804060312 0.042364133897480574 -0.32976190550266277 0.23249565550715814
0.06826812997299216 -0.18607484974690405 0.17394698632832833 0.20484964082788365 -0.2879683061111198 0.2422096528980695 0.2121410628383699 0.017373198132017355 0.12427163251088717 0.05527265653021522 -0.10000684388120618 -0.32252970515907464 0.08055046093997892 -0.1340969084909457 -0.005928889984245635 0.10151105777697729 -0.2896258421860909 0.09538397220658605 -0.1015547877041728 -0.13769143880781767 0.11755072480125346 0.4305169735423595 -0.05942881425022169 0.2869244685444489 -0.18087308122413895 0.06183036670823216 -0.2520105472367295 0.16413739059348498
0.04363065869097797 -0.1962188400345353 0.025772469839966252 0.23693823354887297 -0.14381654007972947 0.4031000400538814 0.13340697821013173 0.04258071767827814 0.15315216279823685 -0.09673510744716596 -0.03668481401482932 -0.22365296543834084 -0.028009753640541563 0.13295228949700064 -0.04017822403340138 0.06567309798758685 -0.43215075994575286 -0.12234478571381749 -0.12244644559911827 -0.28321288790107646 0.040744460722324266 0.4719053828495387 -0.14636203437263504 0.16166074418710288 -0.02300288285030402 0.06284319570161255 -0.09498412616427966 0.0954095834894229
0.05602830491590641 -0.12986888245084582 -0.0267580214471627 0.2372348987832926 -0.40048305634083275 0.42853656144071206 0.07424586112831964 -0.014750341774325578 0.12157615616339232 -0.10056633466394532 -0.07347365950840595 -0.1193266982257875 0.3236069484328417 0.003670144817897665 -0.06990116214133177 0.07448623732106051 -0.3244912988558399 -0.028305142784784555 -0.09365846682376185 -0.14359241069723513 0.00821448560582696 0.4271441157461751 0.18478351887902014 0.20595470100943877 -0.03165457590859905 0.08698371980402358 -0.10096097682604892 -0.014412130478069086
0.056145374144417996 -0.19913846042854585 0.07057351083008784 0.25383740606045657 -0.28587188023093385 0.3879055012545384 0.029313981924913343 0.05209905022567878 0.05278585328943932 -0.17185221821214375 -0.09587631377928968 -0.112159251408493 0.0642160837464033 0.2698998699032506 -0.0185204432881973 0.21362881033329406 -0.22761292036978023 0.08727264213326143 -0.27159564576722156 -0.20126070698440812 -0.134702175603216 0.385220744239701 -0.00902760248112826 0.32250588358441845 0.005937928690891357 -0.029386801613365245 -0.1680076190210836 0.03896418609455547
0.0329356417291207 -0.0697860725088613 -0.06393669495661884 0.23479809167149424 -0.30270298313330557 0.263934197848522 0.12926880297201462 0.1128264127374689 0.2007928036587448 -0.04476128402920942 -0.1258599944866302 -0.2649368068718926 0.2468988260412903 0.08909801286039956 -0.06666835618515757 0.13035892603821567 -0.3126187095819071 -0.003511383992510906 -0.1846372628730271 -0.2564619373148131 0.017799806948576736 0.3492490626677442 -0.027809757446243113 0.3144408538492145 0.09529371254395871 -0.0495435591382903 -0.29016318452936646 0.10066086663317084
0.04484032918394463 -0.23831929274610042 0.09149355846575918 0.1837678134995123 -0.39043712714811174 0.27978157994118524 0.09976881387321367 -0.039960105249679835 0.2218125352863265 -0.13288714384403566 -0.044237013042520916 -0.27785046906846017 -0.004733652873727062 0.1290375158171446 0.051633220496859485 0.11105908519234178 -0.44486769107374785 0.08502135617316572 -0.19294020449996646 0.03374221235636875 0.11509164926655663 0.3804768093595457 -0.10045382483471431 0.056674943673806016 0.20750347321335583 0.13867470160245768 -0.03654537537667362 0.025598631524909512
-0.017191556189240433 -0.2707309820578474 0.09900931404044894 0.1646659246891745 -0.23197652827888016 0.26848146243121923 0.14931903600727456 0.08500871317736254 -0.0875403372360591 0.044692635209131346 -0.2297050915914762 -0.2674343969114323 0.2666006387770398 0.12336667533846976 -0.13466266543916963 0.09339450431738831 -0.05222199138314751 -0.11398225635549239 -0.03364791869307254 -0.09377738142446095 -0.003913256834097889 0.517826966076299 0.004515880866846377 0.35330668058191755 0.18442297172887362 -0.058459237910482055 -0.17406610658709465 0.024400861275157875
-0.08436094862578447 -0.25025565705447383 -0.11548733796961341 0.26869859577710525 -0.4474969078092076 0.29111951765088456 0.09210545085816763 -0.017188749719929543 0.11225060662296858 -0.11889701043624137 -0.07590640177547198 -0.18508811231129 0.06470323282737674 0.17588033575018702 -0.12379374737551725 0.08817821632613118 -0.29055922558297337 -0.09013075360655647 0.027246017003354293 -0.027403558746856602 0.08513707015580799 0.371144490816953 -0.10055871792980764 0.3750611164111396 -0.10100947956561904 0.016076996917920434 -0.1566400008508226 -0.033777671435098085
0.12364849925961266 -0.20000838175073146 -0.015351419072864402 0.2113514680837314 -0.3515192720689945 0.3649404311146555 -0.06485575814141765 0.03778561915560565 0.17514572353475888 0.08831747428503821 -0.1404043489592707 -0.29469741962812257 0.11286662621479744 -0.015343560652309835 -0.047197635679641206 0.3217149869454443 -0.19639055793170324 -0.04798683406767965 -0.2122648548649009 -0.1574060134276227 0.0873455443046694 0.41213571264801896 -0.09785367436013181 0.20590717408405118 0.12376458646381339 0.05489551618744284 -0.11886719439450462 0.032542914273313184
-0.10871557357506106 -0.16364549463643183 0.06939395013576906 0.06992127258690653 -0.39339794276144574 0.39045174118620296 -0.008781104543422624 -0.015529769488496135 0.024982576439195547 0.07768136486921827 0.001192650833925582 -0.15654554327766768 0.17596413538362082 0.18656431457467212 -0.15076480808991094 0.012437163168346897 -0.20712357949338064 0.03377322539710295 -0.1005923140745574 -0.38921164915051953 -0.01211142164417921 0.4428947260215307 -0.148704233184942 0.15351804003132585 0.19752521192934616 0.019518419487533443 -0.1406632264150646 -0.13240539744531263
0.033707825737618574 -0.1449472051517365 -0.09978353794438777 0.23279492551704734 -0.28127077790999416 0.35641536719693195 -0.06098649746450613 0.05211374051722798 0.12279354968922539 -0.09797260338295732 -0.1212781164187531 -0.361890968295094 -0.0861742475372351 -0.051855408992608015 -0.13083879538108462 0.07067819173003351 -0.24296154710596019 -0.10008212326541502 -0.09983969121240832 -0.055490272350989224 -0.06858636635094384 0.5390068103762147 -0.04783201430683884 0.15894041496347344 0.14865527872094744 0.14282859964779054 -0.21021374116890895 -0.08354334854151298
0.0290931374200187 -0.07952673585250959 -0.11074508106879705 0.2468010683426828 -0.3115202125312384 0.30952049223645284 0.17568013159075557 0.0851416585916972 0.1399089139210513 -0.061088103878530836 -0.06624870183422765 -0.2431890125024111 -0.047287498995354185 0.17644988170861178 0.05615898022737664 0.051371647010333955 -0.36302502195745434 -0.0013999169274469658 -0.30473030568806986 -0.27826414975887515 -0.025752632257232923 0.34056381289219534 -0.11480627510134271 0.257944375958015 0.10555294239734085 0.10952988351032471 -0.17924765281578398 0.09477664822642197
0.003537920409013841 -0.027655152098773304 -0.05224843249767352 0.1985283569167774 -0.31240807363213424 0.3060863749014985 0.025379904186955043 -0.024170071339153342 0.18304921050134249 0.016645169931311744 -0.2564376431730958 -0.32122654415288227 0.03337159167425821 0.24622795015719076 0.046215338001201915 0.03853584949083023 -0.27059352777294726 -0.02678830475284398 -0.3083728691378223 -0.24735997157621625 -0.01041170541681571 0.35130693631945564 0.17489004103456252 0.27174280499981446 -0.08501391072224353 0.025612145785546565 -0.15982988227942443 0.06975570517936026
0.004259441289196249 -0.19132396959036965 -0.05355249347799229 0.2884381592276345 -0.3169706736377362 0.43006533916253514 0.17841066424941407 0.07755378271632526 0.16823770723561546 -0.14198723107297992 -0.002421919774009251 -0.2329617769132347 0.0868531098966406 0.19795455427810024 -0.027603180088144098 0.20223003194690073 -0.15469135514580307 -0.02506973318706896 -0.14368892001934072 -0.27433137288798715 -0.23726123162788243 0.291569846611354 0.024274245247486063 0.18251674671490975 -0.05843230215108613 0.034605079008032356 -0.23138677136391733 0.09534140825837387
0.1576542604827252 -0.21322053719581133 -0.042211600099255425 0.055538635300089005 -0.391589807707141 0.10131871485045849 0.12285773306742129 -0.16103786628859598 0.30477120872131014 0.0242908568708899 -0.0968398979772327 -0.25951174183266396 0.0406890126394662 -0.008948627963501434 -0.05671678366086119 0.26670510102976236 -0.37634991552397096 0.06855206658825741 -0.127604184534825 -0.17771918018434904 0.014640552843608594 0.3707910899122537 -0.05519081430553528 0.3214483386137319 0.00563234509618476 0.12094608811028909 -0.1165511805505097 0.08585861683628898
0.011669721911303886 -0.14332052169880555 0.23786740631016648 0.32498289142520903 -0.16842798370642123 0.3826965290086995 0.22766779898501482 -0.009674668062264923 0.1591750946598163 -0.1060954456607292 -0.12413190612125054 -0.09074126697444498 0.18487120638998766 0.16189867333377878 -0.13140340253926405 0.259076325892971 -0.17998179023713715 -0.027933227877363447 -0.2157216984373459 -0.16694434818969145 -0.00394983168794744 0.48389908351295396 0.01397204235665151 0.14522092235654593 -0.026449368465426826 0.03359084628951821 -0.14086832576639627 0.025608231371718065
0.11594534595589147 -0.25854043569420926 0.01384981762582575 0.18671821441096742 -0.26540991413923976 0.3081633762098473 0.18662215444010674 0.033955572655219535 0.12492317438515463 0.06732492969972993 -0.18122410547418968 -0.11591105616772428 0.24150733796280652 0.09800536626899381 -0.2407873958979842 0.3073964219130684 -0.18987343561518652 0.022571771657297363 -0.24475364574939823 -0.11050041036247402 0.16651844785681164 0.2450899451123477 0.1353276513712387 0.28851757092861563 -0.03298162496274402 -0.1270546085991973 -0.2697806496786942 0.0917079610932695
0.07548745401931554 -0.1536739250238595 -0.11541903899121507 0.2870374997275375 -0.2851164775767036 0.2510122282243611 0.1491908611870049 -0.06593127808840499 0.14544258362672016 -0.023465866822318025 -0.12559754429942557 -0.19188500029094274 0.1251001862239981 0.24952826530810654 -0.04288974166130882 0.18316174695789056 -0.2617756180353178 -0.11050493569482422 -0.14705553306757826 -0.06311953041828464 0.19878992581466573 0.49342016831363017 -0.04713876060266698 0.2810132847375215 -0.01346755519690279 -0.037874406156315404 -0.20594541420251974 0.04383533006055941
0.14790104858838943 -0.08285927432223612 0.019986335850729932 0.1258981195187166 -0.43797618318423687 0.21706969391841285 0.04528810373257135 -0.27684563558650044 0.09284026483797736 -0.008584834241571549 -0.23046787296114346 -0.11231801038486473 0.08006577389688653 0.08676143342036019 0.0018274164616306381 0.23504169674120473 -0.3937796181957468 -0.03784082941624264 -0.029130956904852894 -0.08411532944597372 0.09745068122297097 0.5010015095514537 0.05737042134280887 0.23045802500445595 -0.016009229325215663 0.018568395228642887 -0.10808735946718635 -0.012626561655799319
0.06291263769885659 -0.12895059054988148 -0.12682074773752797 0.2547078359690468 -0.26172955180006063 0.2761774736323836 0.0611818435640623 -0.09113536270212352 0.16522032751452634 0.010197822412402599 -0.22326157502847147 -0.21722354985792958 0.11664700184816142 0.11205671475296963 -0.04123680942905996 0.32961833758800035 -0.21129856451304774 0.038824648147974726 -0.1008493130558912 -0.15278541424171754 0.02049238205757066 0.3812394444933259 -0.014732861467861147 0.380694313765234 0.1539433060752621 -0.0932035386284927 -0.26968881250485716 0.07063184347327393
0.05373356611677317 -0.11151396443023748 -0.02811509708036957 0.229472430579192 -0.11694243265550548 0.43424301926538217 0.05129122374682528 0.11943743236917687 0.24138803057507752 -0.1613800265376646 -0.16218196125111395 -0.10244034698694592 0.09131051407980963 0.10835845282620292 -0.09913382549120625 0.1783466258522103 -0.3333545631018275 0.08569231788113865 -0.19494316954684593 -0.2582606526934887 -0.11957615539205713 0.3211081827879783 -0.08072804196836462 0.2541747030299821 -0.12506273343909588 0.08521351580745601 -0.26940373348190183 0.1486162623609224
0.16998863529549302 -0.1885469865883446 -0.0033974338605767818 0.17933994513087212 -0.45985443432414763 0.23355258919762592 0.05961325137937991 0.017034543074440568 0.15305947299639402 0.050273530080893185 0.03634362584947786 -0.24760961008363966 0.08995855348213891 0.1756940701448628 -0.18622419862100514 0.15121840363542535 -0.32892443971373553 0.10952149749240783 -0.10597221750421874 -0.1985077298831113 0.06471444879611793 0.35960857421087483 -0.17186412927477954 0.15749179282245432 0.07700429874727736 -0.06072491008929109 -0.27161095010842806 0.07981670974470281
0.09709723834738204 -0.24186425736505385 0.15309719108959013 0.02617921831802658 -0.41240725240774767 0.3985838880393503 0.17032796658993185 -0.0855112128382768 0.13623905592239482 0.06653922117725904 -0.10269391095300621 -0.19003235651849892 0.08759900184328263 0.1612394231272145 -0.020011052715877473 0.12080984441069796 -0.31436051093910344 0.009056356083908387 -0.21286172570822762 -0.15634676127732686 0.1133240162645135 0.37968183227054325 -0.13582256478076174 0.216452892829284 0.12722704150859127 0.08579849931488777 -0.09488845153244548 0.029186286802978384
0.05624649694142612 -0.29413638834702227 0.0833865519603584 0.26751811359116073 -0.4622002385669694 0.2283548838952502 0.2364930212618931 -0.2074684725494237 -0.009355602940461623 -0.08729185866094566 -0.1652001139093558 -0.1317180302829621 -0.009601983124881284 0.15962295944271046 -0.05456214348736037 0.1495369893436429 -0.3390823828720662 0.03586202936743527 -0.1495465787903895 -0.17624595551884742 0.09376921925294142 0.39131522079562603 -0.017642822030489582 0.12607605791899254 0.04330810107021779 0.05187239009500039 -0.10680940930340467 0.0021283179151771843
0.02288408538546226 -0.05326844391019975 -0.06977420043375238 0.12225339209944192 -0.20186380725344905 0.46663952658324886 0.08872177606062119 -0.06511036185815657 0.2028792799422037 0.015026894064109512 -0.28443440209909465 -0.29231166571027734 0.13422306405027276 0.12240654006515155 0.05302953989270725 0.009595364161092761 -0.27765877161783875 0.09978213244241416 -0.20385434767326507 -0.08735984852810637 -0.13058673251559844 0.33666563813238654 -0.10586028564701375 0.32919659526710265 0.008091683644812378 0.0992622874801856 -0.2017508641175947 0.1604347862545161
0.06873205725704047 -0.03623833597765175 0.040069511649215066 0.013036288281404941 -0.35522168388938036 0.25607553718296555 0.11289811788689325 -0.06780060662178052 0.08061263585085758 -0.215524023525188 -0.08932505095885863 -0.2127439493450882 0.1741733086973158 0.1902331165495575 -0.12156808573545973 0.2893442683290462 -0.3462853351578403 -0.1728547426121208 -0.22949140805817514 -0.07844854116111416 0.03569037798242952 0.35865945946470795 0.09924180981742577 0.344974484319132 0.14747137116609502 -0.05512580349832639 -0.1386997475196498 0.021714209392544218
0.2299688664341727 -0.27040595601250605 -0.14110606791955718 -0.016101823885728547 -0.3072938796904454 0.35986317763782116 0.10134374500952427 -0.08698082055621668 0.18386548637138547 -0.11329775119955196 -0.19114047389254996 -0.24781881166391423 0.11382964613479685 0.1259338950780075 -0.02662215014275215 0.2252883271335251 -0.21441065130939652 0.02923375901148815 -0.1271723289850675 -0.1428092053774887 0.17743300975371268 0.30566976426752807 -0.006563296267103372 0.3206742219394172 0.10505535084557127 -0.08632212038973827 -0.23357195149626434 0.05437220611587829
0.0626981928574895 0.08867202028078515 0.29378178604103805 -0.24969435139958568 0.29670169037515054 -0.14468204093828133 0.032487775450121235 -0.48800213673352505 0.03868427969466943 0.17803199065590464 0.10556494381126594 0.043582166632676514 -0.05181219595212313 0.11391004766503857 -0.1341047617032143 0.14055650430492062 -0.09953146808057911 -0.2368905472554495 0.4325699411109457 0.05318944152642752 0.13175604201507188 -0.18638926685627166 0.1050544350774892 0.13365938824900472 0.09595089398097378 -0.208044880232126 0.03150335303234298 0.03600453530778287
0.10494176076225982 0.13143573060191938 0.16245196637091078 -0.18923378636680813 0.04350203741333639 -0.3208431007671734 0.059500382880490935 -0.45990956145799483 -0.015368116216975333 0.06024875446772609 0.029100556265190466 0.15608570673988723 0.19591063073632833 0.05820469450658848 -0.20940390495233543 0.08592213145255762 0.23290930966183704 -0.230365984142207 0.3414548651764805 -0.14003157137012465 0.0840935051065792 -0.16126027188092876 0.24978731910497892 0.3045195402539951 0.15295533145380885 -0.11097928376960817 -0.008501713817743789 0.006555368546466061
0.09348009233648631 0.2922291083113215 0.3202613659883182 -0.291744720172527 0.31732155240120097 -0.07989919703409994 0.12452068459474719 -0.27600736980921164 0.05569272099429238 0.29689609719091314 -0.023595378061092992 0.3098560582412032 0.1044549430056931 0.190339830811174 -0.014056092563433441 0.0037084548473999192 -0.058888215261787835 -0.29527371890273674 0.29874376656840274 -0.06284727033065445 0.15596770076043592 -0.12415677841370758 0.053475455067630434 0.01581688329163511 0.21279084921182098 -0.1068068591874859 -0.027194690865445667 0.011010773010280044
0.09954454219548584 0.24345433940469438 0.33485657982922423 -0.19161075206817654 0.1753444626229474 -0.15191541376884457 0.12444107836107346 -0.3521245399192229 -0.014212812396227884 0.2164576518695208 -0.09309200217885276 0.20950817613502054 0.07218467692050841 0.06978737889402493 -0.27703771142652744 0.03328434458251025 0.11540777026622664 -0.20275329101824857 0.33596212097534467 -0.03439448235500099 0.18622905263093542 -0.05642707322382939 0.13109963763720658 0.2810043396673476 0.11466333182607003 -0.26832351232178214 -0.09767977384010429 0.06275283400186335
0.02554166156275365 0.20233139250779744 0.1896785156435625 -0.16171784137475656 0.27237399285908576 -0.20680970200013143 0.07589452490737214 -0.44359259869128354 0.010577355196163004 0.08220992143101438 -0.09184975295440524 0.14954527245785765 0.08840705711799067 0.2244931252975436 -0.2042740877827828 0.017656561778602767 0.12281162712266983 -0.4339867730013846 0.2162252694690556 0.075328089508718 0.055223758405467845 -0.1132259853841104 0.17259717662277185 0.16553854208258179 0.19591910858302503 -0.2620376141589503 -0.02952784271498813 0.045014245819437075
0.16134079068418614 0.23843417350927065 0.030032007410380087 -0.06424959298260925 0.11252854029849374 -0.19189470938311304 0.12267621333659855 -0.4702498989152795 -0.07998809651692852 0.25827306548262235 -0.11635965516715026 0.15425441135990245 0.06115481924801508 0.2094715307163136 -0.2848926160234884 0.01424812480490996 0.08157198064800546 -0.11102101513399898 0.3391545863561385 -0.000532208887172083 0.141305262616625 -0.13195108232355846 0.1632086282728496 0.3226283510017181 0.09096427860462906 -0.26856792263343715 0.06672254649385884 -0.005505177384607706
0.20674699467794877 0.24323024942973184 0.08189840792955683 -0.2878940460666467 0.3136318157504339 -0.160461901436125 0.10463447976009879 -0.41681003790351107 0.06764862880030748 0.055288780556822736 0.09440093061943852 0.18170609606182256 0.10959700370982929 0.11096028912179186 -0.09270610278555123 0.041339090786583876 0.020174999066376976 -0.2739881610439683 0.25793880587336193 0.12867190837932357 0.10245232746950354 -0.052383133688264236 0.23384394701134148 0.06267706997137676 0.03160121886929754 -0.41215257341555106 -0.03000826233448161 0.11548779650104225
0.12034059866109553 0.2749253701789846 0.3050799085416917 -0.14849899219290505 0.1927074358043291 -0.18038891098710963 0.0018444630481230535 -0.34293236588636256 -0.07855303784040012 0.13781482080456878 -0.019790532964282858 0.2475261530830815 0.19233201973784267 0.1765228470507373 0.0004571921297548568 0.14554365997981936 0.1714704553733025 -0.2278192462375974 0.2679843810991213 0.12796540332770434 0.0885553258288934 -0.016928994037666352 0.31805312284130804 0.2029941577744649 0.06766861425370042 -0.31385943627724744 -0.07571949345432481 0.05058577147160523
0.1090416550255106 0.2564733026472557 0.25582985235684313 -0.16992859718061518 0.24867930771755406 -0.29537764969696045 0.11930627165763884 -0.5118664777367875 0.03114415764370604 0.09940231210998964 0.1426485008816742 0.09471644310133114 0.1727412791144749 0.15567850852890217 -0.15550852046199581 0.058616686595054736 0.03766860958108631 -0.2870634671360594 0.3328558429245442 -0.06950469008745029 0.09244919408716694 -0.18576452030792678 0.06932396533886566 0.0810060491312567 0.12507200317035883 -0.1029005516453501 -0.021626785298009224 0.015515348449287456
0.07548678796103878 0.18707140048078508 0.0830408609885203 -0.31025783800294865 0.33874173760845344 -0.18579454245809762 0.1141334062336239 -0.4802378821589579 0.030102197135571933 0.03189641752645829 0.0849264884903506 0.16520948065996788 0.021814618091220518 0.19998744980863006 -0.10096976671393028 0.015790594675489537 -0.0541603331894614 -0.2589997731860203 0.3947888234401678 -0.18124778388768328 0.15429689043817177 -0.08186370218984722 0.08045513196332581 0.14250001776004964 0.1434355726626665 -0.19072695783713453 0.05068517903693973 0.01879868082655888
0.12362772395443117 -0.023994607396109438 0.301893566511085 -0.22629871677088412 0.3817443069458264 -0.2633440454103051 0.05743928092263069 -0.3849796664881409 -0.05561648506306526 0.2805920708381598 0.13337842958319465 0.3131474970124523 0.15919039027869472 0.13011272759074816 -0.08345561584852067 -0.01712434310156723 0.08681963421513783 -0.1340003409277356 0.17201170723480882 -0.082585001773363 0.07671084461120826 -0.1282894794494112 0.2834509495359205 0.06680778119796286 0.014906059759232784 -0.2396109294573098 0.006260351665354412 0.035632135577089746
0.16727868977092814 0.03017549529614678 0.0782033521391183 -0.23644763623515644 0.23591530984945264 -0.060791658120272186 0.042265415423551764 -0.5432917464366054 -0.053783218259210154 0.14968141962510326 0.18307441482515788 0.019921794919450574 0.18002490026543821 0.13938879620857136 -0.02673518134314562 0.256690391282045 -0.01873792354068331 -0.36487323866715754 0.2803349852607621 -0.0944703207788515 -0.05876504736179944 -0.20038939465995056 0.12223226699542003 0.14748160213513795 0.25044525363922127 -0.10168870826502047 0.015777285539522286 -0.022755391139103905
-0.09993010327120158 0.3480127726268549 0.21214842948853369 -0.23940925983726422 0.047898537663141304 -0.27691717969869506 0.18807752989518056 -0.34120573144623584 -0.013824870223095517 0.0908080534132212 -0.008736523194971296 0.2044235732712623 0.04315612711537254 0.2159205216062905 -0.36970719138013264 0.14089650315523894 0.04716824388434419 -0.06576966286169618 0.3061636348392615 -0.043029712583631516 -0.04452487625611327 -0.17881316072274098 0.19101992842850396 0.2810620718610876 -0.0602965965851227 -0.1523410345311908 -0.04068808471078087 0.02012960783651029
0.03739379883568192 0.30051882986592837 0.2590594044955304 -0.28937016942725863 0.08306832140549568 -0.08553756783162571 0.12200321994256064 -0.2766369397074794 0.0595275857264259 0.23285678005060545 0.011168685051604666 0.01025963117038348 0.08801783888218308 0.17519308952199683 -0.26520691696604615 0.06355291818044308 0.15905214562899203 -0.37513310730913824 0.33656820221269923 -0.17533128026508255 -0.05488974609673608 -0.1397116096175197 0.20129264811348005 0.024565421517139904 0.19706287182026783 -0.16758292440889683 -0.19681216648844405 -0.040685554530581286
0.0898838085862513 0.2668873528913824 0.1458765540933082 -0.35817333196893686 0.3236158373696252 -0.1966464929074526 0.04881524560412225 -0.3050503925581829 0.04003679231214864 0.10540764143648863 0.02556022271963463 0.047659921281118574 0.030462349665722258 0.1544210920481734 -0.3099485963015001 0.0341541391095933 -0.038419276788942525 -0.10461922053699328 0.3397841746299058 0.005845827440197203 -0.001998346289633686 -0.2005791574652403 0.31370439991906945 0.22238582753694153 0.007860458484303745 -0.2775435026553929 -0.010214407335047878 0.03787007042408617
0.07263344607698011 0.1955573531940375 0.05861711733907201 -0.37365037389399003 0.25955916928853845 -0.12869136490855948 0.08879103762622054 -0.25998686349903377 -0.1738408130993024 0.14924281966939726 -0.07244325646548468 0.20912883477251754 -0.025921418743974026 0.09739122800601215 -0.21253499039924015 -0.01629756320832889 -0.04855049840336243 -0.09677673393969924 0.4198691447790489 0.2633983404891874 0.07428476550997602 -0.17751136304695417 0.0288924881322966 0.2442145459837365 -0.03735166688876068 -0.36208237777611324 -0.006474526009568103 0.09754293851832192
0.020153900362649465 0.24782538952532954 0.34759435196573496 -0.20814495393847227 0.23702695649817537 -0.14077249229086544 0.0023927193068215826 -0.45765034571045116 -0.03865095998338188 0.058933546590744464 0.027465342469892035 0.22021544870457754 0.125986138673848 0.16864909119376706 -0.13719291000679573 0.04103189161744226 0.11008686306791661 -0.2918812475877377 0.3151713436076686 -0.05556014079536155 0.01733853473211567 -0.023521339555498642 0.15309056324584716 0.20741122644083027 0.2507080050112079 -0.18065398650723002 -0.08324956956992755 0.008981312216760896
0.06510360882290428 0.0654082065778435 0.26572948532687085 -0.2566711365194732 0.14024855463327995 -0.26563278950942465 0.19894649159406946 -0.41452320432031126 0.16357808679817587 0.11897932800244261 0.049831197722125346 0.07987737447878554 0.15732272075164455 0.3319517616470313 -0.07245410769881368 0.09632477268128625 0.04595816802925234 -0.2800828369770273 0.21210338111731572 0.0051831008679794925 0.14088245846902092 -0.24558078016161053 0.22466175311871214 0.15172175231642962 0.19694572802231192 -0.17990310121472233 -0.056473484713588616 0.023197057471622706
0.010595685631679048 0.12087658788390525 0.1419419003525798 -0.23445985937476432 0.33908832740629413 -0.24938408554710162 0.21895869869805873 -0.3016601383348745 0.05884190980205125 0.3045358999604677 -0.007034153669231821 0.34409830269817826 0.0917070272755517 0.17134015391884283 -0.052621660394310404 -0.046805650206466286 0.07651460593040511 -0.24960174510770333 0.16883015819460723 0.021264311126529854 0.2087106473615514 -0.23150827266026866 0.18537937115853603 0.18828157544855742 0.14334730625371908 -0.22309317611739074 -0.0290831606091965 0.03754614221625151
0.13903765686094946 0.23678375937435392 0.026038261914571127 0.010368768683626475 0.3148205802693461 -0.14568385448624765 0.013854794174404328 0.37585809051684405 0.06314204580378883 -0.348123474673258 0.11674953641694188 0.09728264929337396 -0.10032883487203381 0.19386059601794525 -0.2778722418536202 -0.384772418796147 -0.044205948558455076 0.0008429578771757523 -0.13398155101009224 -0.038188014992440865 0.011041277360389026 -0.026872055446650694 0.04078621900601877 0.052699734626719855 -0.276385904710846 -0.30917247442417095 0.02805389566097366 0.20353066942187986
0.1499159253727792 -0.1553544315385054 -0.05235895797465613 0.1858541454809094 -0.17380624009002624 0.0637145729953473 0.2419388523954825 0.16583588424515858 0.011758008455623099 0.6087282865662019 0.053647842660319134 -0.2547688658327018 0.1408191358870279 0.26441513718773174 -0.059242886102355924 0.0779256726552196 0.1500129824770861 -0.1506047868978682 0.22613944833947267 -0.23541818884257174 -0.18448013686961318 0.10843133173383136 0.033135706454818885 -0.2015703386370259 -0.07665784280172853 -0.04903598128596855 -0.039413522078935885 0.09435051819724395
0.18982652731931116 -0.012972289403263376 -0.1634777245539965 -0.32498258772697386 0.027594247393217447 0.2981074855453492 0.13297303396121685 0.18382761982991386 -0.17779575649071663 0.30751749685460233 -0.07685507852617586 -0.18286484121648475 0.059931777045164704 -0.13730394433638246 0.26266339638944497 -0.22384395279540636 -0.3180300578520995 -0.22598747600011054 -0.15215770237943327 0.045394342631159 -0.08541508474763372 0.2888926025399361 -0.018477270396752926 -0.03029269656015391 -0.004474881375214563 -0.013308235993384673 -0.24859745959636298 0.22770690029016094
0.1016426947128769 0.021527294250971014 -0.299048419893789 -0.31828171634903724 0.2827949222993085 0.03609117492859291 -0.009498005884758246 -0.14946536480892297 0.09992747115026274 0.22881855952751162 0.13157286098067564 -0.10795521230576315 0.03645195596831535 0.04958054513773222 0.4248372431590616 0.0909007306150244 0.45210361591540377 0.16812592089099895 0.043432818797710736 -0.06276419036665873 -0.05670196502685188 -0.16238738782374676 0.11672892931910273 0.11703346191665152 -0.040422270288431254 0.1732589034986137 -0.28920736933194646 0.015171772846755006
0.040727133027492916 0.27755484250887763 0.14071041763824382 -0.11932069632435029 0.3564534820165549 0.3012245481216549 0.12731564751713198 0.08554322648010512 0.6447827522108672 0.212951448096347 0.03563109081719199 0.12782199184061324 0.18150865663388996 0.1288640072853321 0.08432057026072998 0.006278894026943733 -0.18492104373194335 -0.00435136407196601 -0.10864350270050101 0.05194595835262784 -0.1992728491389048 0.04400294163035667 0.0344120252217358 -0.01101694949062956 0.03696780725863122 0.12596187832449238 -0.019481368455801337 0.03554043784356505
-0.09725448156047593 0.1120069730986325 0.3388229351405614 -0.20747796551782 0.13398644021793327 -0.23260493799436108 0.18278136759411157 0.12296189975454595 -0.17044894190909066 0.08565428180345745 0.3684819758859316 0.09384912520447358 -0.28699609077046456 0.0502475917167455 0.2855338853479987 -0.035499407316505194 0.16671830315349062 -0.29220646758329255 0.006913095621022526 0.08748370455902602 0.14343812598853875 0.13947930019625812 0.14235179098441703 -0.2628104364421149 0.18300021250562729 -0.2435135609376351 0.07296947276096342 0.0504848691354984
0.21793637660694667 -0.45376336475949003 -0.017416143383362215 0.2968582949295121 0.0674112727181899 0.1388673452647027 0.08206170652739908 0.09874964557962633 -0.07196607134023122 -0.03237084347078014 -0.017332829843597596 0.12568247836420196 -0.24049263027849807 -0.292568066882334 0.08840598492490193 -0.25333210935000755 -0.1251413550462261 0.25561795654685493 -0.1025752342628653 0.26935726798415843 -0.06814715071218315 0.2759181352977027 0.18820553651953312 0.0053447222938603715 -0.03624492062122989 -0.20546046027914155 0.0025599636855242994 0.23722643354961082
-0.04228680064825957 0.2152277774864844 0.05112901429296989 -0.44108699038869315 0.19662021741606708 -0.00987318165365417 -0.12243598967036878 -0.22794729171265096 -0.014000900193675489 -0.04351498107196508 -0.06077648846963321 0.04850233684629161 -0.11180710508351134 -0.2765242588389567 -0.19874968087909045 -0.2108785128860999 0.3785101853175117 0.03327144777267724 -0.2966291762641425 0.013436501626654144 0.038819455460826595 0.3550873133333387 -0.2625163478862994 -0.03580224327775112 0.009137751269504736 0.11231974547315571 -0.15739925722193462 -0.011188687648777253
0.2977138315876795 0.039752327484375655 -0.05885391658967555 0.010934988697996082 0.0842333329877148 0.21213392103985268 0.1021626029624821 0.3191792753166613 0.1317190078873444 0.2563683924249806 0.21163127304375998 -0.322416390553561 0.19110975965632826 -0.0982127870342569 -0.025506513778261204 0.006751410286071473 0.11037372515735315 -0.0040774415207507075 -0.09758392214145814 -0.10356665559917685 -0.0646788828754139 0.07137310566731128 -0.27195058374522174 -0.31387153822898967 -0.18936080243410885 -0.03209003631707233 -0.32485881680062123 0.3263379282061363
0.03374408547667781 0.46164963569066747 -0.11935406571843636 0.17690304880164953 0.035079060678426414 -0.03910437142095003 -0.15982404174472156 0.18503548448174967 -0.1565469560939717 0.25144226181879625 0.28032598016816146 -0.20050302626335836 0.14250328520845745 -0.2645177149857245 -0.3005434784631807 -0.14500116252631998 -0.2720547640747308 -0.07133962382771655 -0.35855276904183725 0.0633416825906474 0.02520446209517817 -0.053764680682019075 0.11252310107358804 0.02162408652800228 -0.10806775490855909 0.16656162057749524 0.031206793697096624 0.028122753923082913
-0.09826951062194658 -0.07295870196300157 -0.17989269616800022 -0.0535285585639027 0.3237273366250822 -0.003943453945690599 -0.12452824987331296 -0.18407857200924513 -0.2015033644675992 0.13676989347786958 0.0951684702433064 -0.14293425283514438 -0.24410875140131438 0.04986912048404569 0.18636873599011922 -0.2321532619583786 -0.0366077062441943 0.11315221598717468 0.109495018190392 0.2531040758860533 -0.0927301794917654 0.10343915934871559 0.2318302164609551 0.25876306747748284 -0.23331537381169817 0.18983913128552324 0.4088911344277918 -0.26119260141540485
0.27396951418571536 0.052822348204915506 -0.12835686954611847 -0.09118005947855129 0.2362932010765323 -0.1942507854081568 0.03136566183641658 -0.13614450764425837 0.16010280412215452 0.09499104361334014 -0.12021791114158699 -0.14416969844845887 -0.12626354154284117 -0.4710392201335251 0.019374389631540163 0.007403790257726199 0.24838981209652974 -0.13724288712706223 0.17459560184402076 -0.13532263872793102 -0.18718319962786836 0.2635559963993779 0.16741858344013014 0.1434627371712825 -0.11911199911481649 0.20031105080849987 -0.07478145954969279 0.3657689420639373
-0.0369812786521999 -0.0366164107543855 0.11451030187478445 0.09711296729553695 -0.23337659737585284 -0.10950889413956916 -0.08544969891451758 0.054622600650152155 0.07865478501832611 0.41710152993601834 0.1870086651849504 -0.257488420388197 0.0628693641728313 -0.020106209967647382 -0.04950393938178025 -0.1493089586260674 -0.029069639044422523 0.17720424420961425 -0.016557843154651558 0.25194157424338504 0.27318937590972625 0.0402568952060404 -0.2249126793340656 -0.04380818073190392 -0.5612534146085026 -0.21682852986739592 -0.00037619777642060504 -0.026445856536444292
0.38444092919860057 0.15073465247196569 -0.18706241545425195 0.30938007293138736 -0.06069049227170612 -0.12513818822885878 0.16209303382814422 -0.08516478574620226 0.31868384056234306 -0.04583742224660983 -0.3396292162180205 -0.07403618868211613 -0.03352538366342045 -0.07644802430012954 -0.02008625319137873 0.3042285790461109 0.216257930527238 0.09302199955711496 0.17101017718604583 -0.1401473449569145 -0.0605478749881219 -0.2841125488623592 0.13042126191116674 -0.020900663522434648 -0.14954484981182847 -0.2588962272257547 0.14715658971021145 0.06560756948750071
-0.09474419704571366 -0.20651168683128077 0.26421741370759966 0.2208454054955737 -0.11283396889677756 -0.07640082138247314 -0.049111601593012796 -0.023750659413807062 0.0166140055909428 -0.33040356984960784 0.2709248028323958 0.08164103787442861 0.02698837704005546 -0.01699374639401282 -0.12236425197282817 0.24533379302896327 0.1763278560211553 0.1486406505498437 0.02774082472332186 0.007770304605474144 0.2792736337778509 -0.4755784613599 -0.253835964732564 -0.2555142179157601 -0.1814929414315266 -0.014939714710078258 0.1460221941275185 0.013103484827050767
-0.05895350818547497 0.15602914066488957 -0.1332626593351866 -0.48799417609274975 -0.01901593094851619 -0.11237098618763725 -0.18155983397581463 0.15548838476404644 -0.15392576221794865 -0.12300561681915329 -0.03882333388051977 0.2224276962162324 -0.07851542155964324 0.0512382014521019 0.1278940025163059 0.4488348360982671 0.04273925931417768 0.08920044529357692 -0.3246524562661613 0.06188925186460362 0.03310899879777708 0.3216222334205773 0.10551601419788077 -0.0442893835165145 -0.16202328808828675 0.12335583659786369 -0.21378462542129 -0.07701323929899735
-0.09841664175427729 -0.04836569875489847 0.1397649798700337 0.17132640027546728 0.1101222675435136 -0.03604357540160173 -0.3721561733826185 0.041394147410968626 -0.062597160028243 0.06915733405571237 -0.03458048177530293 -0.48362908174918573 0.05917594459097975 0.13941861572251674 0.2585880139863908 0.11887891947993266 0.17438459891932143 0.06924654687723508 0.18004937523745065 -0.21794056510708892 0.08154915655627967 -0.03818592310302891 -0.19649058819986964 -0.2730876281918176 -0.10510636652452099 -0.32035609115652264 0.29589459665960965 0.008431631423061171
-0.11913035354829982 -0.13524413421784232 0.2777276127721939 0.14213576646928922 -0.09991321025120146 0.13205635655641754 -0.13482450399341447 -0.03645908867829938 0.008268689303473218 -0.06678956520003157 -0.3149330750532149 -0.1979313315282364 -0.02153677827104307 -0.28182500850536374 -0.2313502330026642 -0.2527296838759677 0.45640132659020805 0.16850013163068056 0.13257626203820266 0.15569682087684655 -0.10589113582554112 0.24195063239872608 -0.11126371816065636 -0.20987395985438317 -0.2715150813566716 0.06004591949990686 -0.013459256323579995 0.02967836376893089
-0.3790413450004865 -0.21736963541403256 0.38011807377037127 -0.06429296303702121 -0.1839502847519044 0.09062268457251643 -0.08596884191431668 0.07698964041605327 0.2957371315146326 0.09737467887437104 0.05294457810741926 -0.002642383074710378 -0.2916581707762838 0.304629321623308 0.17713203069599223 0.2566912215932907 -0.08587650481059622 -0.1359071012139468 -0.2177587157108557 -0.1610780842989895 0.05635214278886382 -0.059084382272191434 -0.23586075278890467 0.0679136969901893 -0.09768520224502912 0.00656966447251104 0.2304352105528095 -0.03740239082786548
-0.024896935236521565 -0.09620761161569431 -0.12519543558675061 -0.11389619305713809 0.1590210664999638 0.337130218835056 -0.3189711149025142 -0.042638560884633345 -0.19746243772971514 -0.008490591061518896 0.1840561385482915 -0.16980950194594155 -0.028965559342441598 -0.055739017673156165 0.06593102891298552 -0.10830456163884487 0.21776527600224488 0.008952029303337598 -0.4388258948746602 -0.106662145710521 0.07825117063595993 -0.03776145992410077 -0.3392380170246263 -0.07476582156227052 0.1604902588696123 0.3122531494333577 0.29996693002629166 0.06532351928601515
0.22188566382951588 -0.202027542477039 -0.11549559424640424 0.49760151548386916 0.048666461487711976 -0.0625844175189772 0.05402928521860861 -0.34873415572074723 0.10500619488172346 0.2274463328189955 -0.02433569951997451 -0.1101911483544991 0.0514496944096766 -0.14592464605878186 -0.18486957401279078 0.05830526403372776 0.008193911099729376 -0.04272359925600993 0.14350524466802111 0.1956678609561993 -0.026840022059936863 -0.23221897380660025 0.0833426963919059 -0.3923230677271509 -0.03415937100167998 0.1817493239999083 0.03957922453193049 0.2629214463544947
0.1708392303470628 0.16092680445604296 0.11414956073106025 -0.1552219958607141 -0.1714926310159172 -0.31923356073133063 0.2645278778912264 -0.14034962097898956 0.12166213538583388 -0.039713990106677685 -0.27058658152820175 0.08638600057432991 -0.14910322521956068 -0.12236222359015657 0.18644544264091048 0.026416801792498487 0.257878618725617 0.29326455704021154 -0.14603693899702902 -0.2780204513408407 0.2214315439208073 0.07146180998690163 0.3723576282082561 0.053296347977528885 -0.2588061225597429 0.037624295310187315 -0.0033011064084890046 0.04373806163708151
-0.06561924259562131 -0.14365765899494273 -0.1477644495741787 -0.10922397086277506 0.28862720793753666 0.36976471035472935 -0.18670104877530086 0.04273523828425676 -0.027958478366759753 0.18914023761112747 -0.13837408206816076 -0.09918554123585362 0.26140354496668516 0.17067588813387696 -0.2777383326645344 0.23319280165696268 -0.08708361349565936 -0.20306826339938217 -0.06639117157555338 -0.027268604294950975 -0.09617470986460391 -0.09990975913933316 -0.18802751096351858 -0.07457076319580706 -0.07951688094010224 -0.177749463561082 -0.4437991224248566 -0.20264009820754186
-0.10344403614223455 0.34191966619332453 -0.09888934490086236 -0.09607809428423078 0.05452886440563997 0.008477539278090238 -0.048903809070981026 0.06644103268336304 -0.23785236786984015 -0.20068473550952048 -0.21512543481318688 0.28569795847273927 0.10289069437666165 0.07886342779916437 -0.053927776271494324 -0.4553200556034698 -0.213045587742205 0.2876585099871796 0.1541824332341283 0.03138750366497785 -0.12437153158599323 0.06696543493976688 -0.038789940911097685 0.3947361980015498 -0.0035269416386336347 -0.11115139525334894 -0.1039141382948144 -0.19599897457863988
0.10020357143472178 0.15152795385718582 0.13291573390473804 0.0004432996760352781 -0.0044923768443897415 0.12100296149393086 0.05900819966323783 -0.14180529763303573 0.14994444422410286 0.42897484131328983 0.08182924595896378 0.16378935525617852 -0.04698781644524734 -0.13056521670216029 -0.2578653511727824 -0.4195583506412601 -0.19323991488313438 -0.09149583370658733 -0.01168877930471595 -0.04530565113106406 -0.35221800197735587 0.09221916289352722 0.3404766010404144 0.07482736637889487 -0.11963896110108453 0.08106006213942765 -0.288966789128774 -0.053858799242353796
0.12335897392689943 -0.33902643325584786 -0.009810461692381124 0.13642758858090437 0.04033776146971283 0.3873842514960165 0.011034451282374251 0.19589099496389054 -0.2687717916160168 -0.14302236742394048 0.27023413179722766 0.0067700593407455 0.3686644197789244 -0.16814711855286044 -0.19711744186172325 -0.020762753787380062 -0.22991881264033617 0.3031535787284671 0.04917369466056966 -0.002155852194125919 0.003426960909269747 -0.3403305167649515 0.12405513982958039 0.04364171322374165 -0.09597519316497506 -0.006300791728683961 0.04545745068194953 0.008440617529166455
-0.06720525326038017 0.04250145832461866 0.14052541182397665 -0.17497065615111726 0.11537565317032694 0.18813213070594606 -0.2994800263436291 -0.22361276836059674 0.288078608217063 -0.15211140027796602 -0.12721067317704768 0.3392091672418774 0.004638403725882544 -0.03789457548245732 -0.1948826674046995 0.14863425180783646 -0.03804054129032656 0.19317430709800507 0.316625646527768 -0.0479406450457132 0.33104886600533895 0.13232232629698032 0.049270292672023076 -0.2588114995495331 -0.2740218916088351 0.13353199029972934 -0.05914394636475561 -0.14755837933466706
-0.11644229472563175 -0.04818286135243605 0.059166012806252846 -0.18169485617017989 0.029062823734799563 0.09963131503287011 -0.14446998654153648 -0.3560985320014309 -0.19796639187529244 -0.04168712031651526 0.2570090575036951 -0.09879739471949152 -0.20539488055794658 0.05498304545784929 -0.17135465916469383 0.005455338158949579 0.14303458181135276 -0.030612333513672863 0.633117633399443 -0.056423853447046764 0.21029892697290697 -0.20870070657360185 0.1288322202791329 -0.17263967633826652 -0.07037781313758733 -0.07845622553586301 0.15693483131521313 -0.04973269951931596
0.06750972537381178 0.09287191179484007 -0.038998469124131734 0.33799698605939327 -0.22448649726378422 -0.27822889035324644 0.18078890913420617 -0.23978050993859085 0.31984544833997886 -0.3956250885398844 -0.10529413452342073 -0.2614513015785743 0.23199534222494334 0.02709809347711967 0.09934833348890186 -0.091486099559069 0.054098425825191344 -0.08679060565036431 -0.007256035983686445 -0.2159529875738264 0.08883234135807129 0.060184565056101376 0.11863992097845415 0.04922097466672124 0.0666494045235638 0.26811134109755463 -0.23639497577112656 0.1569782182709707
0.11197219391104118 -0.19560911492822908 -0.007629071945514978 0.04358045458292606 0.17085899429070606 0.14455521537246668 0.20777075264821862 0.4148477686512031 0.10519282749347054 -0.3056520567517922 -0.16255023070666358 0.16359003721282084 -0.31076112929576755 0.18368593207322093 -0.20171541035872192 -0.20326316531204397 0.049813842997728196 0.08551415492120013 -0.23670827778982018 -0.19110103239401877 0.014003586234606402 0.06243215874350197 -0.24971924061340448 0.25125284187787983 -0.03094372473481172 -0.16771324669517984 0.022429587570512083 0.22445504711885864
-0.036222182176692076 -0.3172032795157987 0.017866623030700794 -0.18268336574675914 0.19845770260219284 0.38169703234967184 -0.04258363176324415 -0.23684715392429448 -0.02970990624954874 0.06338235384985412 -0.2565568333865594 0.030217992904241927 -0.186543191054831 0.2507086715776146 -0.03661577587593056 -0.05977868409017629 0.23687381166668134 0.12759948565297713 0.14722377227006186 0.2807366466604333 -0.17633558772393576 0.07760985558354822 0.29430867534181654 -0.36521409513753883 0.028641049214897463 -0.12778902111361085 -0.0009173560282128291 -0.006423059250812001
-0.36551060694976134 -0.014739208092816992 0.3077527272326077 0.04125546864784419 0.1312270534397614 0.08901180777967067 -0.07075800909936264 0.22701463686908505 0.04399434388753762 -0.18439585819785353 -0.05464050111014009 -0.1789062603284154 0.05111871630929151 0.19874280071648442 0.13336867039136122 -0.09354736482503086 -0.3923998707424864 -0.0919025136435205 0.3010764581077152 -0.039666302292115214 -0.24564101832801333 -0.09466961871555216 -0.20685926779502326 -0.23712495469947636 -0.09107958834538549 0.19313657434939205 -0.24072155022743733 -0.14830842842453065
-0.25618105542104735 -0.3092542371919485 -0.04844471063987113 0.13764010276626765 0.08861293562720983 0.06412559057874412 -0.054780920954683156 -0.12509763934069654 -0.09839469790933014 -0.15449352209117256 -0.2799496587145627 0.09242461966358151 -0.03313445306941306 0.016982665690278214 -0.4369961837583464 0.42031109611628426 -0.08290958074146608 -0.02092343689601625 -0.19665108498657977 -0.06912113369049601 -0.0905860464069072 0.2404150711115893 0.28004627968977963 -0.21968432904019938 -0.21642065983113373 -0.01158459317182576 0.08178711438800818 -0.015318099772674685
-0.12530815730555794 0.17845401190918897 -0.40206131060977635 -0.19588468336947845 -0.08251726622417364 -0.3369407453677033 0.08195062524956774 0.02350341791006872 0.07562381122768345 0.03581414775233036 -0.07246907111333963 -0.10695898433212857 -0.031698962181750855 0.13428024185675588 0.10048521889620675 -0.2215104711965417 0.16688381571222977 0.19703317435790885 -0.35603014731931765 -0.15554684175595512 0.25809575892076475 -0.28594618857924164 0.28810281616291533 -0.10479683445502455 0.004521291020310154 0.11088184414318984 0.17380598886338633 -0.14288141326494747
0.03642725387307028 -0.3030196744132641 -0.04325661837596349 0.06303885182473075 0.062331291008037575 0.006758926129229506 0.16715624974918555 0.07657395282210991 -0.032706405697303514 0.11765222781990042 -0.0034768522594328466 -0.026957606880716717 0.17020896757119913 0.22070830729058016 0.33219242294587803 0.09257117848816426 0.17910829615970658 -0.2559798500731958 0.11771026591721605 0.16148901357050102 -0.04910102047840965 -0.42160181352771614 -0.07334853686704369 -0.3577037632016262 -0.0016238062251378584 -0.3007094867709095 0.30977974663647145 0.11658997943629919
-0.0773425345729992 0.059674577663255714 -0.03450871430429816 0.01289371513065549 0.1006578522163261 0.2186333782737705 -0.23648229706361817 -0.027331791814256535 0.17317021822152773 -0.1330071340534458 -0.08718705751558568 -0.21689557688898012 -0.05554221108669595 0.2871615563126441 -0.2971163219874002 -0.4287791379976826 -0.05737734424850693 -0.07025468753353015 0.31622207494701976 0.1381626426170884 0.11473508336907869 0.12688968173742546 0.014157305304236837 0.04814047386140637 -0.45978245655595357 -0.0128517965147917 0.00042204272093386634 -0.20936702037483498
-0.12181207316521332 -0.041405601820110806 -0.21700277109945684 -0.2456241091301623 -0.006333229923942175 0.4116336644482705 -0.06934050504652102 -0.08892342482392318 -0.130539554542613 -0.28023188096147383 0.3506086836217564 0.12639488774311755 -0.011094908919749007 -0.11243813432072801 -0.1888111940703607 -0.12845197901474895 0.1284843561093917 -0.042795987329422115 -0.3001301661789447 -0.10000896285653688 -0.018209590069705277 0.07262794942445465 0.19391828110850953 -0.2553592672584072 -0.3340301952694559 0.020786555509756766 -0.21950013979263003 -0.08610025603124212
0.11329693786146142 -0.07807411696928636 0.4858814148093365 -0.128195846576759 0.10228423614473146 0.06765172381857279 -0.04148686437123944 -0.013500920460483169 0.2237098608177063 -0.18891620341704232 -0.05789547558918294 0.06601941313223064 0.011661050836318994 0.05521242019786687 0.10430633237301193 0.1778963043527095 -0.30829899817776363 0.189031503894102 -0.31417603791795395 0.17664841039956403 -0.021463687569805823 0.11122322782041562 -0.375791216316034 0.054489417230006644 0.24301539765658747 0.0680497708133061 0.2619288600808516 0.14982668962655835
-0.08180840082703106 0.35579815068902004 0.21355369250443212 0.24051841374957847 0.05428562626900093 -0.18296039385527227 -0.023143376474380844 0.311491674835094 -0.019204164026524313 0.10757476530044459 0.1680350337556646 -0.09498200497260405 -0.05817965367726551 0.42064747993004215 -0.17713049284301152 -0.05219969512068342 0.07370038865989642 0.026131577369129858 0.38605695880834484 0.1674423443783842 -0.012264210540442692 0.003328212109616344 -0.2783797635618576 -0.0399092024479301 0.297923814279077 -0.09192217902479406 -0.07738836468463242 0.003269761701753305
0.10450920345437406 0.23001064927796103 0.01685872766327615 -0.1605326032687191 0.08219563859453535 -0.36850861498672144 0.45593782733225163 0.07803776742070367 0.005126312644646187 0.020655239455292036 0.07601987843230426 0.10400491521472534 -0.2969894497744129 0.1526490275154412 0.32915872856637934 0.052377653210744904 -0.36500740668832216 -0.08930688151171395 0.048329878598308604 -0.10391769719162541 0.04029026967798311 -0.03326193403091099 -0.19823665010379538 -0.16881917791020024 -0.07462099326958424 -0.20302258181186575 0.12326359131862408 0.16463066654250402
-0.02400336950076954 -0.015696016658847855 -0.1522349484207957 -0.3045478754780727 -0.020662356231271224 -0.008707159192865624 -0.1273017301486261 0.0116978489418219 0.10219954435916033 -0.10980888221200946 0.20912187124826945 0.0006570497132764394 0.2329794084639658 -0.26494470071952136 0.2880513153217942 0.0822232252671624 0.05288571944115388 0.13738491638525302 -0.28829529435952944 0.06482324035055793 0.43969451582930086 -0.01967896235326427 -0.22662532300978092 -0.16597918698019404 -0.23504203190333534 -0.14539906605826738 -0.35233816839809784 -0.06181094457935187
0.07672138888249046 -0.022175876733699668 0.06939249040276634 -0.09866785279700377 0.09212023902024563 0.2913511379068904 0.05556016112453308 0.22161441581909794 -0.40814834400571304 -0.3701480613622103 -0.2591629267105809 -0.20147033835499487 0.03779220677644103 -0.02410753302877173 -0.15862944694772585 0.1447120609308257 -0.31117468587017577 0.13651743825365312 0.05679243372822761 -0.1663422127454286 0.4405112188863317 0.05669642470639926 -0.05940292752164365 -0.04039083291263677 -0.1170972063203236 0.05268145130771473 -0.055092339128834815 0.07567295700598778
-0.00245667844144941 0.04372577495116493 0.35579521108307316 0.3935306734711443 0.09414668824353159 -0.1522927067699432 0.09015115480166654 -0.06672076332645203 0.04934268575396805 -0.27010082647327144 -0.14066781006759593 0.024024618907131482 0.11610388020511213 0.04036095348570066 -0.14820446469927961 -0.21355151332686645 -0.18073765399273878 -0.18056115238990836 0.13972273857038395 0.11938018807150767 0.18430608966578732 -0.23458139049989507 0.18641427853022932 -0.1320152535520405 0.4377276907977238 0.10411659021232153 -0.167790502699031 -0.15080024253957758
0.0713650113097784 0.25811375075832604 -0.11018979732229951 0.06540251611819879 -0.27153854556876933 -0.04831948245184479 -0.045973624090111354 -0.15504306012167915 -0.20929872371272204 0.014508647768481452 -0.18675262000312387 -0.2627945543967966 0.47387277889205903 -0.3668755476234742 0.09939047269901542 0.006131424932786399 -0.09149004747816561 -0.16646258607840075 -0.010461199501830729 -0.24523081940405816 0.10015265523484716 0.2524529217662667 -0.257138329192936 -0.01891979319171468 0.1547687513755291 0.12953731156916418 -0.1155513445787241 -0.044359159967097224
0.08195742486500714 -0.09250149139922657 -0.04605616631203036 0.090555559308814 -0.10947801485299835 -0.05655186035039673 0.20767740872771476 -0.12903031063011988 0.3494596586008526 -0.020788938562798908 0.07358478444378387 -0.0696712317929283 0.30740127594123473 0.008889291557342412 0.2564574304962803 -0.24858058454972973 0.01953522467940753 0.16494706640272672 -0.15550124640269325 0.47671442705030115 -0.1307366386579021 -0.09031157372477723 0.14860733635019008 0.34853663726427675 -0.2363597499485292 0.10126030167706045 -0.10164683782713582 0.142105951268282
0.057470946399950686 0.12374887626252265 0.101001247334167 0.2566153931859841 0.21095248967123517 -0.0717290232644415 0.008501836743349315 0.12153183013235726 -0.16379366809233398 0.20156931316910406 0.19851377011386512 -0.2885902983651596 -0.09086599650304031 0.08394446926952834 0.05561025032768464 0.19915336856462396 -0.005780755952629814 0.42830151675172484 -0.09695806476263397 -0.022142840958565536 -0.43264064048694073 0.049735423549544196 -0.14746893428361418 0.3299227613388804 -0.020506064718102197 -0.23766794904193966 0.14518724333095928 0.03214817802738652
0.10815276607146668 0.0014754776758268541 0.03791009831305233 0.032149600915801844 -0.5130089193280836 0.08089767605543208 0.24020709689723163 0.0898289303222483 -0.14580927773983446 0.12055824340704603 -0.0903419984332218 0.33887688280214795 -0.07986091727027478 0.4728768122382957 0.09676272670355494 -0.05611125082321242 -0.11787159968956817 0.14365882773753655 -0.17000503124992875 -0.03862307092359983 -0.09436256814167773 -0.12838563397823222 0.06205149859486806 -0.17395387477269375 -0.09150632557515417 -0.17856292599857487 0.28915237287145307 -0.02744832897005657
-0.07113559344988854 0.010615931927523104 -0.5750162480279605 -0.1081399374918977 -0.23151736488109953 -0.2272822649363058 0.010144496728487815 -0.05738762278770375 -0.06160298470231751 0.111659025634885 -0.3838921235123863 -0.21649859224288667 0.07282091569089702 0.35638779836564216 0.028096013896876184 0.20848720466904835 0.06394148189167431 -0.07253827117499743 0.26070669448681777 -0.023902735816216193 -0.0810249082560438 0.012037851272475916 -0.048769200740116064 -0.03569345135525835 0.19410839056888318 -0.05498328658605756 -0.07184661876857024 -0.1504699563426707
-0.22556859386216332 0.04848975139770726 -0.3940881106223162 -0.19284040414803255 -0.060535262220756614 0.1356637542425987 0.13061415847042102 0.12269709926556782 0.03188678177547516 -0.06918747383396046 -0.17303298487260843 0.12110766421846411 0.309189210095474 0.13737132629799104 7.685810848028304e-05 -0.155544680348813 0.42625817124781734 -0.2560771537576056 0.017287925767536152 0.043412992091948883 -0.022306696565813786 -0.24623407714327367 0.27107146820278166 -0.14143214243944105 -0.2847824950983989 -0.06114704377519756 0.14728562806723308 -0.02041917905058245
-0.1906211990306224 -0.4681926471402577 -0.007589296445110069 0.1268327998041655 -0.04695494564865524 -0.12046290176753931 -0.30833873594252464 -0.15461852350555885 0.05896742806592971 -0.09369753015329364 -0.25730433355141713 -0.12275515274374228 -0.08879211797110409 -0.023142598662482174 -0.014202486211168232 0.26231043723138925 0.2465874756849207 -0.3227844491440002 -0.03568437892769291 -0.245865050886674 -0.16967866713870108 0.07802328537311534 -0.3159433361533954 0.1968026639733234 0.02699898351027274 -0.05253948567570595 0.1303058038725211 -0.03230149595940243
-0.1477879377564545 -0.08597817984603942 -0.1910614043672051 0.11126133979312405 -0.3214716244300903 0.016120978697391947 -0.07193977686681603 0.18159821696588657 -0.01603327584791548 -0.0693159370307371 -0.11287611566996764 0.0646657225648072 -0.21619135336200088 0.07990226034847542 -0.07363994255277814 -0.03192847372618076 0.2219204166645289 0.2663593757195716 0.3677845909353407 -0.1070371259325186 0.08335114043630248 0.40293001717499655 -0.24975888973407204 -0.021297061139305063 0.06677275952139179 -0.0836488704242826 0.26946194415944735 -0.33979261932888644
-0.07930019732541883 -0.010644774838047984 -0.19142519776557565 0.36353263861820906 0.012686160362233792 -0.09851774349359119 -0.14524128872481998 0.23243769185375646 0.34261124739182985 0.1736743579359571 0.009271676259780287 -0.03751633882624143 -0.3610980319616089 0.18902576277313174 0.14085132724624763 -0.2064967028032734 0.05815995561255369 0.19716844499920355 -0.0125412952239367 0.3826367290425453 -0.07423472477996212 -0.13144796300699485 -0.13521531002225565 -0.07434107134756884 -0.24089191329261148 -0.21307882505492248 -0.1262680990970474 -0.08583698504892937
-0.04344332471536028 0.06379861500630213 0.11104814831720793 -0.17281464227633214 -0.2990149000840357 -0.035821763280760616 -0.11263219013571589 -0.08078617655184106 0.3652791860533055 0.0456391842868796 0.31027472772158227 -0.230946647898283 -0.39343898432320307 0.0771146072292796 -0.21566196073178745 -0.016220856567863758 -0.09139098844881967 0.1571747414488864 0.18887850495262246 0.1175448184372831 -0.09232439555388237 -0.18035668428787957 0.11397798978144198 -0.2589036357876913 0.15834726480442277 -0.19881663575924305 0.03808424782245076 -0.2821928650294336
-0.04721868663618405 0.04241483405952119 0.07437498729486766 -0.11829276718649358 0.35123106153581457 -0.2129150656820448 0.21602940085376926 0.1902128743048752 0.012814222503578115 -0.24964028725249568 0.09475871712824062 -0.19930169067041786 0.0761631260684008 0.02575463214688974 -0.19714583901106114 -0.2551606537772138 0.009542833780930777 -0.07428003535319092 0.13988419815337302 -0.3244957292571447 -0.3797719622468054 -0.2255034511499538 0.055609523719478776 -0.09358082246987036 -0.22244973170000512 0.06902045790914425 0.2553326233630662 0.21548541927167872
-0.03576638922313991 -0.11250975790863695 0.2125509497638326 0.10336732733226595 -0.09055170087944386 -0.030779548608791337 0.32666893211836784 0.23073836124630928 -0.0152394653853528 0.21108517566128807 -0.23799744000837672 -0.3177518419350518 0.055370894495913134 -0.12544881463450652 -0.2768690988842943 -0.32513639759286417 0.0884364583627186 -0.3628942031256653 0.15961424613023956 -0.28324134011793234 0.016516237321175797 0.14846865084717983 -0.15217716289806704 -0.17294843252910794 0.09039342472481612 -0.07204502473878184 -0.11555876153263224 0.10105680741105003
-0.23441520755933007 0.05713071006359096 -0.18324233641560475 0.13564690789777228 0.030601340784651355 -0.16151448706071792 -0.035218513795405366 0.27068458318406763 0.22554466018323566 -0.477192621126954 -0.16278027768002679 -0.03940634679344866 -0.09962789606068535 -0.09887239218437859 -0.0818410646967401 0.10749182186437349 0.09968156057123273 -0.03534090045581913 -0.1469917952747325 0.04823539489983625 0.15070862800054755 0.1426963759339937 0.5778616148198237 0.04190902479351478 -0.023345607077969836 0.13477386674118377 0.06387172355861159 -0.08380635064472189
0.10988574621280141 0.11351206867509855 -0.25146909333595013 -0.17954717427436057 0.02369791568428264 -0.1503975970530993 0.15331318307714975 -0.2047668077396706 -0.036112439128181684 0.23739470414547986 0.4310944392486746 0.1134278698092118 0.10585042976433726 -0.1464642156328487 0.17027219995766518 -0.05162521273224477 -0.026807264936025785 0.11473284301059399 0.022952394297694766 -0.11030581538200002 -0.344489033533267 0.26072999827164794 0.20803350547238658 0.12166033551180269 0.004862527088609317 0.33067897456079076 -0.2679866695164461 0.1333071353906806
-0.12369691069543877 -0.1053226582174561 -0.2457586174594612 0.28289762010616126 -0.31499826101666795 -0.2576221152477671 0.025840056020025003 0.403720208982946 0.29290126203885775 0.13094444679283612 0.04141536440832996 -0.018827668450350426 -0.13079366970681108 -0.03136850214345264 0.13992754004226032 -0.15495668322948833 -0.30611529904855356 -0.24070839633093627 -0.08912771378116932 0.29941341503121266 -0.09128170654966047 -0.06628629580632663 0.17438875704080717 -0.10734970929203853 -0.12295937283489784 -0.05932093080226766 0.010386518572703304 -0.12079228282968112
-0.38960762807836014 0.06313058789140165 -0.10400265682852514 0.020178245609772587 0.0427259976654112 -0.32925353731274815 0.016440123713615827 0.08902004900605041 -0.09916742874256793 0.024587975304944665 -0.2113728513165842 0.2569577655910596 -0.40243751028369074 -0.2400942297296017 0.07661391757209106 -0.06958329302505505 0.2888257781298326 -0.19333438652760876 -0.04857945000616973 -0.0855818985198894 0.0013323676956357275 0.025669708724885734 0.3740460752219107 -0.07189693309096265 0.27873322507378756 0.0029266378768287903 0.03431463414175899 -0.08949786781582382
0.195123175361988 0.055457793834571625 0.092667181061369 -0.06794411641210546 0.008837640098756493 -0.20784281858288758 0.13015401469059568 0.24487091054352414 0.03748234962611079 -0.1256040177335107 0.1697661615827528 -0.3618573877306742 -0.18687283053416287 -0.08854211063454025 0.47947037042415325 0.33468779120659625 -0.10500428951057028 0.009862393299233068 0.004023867610199493 0.009171705262722658 -0.2460221676971126 0.1319538133213463 -0.16224625018607872 0.05900228715064052 -0.05715147535980144 -0.13759402882633912 -0.15095916428558245 0.3160748050667149
-0.22150002200250135 -0.012631397966834714 0.13763246230044765 0.04631509680565711 -0.2464722867368086 -0.16177663407104778 0.10531147155620775 0.10662042994393449 0.3556559705762801 0.12219864729190041 -0.011411334628802663 -0.08556808144413122 0.09348595204042183 -0.17161775124709536 0.4755505094993301 -0.15085707069518875 0.22731584734657448 -0.2194856683468958 0.15766436031245337 -0.21921663862621313 0.15057358639700172 -0.059335416925832316 0.36601344000558994 0.060186607468931966 -0.17543125108746835 -0.039787975230614996 -0.0713818497854374 -0.10169133138183284
-0.1929096223625276 -0.2600971008396289 -0.11204773938496455 0.0842390182649703 0.1859629663678245 0.10768414675497498 -0.2060846035194295 -0.24133028967286707 0.2323723514643904 -0.12259833269399012 -0.21560771135153978 0.042331702560722585 -0.3708003710403689 0.09052860203274064 -0.27227051896804827 -0.10923001071645828 0.18618646328822053 0.011067620722175254 0.17920310310349793 -0.0012986246744248428 0.21712743422499042 0.01979963448035957 0.3391580565780059 0.1517841831163226 -0.21273159403812072 0.06959538962217779 -0.15923261908091838 -0.22710993349026748
-0.09418346627134226 -0.16173155436882128 -0.12491323965381618 0.11142973558114493 0.22222190957051474 0.0066561969632368415 -0.026314142967283297 0.21985636412104007 -0.10902972617882825 -0.16159071056660215 -0.09623100487872244 -0.18009095579084267 0.0932106890338852 0.2929193731202455 0.4890049966818756 0.2729611653801118 -0.0062587101586011416 0.33512672765528184 -0.06243618250633564 -0.31203778471983545 -0.11543670765397045 0.15278089728584093 -0.08225959369873088 -0.15471274467310445 0.13839027125623138 -0.19302158978370165 0.11228104062429574 -0.026057055191110803
-0.18774229294972603 -0.30531911158130287 -0.22720930665810343 -0.23256659004789101 0.055508026456788935 -0.08450018052234291 -0.09552396679519483 0.183804858410322 -0.014057568864026194 -0.005701130436787813 -0.10106841339751918 0.3382528026015398 0.257320698322184 -0.2742552063766148 0.09288484105157939 -0.0341556995785849 0.05155620122701634 -0.10415298869060009 -0.21416039266139686 0.04182641313334074 0.3179613088523015 0.31846038068886645 -0.2143046075128901 0.05497497962790283 -0.04216781730809573 0.0899780085121511 -0.3378136528612236 0.005475403879908867
-0.161975250485849 -0.0834021698896709 -0.22404408083163663 0.25401475198332096 0.023998095586244366 -0.015595271649347583 -0.28639871696664104 -0.35824972188712495 0.03465925449082383 0.06684446610592928 -0.06700760488144515 -0.08280412160350638 0.02296767981333126 -0.040329207368288135 0.12178672445248212 0.19638095478394527 -0.5350482296363311 0.27045979172845386 0.07518154761064628 0.046405531215488516 -0.06952607122737856 -0.15730200742279904 0.3131780769804516 0.10125076894156614 -0.08969633868664731 0.11625471355530644 0.11434079190450468 -0.16899684434841902
0.2834238152396015 0.05123320555673942 0.30204790881170324 0.21414113614455693 0.23417004213087625 0.10616751078490737 0.2611944308753428 -0.06400747910021413 0.09124198145072954 0.04217905540978582 0.1581698138303489 -0.2406679733005226 -0.2898611393456462 -0.159165508027759 -0.4007292138414203 -0.18976821649874406 0.01539911309274544 -0.2925213726326334 -0.07344842668180859 0.2714750181036402 -0.025679678906537932 0.13641582493558171 -0.049481612123083434 0.0955861549997511 -0.10662128230665925 -0.004784224498041382 0.07602899734114134 0.17208614052208812
0.02348294768119134 -0.15601201158209502 -0.2314070399724157 0.12578183725248426 0.2985972995730112 -0.1462453589550032 0.2995595272246686 0.21664300033192468 0.2852663953038305 -0.029469159015458643 -0.14497836202062922 -0.023715421980914992 -0.01761060713168512 0.23510842327213813 -0.07122970970518974 0.11608581916097047 0.4109849458134926 -0.1161387590108747 -0.32191559980616663 0.0780170874610451 0.0802508150597412 -0.2860874868438945 -0.10832075338969308 -0.0003552415729602345 0.2621794880306159 0.06972965959212186 -0.12054374415518256 0.017151084809611163
-0.17521889748281386 0.2947095268117394 -0.0717070638553267 0.10706850477316451 0.04783715983160766 -0.18068325159814347 -0.07666053664489517 -0.031986844821532016 -0.04891808820528843 -0.09116953843783678 0.0704258380836293 -0.2725505617198466 -0.07473738754721063 -0.04825673691424138 0.1700812589496837 0.10432825841641663 -0.16756432130822427 -0.2889427664085627 0.10810793839833646 0.23518272961171952 0.048815845341349674 -0.20819722461942033 0.3320580608259978 -0.008290491320857274 0.33172630131555475 -0.2751727404896815 0.01968806241669411 -0.4068845470348318
-0.20525399917563397 0.09012596061940517 -0.0018685491759266597 -0.2880875479925123 0.11653698003801599 -0.18260821591100762 -0.21804217518495927 0.3597880581471126 -0.1888870549936009 0.15540985129764856 0.06822207750154453 -0.19683603085717247 -0.2851242601237847 -0.19776494085645283 -0.356823542579583 -0.05536165705312947 0.2002838188406591 0.1890692366951566 0.09790356034212304 -0.0231047102646075 -0.013478943533956143 0.11947604285040736 0.023288665092627194 0.12162820909425333 0.12414566132541408 -0.2538387961165842 0.29615515727957853 -0.07405311442698605
0.012430966098180719 -0.16250820313916722 -0.09669184972920385 -0.04728915267680584 -0.2423639589223522 -0.2801524273239067 -0.01063674749142888 -0.04971831850777514 0.18837385627539305 0.39898457142082877 -0.26867127864957824 0.2849979326789753 0.06384909152882318 0.23702139479373505 0.11915698870247317 -0.18724901305209266 0.1470525986529117 0.41906910146307086 -0.12988466878170307 0.06721543702129731 -0.21768228944238824 -0.002813639896054878 0.17902723881641047 -0.02310180133082745 0.0930205453482063 0.20606832368858452 -0.08148553340038218 -0.08986779229637736
-0.01590078361257561 0.39287347753773894 0.12513147930959567 -0.2065537046830861 0.24847931934982462 -0.22245315322134993 0.05243140332993847 -0.16719469025523112 0.008248321092853244 -0.047420527622400115 0.03092297678803777 -0.24123979627656347 0.2424978947495603 0.31648764515336514 -0.2567659559453713 -0.008215972837441915 0.08180872868381787 -0.4020034873452016 -0.11818805367222678 0.01130551342817794 0.1848142004333315 0.05729305424317179 -0.06899150176086519 -0.16154698183486577 0.22964416538888932 0.2033305231368181 0.04529380987681026 -0.10902403519009277
0.1330624119699636 0.07680367182475273 0.45298989205308265 -0.1191768126182868 0.02153992353097237 -0.21095248346639223 0.033494408782764544 -0.043054877722934766 -0.19277419904908652 0.2940504655181424 0.1126775187725856 0.2593276136559596 0.07046342181183718 0.14901111235393574 0.20326214921264335 -0.397942248768704 0.15935195914731767 0.09305848886911307 0.10586249336102138 0.027490302769771047 0.2396845119444543 -0.08355965567044363 0.12371934031153055 0.25327455197353327 -0.028544949416170716 -0.2758385216662129 0.027226951909697324 0.10531237679806965
0.041600234021962154 -0.06370803041948576 -0.1163397095915 0.20389601128627505 0.04824553569790272 0.03379752057286109 0.08279403603909452 -0.11609159146601361 -0.155198951986237 -0.27115378142179314 -0.20517350938827192 0.2624872691268227 -0.02252569278145668 0.4152213960145435 -0.20802526548461409 0.42644002840849593 0.0070907035321090325 0.2520492917995835 0.08691509366495259 0.06836720174025719 0.23468156727543202 0.2400106638732588 -0.06618476014948312 0.19867871418746003 -0.18759220522940226 0.1298957261117489 -0.15554914645608536 -0.007114836603950223
0.036814878698148736 -0.186976591103888 -0.0540401127739966 0.3996335998423388 -0.047795814955976595 0.12668307108251534 0.12390849984683973 -0.2557621877064027 0.10245967311760461 -0.20959677008386168 0.021561755746485414 -0.29322374536778295 -0.04259838369813388 0.2453156715573605 -0.24234167658029251 -0.009057812301997432 0.006986015171991482 -0.21852514232217196 0.30915617991524774 0.17517176964743003 0.0012718093085323737 -0.054267233073801636 -0.08958602533818573 -0.10920650902558206 0.06490945861950323 0.47967709202363823 0.04302553273842578 0.0846112908845086
0.08249406967674676 0.025439713819099517 -0.3570505271563225 0.10471046683409822 -0.1658350561123419 0.09825766084039658 -0.4092761234282802 0.1376807408929197 0.062094383467193606 -0.03213614556009892 -0.2775298044676616 -0.009969105757063898 0.10372910012319968 -0.26929249627595714 -0.0796502518003054 0.007691288825281031 0.022928526517897917 0.3432296421789484 -0.08136095233882389 0.12393219389630215 -0.08917874337727084 0.24784768015224076 -0.007047867260673094 0.2120356201667694 0.32432652824618796 -0.17755973340096948 -0.08070261242842268 -0.2466942386338759
0.07766040569875363 -0.09518541479618034 0.2754649466604016 -0.44104209683991014 0.02402920948359769 0.07119334845350507 -0.02856733753366692 0.132198362104757 -0.1354401133247866 0.2424191181240392 -0.2651914448437065 -0.05145496905761011 -0.1531762042126857 -0.023969287644371645 -0.06456362546379575 -0.06279489552614055 0.02432982562927201 0.03788147758582371 0.01285628654670678 -0.3053578938771169 -0.38137673166682506 0.2587689691573677 0.09978081050151898 0.1738118629564863 -0.28523830454376076 0.09036236895375617 0.25773005130294135 0.06613442374444238
0.029899064412722477 -0.32971678628173146 0.022857463468006448 0.15687906138876864 -0.08819946900675253 0.309943833356979 0.06106685129458342 0.15877475855189527 -0.2356031823109897 0.3059237108891963 -0.09936918385212076 -0.1152720224167871 0.052229337018354485 0.33040097392661594 -0.20618891953523433 -0.17152655089518812 0.1579436575974957 0.1610612098828284 0.1054829782909347 -0.26089203190773846 0.2865751439253341 -0.32235237842450293 -0.12740611864332507 0.08610711049272851 0.11056338659421217 -0.13751478223780544 -0.024247255665488493 0.07003309271359448
0.043632545807649616 0.10798752369229875 -0.10355558577177984 0.02846617673366876 -0.4622707911511343 -0.22098816633030363 0.09719735050124799 -0.007663374008926825 0.2027683228969549 -0.35835930403317173 0.17170619456494915 -0.1425900458361245 -0.1595096797243586 0.4436293615028463 0.18099044274825957 0.05495330534652085 0.23796746595138038 0.00840013509813591 -0.14762974552048247 -0.0843326484595047 -0.018178574577270304 -0.02174174207645328 -0.03385582996767643 -0.2317242183649276 -0.06253241633914874 0.21819058090517135 0.159139266329923 0.08597547701616308
-0.049525044201234075 -0.26382190715563114 0.40826449187946323 -0.0024593959116823976 0.14912986545332313 0.07128798156548498 0.05851708549152665 -0.09977282738498977 -0.44467833262103673 0.2096350914408915 -0.13991687981675013 -0.20740847360387663 -0.02801026765925644 0.19449865381068115 -0.18452633255111892 0.018489071382291482 0.005835923290964452 -0.28330146399137596 -0.03568621060744006 -0.02527606998733683 -0.025984536761952524 0.14075259929862344 0.3720254889022185 0.03148371865723959 0.05148698729623965 -0.036245675581459365 0.310470077492808 -0.02878860930992739
-0.010826608802990377 0.0990550727979571 -0.5190708692357519 -0.13976716349692297 -0.17343161704225596 0.015468056477667216 0.10283194720576856 0.08830558898020936 -0.059514182632926106 0.042792066103985504 -0.018013906802089454 -0.11809318677321477 -0.15546731829180066 0.07834949028784122 -0.017984181170749142 -0.2385862546006987 -0.12202725921147044 -0.33264665243833647 -0.010609144338302018 -0.2679794652396765 -0.05821667445280469 0.21057616671763194 -0.24674562661563132 -0.35043986851593123 -0.25816869490775135 -0.18463115671532634 0.12315358148100436 -0.02031421607705861
-0.20877645560637684 -0.2176322225056102 0.2911740790374836 0.2662078004951252 -0.15369244647561175 0.08096133266727634 -0.11562620786902966 -0.14955927052548532 -0.13048761569222822 0.18295307481070205 0.2818830174163624 -0.1228337506155976 -0.28973560923678976 -0.09006250264810836 -0.22272304664185205 -0.2907110706158702 0.19979487596689602 -0.2728621681750903 0.3688220396820467 0.17998509950844585 0.046938012177415125 -0.03314457786942746 -0.07014110444144026 -0.12811829572582775 0.016109093870735017 -0.05478003737421992 0.07457180369082127 0.0033894422368991343
0.04071845902900823 0.38753579255830456 0.05152387637860092 -0.06271514865624947 0.11013941370817344 0.004665084690791164 -0.09555992482953542 0.06033906743879104 0.11772478809454788 -0.28586454215242457 -0.2974454723506246 -0.09912286743121723 0.18257499603766444 -0.31977288030160833 0.1276075836181379 0.08338598796059538 -0.07473464357493421 -0.10548942005706602 -0.31454558686504436 0.06954906840568384 0.32924949709202056 0.18889067650957134 0.045690757490950445 -0.27032909340394984 -0.2847713158534524 0.1790031146162654 -0.045343410964695116 0.0949241556363807
0.10587936426034637 0.07147541573820994 0.18989925002098298 0.03440858795613109 -0.0922854085267667 0.208496814870533 0.21335529238122697 -0.1981875254762174 -0.15511385438485695 0.3825440515347719 -0.32218519411114316 0.03405269269579222 0.005509624609049349 0.18305498206825435 -0.16857615280687646 0.2841138642149702 -0.23402914348254428 -0.08297519471162744 -0.21971892110357766 0.16755531136216323 -0.27234568055411057 -0.10042387255399307 0.10266507496874819 -0.16897575092761977 -0.24674037962043194 0.19459705023799231 0.16095296552621624 0.07481431120027224
-0.21681819587929527 0.18153767208699628 0.18096218393337052 -0.2188386379190527 -0.017288975211551656 -0.2892637898713982 -0.18024317669458043 0.25943890682376364 0.05434424264593765 -0.2875490452752961 0.14612477586610342 -0.2597076471294672 0.29694912005217217 -0.05955601074902285 0.22964161648499268 0.36067704453709676 -0.23310992120928775 -0.07675520079519005 -0.028716277162545538 -0.012503666822405826 -0.13825075796608707 0.10941556395900597 0.1784227386833909 -0.10966844393361264 -0.20747560057454703 -0.08503581895457095 -0.09091770883218483 -0.1092603979207508
-0.21682659327439513 -0.23554125782663013 0.18502608080077299 0.10075286760187636 -0.2661377565572857 0.07750651967290637 -0.13879487125448906 -0.164398691517886 0.19290357336402944 0.04122083478239583 0.03898002855719576 0.1518921726362075 0.22136830980265274 -0.05783410241243186 0.28088136496345667 0.3454861915421804 -0.006321424889231654 -0.057501503397858804 -0.10768604983387763 0.05040028339403909 0.04656233056644298 -0.02197287375477489 -0.5237733185066961 0.22014158226313282 -0.2559196450153268 0.04227708875897265 -0.06044417336669341 0.0449179645180243
-0.07491006084304781 -0.00792919742385057 -0.19652632877412088 0.18230882323049313 -0.10868479334092017 -0.258011897766341 0.1382070719745421 0.13798931269715564 0.0890495914950456 -0.17858587753373356 -0.2295393084372857 -0.0333319300947083 -0.26318951542112834 0.1472019461938907 0.014256832367706331 -0.12478856006920253 0.10193360265077842 -0.2809133164834923 -0.10362659729024223 0.5123433012885691 -0.34677562029887266 -0.019357985036627702 -0.19046763911331596 -0.12476734176654587 -0.01714540428183495 -0.13966366870108327 0.14564914255886935 -0.17199933570819417
0.029821240619867444 -0.09031053024674256 0.018296295018304504 0.09740859295291435 -0.5487774162273623 -0.1334065674954493 0.3076078741428236 0.09538005680785519 -0.011187991237953398 0.07210385986795953 0.28238418438504026 -0.018387428455803285 -0.05312874022627056 0.2327635682987494 -0.10970362183408267 0.08749519574199009 0.12197737548546053 0.2145575441807918 0.09560011404545606 0.29329539773433844 -0.2125807912576289 -0.049970057401477294 -0.08512688965458431 0.3361088280868113 0.15491416556678508 0.12494928120809538 -0.1142261696415551 0.14044937863866896
-0.16641047784891821 -0.01784716036525688 0.24151717219437233 -0.04997245337905427 0.08552205101589522 -0.11769386209948235 -0.31679717138123 -0.2774760208816123 -0.2564837624175614 -0.07553491701646416 -0.0537865935437021 -0.08169019039614948 0.1387585728791419 0.016314906124435067 -0.1816776097544092 0.0549754149400763 0.023941667850894518 -0.061636761950315096 0.26937264286719675 0.3029197075132991 -0.0773996859745489 0.030319542793373004 0.07205611050965645 -0.15774203868774309 0.2841431825112426 -0.14151116517031986 -0.2993087547492298 -0.4242755185557185
-0.026536036483728924 0.09935081439710267 -0.2406348800754402 -0.024606964308293754 0.10857028371772756 -0.11225522682452599 -0.12896512650496744 0.08462781620002868 -0.2897539789702574 -0.17408260887084268 0.05655449615718274 -0.06382159002876546 0.3098330382080965 -0.05561450176494624 0.05178201628915128 -0.05562624229794443 0.3851550408386314 -0.20904477957898643 -0.05974549964546992 -0.08533198722082953 0.2655834796468558 0.16812610562648403 0.3279120763441266 -0.010151495063252958 -0.3848891921536656 0.01692177188209914 -0.042548167333588634 -0.3110806757561012
0.06750215698001033 -0.15883586769646882 -0.0032766916860716127 0.23034482812791612 -0.3531383588020956 0.3478012583136758 0.07891722020128601 -0.09078142102391669 0.10931412521118195 -0.06910499883928543 -0.13441460604518815 -0.2511824833185714 0.12679922998680557 0.15790408844714415 -0.030303978967470543 0.16818146484269128 -0.31458558477123544 -0.005201434342334142 -0.21423021373023787 -0.15416835852296418 0.03270276947225211 0.45026489269779774 0.030639602029687872 0.3000785317672491 0.012512052839901188 -0.008069404563511231 -0.15430786052639545 0.03772800456350153
0.11582421143948031 -0.1322825022722209 0.4853895623958669 -0.05384685903557131 0.11077814287414828 -0.0672015827784952 0.017010521399349113 -0.2263054856406977 0.25763029644824686 -0.0813318925724315 0.04387037941658193 0.011848944615065067 -0.3285506668440366 -0.304376964177029 -0.028719401602216255 0.15935048530970744 -0.2588512962232075 -0.09958564061954703 0.14254209642605967 0.3109590912738759 -0.11700767301870944 0.21315498050112155 0.17971336510373045 -0.03168616650575892 0.11518441969001117 0.11997053813354876 0.15407257194666565 0.1505659405395054
0.08429897232223138 -0.14461749618797262 -0.014456487765737054 -0.0900382200577469 -0.11577217118442543 0.4159519956594049 0.18938750918651207 0.08318531837624324 0.07896719693885393 0.1675357934841 -0.02888658528980055 0.39460240903577487 0.04228159943317202 -0.278962006442831 -0.35593777889599787 -0.12918224868734618 0.04377978122841797 0.21391260233379977 -0.057637861494167573 0.08885613785185432 -0.07697917148310518 0.15133210315757126 -0.11346159582751283 -0.3315704367748814 -0.033450695810472844 0.1421003191473136 -0.06234896343412263 0.2913566962257321
-0.2765807380529381 0.26164380613997457 -0.08193902627175804 -0.3412539978056007 -0.13325904321302806 0.189051131564596 -0.09338226426204409 0.281438296083245 0.36614135510428103 0.13033818448009746 -0.11667061218449128 -0.286793881461745 0.0840603942830606 -0.1008528201096673 -0.142507441012764 -0.13507535253309455 0.3297669103845514 0.04959997888335959 0.16138008936719445 -0.17998763740142518 -0.18197168078307718 -0.08624542972609595 -0.19742320392480542 0.15409242196590076 0.07384732001991133 0.02229360366528228 0.04712631088252778 -0.08161284053029724
0.10555974235289915 -0.32074177399374204 -0.14248468334163636 0.43128109818520505 -0.0032942874892939863 -0.0373217021962537 0.11211656853470942 0.18536954047782392 0.015720352977457837 0.2947520216777301 0.03795527347572513 -0.05369665690021761 -0.0010855382137101228 -0.19231857600782432 -0.1470982373280607 0.13029729254591615 -0.05753072070077467 0.2262414277178092 -0.34053527056853294 0.07518481443027424 -0.3337771380769688 0.014973244045241165 0.09552420313385464 -0.14401477575503316 0.3675431597942798 0.10601727102519354 -0.014771570441642548 -0.011566773866953137
0.007866695955182815 0.13301440189276414 0.24766455155329237 -0.09659805954526948 0.09168502491198693 -0.1984908190881522 0.08911462077517034 0.17547786939366017 0.37517371817119727 0.027463524157346396 0.12711242507247825 0.388509168149951 -0.29209785893842116 0.10106497397901078 -0.10980817529141268 -0.04460235506326079 -0.05905584979674942 -0.05654407893018186 -0.3000495166629455 0.008769261475163154 0.11056041468657134 0.04979474889258431 -0.24845778384128117 0.2642255127949896 0.02054171994239279 0.055976368375739854 -0.258451197831202 0.3057048100160978
-0.14306212687719094 0.0809935560701047 -0.011513739960920335 0.10151917674969972 -0.30578005651612916 -0.10039055834886214 -0.3176406387839138 0.07203647845985442 0.35985400235696746 0.134456057007506 -0.26376481295583126 0.201070119313593 -0.008764812513232731 0.23885785355684672 0.11668179921035778 0.06433314989102233 -0.34452379911930203 0.25935513227089974 -0.08840112068683899 0.2759023324618467 0.033086099747457416 0.023279154875367428 0.11621419662611497 -0.16244955494130334 -0.05790725538744923 -0.16538585737067277 -0.10735723113067445 -0.2583606541461493
0.02840837414435134 -0.03463549829958405 -0.2256441588073537 -0.21476654790345745 0.1498304544716004 0.03227756367835784 -0.18371020980894334 0.3273920882700344 0.0829397671664284 0.3118999587796295 -0.039395283734500665 -0.2560977757576033 0.0651494777784576 0.0813613597475935 0.33030065221400967 -0.0906902720394708 -0.15592827824188887 0.41623453296667035 0.012867837078441047 -0.09062805619266649 -0.19798300774218222 -0.14979200797482226 0.2977952242429509 -0.016642367907586567 -0.1676535867750204 -0.017898201807690483 0.06500777361737195 -0.21874537839750566
-0.07089650464887125 0.21919346625658503 -0.03054220710855923 0.13536972639710235 -0.4852407753211687 -0.1421537084066553 -0.06450001048786702 -0.21688970525903678 -0.07025935086600425 0.20940806548371727 -0.03377435300262707 -0.1597042385736403 -0.0296183047168326 0.05735107041382319 -0.19572118994883278 0.021093999755642755 0.032933782315750816 0.31714942715857863 -0.1292617517166791 -0.04552512401767435 0.46414299120949837 -0.07177951592492413 -0.2754858404188363 0.09303148604721449 0.07694413860352124 0.016653580017724677 0.25980734965888436 -0.05634350428058065
0.013299127690902175 -0.18628079099555764 -0.089457066275094 0.13213344200966742 -0.07830131504194077 -0.03357418662136844 0.03761018161204575 0.14334921900448896 0.08206852211939726 -0.2955452912640482 0.039637015764531824 0.35343672405603177 -0.05899793970026795 -0.47617676364231537 0.1665234431227428 -0.060428303952553414 -0.08308040595768397 -0.2683597037582185 -0.06562357542827267 0.26205711282625815 0.11101853310761879 0.004288459269513734 -0.42276473552743976 0.1217642955426631 0.08754109738347794 -0.2036393181311815 -0.13226646897144148 -0.06192568323265671
0.09276949353332438 -0.11826814120627452 -0.09016689730346132 -0.03775083124039197 0.05558598816033951 0.21595223237945577 0.382058237695473 0.06833350468655043 -0.03965942863213786 -0.1296654127404076 -0.027404462170333117 0.2828787544874461 -0.33003587019608766 -0.2707981091612288 -0.17618852755451594 -0.0069105337153876996 0.004820829873189448 -0.05356251678029391 0.28584219345881 0.29442893939151127 -0.11389075359544032 -0.08600035889791964 -0.09095781482135341 -0.048077279071932925 -0.0465102345397168 -0.42975592139192814 0.21261538019698736 0.14383462691318502
0.4104874209669646 -0.05796751936605057 -0.03813636851414483 0.31662602971869336 -0.19021018145224214 -0.12712096958076652 0.02667707042184117 -0.22710767589428407 0.08806264297078109 -0.10390162556295647 -0.33085170606008396 -0.0929687746415813 -0.10276956518164854 -0.2593170859888944 0.0371618310584328 0.16363050530789364 -0.1543723152688375 0.10496479104558952 0.1756542794913723 0.0014452386217486191 -0.028150382665224113 0.2603932347246787 0.050926158540710566 0.19512217333167062 -0.027609351869738293 0.2966377583901768 0.334566034261166 0.05937915684062934
0.22995272419582513 0.10212265338317503 0.16961377603193661 -0.0007225117573093551 0.015059043546221493 0.20379835357678563 0.14698712916415144 -0.12203066954433621 0.2827196482105688 -0.07141458264206743 0.16662927697465285 0.02522151273019392 0.19169763494407888 0.12516375896610413 0.2148802060496702 -0.3636274149265719 -0.11330289419128999 0.269996303486551 0.05665020330765442 -0.3490520431181146 0.2825828984940467 -0.24934270957755925 0.19418015845989842 0.2796094214173363 -0.07912192610791635 -0.09559993299588448 0.02994728715424157 0.0207615612655104
-0.09421754933771603 -0.3644454626271175 -0.3573637108931112 0.19459469924401934 0.18551553862743983 -0.11113495590691806 -0.09279312441091243 -0.029235273837457332 -0.024154271322660136 0.0628821440929816 0.18900972819007522 0.11972139869853617 0.12765111486456954 0.07917777396668571 -0.2709356524898759 -0.07846981318932256 0.11326510384402214 -0.12698783888598755 -0.003876078666026722 -0.07531071103214727 0.032660453015074024 -0.43733711503148415 -0.1932539628825832 0.21467329293026213 -0.37274263217814174 0.054819203264096145 0.14028818276838043 0.08800309785798074
0.30206325903468306 0.25209605265933865 0.08108539904347732 0.012251469555269536 -0.2884945811034557 -0.0050566133159969905 0.16176061081722873 0.0878530563577145 0.10626796577417147 0.012124290546329117 0.3167849230107855 -0.1635191206269881 -0.335149367164149 -0.13516978543143895 -0.03514617028699359 0.3760329279260238 0.06173115701683867 0.010865078431531795 0.1514132948795045 -0.11378114893974325 -0.060857090525113115 0.09302690244393874 -0.2901556392601358 0.11419435267088743 0.35692154833889034 -0.024274251965243212 -0.11334622730168208 -0.13913759557008346
0.03874384866255267 -0.21965950746407772 -0.07505868887193463 -0.11204691103872266 -0.13723996249356946 0.1972378012007299 0.07492213679772267 -0.052711226972187435 0.19054067652522083 -0.18641848067856412 -0.11204948421951551 0.26129443684609094 0.2711417518562726 -0.11926003175721378 0.0013758700042060623 -0.5141988472840273 0.15147558623154175 -0.008454339860432378 -0.25069012145090225 0.013829511767616973 -0.011407490621335342 -0.21158306884037384 -0.4004829660713564 -0.0076333287129093114 -0.008352447032804253 0.05609096750615516 -0.24535485599092255 -0.08420114316061825
-0.03129238506122945 -0.04242453355629553 -0.15589301745738926 -0.0752122094229903 0.21494942404539397 -0.13944011089154132 -0.3448979901359723 0.005527053382671394 0.23688065604553718 0.324377122596344 0.012785574334095846 -0.24795305847942778 0.22139970253064922 0.005822685344203127 0.0241469287822764 0.06868975439968927 -0.07795348688963848 -0.30547818167442115 0.05425399115670209 0.4296479835607766 -0.07936341789902145 -0.18723253889433286 -0.035057993218582766 0.015364030092615465 -0.013965467521438587 -0.0873094826498068 -0.4095341289640327 -0.0029660833060312984
0.0031105230354089557 0.10967737881866599 -0.3924135645081708 -0.3273066635938321 -0.02268837312659146 -0.033464411752598906 0.10882595564157121 0.18144789941878875 -0.06280903409299102 -0.319781939923419 -0.11933247820761694 -0.1971167537354467 0.23659909160409334 0.019015284659849536 0.26332265249052134 -0.1595570133914716 -0.13808960668519468 0.015946958306689903 0.10841129588568466 -0.17710669552293065 0.04263747879743894 0.21430103344224702 0.26301037077850237 0.17660039863364912 -0.03561817040432937 -0.1865037245487089 0.1962434055203747 -0.29136188001676344
0.11588943006255836 0.0843630493128127 -0.046574174735974395 -0.04893552640542224 -0.004827589394287662 0.13237599316187154 0.14345630328678718 0.11613883763404897 -0.023733242649077824 0.1081192359635731 0.23396314694647566 0.730799031273651 0.11675986355035975 0.045027617431078484 0.197220585605478 0.08773643030773222 -0.1110673883647963 0.08063270503625197 -0.04495750736238436 -0.008964382509486085 0.17332502526538174 -0.1581119777615447 -0.05026488561263009 0.03762941771535031 0.10904844923984926 -0.4021551079318647 -0.07917919077420313 -0.01219636056195468
0.022896505207203113 -0.17552089153632366 0.18477342213282621 0.2525571544053246 -0.1372785585475116 0.2012648825812269 -0.01726259767523649 -0.01648866336438144 0.17937236781051633 -0.2518241841603501 -0.27885568893993806 0.29259186698557216 -0.08340003916834339 0.2567587824070092 0.0530409656517777 -0.2039122882372953 0.2819722951880808 0.01823021099874978 0.23827351158480484 -0.11583785110220465 0.3288043260984398 -0.028811263867699652 0.3146110378368509 -0.10054313166171881 -0.055225418065646424 -0.19700735263880792 0.15594441682187182 -0.01841854447279062
-0.07361205259351573 -0.011381527546393993 -0.1766036490985869 -0.045380995610094954 0.312807124986133 0.16527146051592165 -0.045904629123952496 -0.136760467214736 -0.20183845093541977 -0.3963648804156838 -0.38989428220753625 0.10240931404021758 0.15708781113439305 -0.04428451968743972 -0.1231219649199502 0.15818982529878417 -0.16541515637398677 -0.008747387626879625 0.14581301352171386 -0.08814134229311531 0.13541938065348794 0.02653094385274779 -0.038610432071765274 -0.27439585339581 -0.4549634182203589 -0.1683136215404516 0.021008851917892445 0.0015044426094458724
-0.00507104027508461 0.13629579279169565 -0.2513023079639869 -0.3537998537566997 -0.005179516352859644 0.24357317380568097 0.1612999874638937 0.2456162928237243 0.12108740838836898 -0.36445545918686295 -0.00831007301243255 -0.0020386102980446217 -0.18495848321845593 0.14633306356583 -0.02879899313148185 0.1203206847699446 0.20380317760528743 -0.1564479904664032 0.2665830983292309 -0.18186212657926448 -0.13915614049572592 -0.23519436834612725 -0.1621288575642729 -0.1166827613065092 -0.07328334297180135 -0.3069175462010096 0.20054302302447818 -0.066017407672551
-0.24125873788799201 -0.05214353209456948 0.1675725386979055 -0.27384805237283927 0.10401489750195614 0.23507350459297124 -0.18036496531277132 0.05451502627757205 -0.12922737122544964 -0.03325820469317434 -0.0068605002640782465 0.17492556601684847 0.3453710100392275 0.16625543799009648 0.018747516047565655 0.1328348929176002 -0.2928083600662777 -0.16022637736661466 -0.27445385046995546 -0.03394830914491313 0.04081003203504998 0.1761325007676209 -0.06392615729813854 -0.18462801159453449 -0.35119667401055993 -0.03219172530676409 0.2778737794475649 -0.24639688302760857
-0.2768260335108717 0.09505959768216247 0.17014472215512472 -0.26415253644151765 0.20355677215715826 0.29434508430683126 -0.04224463981207198 0.11283870097335852 -0.042117641514102036 -0.10275149385013926 0.13037268667027027 0.41968514056660566 0.06643959163013277 0.0026383524526033715 0.031993761097471124 0.1357844900090319 -0.07318085942078478 -0.24128856082543182 -0.32712455929509165 0.2506956452326503 -0.10279546052475141 -0.12896348145364178 -0.23348865296145385 -0.023497423301335415 -0.14934080098911737 0.30495204460187164 -0.0991670054377855 0.05322175484748297
-0.029233279831295443 -0.10031985557821749 0.1928102958392417 0.2781023366457299 0.3533275405543475 0.34526962360606966 0.09198318905440714 0.040233273331892534 0.04347722022205667 -0.06730191935918492 0.07727987990259384 -0.0037543069641071767 0.13423478678938766 0.5160460821961054 -0.14723809395522583 -0.026139932313846825 -0.09460687226987487 0.13890653874575656 0.14760445087063415 -0.1681125180168116 -0.22171213054600572 0.14742992808476968 0.10284067577156086 0.09347178720131236 -0.3539662200285031 -0.04981017805828439 0.06441551779222258 0.03034212618603758
0.2325024607740071 0.36372659577512834 0.23730660646452068 0.07767488050730091 -0.34356560725950785 -0.2053638938506402 0.26404050653585837 0.2145577388760503 0.05928843799462015 0.12633774147805613 -0.21705730427250575 -0.13812763753841587 -0.07111293170141161 0.0908496546295304 0.10081520831315725 -0.3634394246568572 -0.26635338797299096 -0.14282704075959482 0.02768137416682921 0.04215643276576121 0.06045799378254978 0.28491776741807767 0.04347196072939056 -0.0076305903595236145 -0.22436538130793726 -0.029892365341918196 0.046448817113773994 0.0065016947418954935
0.1425803503770102 0.009667635990468198 -0.33844503261466347 -0.0989606039425779 -0.18634072574278476 0.08658513236737396 0.07273828015709462 -0.0801332010454324 0.1262041488358683 0.2753109834275386 0.14106466908532886 0.36025070213016813 -0.20363739702072958 0.032220468275460164 0.044076110192877015 -0.4086517093277264 0.24770575320183247 -0.056479418893553186 0.012339545193563157 -0.061344808204356546 -0.20126382264267637 0.00257867925098565 -0.35199057858145466 -0.23722214298198924 0.1670337475938487 -0.16407701591689336 0.06154690929699961 -0.026454307625550923
-0.3214834064796806 -0.2789674747201603 -0.059813549059957824 -0.07229427051355813 0.21941406357347856 0.09152618498140862 -0.20549181798148486 -0.08744881675048571 -0.1793817053891557 0.22494730623932346 0.17395164110418784 0.0586787456396902 -0.10468530861836639 -0.10179711962396874 -0.23147914507093595 -0.05470390905126681 0.31080087436271864 0.24883828998873136 0.0021907259287684347 -0.1760340319034771 -0.06078376491181749 -0.1818114936181879 0.2602247289099972 0.36768873273261976 0.08661860984567864 -0.23872478793214 0.10118781913112786 -0.07311438998436262
-0.19769251082934303 -0.30912419821971476 0.1391039825122347 -0.030954379653481873 0.11718194489503955 -0.0032231836463309876 -0.08632432058147234 0.008601301295362414 0.20527967394550395 -0.030103107945382873 0.3295163984666405 -0.2026148502074865 -0.1253827253199498 -0.01735281757727195 0.11468185286695379 -0.13601005300694233 -0.07449547524012808 0.2740268103372144 -0.037272782184640654 0.26536146061659294 0.16979323385494496 0.2747777602841359 -0.3331335590982562 0.38493547692027247 -0.08859171415557587 0.04816717418486177 -0.21233884423176436 -0.11064863074609317
0.034756080511920286 0.07658030792288427 0.09620833953831269 -0.17299028064487323 0.16758523318064597 0.20210404322652514 0.14285999135217137 -0.27117703283755373 0.19683317874680428 -0.2341260679852733 0.04968995150344024 0.004302759116079775 0.0381226683486904 0.19493659310705538 -0.24547417199529564 -0.07951543632671512 -0.37893768955981916 -0.08224006182319214 0.1911679574474776 0.08478172619311458 -0.09087468944161937 0.11911705588019018 0.2515394287433746 0.46648611853476607 -0.11857446494336275 0.26488459090564814 -0.07357352414320553 0.04163602319597996
0.11002007128327175 -0.1762891812201162 0.41003524847113637 -0.017036546043373662 -0.1683994819767999 -0.014025560517552308 0.07407131628825998 0.06179725665485124 -0.01363649182330557 -0.023712476050844714 0.22261087829711101 0.09044094210128847 0.08888121873775012 -0.4388390039148617 0.11133825876973495 0.42344805526546175 -0.0495892824521639 -0.12610837170812597 -0.09313538564378394 -0.23601714338549123 -0.005844136896732683 -0.01542017824257382 -0.2045826094706708 -0.2769880353010992 0.14453241972254194 -0.14838802360974906 -0.13726132877852656 0.19113405836020395
-0.0987920207087705 -0.06638076795733219 -0.08966267521188069 0.14074051666134516 -0.07142437025783165 -0.1255396542760671 -0.0781744525295634 0.05518281003693781 0.3054231490212211 0.2334019512802894 -0.05748284827785945 0.12545924639488282 0.37715595675858377 -0.04721855861481076 -0.011399993204805342 0.05564297121403185 -0.07848420361973112 -0.4122493715934067 0.05168548481116237 -0.1321104008493835 0.13614748207204336 0.0031744818896259205 -0.09302629087349956 0.12425251397957057 -0.6084816024035408 0.02206161277590883 -0.04256982416115466 0.0451731150828498
-0.0026404078229393182 0.11138719812870587 -0.05404252424901306 0.17250711458176077 0.13273240104542694 -0.3268657483624945 0.028424536898811237 0.2536879807991477 -0.17371387079114894 -0.28111362085949665 -0.0306867727545076 0.03887777176671168 0.2818970599434661 -0.030521344845031 0.022572526535206163 0.3855629874047186 -0.04692947503341792 0.24404024340406172 -0.25613927640241946 -0.06070990792964498 0.23668255853468045 0.16277098957915007 -0.2989202296598144 0.2537017960056437 0.1732018256261355 -0.006729883100640988 0.08980966761227334 0.13663703429114457
0.02056799316066 0.12558732007329895 0.13655164027199584 -0.23595370974735103 0.3502940862092107 -0.26725312029549264 0.14474761808918793 -0.016052911644447856 -0.3035824121860802 0.05097861326075699 -0.2739081662006002 -0.21996599337366696 0.13701739411295527 0.21894229225027548 0.09404927119683339 -0.12691537945603326 -0.2662096973386803 0.2280750967174165 -0.28864533037960455 -0.17741531582660486 -0.002919677686502254 0.02051722472959342 0.009758874009363741 0.06877973156211031 0.00751171381314477 0.25985318913809496 0.22758730027072016 -0.14832670644496962
-0.2627475492242645 -0.01948528633586299 0.12844797006786435 0.1466888616826039 0.17851722192320438 0.007228410468551596 -0.07852783581396028 -0.07183941305530811 0.15452965173796948 -0.009746071618556035 0.48676737596356173 0.1755317784207746 0.0303398110636268 -0.06176823643256349 -0.04610499776357627 0.00678296300147675 0.11728859938325852 -0.31989563483182726 -0.08156173807826188 -0.13831292904972475 -0.039392667695128065 -0.033883012985197594 0.14446171200716454 0.22267202194809874 -0.552431268889844 0.050861766792210245 -0.16621405186916982 -0.016272185200680564
-0.23249904240886154 0.14977285015777103 0.16133549078200218 -0.3573287469040935 0.04874417884804761 0.07681298598600479 -0.025973181590726317 -0.2885436027336966 0.07549535687961369 0.37466616379382134 0.2076016566986238 0.09649169149859566 -0.07346318102706971 -0.07247641167144245 0.07209737066086103 -0.216054126363379 -0.12605646208247412 0.04090497365380236 -0.1562787074420125 -0.4361752743048706 0.10258804000663424 -0.1432428417963298 0.12323793706244161 0.048572684661503364 -0.21196265960303085 0.17007046362337003 -0.16688370752560872 -0.18453518918930026
-0.01038396232964214 0.17780747508322708 -0.1999677084649253 -0.018440564309823135 -0.09573324121228251 0.16667150580016354 -0.10874660404042062 -0.08660226669406133 -0.1479013991040555 -0.2302025861706685 0.09251599419103772 0.14716462978350042 0.12882520382654972 -0.1379991695281255 -0.2116559164704085 0.04896214148955711 -0.14598923975352318 0.43204090133954803 -0.004814673964530484 -0.14783946365352002 0.1622473342894287 0.26122360694385754 -0.31515667182201557 0.14004105227779892 0.1453055936816563 0.11345957424456628 -0.4186995390550307 -0.17639281638829893
-0.15818587971038098 0.18331160592176057 0.22527317720399143 0.07727804065779194 0.2864708023951028 -0.015679508310036585 0.040334003967906214 -0.010015053100922537 0.2387428922635693 -0.21842585899375228 0.2913779417467246 -0.11364338325839296 0.04408466316553897 0.040876380449895236 0.3259836856345555 0.21663116169568006 -0.22520797094467518 -0.1470759151763373 -0.4335835479354715 0.07746525384946858 0.16499142261397043 -0.10211934407986377 0.00477250399518697 0.07461895997335011 -0.1021187793413969 0.06999749478080991 0.009153584591989084 0.3410051060575594
0.15085112375315637 0.03858820003981247 -0.28886671642050793 -0.019153891749671432 -0.04633282692324571 -0.05402889629152119 -0.42557006938332365 -0.194123859495975 -0.08321143856806033 0.15789614563951912 -0.17649268725336556 -0.10997810508577438 0.331281293257267 -0.22596290330546184 -0.08070912069679585 -0.029515282360157248 -0.2754262601941556 0.20076177823827304 0.19908248456665487 0.10821645383758759 0.16901390855725637 -0.22169341377773255 -0.07491987533194523 -0.2610043465038774 0.20290781789835552 -0.21672464789994864 -0.0633757697351493 -0.11694132165669205
-0.0990759224143791 -0.20304570653628035 -0.14252969866713902 0.16114615467438242 0.1690376580567132 0.28096822858346593 -0.22323707766059955 0.1270844610909629 -0.008752776155938417 0.16145484447032327 0.6195239307530499 -0.19452230410149327 -0.04268889572345553 -0.1560335707672376 -0.41878784464520613 -0.0676850456480829 -0.13122679727869851 -0.019387204587289052 0.08397732949697857 -0.12223396914808445 -0.015360225282115458 -0.034217638479830795 -0.002591985187383955 -0.07363648529094559 -0.012115865887672377 -0.1184162865628523 0.09836636573465207 -0.07052922487731923
-0.05294710808448385 0.03218462782349743 -0.03632887771346826 -0.15909284038622856 0.22435630493255435 0.14617137342225167 -0.21788380543311392 -0.11983215159980498 0.13334819025516878 -0.016697951113652857 0.4523292031122146 0.08124895241686667 0.15369992375068697 0.134885479890418 0.16227998764054466 -0.07244970068095016 -0.1505644170820029 -0.031683828815653285 -0.31049179961042445 -0.2976150929288019 -0.16313369639990785 0.14792639250824674 -0.3685683937830618 -0.1014388191184962 0.20528440602263276 0.19190468356273202 -0.17386590723050674 -0.14439933072121
0.13344191845386497 0.094164301025868 -0.08708794200616995 0.08607232454452006 -0.30374240809606595 -0.3218064312334324 0.2687311710621104 -0.04934499762065576 0.2714981167377322 0.19878703582958182 0.10232420031906626 0.07429407304226643 -0.12131908206314297 -0.32413647285681546 0.03952083729344623 0.13274053744802408 0.041381650107331525 0.15737411906281887 0.3029080648633735 -0.0264592983019942 -0.21247659730634627 -0.2869836296027448 0.12625004065023393 0.02268931931182422 -0.05073707114978301 -0.19828760231237058 0.24121440130412558 0.23814377575933116
-0.19759614407424334 -0.10278607278475355 -0.28411755286337576 0.10680635967012937 0.136863780409072 0.10827986058907531 -0.07148816005322853 -0.2693395579017679 0.07213538183896019 -0.14485390892030192 0.1816924068952942 0.0778259637859055 -0.1818343115105117 0.14031340015683727 0.11584951819920436 -0.12821367740585254 0.1493698431696581 0.1050528405024387 -0.10025636291704339 0.3015699858959157 -0.14282016240167297 0.14995594177374158 0.27729730146259446 -0.20229105557016802 -0.23873947843861537 -0.4040789770028469 0.19724952578207053 -0.21921769440226943
-0.10575651272317141 -0.0756557622289239 0.2324211786018659 -0.26098170967077167 -0.03757694790634165 0.1412836220433162 -0.08087532383272533 0.05120742506660759 0.03721696702281166 -0.3573861147472331 0.01714696731439593 0.04738438219473653 -0.14516582854755447 -0.04198404311272624 -0.153483213785796 -0.1475112446793079 0.35284609283124146 -0.23262830520085753 -0.10989245400243076 -0.043314307011363955 -0.10100894368088713 0.2776384946747725 0.058218474079406855 -0.07517197984924205 0.27130233102297396 0.3724344311639611 -0.312579923664238 -0.1780713977625145
0.11195927691268816 -0.08590522856883626 -0.4847583925735831 0.270788837337182 0.2542370517053403 0.3468940886700176 0.2577213368951588 -0.035722857758681933 -0.1159818384835667 -0.13503132768292506 -0.03733191991158515 -0.05986933243768117 -0.10680491313087903 0.15925764416874738 -0.055777595997826335 0.17209617257625043 0.1569056151973308 0.002411778509968399 0.21654725832416627 -0.007655331261849499 0.01711718492041315 0.19824516432301562 0.022984312386076757 -0.3236480913195894 0.29284264553694805 0.052144810655708036 0.08450349438369086 -0.0295667455799446
0.09991331664972933 0.19383475765054642 0.19839357721140585 -0.2858089477981794 0.2652671592768498 -0.19636318409405723 0.08852719005686788 -0.4458775219601808 -0.022018980190325384 0.14507514145261613 0.022335936820457633 0.1581106268694549 0.09901584187585294 0.18240406041806165 -0.16930685406173593 0.04494780846316696 0.04866091626412151 -0.29445345551076324 0.3222900813348658 -0.04539037528102714 0.08648195856482357 -0.1646223952396826 0.18898079799824674 0.14083246073578357 0.05139522159816787 -0.22226141068849145 -0.21526310726129033 -0.10738139930883601
-0.1489294064561475 0.046897683918804056 -0.23839954449094614 0.014761838428967885 0.2933211811099663 -0.2219489976426996 -0.27473475806762715 0.17402738678632484 0.1557357500961186 -0.15303229115508005 -0.2132291297593316 -0.13931581237804647 -0.21568863333674684 0.0365758937763173 -0.0006286937581076486 0.22368570459572235 0.32628886212069125 -0.0038112358523423283 -0.11094495567431581 -0.042603309300454834 0.17382236569943277 -0.20922012881533417 0.1723386761937336 -0.05209276009111554 0.41653789821143744 0.049629994877528366 0.14968273870868484 -0.2041706486123273
0.05178343713736794 0.15831644351649116 -0.11948084032735556 0.18963496963240867 -0.20257892298379337 -0.3884665082986086 0.3021086128726105 0.25722747234399973 -0.15439732058173672 -0.07454074506521309 0.1439845251224347 0.2960868216200099 -0.2198083906524962 0.15200816134105197 0.14777201048721147 0.1661296022471808 -0.2459338068872813 0.24719695508563225 -0.11564709385087311 0.15025747383725563 -0.18094410007077072 -0.08020090450448744 0.18520268419729702 0.2616635344743738 0.05767901898562294 -0.015530891903000743 -0.06956961368402777 -0.07807364434657188
0.03848158840452405 -0.18426860603118106 -0.01256349200035102 -0.03788266730306934 0.12524776932169576 0.197707165327806 0.08466655491123228 0.1290598401756783 0.1763308957354144 -0.0770771721864477 -0.26173533943385163 0.3173064582680425 0.3411770607231524 0.2966723371907394 0.11034916132582971 -0.22910734508939687 -0.2756520961683566 0.06350121662699082 -0.14500303581197838 -0.28052576023962383 -0.44268806833586627 0.03580258369924355 0.06919396725893788 -0.11604918916391051 -0.0014108425700561768 0.08839271041808888 0.077270494809803 0.005732537912201746
-0.012714906489292363 0.12638765280057473 -0.3562183509692121 -0.13780219787617826 -0.03796411264584451 -0.12774204250033278 -0.12217816635409771 -0.15093059088466057 -0.08108829496835647 0.17130377135209704 -0.2653421800264651 0.15052643668247673 -0.026754840533667484 0.02314516155966614 -0.21634794180590183 0.09630659871729302 -0.2007814937268235 -0.060808428067103036 -0.10932287037353822 0.0027712299551797795 0.4701363441390087 0.24176447586588617 -0.18643279718229003 0.028179208994982927 0.06251430137501944 -0.16700469884392327 0.2844990215169427 -0.33535198233636365
-0.03064453139764894 -0.02914303642649112 -0.10275104267808803 0.13639610466082208 0.13352623507416067 0.37797096724229845 -0.5002299261307873 -0.07828693629432354 0.044284048815075965 -0.22285616022732593 -0.03871538136697178 0.29042097137210815 -0.008106312999079365 -0.15944737135118664 -0.0639405543016858 0.009384767753809788 0.21332033253178428 -0.10995310702076086 -0.10114565598508073 -0.11295384268188523 0.43263082541823167 0.15076855768434086 -0.0408313035474661 -0.16723937363542526 -0.021279161412412997 -0.1501733302153314 0.18693494832719754 -0.08242824819948823
-0.31570338443939494 0.35927723601368056 0.019263241764472753 -0.3018115094966383 -0.12456566404524334 0.326077588668185 -0.026636298099673706 0.09381403491219913 -0.33595453548482795 -0.08869090988906411 0.09247680772845472 -0.014624688309543955 0.048274553390557313 0.3098503476665913 0.13377447496062622 0.1896255228251185 -0.001568824476966904 -0.2356556814818372 0.26201095566599664 -0.11751735841828212 0.08720072653813256 0.032967782542999244 -0.2062743153171544 -0.09414652685104236 -0.2145932355168344 0.014685099015112333 -0.00460811482944034 -0.14953578192576836
-0.3161041859390837 0.0361139134113294 0.2873650724305852 0.20116878903281804 -0.07569572589255005 -0.17492365890072614 -0.221341518639896 -0.2195376457420152 -0.10164883947694091 -0.09713348599880879 0.2737172948678852 -0.20495652819282006 -0.1000069258423389 0.08564512466513152 0.19484613529629954 -0.12249941523182926 0.29342760116668337 0.17389882027522832 -0.13264772199696204 0.14145613409090468 0.012049578634230961 0.2709223544186764 -0.31811500792749153 -0.2805274019786533 0.0025113533462393345 0.03735867104259227 -0.06406447456807944 0.14938912907825136
-0.1570660086071923 0.030735836597144288 0.27047210357278123 0.18374016458912218 -0.04209035539278548 -0.13931284070428998 -0.03435004492357047 -0.04146241421989629 -0.28797542135711235 0.19809385676912492 0.044738180991845025 0.1946461850909275 -0.18131809775174207 0.1695183987838415 -0.061999039545244425 -0.21107804849710654 -0.050752029697261884 -0.053900653780362 -0.05629781524411102 0.596847940916913 -0.03402565936833713 0.16818140987849528 -0.27194392050058147 0.057303924316674484 0.21211770968373478 0.07102223828434047 0.13443190480956071 -0.17791312145931387
-0.13434302421594665 0.1525641484915879 0.2985294152956278 0.12976441726220395 -0.0045842776020617836 -0.04011071204791963 0.16218776134032156 0.061310597610707895 -0.1619662757771188 -0.1161650414604554 -0.3953863380623735 0.0771064700131371 0.13887431159156582 0.20657472369150082 -0.1611507524362436 0.1552523364095777 0.3766181289750615 -0.01832995526571811 0.1839101995231732 0.022803620288186402 -0.17204864514245274 0.23709681729141732 -0.07545268246973018 0.0026229920955120607 0.23806445592139586 -0.2286261727400837 -0.3382715869111274 0.12482187854848759
0.08472599844031366 0.13724284153381913 -0.0025056469501778065 -0.09094717789601416 0.10679627367522626 0.04069736077264257 0.15696390920125808 -0.03663890849618072 -0.360951636144969 0.21566763880197673 0.019447317997352734 -0.08167219955564932 0.23778192733223175 -0.23068585718057397 -0.2938196093670002 -0.22192698320313328 -0.04311722864502388 0.07306201773648013 -0.11007295715273406 -0.08634049984842751 -0.09791169131868245 0.2904347450546375 0.07071609845915353 0.3970750650722702 0.28506021235453066 -0.15344512956881998 0.18845048004748782 0.2716374456612337
0.11049162376144864 -0.23809218406259514 -0.07038588010397251 -0.014606154024190592 -0.19449663903329928 0.07777472777671784 0.06321152590721706 -0.10707257489878355 -0.1218069512418409 -0.25811322917014823 0.2652257803649684 0.45762833861220376 -0.09869425452943413 -0.054583445978586935 0.2034830669655801 -0.29690232391545346 -0.11437682723968394 -0.16066055318433328 -0.17146343622398133 0.2459831245588592 -0.07550599929744817 -0.12031750800747805 0.18283977126400455 -0.07827513409027119 -0.09808326647813317 0.23520734838696766 -0.14710346663638613 -0.29660698939992813
-0.11642390075270101 -0.0633985763094003 0.012845372394565721 0.16797059362985284 0.14727385149264566 0.17388350474028477 -0.24345208454874134 -0.03182022352877127 -0.2380961408193015 0.07277762880586568 -0.09626593605678573 -0.08586042517147699 -0.19619306653886842 -0.05818979280077869 0.3625926671141295 -0.21566028343806698 0.18521379226046744 0.21132906984870115 0.1476320768650781 0.23225442894331166 0.13557773826054575 0.18810377788276564 0.20981488353490618 -0.11558395292484216 0.3763382123573283 0.18255154453610206 0.11358169082665119 -0.29941662595397467
0.30426541254014294 0.08639806729830331 -0.2966587486010038 -0.22707852430056696 0.011730042487169494 0.16035822805752725 -0.13311914400103134 -0.2638263495222121 0.20376240882211952 0.19387435947833648 -0.3000729557038165 0.03504129186005845 0.016993571980292006 -0.17630537796009646 -0.18085856556601657 -0.2374399154916609 0.042491063444817 0.13722322609765494 0.18251097477714742 -0.0049873341576350105 -0.13787393542115742 0.05517618436501228 0.03856995919380521 0.28933772121990875 0.21619349515112424 -0.08119985134539914 -0.18417709265693258 -0.32846434995766854
-0.1129632382492383 0.08552020441554269 0.3883263375589162 0.08824175743550226 -0.24872983896804224 0.1190445830012988 -0.3387459338999478 -0.01923227409041554 0.4246540942011617 -0.2063697606844262 0.20785155487651044 0.04700329583458098 -0.19397900808211344 0.09183696362373396 -0.026083521992844395 0.24609845289311366 -0.234204312111182 0.18892713465419314 0.1719308131269011 0.03887420042794738 -0.17984617770650263 -0.05958211408488033 -0.22850142299971388 -0.10168216828334889 0.10651251228698444 0.09194538518131859 0.12112304816427606 0.003734361451672168
