-0.1642784888863246 0.10357158274484314 0.006706424368607266 -0.2983342847610415 0.44436350072921105 0.0014451778792199646 -0.2191622163024879 -0.2321836790225533 0.04840934770188011 0.03756879928207186 -0.004167980995358661 -0.14093165464569146 0.03775862506618653 0.01598778132837109 0.13803706165842505 0.14921416954058567 -0.0075467118974767156 0.24437857910789784 -0.10371252403349361 -0.06624719042060999 -0.09427667957024659 -0.037019123243707534 -0.4406366281118542 0.14794244151781713 -0.30665417827722896 0.24723112078010398 0.035387101700238045 0.22261904745613675
0.11477020601203158 0.06753100864370759 0.02343633298742405 -0.2278655778875672 0.19271477394081554 0.48589365150302566 -0.12650088277339086 0.14640954108330337 0.05681054837307183 -0.09619396350959392 -0.13863073828501493 -0.12681169254247068 0.1011752786659909 0.05328094213218373 0.021256885011259396 -0.037469571641313947 -0.25994532931477704 0.14645988245408284 0.0402131719399754 0.006930793051558316 -0.020107518874949663 -0.06990191989815073 -0.6320049565931684 -0.04930455250932687 -0.18600436820379593 0.02713660261362981 0.0006043974345755807 0.1524487361581652
-0.07064364303716235 -0.0773121228781774 -0.06386227214496734 -0.11700318227592545 0.36944277630921035 0.4520599744371099 -0.1397169860177462 -0.16011896935776282 -0.036210420614821985 -0.23463061140567076 0.007183176661287036 -0.0681638852449602 -0.03364323183202282 0.06665618595375816 -0.03950122075042768 0.11531691555039757 -0.23836669738970026 0.14275168149612893 -0.029172308986789908 0.11536523520908842 -0.10764914071781603 0.07108823204212555 -0.43578512628456695 -0.04974540497009861 -0.22052576295778803 0.2841702565914339 -0.10784212818290881 0.24973761073968515
-0.004605561829711273 0.0964298604343983 -0.04945899047349679 -0.15592883391323745 0.44182412041022606 0.11432036149366191 -0.16612199390746604 -0.3311697992146526 0.003848926629134381 -0.09797255327833067 0.15712766263359598 0.04848197457013546 -0.1112720732268794 0.019609092896130116 0.17578530139649348 0.24315960577535026 -0.09612247588589817 0.11729496971543701 -0.1417457998345846 0.15117999327163503 -0.012458164382431452 0.09225937171712763 -0.6264460430120736 -0.020113575952241523 -0.06172408704002174 0.015863730771872152 -0.060400107210010816 0.06136395994097648
-0.051015471688092846 0.014756709717671504 0.014769978159009224 -0.18564099396106404 0.41209029760317006 0.3378386157253677 -0.18093949137315274 0.09989427545736466 0.0011514629639948907 0.08699668099481753 -0.023985445788802087 0.09640368357501203 -0.03311832918186668 0.031714190882548704 -0.026332212469064177 -0.022269161359874716 -0.19930018650092743 0.15161566380687108 -0.1312395415871522 0.15516062238692127 -0.1106592750417597 0.05416198513294014 -0.5389347984893805 -0.11344932685215109 -0.2078794819531741 0.20477825855030973 -0.04392511794508925 0.3248270053651989
-0.009493287487865246 0.1927033806806638 -0.07295859615585741 -0.3187668113157332 0.4271698355494066 0.0946400793962026 -0.0570087336810606 -0.22194118335048654 -0.02509219970035667 -0.012236721225789907 -0.043529615372258794 -0.010503433919453638 0.0025013553010145304 0.06877654454156315 0.04904575633449432 -0.23274778011827135 -0.0578958554820633 0.13201339660382375 0.1497323458627867 0.052363076038406446 -0.015583493367776678 -0.02317928391209788 -0.6039360721658075 0.04779576636739288 -0.23794800108872183 0.08636842268338513 0.06758423631252654 0.2557586789243178
0.06634728282656678 0.09533475108446228 -0.09224134833576354 -0.106038106602848 0.2985883243478145 0.4123707107302682 -0.15713224869637177 -0.16533457662439055 -0.005785071868046441 -0.12739892494722466 -0.14707577433743782 -0.08873695306605432 0.012266993393958148 0.09272671711345395 -0.08518937651598883 0.14551510881615862 -0.23318197084002065 0.14870610159531464 0.0003539436797128401 0.06357152958301991 -0.019356521772552635 0.05259173122622138 -0.6395793829592759 -0.012152752904443004 -0.20216577684249512 0.006146748266314307 -0.041313781960184086 0.19256578713657324
-0.10342760638011413 0.06528741396757612 -0.0015784986333616247 -0.10936229846248836 0.22848902321420025 0.5536726047124471 -0.07833671947776168 -0.1758676802025475 -0.017268272906946276 -0.05073205294022787 0.00951465464195589 -0.09412778225330873 0.036615441934512105 0.08464096681625426 0.019074760892999306 0.21406132573593115 -0.33072219934289765 0.09509240764058596 0.26453733572488924 0.11396764115952344 -0.05727757575372577 0.010995375879406483 -0.48559582276800717 -0.027424340376205874 -0.1900383122276666 0.023486498891595056 -0.05061555994423997 0.1736782507979453
-0.13478592136346682 0.11132507376555621 -0.13439029974511077 -0.20586672595004077 0.6225584419335083 0.0918588214372322 -0.18132911535434357 -0.06612307938216999 -0.06365705598936497 0.11891701420757554 -0.024767409122850626 -0.07661280638491237 0.021902838413243562 0.05447316927437318 0.06205012624384716 -0.17961775354572165 -0.110700394463601 0.17119961974267514 0.09649368212820128 0.033864012264193555 -0.12695844703846818 -0.014756715229797527 -0.39714230060795214 0.04005294002247611 -0.2595686302854898 0.17635805693676818 -0.011154933193575217 0.2918993029419662
-0.31867926587820494 0.09067471790862773 -0.07469492255523565 -0.1281198479779326 0.4346181666734898 0.08495630063517522 -0.1675363102644045 -0.21081979378243362 0.00010785714339144902 0.17949783416052728 0.05904508162258386 -0.0808322912091444 -0.0709281631017976 0.01720969744890613 0.06946813807534749 0.006129297180161556 -0.04620650960076715 0.07098029184764075 0.15231606231675401 0.10417677405907311 -0.15207938225899073 0.07759551504067877 -0.6444913842185659 -0.0513198326787156 -0.037816370695185605 0.1828562675821009 -0.026789494715574385 0.15235211862076667
-0.2156654262996256 0.12616241579996318 -0.07193051098166728 -0.2698155842063643 0.34714197301700106 0.5123295813526134 -0.00844622464364076 -0.11245165480498666 -0.23123962902902062 -0.026565181802312043 -0.05540464643531688 -0.008917599105559193 -0.01009582308834273 0.10661622428735552 -0.03993194285776839 -0.18334018768276902 -0.10232606391292218 0.0418489460155226 -0.19270596963339004 -0.17964003146967306 0.021067754586785482 -0.06423860309943465 -0.3814089034837523 -0.1694668106049661 -0.10203471340126546 0.026931552937987224 0.21224575143738164 0.2081163516848609
0.06342623511668379 -0.06586228356057074 -0.024252977237275066 -0.2264550889973281 0.4354569148311248 0.5802594191045193 -0.008613045432827121 -0.13781839557269984 -0.1731634582550448 -0.009110604875895434 0.10924738509240449 0.05078470474345834 -0.00958823823214393 0.10941962585618907 0.1334787761868547 -0.2050532099347895 -0.21850668817233435 0.030760676732998284 -0.17945359075794878 -0.055051218704212646 0.026117702633909914 0.02370854693978895 -0.327759429067897 -0.19924618469118507 -0.12200626131934052 -0.0029373299565271524 -0.0689442952892596 0.161009575726438
0.03673093942401207 0.38221028696205717 -0.0019516883150005682 -0.10655784317597938 0.2861362797584668 0.32625178454413073 -0.11003733194097284 -0.20212238844264016 0.03600928680427183 0.0011384587044489356 0.10677849160740956 0.05913012674454643 -0.004881385676239553 0.07839644866990114 -0.12825942726304906 -0.059168918113136085 -0.15390283097543736 0.18368261150320828 0.057151289462014275 -0.031509495223277874 -0.025026734754729163 -0.03214856890629766 -0.42435930853517645 -0.1459782604867841 -0.35469868514758507 -0.12035097761197348 -0.02767441351838475 0.3896387960308984
0.025389962773937222 0.12076588411220139 0.03420354871402407 -0.1846165898235394 0.10990646508280662 0.37792129615448455 -0.0693610563106619 -0.06619617133973918 0.04922742548605689 -0.10775564568453992 -0.013453412087828444 -0.014228537005353642 -0.019829339626030385 0.08704647494526209 0.08126376567962104 -0.008841430377195932 -0.2639361959574411 0.12290549798615981 -0.1883972043386735 -0.02073726365964075 -0.02981292645504561 0.05790442728900185 -0.668740093271009 -0.033178713908948755 -0.2576282850050405 0.057233168354600246 -0.10145316510395036 0.3211890823359353
0.14938767996467314 0.016861818530916662 -0.00020857421012144916 -0.07192251335364894 0.10749528290345305 0.40647388009186075 0.02803557150165674 -0.26623626570064773 0.10632034233665977 0.11108778458679126 -0.09558307252358293 -0.1367631485865609 -0.018540526938828295 0.05536112202332595 0.02390012450791044 0.11026058767474202 -0.3381676246941919 0.014970544364141596 -0.2423522234842555 0.07115381109656949 0.08940234730975952 0.04709963464718751 -0.5862049865149538 -0.18010753736757742 -0.1703160324825777 0.18535621791015475 -0.027291014158094425 0.1654863571706377
-0.07272219509014086 0.051439077173343686 0.015998037484788546 -0.29054891512036873 0.30641442148268916 0.488858596929564 -0.30788761548406246 -0.2688439985403552 -0.0950158032514041 0.04263517960822901 0.09380063010576263 -0.043612069336726574 -0.013867859680456762 0.043202472210748584 0.016181710035857763 -0.1544990031265135 -0.0595036014137631 0.14703990807996958 -0.0559390079688603 -0.024365730497342517 -0.14374354888876315 0.037618450704929175 -0.3796865745356575 -0.21796646267233388 -0.1316076289355507 0.19342475628544467 -0.05040387492806398 0.24454536920646933
-0.06071502151867017 -0.0518001691036027 0.09536514311931067 -0.4075460150816922 0.38278360485756857 0.3750572854727323 -0.10612961182871755 -0.35859413307181803 0.034751923222751537 0.04436509672454141 0.08939586367197162 0.07073405948739286 0.0037999977260618927 0.046466486835149964 -0.0301751017715799 0.03619573868627202 -0.19531574886550507 0.12200159065064556 -0.15397582233599225 0.0378676547682078 0.005447608852922254 -0.09426973275729995 -0.44100212364243646 -0.013777057727766466 -0.15873292598324656 0.1434467221754018 0.11985540121929442 0.17008771182848656
-0.15499735814869006 0.26663103597884846 -0.07738605382866412 -0.24045730009632782 0.49254855968400224 0.21259874611969543 -0.10594197909641902 0.00902101561270731 0.029709144346529996 -0.05268285054302604 0.24034642270446888 0.02202079167212891 -0.06873307058281188 0.013819787225542631 -0.011371054107019047 -0.10141825531829352 -0.136268407931659 0.09477327757237812 0.154007872109288 0.030474914282429575 0.011542004125822847 0.09984719442756006 -0.5009465025685185 -0.00372060704900303 -0.15101990438801308 0.03585864744887721 -0.18069368980801176 0.3077713446465285
0.12151988210183527 -0.06036830577347792 -0.06327893485514441 -0.425754768315872 0.36144437298782556 0.5019357681200466 -0.16735372341031418 -0.1695271437824458 0.04052315541639028 -0.1340914088220987 0.0473428825829685 0.055636503577492995 -0.03420020249170263 0.06795850831688491 0.0038274290045927075 -0.08407626528749802 -0.16150385170769008 0.1254096371721473 -0.14873882179409265 0.0562990367263564 -0.024261827405642436 0.02055205837375685 -0.4177918365410355 -0.0180705863830996 -0.16572163898997863 -0.00530435190155119 -0.04520635399271938 0.2159425771859412
0.42465659731285993 0.04134509291249524 -0.059408884415055076 0.0579618974139371 0.5428107768335152 0.2522375693950561 -0.16388302827405268 -0.01839349975186294 0.12780017649010064 -0.13116081715074415 0.14671319701322666 -0.15773101678808113 0.03096841630403122 -0.0007514947766867674 -0.07583357659461853 0.09042590282847073 -0.1455228803101687 0.08304905238890586 0.2595190329781826 -0.12813996169570366 0.16394293924741 -0.030768860150769156 -0.39385423419152665 -0.07108895329654598 -0.07727824232757233 0.03331334476280129 -0.02246065413002027 0.1528037052292453
-0.006780049426050039 -0.12503802497195754 -0.0699498029426712 -0.0769220885248952 0.23583692156191405 0.30704659276256374 -0.07490534067049107 -0.223035399837147 0.10147723925546476 0.10580675690070689 -0.02355965820983431 -0.1111753482406821 0.05160129103033948 0.039134108971594896 -0.06590345234075598 0.16337581116079622 -0.23450761436614356 0.08452437338692811 -0.13037012719931385 0.19659261767641897 -0.0013707553208995146 -0.0474038034510582 -0.6802248301934949 -0.02300784600740116 -0.16229298390449964 0.13584747632835556 -0.03184871987297151 0.26371420243578675
0.13794350788586815 0.13408175781278162 -0.17151903409740912 -0.3737169499984197 0.18449310729787158 0.31280927517785584 -0.043438902354614665 -0.373420453121302 0.16099352007878975 0.0331043393867199 0.04631969504214771 0.04697412686527958 -0.0025609441604670232 0.18728247397655176 -0.11352913035449573 -0.003601729710604516 -0.16075802230513223 0.06133201070279462 0.21149386718824367 0.2130095325700645 -0.0059918065263446845 0.0037711534630324 -0.472934800390834 0.06789295926824315 -0.15124864921488476 -0.11263842463470998 -0.050679751975937506 0.2348978824841462
0.06734609366426463 -0.2360722423351682 -0.15713087753813937 0.11823530249263164 0.598108708120928 0.19193337508691666 -0.18095904864765328 0.21281002580382877 0.2539165664288771 0.07656547354204266 -0.036295048077828185 -0.13123955251576347 0.02906323102292964 0.12948446965216176 -0.09469521264557802 -0.17370413323358658 -0.04360113191522618 0.14598661074681846 -0.0030912946834520737 -0.05612280243377742 0.19354889159711847 -0.017315685238360034 -0.34121556580538176 -0.09055781634670915 -0.186635180078888 -0.1410727404701363 -0.028604664258394624 0.1962524369125529
-0.1186764133916488 -0.27320958861912975 0.07653454097741075 -0.1919510931102172 -0.009209320250209216 0.26621861202514413 -0.01759257668050176 -0.17610530952708303 0.0179517494232766 0.04090520353597655 -0.11813678125133213 -0.10154342367809763 0.02469587253118354 0.18082387855341675 0.06810142341639364 0.07103069294559104 -0.19753934495736572 0.048395098093842036 -0.2993473379579386 -0.11234369500319946 -0.10960485979913989 -0.028086037427117433 -0.447353869033503 -0.26169338811780074 -0.2189520801321101 0.357120597525997 0.023392449212182472 0.30985419462784697
-0.06336118133470177 -0.05113027577902129 -0.006172313755625401 -0.24139345613256358 0.20594351731437358 0.38103900728344103 -0.0838477727429506 -0.27386781797501847 -0.11494602980536785 0.011651038867306788 -0.15457078506182576 0.00893790894310459 0.03196029180105111 0.11178480812988863 0.007660233412083211 -0.06747900459318158 -0.3162233022678045 0.131889106638194 -0.02021754885897091 0.1790024057132328 0.06534486393494955 -0.09350110264773243 -0.46993794870692096 0.053655007145323036 -0.2446888033571676 -0.04177267760975013 0.0986703648510953 0.3899308214730006
-0.013065623503468146 0.266037964325985 -0.060369047403460586 -0.10389461144886876 0.40393154312379836 0.3791031976256694 -0.10021403551044433 -0.10228035714123679 -0.006770406997543677 0.1394248518299287 -0.05806328394762685 -0.06567972248844245 -0.00035755407175053417 0.13323796258764384 0.14509871861217447 -0.24719391628302756 -0.235635543605046 0.12715765962591616 -0.09076401751218074 0.14721538292433836 -0.18218501147785174 0.014284264592417877 -0.4686089177395016 -0.17089962306389486 -0.12403859430559726 0.15369321320324997 0.007659452507779918 0.1930889947095896
0.07716408009604292 -0.0387716546676588 0.006482125417731816 -0.35324228711952854 0.10233162349311976 0.4570417127685285 -0.0691876753637946 -0.3662829760363538 0.017079413487657208 0.04999646980426288 0.09730685572026336 0.23671385114200325 -0.04012450533496281 0.030519597641407725 0.16426835749512428 -0.02575935502549016 -0.14422819440955065 0.061609128253382876 -0.16933380969198808 -0.18458823419977974 -0.13666199682166602 0.057666917535174146 -0.3712702620358356 -0.24988172710725354 -0.1700271352996131 0.12990963091847554 -0.06854266103093443 0.2254247090070581
0.155424006799324 0.16073820148964416 -0.05808763574925422 -0.14673737188122238 0.6058890515610303 0.26620256939429887 -0.19471941424244882 -0.007428892518002207 0.19881619955517116 -0.009062439077076465 0.04849359434305668 -0.20194376759243082 0.09651645673144532 0.1024353721466303 -0.05131686972307405 -0.08449118083749114 -0.12584052418127212 0.15102114349677048 0.05029059665969439 -0.13864818864302597 0.22580566204994534 -0.025248538521078105 -0.4423095648943954 -0.03351897684110445 -0.08656028963436625 -0.07136978416342203 -0.04755745136627363 0.11493548842058925
0.04621607130590187 -0.15494445182371785 0.013410196799841723 -0.19021591042969643 -0.008481907777620265 0.4143259791199871 -0.04829330075764758 -0.008220461937237238 0.29268726453999033 0.17736278055991558 0.05585928181807468 -0.2706942216352469 0.025553475301235643 0.13723882675568658 0.039114823182241014 -0.17286002169919168 -0.22067200084263885 0.07940990388160774 -0.18933647648653548 -0.032674634822671536 0.045563981615136306 -0.018710068878818705 -0.4118936088365412 -0.0565889347629262 -0.2104123031781324 0.29674936226212706 0.12130827879945022 0.3235545236238277
0.06571091251873576 -0.0031739881386042093 -0.17583178595557444 -0.3315341176418453 0.39244060909601514 0.2853575606592427 -0.12384591053243801 0.23204361954755476 -0.02643333324301283 0.0661195576327846 0.19203067180232597 -0.03878527908047821 -0.02254984173168306 0.10398706190836618 0.10836082393021348 -0.2756818230097235 -0.17635790742596405 0.16807408218926817 0.05551730650208581 0.0008731171323235484 0.03577628560486829 0.08361777905857933 -0.4545124011062735 -0.08829975123781221 -0.1906966021221518 -0.03087795593633327 -0.0831010021546148 0.2799931325446514
0.1460905173059449 0.10491180925422285 -0.12103583218888321 -0.365796745516226 0.3587072860860949 0.34520186982706175 -0.13829176009838293 0.21604188756171522 -0.0807361551308666 -0.04044633132220904 0.2260010429043548 0.04959700843442262 0.05661363591445968 0.026344635694057858 0.012407439367392605 -0.10083679251721306 -0.022120308657263988 0.19854483880116194 0.07770379556544134 0.09300199481472714 0.024351232906958557 -0.05021613335146848 -0.37953177943805977 -0.18493476729130773 -0.26140053700456883 -0.09976547194556161 -0.09284973510535645 0.32678358814442543
0.14610775459883368 -0.1459929258848402 -0.09784113643792819 -0.3521428964645335 0.4164000373292309 0.32879960712817213 -0.13790216501993666 -0.14246477958335246 -0.05972121227868799 -0.05187693746761734 -0.17489505082157833 0.060795935007633986 0.0018138918442874722 0.05385447360796757 -0.001651706749598683 -0.1965965934392677 -0.08426225352496855 0.10041277303719165 -0.2719949263977062 -0.13067146509220579 -0.0705439811453671 0.03992068862196612 -0.43565652437029995 -0.10878287034252014 -0.12637090076186078 0.1353088376634994 -0.018101522879898232 0.2642074396134837
-0.0966601074545458 0.10380972220920649 0.08384569893681795 -0.2777320086998601 0.19506792499010814 0.4241862503871638 -0.08414025115357311 -0.03340334597832473 0.13232645941408605 0.1431349967691955 -0.10220461345122865 0.03738247252626019 -0.006810823526121482 0.10900018131802174 0.20865461792470194 -0.13421104088710364 -0.10325343317616884 0.04359291808853652 -0.13501449993342898 -0.08098457516828445 -0.13772763284904857 0.033725130171829244 -0.3894548278799794 -0.4961551205308365 -0.05930653164907391 0.21372429864812073 -0.06818462785100693 0.19254002643620705
0.1477765041799261 -0.12216117251106302 -0.016187562570712088 -0.30996075895400516 0.2602805275534101 0.3282493213974206 -0.1961360482423698 -0.1551748171159016 0.22325370500758263 0.1730936397465467 -0.03489244944513764 -0.25384986348298777 0.09896506536286886 -0.061840765748843216 -0.09387434962788652 0.19523243252107417 -0.12417573281853171 0.10967310585065884 0.01237741298324895 0.1430829825131027 0.04945314900841659 0.05634241514095347 -0.5489029637028006 0.08243536216504074 -0.1670385528893349 -0.036086156721961214 -0.08868013728743582 0.1549175442782277
-0.09601784509667217 -0.03309110324751945 -0.10008600294315677 -0.018964819438797267 0.5547839744131526 0.1180249575435028 -0.3155775721662015 -0.12103703028308607 0.12224184743662549 -0.034219484426810214 0.07770557857691865 0.0748301785579267 -0.019425992519134256 0.08670837805450769 0.2349138861738072 0.19713747181624006 -0.17717311533870486 0.0823718653770514 -0.120532017866824 -0.0898119754044098 -0.2458421863075898 0.06272656374294264 -0.43439967938059987 -0.04281369631847049 -0.14079057242042914 0.158898168985949 -0.08105829880828941 0.21526594667066698
0.017267456520061505 -0.04656605889831476 -0.03607441480149438 -0.24069982635148593 0.35256143830392256 0.3500073557296189 -0.1901267098969611 -0.3252893436476565 -0.06371914596819542 0.1883477344951277 -0.022218446199097287 -0.14968600322338146 0.08022918246064709 0.03311995498248452 -0.05511273084553308 -0.02462579119602457 -0.11924080583790136 0.10975424436769897 -0.1304571038555216 0.07447620848947967 -0.06336042540732922 -0.0042243599488377345 -0.5268825736073951 -0.09575088795061806 -0.08892421557014814 0.2076878613595615 -0.1190239411505463 0.26659542111934725
0.025034439758456747 -0.06479183238468887 -0.053296363130917915 -0.30228141684912246 0.5215633447554767 0.47139261828109924 -0.0421184828087396 -0.28102328620227734 -0.1416970528301386 0.04594764113776971 -0.02072829825960243 0.041734325098163084 -0.009180280637495266 0.13038195692992197 0.056859254692605395 -0.09725343064316412 -0.12560064215713182 0.027425223596999948 -0.14874764323267747 0.02002258873217618 0.017599521932116745 0.004342988757711017 -0.36508998113638325 -0.16372761062741722 -0.12604232369372126 0.13139501412832783 0.021166704207584437 0.19687041831888122
-0.11340338921458716 -0.10052573206433343 0.05832853574973064 -0.16697813463294037 0.017010922414107708 0.38540754943570515 -0.04584908927984567 -0.133694711599665 0.21591625566416406 0.11054834243401002 -0.16870610693191623 -0.1091249462931258 0.03621156755562328 0.0931070897043928 0.09885483775670828 0.11233915791380403 -0.2457286939212279 0.05765400814179709 -0.304386543359528 -0.015661095609785614 -0.035473115377482836 0.05498598432049711 -0.5159074423964283 -0.28435501715907757 -0.1587283417671357 0.2310519925446696 -0.1231132102982767 0.2090994344164007
0.2589367709468787 -0.3162470452353044 -0.020364961340957034 -0.1565989759605675 -0.10207818257723214 0.33973566301728386 -0.020341779320130277 -0.24295448338514009 0.10035419735532254 -0.009785658345653933 -0.011770454836195609 0.0687770475386827 0.0388021967670799 0.11833509380383156 -0.048642744189860906 0.2223507941172054 -0.4357634334647086 0.12678942434302795 -0.027858886896678956 0.1327692670560594 -0.028664593048095058 -0.0444143760257695 -0.4385126714447361 0.0308938218276857 -0.27114507690301143 0.0547233220607816 -0.019746485459475355 0.20749665724906483
0.15916364738655417 -0.08792935302962557 -0.0584848662885994 -0.11669589061366197 0.307879319964522 0.19672885263450957 -0.10100810996403174 -0.24822371306449134 -0.03170248144110916 -0.07025859388056481 0.12870938435937146 0.04651368756789305 -0.097146783249187 0.06959845165015796 0.33045185410347927 0.2163179607800685 -0.24376592959414767 0.09108567490686223 0.09775179332430704 -0.05961726026567881 -0.05642576643086714 0.11428701476173939 -0.6084207091111985 -0.08633422274152276 -0.1445102358276654 0.040262265681043824 -0.03920714230708272 0.22560772293274894
0.10147964773072346 -0.06798176234914896 -0.058406409169099234 -0.10303956175367547 0.46967346493900175 0.18012185401158473 -0.08464552723340353 -0.2082499857961081 0.0032379931813288783 -0.1798870190215284 -0.013469185172819174 -0.018436533067875738 -0.048756819093325875 0.03399213108567973 0.16023923987813118 0.0611237870439461 -0.24801547599374152 0.05836072384642733 -0.06486955055586176 -0.009785637711235763 -0.023468410029603447 0.04122666157735048 -0.6890106951472452 -0.01085705337623689 -0.1424249072777691 0.013991985884724141 -0.02314025538467769 0.18521278076531272
-0.1258451177264982 0.08437048671779787 0.019035663685511812 -0.41428977097009 0.34778506913569796 0.33206578776650314 -0.08500863801165329 -0.08792935709667826 0.030518329739744717 -0.07821877645950746 -0.21484364651798082 -0.03578039324399689 0.042895457360010054 0.03493499766322945 0.12766992428136079 -0.08847728274662356 -0.15222745896095197 0.04912815288747295 -0.054557719838171904 0.04194529633530693 -0.32654038396102025 -0.004857899705828499 -0.44989977651204516 -0.04849107952085617 -0.012616993165166844 0.29964335688487664 0.13779186190743226 0.16285612323041423
-0.2907519970504348 -0.19412029378952597 0.02964955891213937 -0.15252233653700573 0.40142215243072005 0.3789420620169472 -0.22914454424963399 -0.1300180375133807 0.19421505166740308 -0.053686664368144246 -0.16706082332619823 0.023608411254521643 -0.10076423870438751 0.027324353771809064 0.04217545385265151 -0.16160687320754077 -0.24708108688413594 0.15436726508305865 -0.1851824624086071 -0.22771603817632285 -0.03533855585690823 -0.0059360030173863845 -0.22753203065278338 0.09386927497577995 -0.14784431336477266 0.20058670569391374 0.1717476153142339 0.217125958792658
-0.22526027884761576 0.1694838069459425 -0.0447377228461958 -0.24302013404044212 0.2136156997783504 0.34780340229635454 -0.02955848383726217 0.003883016257956246 0.1676755601311133 -0.0044995545944201045 0.018632624179707187 -0.15593094145258848 0.030353243777995226 0.09128737834997916 -0.10807748430366805 0.08275643310093937 -0.2540887343172221 0.05980054198661272 -0.04887110675188717 0.10684470679830992 -0.042441924029511253 0.0029918978223882936 -0.6203942027642961 -0.07439330926478331 -0.16433437760807165 0.24191887830457234 -0.06446625650647046 0.21804288158073595
-0.28881947750690573 -0.03145688482709381 0.004342749852323259 -0.07375795660492196 0.13351386651544006 0.35165668336428463 -0.12701444733062672 -0.24709275123439492 -0.04633368353291199 -0.07007862593656315 0.1558838634184083 0.21928122045293247 -0.12602249492950038 0.06955025413764308 0.01351566563967348 0.14247058714705577 -0.2709344543866016 0.0845491992223642 -0.03645851527363512 0.1558458807187964 0.028212198226881594 0.060165511916244085 -0.6453320952889394 -0.07805429384331507 -0.08062675194237441 0.013322222664027631 -0.02874245443780479 0.17372451221112906
-0.10740762461248905 0.1000054180078376 -0.02780786836675037 -0.15596068291196524 0.529425643783005 0.17993478893378595 -0.1745504645541967 -0.19949525079470418 -0.1229064879201895 0.09467991236039414 0.1360667001928391 0.03800583345663995 -0.06054505708843187 0.01830465441962219 0.037752537777011284 0.03474349237010197 0.014120224072620527 0.04704185540863664 0.05864543520920239 0.07341674159852121 -0.1421438876786583 0.035014702348688274 -0.6253326901094668 0.02555249638944286 -0.11379810990961398 0.15148227337910183 -0.0642879312120912 0.23531461911864557
0.05569826403318899 0.0029471861309663663 -0.043886710449189174 -0.36800041905397757 0.3191488367168278 0.36215590010902204 -0.13296093939623904 0.26229415437403736 -0.1093916002018616 0.10720330856419098 0.14874745244508655 -0.05619287567415102 -0.005972863178670838 0.06574505956550927 -0.011168949012276079 -0.23178061320268828 -0.16182988377583404 0.15860230388725968 0.10370445491128034 0.03005802100654877 0.11138322534372339 0.03410892633675881 -0.36848009957025296 -0.03757899051980515 -0.1992156644025387 -0.09110582765448509 -0.18710505815534434 0.3692489555098291
0.11058315501654044 0.05926409914756789 0.07186803155173009 -0.3761527870783435 0.1143720423825505 0.3817769277136747 -0.10266038775735674 -0.029341378876001245 -0.02649422887383902 0.11647127406071968 -0.04432474760391313 -0.03583861824476202 0.012510440990721515 0.008534093289820247 0.0923383256281269 -0.035058998978881095 -0.14010150399968896 0.07350479740790779 -0.009999809636937381 0.20787407864680438 -0.12452074692208047 0.03632709847218796 -0.6482050138159084 -0.06740804222535755 -0.09542038108724088 -0.10198971585100149 -0.02909528137288501 0.33110715311090977
-0.12037865134405269 0.20172271406544492 -0.061398718436838494 -0.2873154755986559 0.38385486386316153 0.45341346891844825 -0.05434226221158473 -0.2179391769174994 -0.2674351194365081 -0.023381163928388668 -0.005089776162333312 -0.00472568041749397 0.03946242876306549 0.1282853812904105 -0.037763732548124485 -0.1764297479495673 -0.052407813465473845 0.03354710888507737 -0.15256979131778514 -0.12528398748422506 -0.08523305864922905 -0.07807665614313203 -0.3922093873740955 -0.12325529780260627 -0.08958077153665497 0.1651302227093175 0.1586967874389806 0.21617103293217893
0.2440181164068222 0.07834474975240027 -0.12722320162863937 -0.1471481758116949 0.2530484369259454 0.41211185508664805 -0.0810950983541622 -0.15062032182518084 -0.13144987083114723 -0.199056574977636 -0.07144986724718139 0.16600459922099736 -0.050702360979075316 0.2593435504939728 0.24907592240210014 -0.11359506704626426 -0.2496262664773078 0.09857939277018872 0.1978097734935053 -0.04567581206950226 -0.1466430926840975 0.01622235208800981 -0.40520981727879757 -0.17470260634111817 -0.12133817763099687 -0.06934348671673816 0.10305317606731582 0.19780732534619871
0.02347486691093347 -0.12202229600283186 -0.06991817445161674 -0.16542055234188013 0.29824791305071724 0.434166851247017 -0.13771833963155472 -0.1528365735393164 0.040141837533812334 -0.17025609438861214 -0.015009430971943492 -0.020960848284910225 0.06107434684916885 0.0507268641121324 -0.13476027130823529 0.16012531742895772 -0.21128219022360206 0.10909894437444956 -0.19205925450456443 0.10643699163092199 -0.10115576418617994 -0.019590735482939287 -0.501299072101761 -0.1410670866195059 -0.20267225443490114 0.24554901138317578 -0.06712410586030672 0.24230302717909805
-0.21883692955652204 -0.0829610570788085 -0.05776903102446511 -0.07802918935980344 0.2834669289012343 0.3177283175575351 -0.18782937948898554 0.053058289900831154 -0.19889893001026177 -0.04499163904975323 0.08011932493052656 -0.15796114418387225 0.05255777311946733 0.1749897250933209 -0.022860462860786468 0.17194522258902403 -0.2979633392378276 0.1900603618110186 -0.011750273874251196 0.20189013943358522 -0.10463177306363718 -0.07260522858675364 -0.5203185897768535 0.0513976777085114 -0.13893758374151846 0.2974449552950478 0.04450978553458277 0.12174280907538555
-0.18936666988338408 0.11773643738282778 -0.05828616008305625 -0.35416680553507274 0.15492145022868978 0.271133684344049 -0.09229956770601559 -0.19479822439522534 -0.3213230991111771 -0.05754384681022602 0.05996194538435652 0.08885402533605921 -0.05467128813017179 0.061432519416932264 0.052568192015309344 -0.11196306261055268 -0.2267341581240678 0.15135599145424733 -0.17385451386366285 -0.05334338948912207 -0.07467743448592878 -0.03489474323678287 -0.4479824080687601 -0.006198603848939691 -0.19361083113304997 0.05559728579402533 0.24906065003329653 0.34617710842022403
0.025487142060074346 0.09783962656162054 -0.08603321227708534 -0.25717030183554423 0.20153755905884285 0.3097082491741615 -0.16477676471651456 -0.10137196702967571 -0.057653802611490744 -0.020236887982385862 0.005220701607834468 0.14688098169490932 -0.095806309929158 0.13089842486785414 -0.07459063709636278 -0.19829099197179356 -0.10294932016102847 0.2145402914663178 0.05181055666953029 -0.039786080729924046 -0.12370724917954676 0.05836197117600052 -0.5685562057850694 -0.22745306090790915 -0.23892596293383012 0.07265642730795907 -0.023746525551037203 0.3580805769843263
0.08144179033406276 0.012545969429739233 -0.05150677547164446 -0.08393197233035429 0.20958568847691803 0.23678343502645394 -0.29639821060092425 -0.11874375912759563 0.07544573805253466 -0.1346239473144478 -0.0826401044363081 -0.1085341612560942 0.029526797409800794 0.21183923436628377 -0.09477891415408059 0.11158536832049595 -0.021949651235193043 0.20447636247776185 0.10275897602413221 -0.23759013928703518 0.25214274382372553 -0.06967411803370636 -0.5253407041239093 0.051604713873588316 -0.1837631885351427 -0.1910300993778543 0.2131257824064037 0.3160693273334064
-0.13964081003075968 -0.05094847027599608 -0.014648596385551877 -0.13580810126368256 0.2975047601226909 0.33609121938355435 -0.26762318069754054 -0.34279013870324937 -0.11552278705269281 0.05630916834670017 0.08767137083671837 -0.032990670397843105 0.1199321977434563 0.13280996223177052 0.0921339582411238 0.10460912834824322 -0.09448080830336927 0.19238516126402266 -0.023474554338786584 0.10327939175929142 -0.06586941597611241 -0.03259941216758351 -0.5648190071764586 -0.10732894785804595 -0.19699713547581246 -0.048350869026160474 -0.014056865422059537 0.2397220169829936
0.05051124812763091 -0.17730277188498023 0.00379287017983172 -0.2145339320988976 0.4397412202298097 0.4710627949728553 -0.09475304880883818 0.00953846177285481 -0.10388869666815735 0.08481367257244413 -0.019105581541920765 -0.10505661102447364 -0.023168261771693534 0.18336056308801846 0.13018899712532225 -0.05338799209860511 -0.24025788443104776 0.11386168405245478 -0.12027469012727962 -0.026700750411196603 -0.03339080091321607 0.06652802812626242 -0.4938076600983622 -0.07959188439325761 -0.1644636585564346 -0.05285012421762868 -0.03965100398127587 0.1982003514615207
0.14664342342483327 -0.0027008363311060934 -0.10048089183813329 -0.3148947678129134 0.16273170830672493 0.39485776332062295 -0.04038192288945377 -0.3488371780384221 0.08318893495448294 -0.19291339932602378 -0.03519890675113531 -0.0599102637251545 0.004744267120041911 0.13507060838451487 0.11068671133465963 0.08047400726640161 -0.17374061718013475 0.0293973147735163 -0.09994784622411076 -0.07594279789053734 0.007448446866612176 -0.017327183731252457 -0.5059347452451355 0.05194275244400876 -0.05673134073219232 0.3302714554342115 0.07348363275058495 0.23245309505122752
0.05107630179187856 0.06307246732895659 -0.025476524693099082 -0.058974590664718454 0.510024054966064 0.2247452635126471 -0.20696451051503517 0.06983551993719729 0.05018198520905655 -0.07322679977423925 0.07224784355802831 -0.16553652182909706 0.13622992649158144 0.06874746055589624 -0.1607017856645701 0.006709868952230207 -0.07389827915273015 0.15773494352041476 0.1377564876259831 -0.07804957518690508 0.2499332763520913 -0.06589843605498057 -0.54947023350525 -0.09404787333573819 -0.18225985642327214 -0.14595790266920486 -0.05404017442227247 0.22551721901569716
0.12009029997039929 -0.19266810163685547 0.030095628381238918 0.08562880351710837 0.6441052091487101 0.182744544397793 -0.1653930729656305 0.12775926223660028 0.18874942218319365 -0.012928876291559902 -0.028854857523660203 -0.13565975306646777 0.08702669317683216 0.06987643829339205 -0.09180835820928987 -0.09117593505213448 -0.04244864269419518 0.13391307870892386 0.062333512084656734 -0.08416817068036726 0.06981562209940133 -0.05905116179181909 -0.5141878495003793 -0.01342008052702096 -0.11142576444261179 -0.128143066550145 0.03682128668510584 0.1738390993851642
0.054543223202555974 0.24192433700399413 -0.0492148550846974 -0.13380341161144396 0.3541567940629787 0.37237262070940813 -0.083191131571086 -0.15534924654962515 -0.09973854495347437 -0.01664518662935641 -0.24013130238376823 -0.0969903691829663 0.01768696778799448 0.044261294261981186 0.02882056637940746 0.11954932731113171 -0.30043026583155696 0.16145159330610792 0.13812214993928973 0.20585388413286057 -0.03655084061652095 -0.03914231109256493 -0.487035576334237 -0.013308052040100037 -0.23103631552612225 0.01127178896580929 0.0933050111020634 0.21932181645469584
0.06313037555212926 -0.021802419248566372 -0.004291985596882634 -0.1255010400449999 0.2771351803241702 0.49750872941892216 -0.03095037570519398 -0.184303884003686 -0.1027266560865407 -0.154088597362287 0.16128578310147473 0.13948659757100806 -0.017729885439317826 0.24136221259671742 0.06884211929995325 -0.057941646438289376 -0.3548435762389935 0.041595335757107936 -0.1323349831642848 -0.03640652025207575 -0.09367985205600964 0.02921851067350132 -0.44733816732109355 -0.10300579764980726 -0.20022473658080017 0.08814723674854855 -0.06426625042628252 0.23509563166977976
-0.11386419476196862 -0.12597783193019646 0.014523785317551923 -0.35413850923041684 0.3295843106881259 0.4283855804922409 -0.21260027402230536 -0.24329524785404888 -0.054796893265757714 0.00491121143669553 0.019926629856835007 0.12425841561244806 -0.09821405480068955 0.10341094489873023 -0.19673278273891937 -0.08095712785348053 0.012140376857320044 0.1332454681864454 -0.1618526188876949 -0.023911462800780596 -0.07252169068178324 -0.04276112329470501 -0.3795518555345516 -0.11413030210985244 -0.1843767710714371 0.18669795041142792 0.11424089670562203 0.27166412738691365
-0.14146304726338416 0.07415307535102726 -0.015913468595205777 -0.36277670368362996 0.14040444192079965 0.3350444085649202 -0.0387722825037752 -0.06652336279580615 0.27036113197846534 -0.006192013851191321 -0.15453168302271092 -0.08254699794475549 0.020255300230823964 0.1299612477755801 0.14519402822259803 -0.01810000944552938 -0.2199894172914706 0.05016050987527503 -0.05765500417080914 0.2144710859508989 -0.11113188864673187 0.03715501704131147 -0.523884877201758 0.07016177864738496 -0.18722480027572905 -0.01883345313835894 -0.15640014209303923 0.33012855704608957
-0.07960360029178871 -0.09748337757199235 -0.11617341035840413 -0.3276189710663 0.2777155101859401 0.37448018267447486 -0.06799013903464868 -0.09023514385474245 0.06421245411159908 0.12305761540569336 0.050499237285044 -0.007565363189826166 0.010037959632275831 0.13062685436968272 -0.03433783517822752 0.04661507418997082 -0.18332763315281764 0.06731091836806183 -0.22483783142480576 0.1249241121033621 0.02031863631012103 -0.0219963790805231 -0.6328768156736402 -0.10587465379318926 -0.1316721321503837 0.12561539119800652 -0.028880978829626158 0.19981365399648401
-0.20523479618324172 0.2095800344203244 -0.12062878275629273 -0.21830567525933553 0.48639721779670697 0.061199660653285526 -0.2664817546476292 0.24583080713520702 0.1051678983998015 0.1526694006305898 -0.025096646895724474 0.118101858012331 -0.12703734618781895 0.04124562529976415 0.113228134506277 0.13513717314077292 -0.027420840655280644 0.022380477345641338 0.08424663440575404 -0.08004436904690161 -0.04553527232620483 0.05489074284589785 -0.5231919320410616 0.10870372037176038 -0.06982537486909296 -0.2104833543065938 -0.03420922408718353 0.16237469839431434
0.3232025755962292 -0.091258802391285 0.006695906954920991 -0.380640077911877 0.37207174660407527 0.26451790230969896 -0.22405103919826908 -0.15465826206343627 0.11505325436956135 -0.16327671707070748 -0.07556347572193696 -0.09644524693129106 0.06424185656491814 0.09632682178177918 0.25149918939124094 0.006586701080377134 -0.15810434140268456 0.150510628538483 0.016597440644524373 -0.06878216516612684 -0.02389578627862586 0.009739067809403043 -0.4143296284250674 0.07936902124934854 -0.155600689005082 0.20633783231948913 -0.01082863444449673 0.17306224326357536
0.14585595039128707 0.05735070934560992 -0.07174129807880553 -0.23828950521249181 0.24285735683022908 0.4447248999487914 -0.10365071904942144 -0.10017627842961074 0.11994301441546672 0.12685644013916966 -0.11841280392787856 0.09180494305989495 -0.025413695876258403 0.2151901193147352 0.01486034530968281 0.024457737842834285 -0.3067965808711561 0.10375380874310944 -0.012755995943141288 -0.05170328953229413 -0.11156076194637568 0.029520649401621895 -0.4936608745760879 0.022518929715845546 -0.17056451138918938 0.08890930492796766 0.11370320053802528 0.34654488751879203
-0.12818064148447456 0.20725332991790082 -0.025706217491548985 -0.23517661289811992 0.47614249141519016 0.10272206982508883 -0.1610339477248046 -0.20983309898919877 0.26827818169868306 -0.004711182179802812 -0.09629097084939799 -0.15847923073688072 0.10032627404491072 0.06387748328833626 -0.10193431257043754 -0.11336875904226089 0.01836809313598985 0.11624683074430243 0.13046384276347348 0.0945356968819837 0.09533383010209844 -0.05625107130248255 -0.5717881302213844 -0.05744270627572813 -0.057738107341206116 -0.050426407789500444 -0.10024342857056419 0.18820725460370055
0.19779258461368698 -0.05669745581243328 -0.10353728797829008 -0.1401282046100171 0.3638326099290977 0.33172784355703117 -0.2481858374960252 -0.01353302958647392 0.056878167269279876 -0.020401515930950166 -0.12237762143957324 -0.028525601617133457 -0.06667637524131471 0.024312806924327926 0.23870728981251849 0.15996293100180145 -0.1676516156584319 0.20810108781301428 -0.2347899127808698 -0.11987112728925631 -0.0787462102669899 0.039438646427392934 -0.4719912542182821 -0.029766164428802724 -0.1446747501547827 0.20647002283158358 0.11521762806441171 0.2586519095553067
-0.1065017148234144 0.21367842069290766 0.049691601895756096 -0.3421923637948868 0.15917069725384633 0.47673949303616003 -0.08380781708541621 -0.016120177233344232 0.08987515801533086 0.038024654516265105 -0.0274349333474216 -0.08590333285021748 -0.0020557796985073485 0.0488601911160114 0.09584979117290252 -0.061981778024449485 -0.20477718770817724 0.09764295730675968 0.0703186181022045 0.09741903939499082 -0.07462670740539218 0.015665941542476892 -0.5259563158871579 -0.18889727506567722 -0.20287140793784128 -0.026270668615099326 0.009139132805588356 0.3232620354006484
-0.029245510256197246 0.007461613145358611 -0.09958293461782088 -0.24415080766287778 0.2071560328914404 0.4094589695274577 -0.19597705851906946 -0.2287147625229472 -0.04824586547200676 0.23320171498402267 -0.0022855404536919087 -0.22500216046031327 0.1192343700682683 0.07769126977722897 -0.0068579220775858065 -0.09242133729113892 -0.10545143198679927 0.11051396576385347 -0.006353005422404631 -0.026995197258247956 0.06146900833700695 -0.14156087268418857 -0.42249570033677325 -0.25079240739361175 -0.13229041690227059 -0.07189138658033623 0.16836949252693253 0.3895565454651853
0.14036206959413133 0.0799471372030854 -0.019877470146039435 -0.10578950376578666 0.3433104455982278 0.4854870024957113 -0.10777985160389722 0.002253690590142814 -0.19507063077498923 -0.11135565713205398 -0.020063963019573347 0.1265204214637625 -0.06111865695168763 0.11741362166445135 0.029015338244028487 -0.21323307875733508 -0.34936960498071995 0.169963905894085 0.11409808486645918 -0.1274716151296058 0.00039697884931745624 0.08819838274097155 -0.42882133966739117 -0.07434865256231371 -0.2276688579833962 -0.06892735850764779 -0.02636288119635984 0.17820478178112267
-0.04996067090766793 0.16382711247966306 -0.014817810666005201 -0.07473722867357765 0.43452076781307786 0.2627918843777735 -0.38556749076515795 0.08108918367278613 0.23640478923786795 -0.03104531683234443 0.03769547462944262 0.10828379766595247 -0.1517194851084261 0.12290874152210493 0.038559021743951094 -0.011087287218318113 0.0042371876844144825 0.2015129607125179 -0.2845415934944602 -0.3021942385058918 -0.0817374673895786 0.03698620662417308 -0.3814024645969644 -0.050254390452360985 -0.10468898270097098 0.1684431433382059 0.08052954379435347 0.16507693362564616
-0.06626196438440556 -0.012291200481965338 0.040776616792340625 -0.27769034897930006 0.035638030762096554 0.4339319551597874 -0.01971654330486096 0.06265853924093735 0.16069991728068095 0.13424925127819853 0.052566915261402856 -0.39316067588167164 0.02181778828627343 0.07801813264540942 -0.0738412099209252 0.11395892252206732 -0.26092063847195396 0.0020724153950135707 -0.09058494669226463 -0.05728054414008777 -0.07638615813964679 -0.1107711973296452 -0.39099023560714125 0.16428633849875984 -0.11189676087977579 0.3609634248702733 0.17310824882999357 0.21515775912107774
0.004809965402246954 -0.1469509597112312 -0.0656098564595048 -0.18750797840652889 0.26029851585095565 0.3665220595771805 -0.031978743705535 -0.26295766570372925 0.14637435846617466 0.09958095482923074 0.04993132660397312 0.24721411468199114 -0.022472522150014693 0.09262969813524231 0.1565598852224899 -0.07554493021443465 -0.23077439619363582 0.06443269247348032 -0.0195982979523227 0.018768763725918274 -0.1433867455277142 0.02505781371306474 -0.5357262572311547 -0.20358658577273975 -0.2022214888644943 -0.04953019086342573 0.010849344122279675 0.28487748714754224
-0.2305508484125279 0.0628124589560626 0.04856331790490151 -0.30467161680194954 0.20625930920347416 0.5911242157167896 -0.1498855445227977 -0.09476017823305048 -0.06160076613119715 -0.003922647809289159 -0.09625268613718378 -0.23354304256220465 0.08416372404677747 0.04259134449289476 0.04541244408963427 0.16931726194904465 -0.30679922721621633 0.11469220552599954 -0.0258934757227092 0.0630636356146241 0.02733732354000078 -0.004006015522962376 -0.3589801707574957 -0.05399445591266885 -0.15286375380384123 0.10505381286220411 -0.07398736624785152 0.18084740349534617
-0.04578644234160593 -0.01091279554065214 0.06842521971340733 -0.32073918523645645 0.15359234796576823 0.5605967081084875 -0.13461325408923444 0.012124928008543229 -0.0782093706387123 0.048901700294791586 -0.12112018793130665 -0.17288416988062663 0.02464771977085 0.05889629206243829 -0.05978779989401297 0.17844817289295525 -0.2030510643086378 0.05340807216643006 0.03402308496823293 0.13584474827905846 -0.012900435196647688 -0.003426455522804333 -0.5093469440079094 -0.0074223128040715215 -0.12413452208779095 0.11932856276314809 -0.09905921955822751 0.2805666131187689
0.03758779786716998 -0.07573330281303413 0.01048772404578304 -0.175885864658271 0.552183427570473 0.26471519008987837 -0.1097140374993868 -0.18501253560941666 -0.11918395109200193 0.04265619137709268 -0.028692520971002812 0.06701319699819723 -0.04114308620197829 0.06330887575217903 -0.016151954697114564 -0.026413700552281247 -0.0831348720058828 0.06050596929177331 0.005316801149257692 0.14820204855766736 -0.05911966210331702 -0.01733403264992778 -0.6167921618616737 0.10126706438746721 -0.10495299333377943 0.1453312434561442 0.048733921510241515 0.22583534372464392
-0.07774599934399384 0.04321302689379672 0.07142759849222305 -0.18712098469875219 0.3298346138219776 0.39212477332179163 -0.03181667824989377 -0.3218338608330308 -0.08434227007388558 -0.19207492920565614 0.08789777163947314 0.22608133627130667 -0.04481418808682292 0.043520594443176824 -0.02728856837677971 -0.12846006866639098 -0.18751885804984736 0.1252074356862247 -0.13104131748713013 -0.17604136007827295 -0.11923804846473751 0.11097574951527628 -0.45230507579069074 -0.19270142270843493 -0.24432133088835922 0.018012930323060075 -0.07567686755122595 0.16685850903476268
-0.051606558332398765 0.21352194588862325 -0.0023935411117430375 0.009276195971151644 0.40659233810142303 0.21577205427633653 -0.2850423222711299 -0.01672324143753325 0.2655549298742763 0.07735688764620188 0.07069419650743157 -0.041313304677416 -0.022828205971511587 0.05893281177921501 0.07504909156504266 0.054903924684245875 -0.05317994751481543 0.1829022968816258 -0.3844354211300822 -0.2981906219390042 -0.13968765373136455 0.04906223531917095 -0.42552584561444834 -0.051172406724878536 -0.10830818145012353 0.2042283744210077 0.059830604519271816 0.16364868653327658
0.037792740701093806 -0.0937698837640033 -0.0008319116875028681 -0.14857323393290794 0.20723504121974037 0.5508006060203104 -0.1392758557936641 -0.20520911026270222 0.04407400327951822 0.10389739654382482 -0.1455918319616489 -0.022703808283674104 0.011071939623071198 0.10502649057086423 -0.03924244664357354 -0.12361604187905897 -0.3074657352360062 0.17983567564834663 -0.13378923354284153 0.09157472221109533 -0.14855990301421043 0.044214605128816246 -0.45290116986416634 -0.1223610307598167 -0.22597586184137564 0.057055866837267544 0.005498849161579463 0.21404537909298232
-0.1912779954082998 0.1416727004992508 0.07314028375010703 -0.46854868267252825 0.021497180038253696 0.3656853302382991 -0.047745243790155704 -0.07130825007815174 -0.10304750245977967 -0.04755132445024439 -0.030457414554625493 0.039614526849773415 -0.006392478724694305 0.08646426104881837 -0.057786376902358084 0.202209559807297 -0.23963761877312423 0.0505327452348391 -0.07372382194428732 0.15781461172564312 -0.2807560066565601 -0.01006711985148611 -0.3622326135789993 -0.03508506145403332 -0.11884737514518649 0.41499079314650467 0.025222519438530162 0.1453021453073249
0.07862756131281191 0.0826228400269408 -0.05106166331725614 -0.3927422471527485 0.2771023674094707 0.34684275870709413 -0.08713794480872226 -0.057553616727365406 -0.1024686369512833 0.08047980858123215 0.1700946837138759 -0.033491228623568146 -0.012945659468562184 0.05486271915768507 0.16795893555599303 0.009903144569000549 -0.19374351800762554 0.04630644221818615 -0.08611273906535183 -0.20728988637716367 0.011097409136414361 0.10974525034237957 -0.4222844350638734 -0.08926964478148099 -0.14152254285051477 0.1550750080433308 -0.1127449471783012 0.44532666696799195
-0.03996223218981092 -0.09926576284136766 0.17641343068113477 -0.284143496528559 0.000713444772402623 0.37000491686348624 -0.04324863924033376 -0.17001373176755843 0.1751908196560276 -0.02613378464117744 0.006744525747059475 -0.10858008641920545 -0.010706855257465607 0.059022989283315196 0.00792144655416763 0.02860177269475552 -0.2240931994914407 0.09796081403896208 -0.30597891545963335 -0.2801195955114134 -0.05093215272785064 0.052031789586386205 -0.35533168238248647 -0.22304421263514412 -0.2629374633237101 0.28791902955862075 -0.059945059071699495 0.30410522491502096
0.1381810302716765 -0.27955873514212193 0.033217729695665596 -0.22518762583702032 -0.08646097024956927 0.36152882966281563 -0.042113710956151115 -0.37087300384344574 0.15822626745948676 -0.14897825401174924 -0.16811641789324658 -0.08949572396059415 0.013346413084848277 0.18904990531939223 -0.049997025972642335 0.19670364592812062 -0.33058510432518357 0.07713028161805432 -0.1218192842988826 0.023666520626326508 -0.044281683252030336 -0.005965303140677534 -0.4181433550591844 0.022111065328446113 -0.14094493828448798 0.23149954635308173 -0.010569367801990718 0.1769019609097137
0.17037540617641028 0.07027115953096465 0.011337744893789272 -0.33670562128230513 0.07627869411844593 0.3748937475965283 -0.05576825809727838 -0.38973216107626163 0.18074467655733314 -0.08310975381390064 0.1333040754343707 0.124477273823161 -0.026825446677508098 0.0975463022733673 0.1309305601608351 -0.10128405063588958 -0.24147448026672563 0.0509672268957363 -0.045896213647991076 -0.1294381326876451 -0.03159468039653849 -0.06705823506918585 -0.4695079341989783 -0.14594723904305837 -0.11220476520544301 0.044822961746014994 0.15161767469161908 0.27587102939568997
0.046629534627246574 0.07375205240436115 -0.02968004005451534 -0.08457660986620877 0.38605986182010144 0.08966441354580433 -0.18162808215918383 -0.020172403362808042 0.13736929515417526 0.04910937365390924 -0.08867366929217387 -0.06110737162869697 0.07790505378115004 0.08292697786542405 -0.06785561275774812 0.04194656781142041 -0.07280120537825008 0.2577747642237124 0.032365778714703454 -0.21426519831857374 0.21472366678310953 -0.10489602577952964 -0.565942264720201 0.033552639308331696 -0.2601037432022092 -0.21258337354625395 0.14683885189809662 0.3317338145218458
-0.23994989634940034 0.19250527909381954 0.12975881175702675 -0.3732519496580567 0.1284624504130473 0.2918039761198172 -0.0644546644218531 -0.049469674502865095 -0.07637762418619272 -0.06414588967721652 0.03308218744800432 -0.1247042610302484 0.03342618769214439 0.23095030812064196 -0.14763085515824703 -0.05698087926221854 -0.13379851819089536 0.04650018854497854 -0.2017371931702306 0.01741615214587646 -0.07116099984458454 -0.06174974538175179 -0.4943290143571274 0.05184294582706894 -0.17744061000739242 0.23322339534897674 0.11007066492739588 0.3462391251636373
-0.019773829816043365 -0.03739425662937807 -0.10907523406040716 -0.0413384005603348 0.5046688833058931 0.14136288789115403 -0.21670817602203754 0.05926750670461585 0.1838218197202816 -0.1870949479730045 0.13111414570813487 -0.13551864583896164 -0.16841988522142437 -0.03450183352826985 0.17344535422167942 0.24567813659402252 -0.018415452070156737 0.06277584448374693 -0.2766027198543773 0.039656566523022053 0.21195541407636884 0.03382435086095735 -0.4642986463184449 -0.20564999619917995 -0.11411901548578073 0.1291291604831762 -0.05371347633073528 0.1273918835950217
-0.3021417131655667 0.1249581584958362 0.057346115630854184 -0.3249541653772895 0.22709234769632472 0.41018456780092144 -0.0803561260798934 -0.10598583834599633 0.09744709069678738 -0.09846762108663919 -0.013252462809348 -0.17138045941404143 -0.007257131950639415 0.04924833478961795 -0.08231985001207975 0.0958045419114718 -0.2422969527376439 0.15053467033983287 0.01572156008696265 0.24370055074466754 -0.036427361253382994 0.008479400055417582 -0.5291835003802533 -0.03774305115059456 -0.12408376226027647 0.16119304172559687 -0.05273280610624915 0.10725152071558808
-0.2233904540848941 -0.1333988763706473 -0.09165829077094849 -0.1635647405777559 0.31302764811442735 0.37529447898226553 -0.3041702993155125 -0.09124709053983211 -0.09217422538593387 -0.21403370314882794 0.13962753805586828 0.017939471963392368 0.021910091295946104 0.11594073067186042 -0.05799082707668318 0.1107418364266691 -0.1352440864253555 0.06938442937568104 -0.09801808765519825 -0.19919650654193002 0.055081009985184004 0.044545326294921674 -0.5312525024914138 0.007710513580094005 -0.040549609337986424 0.10225697112842161 0.10037035169026555 0.26818265877714365
0.3827261362574201 -0.05437367793906868 -0.05052049904097392 -0.33361938120114737 0.3276571689053745 0.37254410681493516 -0.22052476459310477 -0.015209332180342042 0.04098726165961043 -0.0786730285775558 0.012878307363388955 -0.15593208845139236 -0.02953552006147004 0.07194359207526564 0.20562604054487293 0.2538605877161609 -0.1995053329051249 0.10050276985246946 -0.14253057426056834 -0.06737292696355252 -0.09209876212939193 0.011983172122241918 -0.2970940641996698 -0.08732845037314987 -0.11640972234765788 0.2966223156087121 -0.0060243510055796355 0.12540778090295754
-0.2005333598622573 -0.011605602475143646 -0.056735557908458786 -0.06122433590785679 0.288092805315552 0.24505929578872768 -0.12580981352609993 -0.3088174273120058 0.06662586880557848 0.024003732426801632 -0.03971745879191791 -0.058052841988085045 0.08448715413312002 -0.021044900092767223 0.16909633024666682 0.11299732821204063 -0.2714379149906109 0.10779117602607308 -0.21987468342038732 0.27138748648440747 -0.12695668862073498 -0.0827104573397238 -0.455534833632524 0.0817334072457498 -0.13045185570351653 0.3642283913516232 0.008451117613334664 0.2129189254637239
-0.1414313657010101 -0.000610268535109188 -0.06781132237296758 -0.2987409531526581 0.15828372533981588 0.45970845813357064 -0.1671111543152527 -0.24102478460255886 0.12136207603920986 0.005617214327449245 -0.08396025177448883 -0.23629309083270122 0.11945854348150384 0.10860585288050059 -0.19569701068462061 0.04287770002833883 -0.05743746702011192 0.10996813781649176 0.05819112704621724 -0.14304020088730296 -0.11179087569969912 -0.10260479536258085 -0.430835359532376 0.00787823576003528 -0.22167574674693263 0.12394715390935487 0.14229096834852104 0.2953091541139055
0.16063371405999555 -0.1824558120305939 -0.1581974370883815 -0.356633312136502 0.32018121667030147 0.47388619541536 -0.07915012496268052 -0.13020946083102655 -0.11782331063307162 -0.1690986300322646 -0.11582578198550338 0.020918926370538025 -0.00029004894428599895 0.02887170572637783 0.0045996190819050965 -0.12734043587663846 -0.18940744294259462 0.10148359006454898 -0.1262999675501085 -0.27627578645779777 -0.1120454217328233 -0.04405779339675214 -0.3133626228094672 -0.1296702230574141 -0.22008528505541333 0.08097622530021589 0.06946965278308843 0.19289553819133978
-0.08833307551346621 0.15122869523968951 0.0006665629072191026 -0.3691244822838705 0.4188502608815303 0.08598655802557743 -0.17409104248371318 -0.23757462032225546 0.04363658310439594 0.06902383016973171 0.054032908221220026 -0.11675638975930015 0.013510375110077893 0.044275919529183964 0.17939754945814618 0.0212721386933255 -0.10847730270032215 0.16274494547666313 -0.08857878601887507 -0.03870768325204816 -0.04786502130469889 -0.0553062717880877 -0.4681399179933887 0.2326506257700604 -0.1986055037549657 0.20824007375978815 0.12525846347863356 0.28420002287424156
0.1749204138542743 0.07725850500532101 -0.19744359530584915 -0.36031463516841733 0.2447325896570316 0.3999107136015871 -0.05667801924412125 0.1236761881241636 -0.027644005627610452 0.22667647606660843 -0.08108329324375778 -0.15369644015915707 0.0385210664539766 0.10084335864690139 0.08827478006387215 0.014803723403899639 -0.3704809659893771 0.08844083461278124 -0.0671767853791906 0.12313574197904976 0.009679726324331523 -0.030642192668928397 -0.4701186421635932 -0.023721106000421616 -0.14060185013920815 0.1252829242370608 -0.02879856725122295 0.17501489651783067
-0.166772689961886 -0.04002344384793708 -0.06328698802534496 -0.16001185307251806 0.456595711610742 0.16945226046084136 -0.1334747748602185 -0.05890714142779687 -0.10002724034531676 0.25166603048485214 0.1069368958023185 0.04453759850744841 -0.012047704218596215 0.024901813586852766 0.09824110962451522 0.08084774964337708 -0.11513614235566073 0.15084223632417718 -0.2446186808754119 -0.12873565136746826 -0.4111788676655339 -0.018831189338319152 -0.23499021338092052 -0.012878056248409396 -0.17895641892000447 0.43837449475602996 0.012601227882192924 0.13113822160505512
0.07919562872685873 0.057812749569334285 -0.02862659496675207 -0.18745178671089588 0.29420936471296566 0.5028350803521059 -0.02465123952093662 -0.26331810859397203 0.20137457811830936 0.036021514954097375 0.0733420161959223 0.2249060495945437 -0.015491955198575814 0.08937052679052235 0.1386979769504725 -0.04511368197544852 -0.15476255252805518 0.027697426463637285 -0.07652839505819596 -0.08329128114556955 -0.0468767227916468 0.03306197283568988 -0.4442419460556699 -0.2753272294492864 -0.12079050677249974 0.19115665767569429 -0.06529484850345212 0.2200395822831283
0.2008807666139539 0.07855256106210379 0.022808171179994913 -0.21525616718633905 0.1751789212306134 0.5426018738691196 -0.1488637237205411 -0.07645198173529039 0.3351700822060822 -0.06277175966525532 0.08310339712782197 -0.005302425087911465 0.027282886173295127 0.15810200108286296 0.10368570957996834 -0.13745341241095038 -0.2374992657926762 0.11401119114193022 -0.20780056862976365 -0.128049463440038 0.011584166923055297 -0.01703963147936427 -0.3746298829647503 -0.22989005941536497 -0.05666732599219598 0.17208418548845578 -0.003599413399805625 0.13954230061199993
-0.04127431481538429 0.2024208844315281 -0.046007778160017256 -0.005845865943032018 0.4639023854644907 0.13755848503487278 -0.1554885515309171 -0.3677830041544848 0.07596656896035082 0.06296589212925487 -0.005585430789084424 0.023754768788352674 0.02838480130743526 0.03279016688087572 0.042734262879459604 -0.1662151055303151 -0.14092315333483804 0.13679903196005433 -0.05842459301405416 -0.02514607395055725 -0.0857345813761104 -0.0684103605535067 -0.43175141132035266 0.04364985743278192 -0.1301968313541745 0.37049737548575246 0.04496833666196566 0.3474638572976508
-0.198785044314745 -0.02083799762699032 -0.12824063678490658 -0.2494715522364072 0.34822619843678426 0.4977694398250869 -0.1196618025944851 0.053760771667710705 -0.05633307964080622 0.1440704572872068 -0.2114691986172923 -0.24972289268059672 0.08015919429540384 0.05857548206061983 0.02618681430885658 0.04749565451764931 -0.2593501891936052 0.11584370528715851 -0.15661965974492875 0.0569937886412857 -0.01165446772895293 -0.032999987487438785 -0.42940916685862873 0.030213000693303235 -0.17114620876648506 0.03511142875267725 0.04846419606579669 0.15314071409036992
-0.3388161112140463 -0.05032037168959695 0.03993484894087278 -0.27370297227379836 0.2917081161103498 0.4561628171605461 -0.11159884458503622 -0.03065799764928218 -0.05439679827683489 -0.0028813380793025496 -0.1852687632774499 -0.1505619610837234 0.08420033356569281 -0.0196478178394698 0.015944738023307932 0.020299262094074066 -0.21398393456685236 0.09517782355316244 0.021013802204058435 0.08475828060121327 0.00030099711006109143 -0.07709259772557378 -0.5855830506682723 -0.05342011889828087 -0.08389114367266233 0.0016441871332367828 0.015224693978528738 0.10018978664659185
-0.08335814589235181 -0.026095435358582626 0.037209799967711475 -0.26149560139797445 0.3270513228695313 0.45988145544130743 -0.347770370116983 -0.09806713557701963 0.06439566202507223 0.0689489582212611 0.09282101574943125 -0.08092027674190946 0.06996590806606728 0.06597491855493492 -0.05268758980967972 -0.018885763739312666 -0.061870726711936254 0.06942511676723295 -0.07303569470152951 -0.10562838949714387 -0.1410422795420705 -0.029234838083119635 -0.5569844052587039 -0.10284114446299872 -0.08788940173199604 0.04260192252149787 0.032397248204724075 0.24466684607176248
-0.045350225960639416 0.20913683192937496 0.11360803029388061 -0.3940653079431789 0.1479288243164329 0.3174279920051221 -0.12009368008813094 -0.11946065042939014 0.09302860458370045 0.2597705575150122 -0.19913755149820755 -0.07873158964503399 0.06200027674930073 0.01650024397604089 -0.03909278612443113 -0.024435201668564447 -0.13868846529570925 0.07474023051437029 -0.2748698108789746 -0.0843064858301737 -0.019952647983473907 -0.011080982873285853 -0.4013079666030517 0.15862575171488094 -0.06330001328483979 0.15300398412312938 0.24684262583183555 0.35196858502691086
-0.046878793926113334 -0.03970963261804012 0.020281431417198164 -0.21279104123679024 0.1318935393408364 0.3700843568606144 -0.06535666088345111 -0.3506276683393145 -0.13378350482162474 0.11152322666829732 -0.012415566014949881 0.042188952382484886 0.008640281215261256 0.04465530538108546 -0.14085640722903275 0.13018669103961908 -0.31801708311060867 0.09544023972320992 -0.17408243064033255 0.09379975369914553 -0.15110301835373902 -0.016497789625941735 -0.5078934397001463 0.05594863672726458 -0.1717560179806068 0.24673522555791735 0.017664168092824197 0.2713110667797878
-0.16587207379695312 0.33298479829536987 -0.11601224321928386 -0.35324896331513145 0.31710080842349536 0.35733285171756624 -0.08612060534085893 0.041819868890032266 -0.1501026553279375 -0.030982252264109417 -0.19855656277472192 -0.04102574940950136 0.022269463232362754 0.13039036143202648 0.15559572618378392 -0.09578670834233302 -0.13811184647275285 0.04844842468342195 0.11495593312946649 -0.21645160540572803 -0.08023733255524582 0.0038306750191600424 -0.4566300806978372 -0.13991798654204646 -0.035635541656510936 -0.0021107096941702227 0.1475486834406505 0.17720975728628624
0.016677711011386903 0.11616956980084862 -0.18337141816421104 -0.2871737914918054 0.2696089785111458 0.5018319414039991 -0.13154205773994984 0.039512974431409324 0.04322684335485005 0.18763444674428287 -0.061295233623728615 -0.18237767290378218 0.08000319681468483 0.02814399402861384 0.07051945196216343 -0.04116296632588685 -0.2884498528129835 0.15130746109268575 -0.08602404162754963 0.10735010495029541 0.018021536307457776 -0.06849924730363227 -0.45541033085844657 -0.2241341403334744 -0.13490427639698294 0.12805776790817755 0.008648915302073313 0.12823407694355007
0.13581102276297521 0.16549976729433463 -0.04856826524116146 -0.09221708832542866 0.2577063920232819 0.3618670354477182 -0.10156230519020436 0.11580937895758377 0.15443787150414945 0.19283970531020073 -0.07067789667114069 0.05477093272074219 -0.010269796629676775 0.07213430490668532 0.27658077184279034 0.017433655323653048 -0.3610892106651441 0.12772165254456685 0.03127505213060324 0.21343898053348054 -0.17565441481325772 0.07996764682941997 -0.49249245707842926 -0.10587122112097859 -0.17973229029739404 -0.03403048446139468 -0.050582659558416884 0.22541603696275847
0.10013206802013941 -0.050381049540134996 -0.09966722751687809 -0.3194061850437013 0.4540236562110728 0.35178303393168525 -0.16193854855214945 -0.29844072015665063 -0.07544449125813368 -0.08282687068299843 -0.2854559616059012 0.020507445590769134 0.0881929029788116 0.10791272015711563 -0.027961085569477004 -0.23917499601818282 -0.11083986458836485 0.13086551325924717 -0.010810451504494263 -0.18734687130880126 -0.1494823415691247 -0.05783559441107239 -0.27471050270649816 -0.10007975096588884 -0.134882775525413 0.019421489733175774 0.1349669864346234 0.21412351918077147
-0.1568902421743367 0.23900092013064325 -0.12566293757108274 -0.3634632258512789 0.406059819158284 0.4944547315913263 -0.11167080006730881 0.0649731090560955 -0.23326712813212916 -0.11459229588837953 -0.1692343672213068 -0.11984569335021403 0.045554693154786906 0.10994172312634666 0.07185837080212529 -0.06611689538103058 -0.11618066834818702 0.024631359547563687 -0.020090692590548 -0.027361149439214097 -0.0233195671534385 -0.054473430868872456 -0.37913167105057244 -0.09755469979446141 0.015345643082995653 0.0015781185221629631 0.14174038575313627 0.13306225564390875
0.24379694925246692 -0.017964779480404276 0.012550265479779579 -0.00953521434713257 0.6138211715651406 0.23917712414482128 -0.19192938297684364 0.10617070885112406 0.15673143015000787 -0.007773720086757666 0.03247278607324377 -0.2353017088291806 0.10129760392653604 0.058503260466148725 -0.05479426673305108 -0.1237916143886401 -0.025121263233090427 0.0856948344452163 0.11401647604836074 -0.07088945003870911 0.03543827849030285 -0.04266266430146542 -0.488392874277532 -0.04107831302291944 -0.10387234407732462 -0.09314543952953824 -0.02808456477521353 0.23515623639932912
-0.01817964953198513 0.01726559628681027 -0.1591140005038144 -0.15254515483820116 0.5800431439645513 0.12041570279527256 -0.1012904603285073 -0.12351147577169437 0.2014741622905931 -0.19488544868234597 0.011166274999991878 0.07056853411119318 -0.004474001191668629 0.11360899901721892 0.08243814583748994 -0.19735012601858173 -0.13881935828121653 0.05409037727823235 -0.1377856661390632 0.060297625497798456 -0.20306248395870866 -0.14192268669487862 -0.41892994584779353 0.024379629687460155 -0.10225115382426216 0.21079594551844447 0.2110780299554055 0.22413796807152214
-0.10267766802180883 0.2624963242573475 -0.026634953445713653 -0.20278891090398055 0.3573199092655914 0.11841539904020427 -0.17516356538358693 -0.17823507933491084 -0.0548604077588627 -0.1075527377672534 -0.16171374494751337 0.003896011339545186 0.07844623299136748 0.08239322197257858 0.14140398515798921 -0.09888638693654378 -0.034613665196508416 0.20638535500998387 0.1446542868306752 0.22687517119726272 -0.08519406050634498 -0.024218701822621768 -0.5953167813102154 -0.028720925491317013 -0.18675990607826184 0.012983088970272106 -0.05091052172526353 0.2724136113205382
-0.03488552495427603 0.1710492811404794 -0.03410977203910687 -0.20374948227671735 0.28185002341232585 0.427739634850569 -0.13119391345918077 0.009480885093798349 -0.0929103183002728 -0.022657965977700128 -0.09485291675500392 -0.11550922855836059 0.033533732148575815 0.0374872248690792 0.08502310433734722 -0.05780015113044861 -0.18499642160083896 0.1296168854369076 -0.04822940227223692 -0.08269358397143992 0.21383362526735056 -0.1572634226885302 -0.4257851413200479 -0.10452123344654432 -0.07230092633843352 -0.1483370139948479 0.37789816605346455 0.33114888534628906
0.007150511880474869 -0.1268666200963317 -0.015469456440572198 -0.19581038977428813 0.008979227512929294 0.3643536618890411 -0.05957477001564831 -0.2011557570295179 0.16838648594619088 0.05501508761521672 -0.07036675735908171 -0.10238415144892536 0.022814587416017138 0.210754165582861 -0.0020197628465035496 0.039230513362200826 -0.21822045732681808 0.07805077803051962 -0.33951632356823674 -0.12716250273495758 -0.05944328601943181 -0.0026992035424225095 -0.5465806875275242 -0.19875647449636047 -0.12574543297640212 0.27532153909214335 -0.044840383221448676 0.23357329270485286
-0.042580877676030006 0.25622537713193 -0.06609079224333893 -0.34790320956794846 0.19878505558259496 0.4247506502691889 -0.09043273602957339 -0.15072381481058963 -0.15207376771059544 -0.07829967292906624 -0.019399954436737282 0.08275755049888281 -0.040702537737665676 0.16665608573262916 0.0006503781925163217 -0.01545702554419385 -0.2601568614437341 0.1408350491089388 -0.08684128622706562 0.2370579403815581 -0.057977907190840415 0.02895480774265481 -0.4124071552108699 -0.04650673182347981 -0.2413024190275527 0.21083055125699435 -0.04838819350282712 0.23966552805939564
-0.030337301690338724 0.19985583669425286 -0.11563853295088801 -0.2944605718514968 0.1423464993223625 0.4185235356535393 -0.06295411700626648 -0.18774546730032154 -0.11620219508023936 -0.05986246558377216 -0.04359947977915764 0.06321853993507554 -0.028655922323031047 0.14016705181097586 0.11055593423157427 -0.050912520704760676 -0.3439859741092775 0.09198764103706147 -0.04364799620902032 0.35097634011630113 -0.05988278624680214 0.09495461311186595 -0.4361162347528902 0.03801257903430774 -0.166911432727834 0.06127481194545352 -0.16639299006722538 0.22523850774453702
0.23964347290453142 -0.17020130297712394 0.08130074091149882 -0.27633644254640677 -0.02595454962460003 0.3175944996726632 0.05059481559923294 -0.25556532357684864 0.28122267020492503 -0.05761463580717331 -0.16530340718530157 0.01746717988662165 0.021102382720748186 0.10175722010822862 0.006259244242898197 0.18849325151488616 -0.2277166433752063 -0.03827797411082913 -0.03060706779172414 -0.0754429537826971 -0.033544428135649285 -0.03197268315612406 -0.577720577424706 0.06270994827530514 -0.12793103713815307 0.17233788044798057 0.029994094661184842 0.2409499858362911
0.27483188836584005 0.009675384738080292 -0.12233802493297806 -0.1893741465637668 0.13545070697395467 0.3591069976963805 -0.07281800780385073 -0.3673528302250566 0.006549527774582041 0.17972742730129548 0.07693620670906955 -0.10273183812870058 0.0011408953969479223 0.06266300142285139 -0.10560681665156833 0.12304463834688625 -0.2185546073173126 0.0842441230648192 -0.2348352296607655 -0.10897488815842724 -0.03191840949700081 -0.005180493754587396 -0.5576917200021229 -0.1426149883612226 -0.07621755364579434 0.17952002658828994 0.03174470682357886 0.11668539611406839
-0.19242741396264462 0.08913076723218977 0.027972189442845914 -0.30559398159210294 0.25910306704657965 0.390878535732169 -0.19019578998176412 -0.17189027301745285 0.08573949651681222 -0.07927532325841938 0.12479569981125864 -0.1984908855526608 0.01639756536394658 -0.03290799868035529 0.13961410195725912 0.19841722726714486 -0.27984370725883917 0.06609481343361524 -0.322959912083865 0.2898546894230333 -0.019914001775448106 -0.016412190259088882 -0.3762830123769737 0.043168349594389706 -0.04577495000772604 0.1423787778113757 -0.04753985667364123 0.08154189924085344
-0.20918747500258816 -0.093723285452716 -0.08727815991717529 -0.17509062970942443 0.3389955244910048 0.18982655369237159 -0.22825893627680485 -0.4501975580576361 0.0326297283360047 -0.026879061806695935 0.05971371522215684 -0.08216678934392396 -0.00032930042523296097 0.028143234719393003 -0.08201044215055069 -0.04375176584006402 0.06717700762680702 0.14976968500937762 -0.18493962910388148 0.1298994605387119 0.0808863457656467 -0.046499732837649056 -0.5285541398968581 -0.07725539412082168 -0.08939041734527271 0.10386425741750595 0.1195535414014013 0.27709109157661727
0.24413397655681804 -0.11687798479105913 -0.003247868146183281 -0.449476686620448 0.3845599284712165 0.33623427656768784 -0.15992847201004295 -0.09987585555602733 0.06591022822417915 -0.0779244530413336 -0.04960965093313996 0.001819103032208819 0.0488569049868721 0.0070150661469005815 0.17834212710732528 0.15621864784688094 -0.1676096324411608 0.14881680795860927 -0.15348714395445728 -0.1515100932501979 -0.0769186060684723 -0.08171071477882975 -0.41868963319597874 -0.025798990016137578 -0.15242917786759178 0.16460703277323616 0.04202324251112909 0.13881692591225128
-0.1642083357343378 0.03606264752380892 -0.09590791072945462 -0.3486958146488596 0.33292718108501707 0.31949002824602546 -0.13494530477589192 -0.19990706585574614 0.18290068198401865 0.11819406118017324 0.08317815232478161 0.043078193632927274 -0.03944344443096238 0.06728756842083793 0.17283329207123135 -0.13677844041927414 -0.2875459613726544 0.1585972854642113 -0.09300370948333371 -0.21891231715857848 0.004825457849229903 0.02042092141306624 -0.3807254088354239 0.003010432604524441 -0.24527773447836862 0.07010580543223509 -0.002149621382125771 0.2900185321097438
-0.04860045223806969 0.22793196583198677 -0.14364986129519614 -0.11077693510586856 0.3819593648160724 0.4021187953894349 -0.088549985772204 -0.1481647902800055 0.004385852331617092 0.15917431973786478 -0.09576576092224509 0.013737075937035744 0.026357460367491974 0.12135727994934475 0.09360517741230644 -0.17992739048708659 -0.2155711793170968 0.14777919521624802 -0.05471608612728131 0.13689759297609094 -0.2573763648946512 0.004143302589518087 -0.4126060408791692 -0.21404604911127129 -0.22081987285005378 0.17397238104420548 -0.008448486699431719 0.18070806298051528
-0.05013187447509531 0.2066884442534506 -0.24051264724859497 -0.3160070959597949 0.25439801583369265 0.22431240432050223 -0.04141376251291727 -0.20659501360736168 -0.07288065749799119 0.04850952064616753 -0.000797633489984291 -0.17220258194616256 0.03591434684352091 0.11187495664287188 0.11764074040179442 -0.08636569810068163 -0.06199797182995788 0.018349445641323722 -0.25424887041583116 -0.043000633532799794 -0.0742936773211508 -0.037454205744017234 -0.5644004074102814 -0.18588921302266265 -0.036657080168987305 0.33700648980219533 0.007725526401536406 0.13975595218075224
0.12256263190171848 -0.08931572437657029 -0.01295961628589885 -0.3163761518887927 0.2710080798965794 0.4493841094476452 -0.060893064258497845 0.0757440918017175 -0.21729535677090836 -0.08075881271053126 0.13785485837874534 0.05868920452518798 -0.03961739710994702 0.08524303090717303 0.09216004827398783 -0.1359741856389102 -0.21945726335768864 0.11551135095367675 0.012489018373091248 -0.07287181009033096 0.0822046038826496 0.11391422257911034 -0.32225699627644405 -0.17951077594788664 -0.27634883167655744 -0.1499476193966179 -0.18394995005197617 0.35274318864173354
-0.05035585436986758 -0.3033925603309594 -0.1293568566863269 -0.17959797038296166 0.2942506939980016 0.2802337723985499 -0.06542945637510109 -0.15140891304238635 0.08817692703701442 -0.15843876640958954 0.10369378057140571 0.0379225173652432 -0.0011501335830752606 0.0783594495425989 -0.2334860762774417 0.1942564547149903 -0.20272309030197325 0.07087217532608836 -0.2598435722317906 0.15455390315853465 -0.10505307059715019 0.06069641461878126 -0.45121598890262066 -0.03453717598794495 -0.18222587116370276 0.22321508543631033 -0.16058721729691405 0.23408040786616377
-0.060401921027012445 0.024081985450507777 -0.07163069185077002 -0.24124992721953342 0.23889474656698248 0.3541117102755932 -0.21370050314093075 -0.2394157893473674 0.031246329060946737 -0.1428128261194741 0.038204381139252536 -0.123418569631079 0.04561345894591225 0.01770085194460362 -0.10639228578398709 0.16886208651898904 -0.16460174814789585 0.2153352249698111 -0.22384168161513465 -0.021569979388496353 -0.021333623604288046 -0.020358015515571648 -0.4942202343484132 -0.05196352782993992 -0.17783314243958187 0.3043214941867222 -0.03616639988811967 0.2632363663119006
-0.08057134223790627 0.14842544574882774 -0.11577545126606927 -0.18937070935563505 0.3046464600022274 0.3996577558672469 -0.1205123821900524 -0.23186802645826807 -0.09974601443259928 -0.014508319152528237 -0.10192941570686896 0.06611404548971798 -0.014425923528810886 0.09811131342877333 0.09316839467766343 -0.12336941538029608 -0.27021762011027 0.13080457795576436 0.0268523161602153 0.16746849787484822 -0.23764077713665763 0.019080568850621833 -0.4976880160693114 -0.17923741640160235 -0.16654743264522007 0.09315344249863595 0.024389619848348126 0.2239981288359088
-0.02515293739843509 0.015874584303530684 -0.06385008881742738 -0.2546958965946941 0.25604355124102457 0.42284857903799256 -0.023143436405102448 -0.09810890629978225 -0.10598103923121503 0.04904432602885544 -0.07720004482055307 -0.26646287315637435 0.02668095506349075 0.07569941312926887 -0.01959755701854346 -0.049936716964789345 -0.14999173669198732 0.04174627377343834 -0.05720116171059809 -0.18518942557159832 0.0718673760373006 -0.09965895007363632 -0.4589704879084987 -0.05943408438949487 -0.1443233024493541 -0.06322067865995677 0.3127527908394105 0.40248944580342966
-0.15467736385355052 -0.01853987661995195 0.031968042369647114 -0.2974028109355552 0.41816428091730606 0.43147552822904556 -0.20084501730758175 -0.20090383417119956 0.033461176984019514 0.10862637254043839 -0.09384651912534947 -0.00987348283952612 -0.05240248731593348 0.024428721812124656 -0.03311367523670614 -0.12556893430288085 -0.08338268220885241 0.16992350518475044 -0.2937551162619257 0.010298327143685688 -0.04022517767809201 0.025010371837299893 -0.47028471666201366 -0.0075429925789945946 -0.11596105309310399 0.13287566196849265 0.08078550931219278 0.1384708833024231
0.13199282684178268 -0.14295289863260033 -0.06618300481493365 -0.3547073265330297 0.3781548916764401 0.4283851734077522 -0.14940767719848103 -0.11870296202858092 -0.1494898720077229 -0.07223475328410484 -0.21721417134768986 0.10894238323445263 -0.006966858266417852 0.08326927439491415 -0.0006208563801309805 -0.14003030006595224 -0.15973992371123522 0.14163788565034258 -0.14166698627109553 -0.0972462023647269 -0.1306914069783174 0.025222243869238766 -0.3907978701632179 -0.06727799772187945 -0.19549036000832312 0.09960313416489879 -0.049591123205720906 0.23482634316041462
0.0194403268294163 0.008902516902790215 -0.014236893302744203 -0.0839316973866377 0.24048904372980426 0.3274542317369226 -0.15110490232576002 -0.31103809633622226 -0.02554258956661186 -0.013918791995932517 -0.08152204666363444 -0.1743968225766064 0.10554982719271169 0.058044309734310316 -0.14898673400228143 0.0970075268505504 -0.1963127327697495 0.10728155608292468 -0.06577950056905557 0.062263048978400515 0.007352330981272161 -0.0697799009712756 -0.54720967862 0.10960466728758897 -0.08648485965604467 0.3600303282224524 -0.01427562427753366 0.33421769808666607
0.05150092911628445 0.11178236604907492 0.21155710714169432 -0.29128071384132365 0.31589336331361917 0.4136491227570604 -0.1424685720038297 -0.22830125160336573 -0.15397735967796092 0.025130038032686108 0.042285807280864895 0.06895003170800562 -0.05080574383564278 0.019761058126145224 0.1408904945572752 -0.08359995667242792 -0.36099765765137126 0.19116221772417438 -0.1733700620276527 0.003137023202440608 -0.08935167391639527 -0.03339402786748127 -0.36387157750904614 0.025324275665122953 -0.2364274339271691 0.15917598408958844 0.034328508747449075 0.17250957653089485
-0.03133318153677908 0.2812446674105083 -0.05009872331562704 -0.2890757215254753 0.19943373879787454 0.5761871425785331 -0.22522117704376002 -0.09988468373084618 0.05415455734181748 -0.14215298421087785 -0.14763358005354563 -0.041655343956802336 0.08338481384653915 0.042627719430825536 -0.016215597413546532 0.008709897053384387 -0.06254629225715184 0.04165149934336411 -0.1790966594110496 0.08369538740185449 0.09721021505867257 0.0039032178721754166 -0.4232145778445666 -0.08279940188608487 -0.15859735643725323 0.09905246835790041 -0.008805625197550916 0.265324724524025
-0.2853434836568679 -0.21044600979842387 -0.0065672967790453415 -0.08308312675894072 0.25514014211071906 0.30590509070484706 -0.1265409833291649 0.1732014248046753 0.21045497501900468 0.06238365326080675 -0.14434716236431633 -0.24507443917971383 0.06323936528841599 0.04405759888213515 -0.06551870319838418 0.006951069431890809 -0.22918991848169293 0.22034138799352068 -0.1381499412358553 -0.059600156205049014 -0.04381891708174782 -0.09937225896447824 -0.40632653127740015 -0.023501953562657548 -0.2270912889048115 0.36155544863275557 0.08671878523435998 0.17977916923067888
-0.042038670192968045 -0.008621613134134 0.04053499712318516 -0.39813754693328834 0.11318798354157975 0.4826588074041161 -0.12872171029835985 -0.005647874343188534 -0.07789938340108503 -0.010818464446155989 -0.07795338125194824 -0.10005676583970859 0.03749920683141766 0.0979296755494753 -0.16730671537380193 -0.058240672273931794 -0.3144407613612187 0.15031630202387936 -0.37543232056328213 -0.10109827894620815 0.041766489130202686 -0.054630033748509804 -0.37787699238307326 0.15500987826315998 -0.11356598594427954 0.11566849678180408 0.13578825802152697 0.1485769799712003
-0.15504646467124222 -0.2242365006262386 -0.11282096621332366 -0.3568090096856297 0.29350520608418346 0.3730030895212191 -0.15366661276458896 -0.10732546439795755 0.039229325126290196 -0.26762653184776425 -0.11276465773502854 -0.1208539552687218 0.14251879395276273 0.10988497485429873 -0.030462530064963033 -0.059742957393886596 -0.21789260232778568 0.10676686822372312 -0.28270951918936704 -0.02961001026202163 -0.10861273253877197 -0.10103438491701032 -0.32680424834560534 -0.0038894817897595934 -0.11505843064268853 0.30015260945534644 0.003268418306367724 0.12657526254984314
0.1934242954187433 0.0739480737373634 -0.06688171863398391 -0.08861136791875672 0.4996813497534243 0.21982281453203295 -0.1514250377344736 -0.21795246061316792 0.13888453084206354 -0.011948166301012616 0.10787265274071442 -0.0917824863962929 -0.08135502054864616 0.09028474347278573 -0.03623928225073199 0.04459716853849375 -0.10665628233143278 0.12399743175579893 -0.17146690697721528 0.0965718645920641 -0.11219609292496933 0.11911817784726547 -0.43335289717032677 -0.24793630592856236 -0.03264134196969031 0.39493562915983355 -0.12330739541444262 0.07089677389243283
0.05499983517070414 -0.03181485121588866 0.02969581554028379 -0.35416533848681203 0.40621867068458417 0.4159803859799817 -0.14226395323170904 -0.23589635525924707 -0.09108184314946571 -0.009708952453097117 -0.12983259744816153 0.03943519407301923 0.00492660446971048 0.06470962533556845 0.03217836303609509 -0.0566909299011224 -0.2778118260759623 0.14358386471081286 -0.22214930427813542 0.05261936645079786 -0.10129949009165254 -0.08397146027408361 -0.3921813599368997 -0.0777279451603132 -0.16986266559442215 0.18837471826156735 0.04534883436485142 0.16424190370012967
0.20298598943546156 0.1443343626444597 -0.050819564892364964 -0.033930666516726125 0.3227108946094882 0.495786328740813 -0.07601737319374834 0.011646390438834251 -0.19234203911233963 -0.19279415582024384 -0.033528691424664726 0.19317152927841108 -0.03788358153824456 0.2712480583834226 0.10403674476686127 -0.17218040804585086 -0.29393819792463566 0.16602924941811964 0.05374720609575839 -0.04056252695317299 -0.062315517384498094 0.04461788168088006 -0.3397144038397469 -0.14663110130841855 -0.2328243275288706 -0.09765075129294275 0.00266479404618471 0.1589178270594859
-0.23970800180345359 0.04596684583081277 0.03657105934169192 -0.24152488317903553 0.1835079558515301 0.498738168926607 -0.15854163083609776 -0.2717828234502838 0.0659528494646718 0.037280272900111135 -0.12293799487070448 -0.19754637253901194 0.051992787070427766 0.010727612937683715 0.04564158463918258 -0.01683042549379995 -0.2082664095590148 0.13812017506716912 -0.02819343552086832 -0.10167041120886826 -0.06263222668133979 -0.041695890553111806 -0.3444110411506164 -0.13637521098566546 -0.17656409800424613 0.08467252823402721 0.11519075464779287 0.4076774531703669
-0.09163391656907754 -0.15341629769874526 -0.036809966918389586 -0.26633330380668535 0.42912513005960357 0.3612634212476146 -0.12455286439895395 -0.27916445079835495 -0.1711477590552088 0.04349637052767972 0.1485806619760043 0.19937941832893022 -0.09042825381175609 0.17875121460061502 -0.18201704459811083 -0.12861693124292078 -0.14688249530983571 0.1116124737027681 -0.06641511189354447 0.0027203874589596 -0.12915603030958858 0.01168852067786071 -0.41668872884846064 0.004196651645367194 -0.19943591248290812 0.02206571650692069 0.014467167355595043 0.18834200536177156
-0.13958113042246595 -0.02846650499736692 -0.024437711001755576 -0.3135308527495002 0.469888621735143 0.36057001197812677 -0.12283027083548416 -0.16660033670028232 -0.027989960815492248 0.03366110008291285 -0.022785574610538397 0.07860533803403234 0.021928839634094092 0.1771914846692062 -0.18179804845351577 -0.08769076377810818 -0.15087709961887216 0.11038516871625141 -0.20367103719880816 -0.06464011684750018 -0.17044480470271794 -0.05879086411973574 -0.39582166157613846 -0.08201398525296003 -0.221452586924909 0.17251991492401836 0.04897706326002442 0.21955765399159674
0.006971600207003149 -0.007434283637439885 -0.028495680745267853 -0.15371942082352902 0.5503040133623758 0.1756191244163609 -0.10854158848170767 -0.21972978784239677 -0.08305880517864636 0.0804861158061946 -0.07827715104807988 0.06662564874060013 -0.03758738517585401 0.055793941428295364 0.06806292440694117 -0.1648046542306667 -0.05797003768948552 0.0952818327302004 0.03156938616740932 0.21096691634340223 -0.14684634848740122 0.002327571883977286 -0.5728539445550492 0.03001303676784413 -0.1241442173227777 0.14901281282833687 0.08926280507835802 0.25941179481672283
-0.15315603027162994 0.2768768685467413 0.04456946427441065 -0.3090271773176201 0.232188301717211 0.23980668968869084 -0.19108872261735727 -0.12016469607787864 -0.04225975341253699 0.052241075876714234 -0.00820161638963802 0.10873100782924522 0.058601112053902484 0.0203117610679812 0.12526685931339354 -0.1312658841410497 -0.22309874730527587 0.2331087066656263 -0.12722215855178465 0.09789029693952482 -0.2563547422919765 -0.12566315680000784 -0.41212147870052007 0.10566224233006978 -0.16223696597045237 0.14781071232204077 0.20476409053430708 0.3230413422157305
0.08000893994549989 0.2084231215107841 -0.03804074515843064 -0.1744976673945663 0.32278394499647844 0.5007365688079307 -0.05370777324894843 -0.15166918467952328 -0.0675123458353601 -0.018177853157538934 -0.10853835667752972 -0.06336948806369519 -0.02826772141492822 -0.021431183620552994 0.0593971868552222 0.2148987544870858 -0.3771490454365227 0.11527486852289301 0.14508304711071185 0.16574679538076384 -0.02104062089212802 -0.047528054958335675 -0.3751116425876292 -0.013650719573865986 -0.2518011851837259 0.026138224872442117 0.08336104470307983 0.2170509162477784
0.0009661928604406707 0.26004111626876913 -0.06613280934541699 -0.2321418519606838 0.14675586864888523 0.26200670708731133 -0.05607693478552613 -0.3775471000485207 -0.15868724632811437 -0.07830017569203195 0.11729673534045018 0.011695699240178489 -0.001412133384303675 0.11838369937846224 0.0246414680110512 -0.00775194741012095 -0.30325457955421725 0.09963576649026795 0.052693870804149945 0.08408989912326613 -0.0352245994840125 -0.03399419325750427 -0.5501858993576575 -0.07766695785953709 -0.1700863740887222 0.2477662459310128 0.0370895251061641 0.25256017153253596
-0.08586435145380984 0.0850751113466719 0.05107116526733926 -0.18051362856944483 0.11029775398026953 0.47329314101914355 -0.13367888577994 0.011546668543539708 -0.027035150817143926 0.05197434790576428 -0.16902775799859088 -0.0021189149482857715 0.06459483798641116 0.004677363425817121 0.06987716310022658 -0.025068764612562838 -0.2618711879197868 0.18501770232571377 -0.06160558890115553 0.21038289451136014 -0.094709504075409 -0.018665795072235154 -0.5372803266157347 -0.18548361587219175 -0.2018909964773116 0.16111528996607305 -0.1330698087764493 0.2943219622921991
-0.026444027311940708 0.18383479313768797 -0.08899882421185276 -0.21892790006867244 0.2582992365307152 0.41245104560218593 -0.07223033846999956 -0.17915261990064194 -0.06146409250394611 0.06660363569757886 0.058092619449178734 -0.09317624856291591 0.017561113545652502 0.03668019582043667 0.17261005943436533 0.18418609349121354 -0.31413586192956583 0.07506135280326659 -0.1083701860513448 0.08162426125017849 0.1254503228278915 -0.03436825653882253 -0.4857025269874927 0.03622108072080103 -0.2414996567719682 -0.04040941161772074 0.03892495225929414 0.33396827146859204
-0.10071399917690736 0.16680222133496975 0.005785109258650354 -0.37691952024876857 0.17692471781686372 0.4215223999495331 -0.16160998284347558 0.026758545856755148 0.1027256073295304 0.11537431638536148 -0.006071100616176364 -0.09867905355583169 -0.023785042602231226 0.028077677518748095 0.13644359368663267 0.079587239965505 -0.20778495429978822 0.098479812613701 0.05473448890768774 0.19366245455954273 0.004236497207891052 0.01924131096106648 -0.5790702986250238 0.009733100327636928 -0.1036426321635935 -0.12444190932141827 0.014974542174541642 0.2618021099167629
0.07842257019726434 -0.15906506063640888 0.025559444312936098 -0.26955763932260823 0.14654902340915216 0.5076670199911532 -0.13252175727446536 -0.24055222686584024 0.33375273381904264 0.03742671421504917 -0.17158710543591693 -0.058838992218047476 -0.017452249887993685 0.04128432414499896 0.0784095485253496 0.1486732313910635 -0.22822848658183192 0.21166832542157882 0.16043348521682774 -0.06500829414662729 -0.11653700547493796 0.04956586800989329 -0.4013001048708989 -0.08505719235287115 -0.19506845415798382 0.0805073301786723 -0.01445445789408616 0.09345749789267037
-0.044620399645865866 0.14285288687123884 -0.14974264048985847 -0.42540598844532485 0.11776918156719084 0.39961131186373944 -0.049760688770172846 -0.25100701222883515 0.19864260860315391 0.18600340083189676 0.12420573592968863 -0.1527295437128485 0.004079941121100168 0.01433314345953004 0.02845243253946921 0.15496446613623713 -0.27623861340939004 0.08354406603670539 -0.16106831489575518 -0.060020076651843314 -0.0052786082728485005 0.06585828039255565 -0.37939324439539235 -0.08742306295141121 -0.1340155282128342 0.2012544199990626 -0.16487855176339514 0.20708924208404123
-0.030375863530207544 0.1268395288569544 -0.018776529621326813 -0.22449539506295466 0.41027367629482336 0.08937017909599246 -0.14410938412295 -0.2733253912510726 -0.04484956324883232 0.19029895191590396 -0.047860242501068774 -0.12937937427550059 0.05332864765456124 0.05169729957247531 0.2163287342693132 0.019679123883090066 -0.15870379829958775 0.07453754536853571 -0.08780224098837477 0.0498656876204195 -0.10591387119308854 -0.02147499736725393 -0.5286781933730008 0.19517032751555433 -0.16832122112862447 0.30710680294427484 0.04519772872799465 0.23578957326693475
-0.10041259791507612 -0.04433526218179314 -0.07951074567130009 -0.3365985265610295 0.3454748313621567 0.3737137181315169 -0.11359087856869607 -0.2267138157318723 -0.1499390809916554 0.04530132533997158 0.06279300568050228 0.11081979169457697 -0.04466939707984693 0.19667007496881375 -0.11595462560819679 -0.06942545105424892 -0.19722905227597504 0.12313841044507298 -0.14676628262596697 -0.05045626771234471 -0.11330589147982527 0.0064341437161096315 -0.45864989284714447 -0.05742486542472847 -0.1917006610348083 0.16886178680916542 0.08496926050007127 0.26105138924883287
0.043233669421764945 -0.022687702343922044 -0.026680462083816844 -0.1892396689683721 0.07884913472842922 0.4395348040655976 -0.051607386775517815 -0.24767784557049397 0.15200987380319103 0.07795471658814994 -0.05774900607887236 -0.037729547795122616 -0.0012751978034727684 0.07554534590027008 0.047898280031989135 0.01381053970313581 -0.26539428108921664 0.07234316091017003 -0.28877711241040926 -0.03272598022264898 -0.019605157379519893 0.012204246941829389 -0.5841917667726442 -0.15909552649099598 -0.13616867285100015 0.24954303902352323 -0.009952963170197018 0.21765239605548306
0.06607596240115576 0.034517895200203215 -0.013560310935901284 -0.11549494506842747 0.3025582333547462 0.3015170756750386 -0.2377274919085154 -0.3853874940372541 0.010047194897808722 -0.01591041117326393 -0.06568618417474788 -0.056395096698122246 0.13257061005982812 0.00516319489694517 0.023831323815608475 -0.047459424180070035 -0.14005280686864202 0.14496721605724142 0.062405552475099414 -0.12046733856569519 -0.2864572259458446 -0.09108530183450822 -0.46037418756238613 0.01665938324611123 -0.15658555600548416 0.3577261374415264 0.06803811319287324 0.2154691491777308
0.19279921781428316 0.12478693121674486 -0.049025734414843515 -0.1650825564641367 0.21487000340851314 0.4078369146481907 -0.05631729866813167 -0.21256940901321195 -0.21512390117064153 -0.17119081794123117 0.0016894329233210674 0.25890759743101865 -0.04372934765179252 0.15502145165840328 -0.05447168002044741 -0.1493758603702896 -0.18481854332374908 0.07515738553500761 -0.00635356944122294 -0.05132635633509835 -0.10216764783136022 0.06520313589540216 -0.46633312583403025 -0.1557207387101727 -0.2324682113326574 -0.027682159428230116 -0.10915624534362861 0.3119123111385019
0.04050586132520697 0.09071631950113711 -0.11848805348417052 -0.14776315858932712 0.3734614611114284 0.35110904699706785 -0.187827648461587 -0.36923238795207775 0.06693981510092717 -0.04231615180618019 0.005815937716421546 -0.014341889304068989 0.05823632917192157 0.0394522696426825 -0.04939317266387203 -0.021117762931664688 -0.07537716149456343 0.08594983587641902 0.053047975034650904 -0.03964461944586231 -0.18094761586186517 -0.024747368823816097 -0.5221532751022974 -0.22455792400869753 -0.06598496755131633 0.26316966372837153 0.06035814226648759 0.23326786366438404
-0.2767985955736539 0.08856800814992666 -0.029590141501418865 -0.251954210128257 0.44543254954136624 0.33009174143593817 -0.10237336729592575 0.08717265462700118 -0.06977573976331214 -0.11000873795754088 -0.056205236010270644 0.0008624887279444203 -0.005646351849362245 0.0920790881799542 -0.1510986463831876 0.1319019962876547 -0.1980867568349124 0.10445295171691518 0.06414390245568104 -0.0107753304471178 -0.06593483625723946 0.05114844904311173 -0.5680254989451928 -0.036504780897583605 -0.19732904609766344 0.07010442787714066 -0.03543455380823369 0.162556060364531
0.006197137047321206 -0.0826448010460837 0.023894900920956173 -0.5432282609860621 0.384271144264236 0.3276647236649415 -0.04295236904198821 0.005586375433085671 -0.03933218029408678 -0.08637641240195067 -0.04208097476593931 0.0408992021947378 0.010736519747543173 0.13196107227857878 -0.09254380841505742 0.07534818456622683 -0.18266717999643906 0.024138754768528968 -0.054391361996278045 -0.13972154215648963 -0.1392942466238418 -0.0502043512953797 -0.5176417986414366 0.047789184828140145 -0.042536611997062275 0.13154854680581918 0.11927515812256671 0.12002128107190331
0.026944734502303058 -0.12846415249180218 0.0017300326767916967 -0.26675396790928035 0.18070011555779514 0.38145201814818436 -0.004733785848241929 -0.3775029703765766 0.04957905310253083 0.0719089402307089 0.10511571874194414 0.19681295167255006 0.0034094363832658423 0.08812244927835511 0.21287066680403782 -0.04619656693363648 -0.19834685964386475 0.03180925058822332 -0.09999098899669355 -0.21072690717532008 -0.183784302798757 0.02582634768167481 -0.43536945849714576 -0.20074646239121793 -0.17800505060718808 0.08556470686020204 -0.10008345857098386 0.2649751021851646
0.15003237260953123 -0.038589259304619906 0.03236286546401401 -0.14131675716291217 0.33278074316262474 0.4757458070566071 -0.07952646755402684 -0.09845932166114285 -0.17441901736827228 -0.059363396086065744 0.11195406488248129 0.17308632360438767 -0.07303265930990466 0.1577349833655699 0.12281637182715349 -0.1955843046309538 -0.23123067777952794 0.08867235666840428 -0.06615091726182845 0.08837179822574018 -0.036626751416714384 0.08878101505436775 -0.39974762140366654 -0.10901169500951226 -0.2606313621232697 0.04434409940712156 -0.087653003912715 0.33150931686387236
-0.04460676286235815 0.10401917024202695 -0.016799208422492915 -0.2830238900844606 0.24179695322875933 0.21415185573441411 -0.1684646616497655 -0.2762857300757422 -0.025933799610905084 0.08629489186479958 0.06712943262397794 -0.058425622438855684 0.07181557444455411 0.04084007635233617 0.2651509629430491 0.14276194034045028 -0.23406472583310398 0.21241585337508692 -0.0335835284159529 0.004410898042906151 -0.14119869562828977 -0.0918289083390133 -0.5373064228336992 0.15316120402479397 -0.2182841014377294 0.19989689990438195 0.05104111385831973 0.22895790723562934
-0.13726396805596025 0.261818373763094 -0.03249785297289917 -0.231902545956209 0.32858674692561396 0.38767657238306086 -0.15087092430670326 -0.1800773982786012 -0.048865163760207775 -0.03236843989203717 -0.07515590263748395 0.08465059910147044 0.01669087764631676 0.026455623876621565 0.07658410032117795 -0.13442646525404675 -0.17342536147915247 0.14518435536277358 -0.12554294855458623 -0.037131870884211264 0.13351402998140707 -0.08534359955647855 -0.5111362438990263 -0.14123658859921787 -0.15076634392156119 -0.034384500260744036 0.13116088518345134 0.295686725577012
-0.09359429821467943 0.08560767947419705 -0.021461491412898437 -0.27564396159421645 0.27318209194524856 0.24731273595793585 -0.17614048540775884 -0.2696519833936134 -0.03459052323095241 0.06645329803165807 -0.11136585123557619 0.019753498773313418 0.07728586504732313 0.22777595095532302 -0.11065811193257992 0.15074550140933196 -0.14109508572684273 0.14026719159800888 -0.286444474393061 -0.13484199496138083 -0.1622213372161594 -0.02182525143295186 -0.43868143256659253 0.08525289434382866 -0.15563796205379887 0.33868633445053636 0.0626793903271369 0.21802440760842964
0.07892134522504467 0.0648603174136792 -0.14626372568111856 -0.27304810681791336 0.16398336536859134 0.46414334755399356 -0.1508424384220543 -0.04360523340316066 0.12111593911090186 0.08319730877761396 -0.1397699666350789 0.057455875230128024 -0.0009267606125835952 0.0909625201253206 0.05340497164414697 0.0012185585730082322 -0.3494760901180778 0.16893705354666208 -0.02085255408264359 0.15434465020707583 -0.12588764859573143 0.03795380211403704 -0.4666255358394512 -0.15749572536444742 -0.15393423029205175 0.08172727397445972 -0.09282291409821913 0.31197985142887097
-0.1083927021287187 -0.04022927627284835 0.010319669591492789 -0.16415597902334458 0.08890052025715348 0.4886246243385749 -0.05642312414953065 -0.24756862559865153 0.022867527008534918 0.18251338148727392 -0.2034875995511568 -0.3312211117972779 0.07898010109456502 0.0193641807648939 0.10857444070162442 0.03828391632417227 -0.23211519315492457 0.04121690191929612 -0.27296559395810405 -0.12535461865851835 -0.1284883137330022 -0.06093200039114529 -0.2974596414545237 -0.1765858047838305 -0.1558091907608766 0.2662548883031245 0.04334212646135861 0.24677622280177217
-0.18477301869894133 0.07476590273316037 -0.09623387232045073 -0.3054929384060816 0.21312026774872445 0.5182022251730347 -0.13114481661737887 -0.06919614290360344 -0.005079733153910661 0.026092136820124453 -0.09302710898407625 -0.15497250145171348 0.0529329477122255 0.030787393235155364 0.06268728705679047 0.09021850701513445 -0.22626389795610338 0.07327793353414273 -0.0550765964025488 0.15447047768793992 -0.02404162785187503 -0.04807956930876422 -0.548482888279645 -0.0231236448009203 -0.17142540428087522 0.06379493251706528 -0.007544989278493908 0.22652702458353233
0.025026445984613722 -0.13970453112099193 -0.04221264288403785 -0.3757674442867298 0.21383310202099987 0.32598831095815434 -0.23240353436712186 -0.3716206891130391 -0.0766418282698397 -0.028041859905169574 -0.06113750092831639 -0.08905512436611995 0.009719919658238502 0.17132088999939107 -0.005789882319621393 0.16671992936102314 0.045229640663675304 0.0763902602989464 -0.1559444199319983 -0.11419636552021101 -0.02678567103081611 0.007891531133761218 -0.44370165941271034 0.02191103836415582 -0.12331787759508421 0.3261936728755857 0.02566892567208768 0.22698776910759863
0.11277283479402817 -0.016008226701671898 -0.10038560337418267 -0.09116672053355329 0.3640884709788032 0.42556447085065835 -0.18487887485825175 -0.15926434629988875 0.11736448769991084 0.23080615776829486 0.05364953904220672 -0.3131217389472321 0.06988831608461996 0.1683327805846846 0.10341507270390154 -0.03362802845436637 -0.07381070275148947 0.06221209510562714 -0.17438897345911755 -0.06235556414736728 0.000983684998511744 -0.000627699127569751 -0.49695677638876273 -0.014014182253826807 -0.13455854775346687 0.03634067181349101 -0.04783702173447869 0.2644132665956567
-0.03517198233943659 0.14456733335209443 -0.02255333335458322 -0.17344144511245405 0.2699680216077851 0.337677120783584 -0.2225955275298202 -0.3337077550654381 -0.0763947261699497 -0.1458016970174581 0.07365790102775922 -0.04947549653508706 0.11408138904838315 0.06898739643519945 0.05782678059811874 0.07831026773992815 -0.16086739333636382 0.1348517137371441 0.016255875165534343 0.057275146995951876 0.006592890301049808 -0.09636692545257072 -0.5770196061235829 -0.1261186282669761 -0.15319782301740856 0.21119207082926886 -0.026799419463812035 0.25030203663969836
-0.06354155517779574 -0.08765983624480855 -0.07780992719858562 -0.32605143399383557 0.21546115359180978 0.3273086481617764 -0.10130087613437111 -0.07130405083594331 0.011573698776100377 -0.11789700615201275 0.049520281087532675 -0.054131340906375405 0.022027198938300782 0.05077269558051227 -0.021187107755531058 0.21471712572809656 -0.33519011432273776 0.09601657024427587 -0.2402436606533964 -0.09766003036209567 0.15506188027277715 0.08244446750874998 -0.4363426483041259 -0.10475028232107056 -0.08081523137077816 0.11071410546666553 -0.31985355712215136 0.3096001925989927
-0.023050332790993326 -0.07621185191122674 -0.0642175302020672 -0.15945152372171786 0.36241772385031873 0.400470719054011 -0.15403321410843143 -0.031214460626420776 -0.16537667420940366 0.044797599980085714 0.16024229878478374 -0.11097856182748284 -0.051850025188861226 0.0187364472413542 0.04431680191423512 0.10137674928521957 -0.18717117871813857 0.04384668355251646 -0.17572302155766445 -0.21953668988106065 -0.052035720828778255 0.10164919059986054 -0.37659951311903195 -0.10665743595583196 -0.2346933656575483 0.30431020237897277 -0.10849884740878887 0.3511773043536822
-0.054320926170672496 0.12233866645856084 0.07963093811197715 -0.38070061827349183 0.18623017099636188 0.3833490264497134 -0.13807947946353447 -0.20158587249746313 -0.1944598585210045 -0.08010461649254627 0.0023068673850002693 0.05471721399859628 -0.0002790070413373712 0.08081312129185024 0.0009444657712357074 0.12513308910707366 -0.194447516163705 0.05810108088610677 -0.26822831435969574 -0.04490297857258846 0.0015940898819946992 0.03502766922739893 -0.5133439590879857 -0.034749577148105074 -0.06293606111202997 0.2888132818272929 -0.06718575738311151 0.21691353946196987
0.026396579102844847 0.08554865367598723 -0.02223772330912864 -0.30969208261459874 0.09523494233076647 0.5704700411752486 -0.12279411213829979 -0.1130563955044091 -0.15013675295050233 0.04151489734879419 -0.1254309727711439 -0.3075216684220125 0.1367038927103093 0.11161772883353442 0.22472788197706955 -0.08727342999828108 -0.2782100762770535 0.02569711861909263 -0.0651257592286208 0.02089365201776446 -0.013873462068985295 -0.09998016908156143 -0.38838662980105587 0.020344161420475775 -0.06126228182355285 0.20829456311053077 0.06369270931819233 0.11832220048759995
0.0862273833411958 -0.0830057957170091 -0.1335978030758445 -0.22193318279108779 0.39110384346492627 0.24259771961505497 -0.07400943177953492 -0.23726405200118006 0.2806519250067125 0.1221439403592632 0.21513323325005665 0.12220476706927096 -0.06687982907126876 0.04596224834459021 -0.04120054649784298 0.1449472846285121 -0.029053164363733713 0.08903915180575363 -0.06937744306110025 -0.08748080896520018 -0.04828896680264417 0.02196545166378991 -0.5634636697263038 -0.15484874423583495 -0.20686244487063893 0.0646503494342609 0.011497565250328416 0.2194657456860632
-0.2565607763610041 0.036189327785433 -0.06186255776799549 -0.24821633139010918 0.22122489110695887 0.3255419705829256 -0.15104112769829112 -0.18393820624589063 0.17586330026166844 0.0986483191875346 -0.0039188570319440025 0.02410256251733935 0.018986073626879506 -0.039217945855354173 -0.05843806324133037 0.153095678949936 -0.039088234107188036 0.14999055891321417 -0.06219816742098475 -0.03303000107795403 -0.09194697323260571 0.01954421258179519 -0.6654243430608652 -0.14148395106286707 -0.1293498418772985 0.12029690433686305 -0.09309002601448267 0.21297829063382848
0.01281715444101548 0.21908710891146163 0.036407475896131206 -0.18050296009642083 0.1749406943249909 0.3440856304907589 -0.18626177006691258 -0.22220456405231306 0.18695404834353116 0.16780006890110977 -0.10489090806646029 -0.15617500176906451 0.12410496473711978 0.02433286961052199 -0.010739524888369895 0.0885118759532581 -0.1712809867170674 0.16892942746652548 -0.12072297521770152 -0.05701239836161676 -0.1643978607872281 -0.10848080799843561 -0.544067635492722 -0.011640852153157367 -0.20501254285718853 0.07860210758801264 0.12207888936870377 0.29776955641877645
0.0035571385361293484 -0.08982899131697442 -0.08828067570350681 -0.23583784610719424 0.4670855373955991 0.2874938689674793 -0.269017913387012 -0.30083094986582787 0.051012014501917786 0.2263447347267037 0.026170879240208857 -0.04941052776721153 -0.0529460863438478 0.11320634977213434 -0.16539861300007946 -0.05616320785232332 -0.008109012573106556 0.08654280672668628 -0.13104153352127412 -0.0814498140968937 -0.06960978615791504 0.026202302196471433 -0.4391958389678536 -0.07799989219503602 -0.1030590141796071 0.2524385946481607 0.00810219585779041 0.22680539405212463
-0.08633884061835315 0.08321562609681081 -0.19925218342292755 -0.1654058175276048 0.5195638104753771 0.2666990133264765 -0.26913586537124823 -0.17343944631842062 0.20163828135756462 0.23752953743822944 -0.0053318699786477405 -0.22528472966450536 0.03928767415025943 0.05054303179458151 -0.20277360807912692 0.11037144546756014 0.012726113441919316 0.03498788359051615 -0.11503338766301811 -0.11760986515071187 -0.1103341533362088 -0.050740396214104797 -0.36534179504572145 -0.041580544878808016 -0.09933548119101515 0.17571327170986356 0.0696164021440796 0.21382507657270317
-0.0905291244529242 -0.44263206735704624 -0.059593417298420354 -0.10280293033233014 0.18954517980999477 0.2309119017687194 -0.06707222986087542 -0.27954246885732603 0.0041470716723821435 0.09304580026113365 -0.07159229527178822 -0.03531789354370339 -0.012562838252496588 0.05574323969016065 -0.2286690089541746 0.06074945849156266 -0.22986295501428525 0.14702591711850443 -0.26157246389220085 -0.03185794074330596 -0.05244844104258081 -0.03288464981231569 -0.36934377011711117 0.1312217729269869 -0.23372834863376077 0.28016527052627577 0.16487873283244195 0.2718769378941504
-0.031617367902127665 -0.05524974917475854 -0.10721464694950669 -0.2835966727474655 0.29893325278489197 0.4294654525185181 -0.09654754227600928 -0.258138901596732 -0.14452703236474473 0.023041855215668317 -0.03361467623594488 0.06465620777830057 0.0008258681418575804 0.13804131655653312 -0.16273764778438463 0.02703267783818889 -0.2571895474230613 0.09049193932879812 -0.0334699104575073 -0.13176436212485976 -0.22263533549042588 -0.012724895398221856 -0.4961363072589622 -0.044091634406130724 -0.12916925582937322 0.06829019147700369 0.11580804021327049 0.23636074897419762
-0.1410881331096116 0.0584633054119522 -0.04858291655675552 -0.25022787888634074 0.6046158829197341 0.18093804940030667 -0.13182158112375114 -0.21840832994234852 -0.012294240225453732 0.10186216818578803 -0.0492014987988185 0.05305024402173133 -0.07596060599875973 0.035638763177790786 0.01361438688242637 -0.13170113529414001 -0.05260790575342908 0.12206700368541082 -0.0031455016808487474 0.04681422866732028 -0.10051609995206447 0.04516246686985623 -0.5367139706528082 0.04109814559180125 -0.16944794686267597 0.13509832913056116 0.05732817764712125 0.18967551685437592
-0.16673565282664132 0.039410976524738545 0.04140028789091784 -0.4260859179460593 0.21212051552246286 0.35640063854707105 -0.05320240939740261 -0.15291804931385392 0.03583809448183917 -0.2621319725090721 -0.09369367403191256 -0.09224281147194753 0.044888485685942774 0.08852716090654351 0.14346190994356522 -0.05539785816913452 -0.14637533986762669 0.05266406615843631 -0.05250776607176675 0.20785020941920232 -0.12307908055312286 -0.061744674307157445 -0.45762678560686876 -0.03196842940658036 -0.1796895955831239 0.2069509496636992 0.03851538201920423 0.3036464580328484
-0.155824266529501 0.09751969476909582 -0.09305881383507032 -0.28321494197024877 0.2236422034201223 0.4633741942573942 -0.20924157557902348 -0.18598281873865138 -0.08897991837193074 -0.1903625245780077 -0.12045956714427829 0.04297350253314388 0.09983604655644532 0.05872525058339618 0.010206417805851745 0.006420424407754816 -0.12400001638958656 0.1660138660801158 -0.08211866609820544 0.1247781488168152 0.030371850726357036 -0.13287103738803746 -0.5345606425181826 -0.11731400328679514 -0.15005167460020738 -0.04748244087437391 0.06475882649148892 0.2187528877952824
-0.09267277947492554 0.16372972349041354 -0.12504022667576242 -0.06864787572068859 0.4455517148952155 0.2045299288382649 -0.18035912911065413 -0.23802807770764473 0.09882511647259434 0.20588397237935568 -0.06255174218968931 0.0021322453262803682 0.03348322114126046 0.042224945390458936 0.13107962167055956 0.027695129437745547 -0.24320218748320468 0.11870554372013918 -0.001192401412964505 -0.14075052152581136 -0.21364760230811206 -0.029935348692294816 -0.46589260019174394 0.04571502932019686 -0.1483464749539134 0.29141301183921536 0.08862364429223638 0.25352768500484085
-0.17040917431542518 0.016922530532557392 0.10253063693348553 -0.29788644861487984 0.16083163221146551 0.41764436613575756 -0.2009894707419488 -0.08196852342952343 -0.052235526888627454 0.06388783737931904 -0.0661163587526481 -0.043368212474967374 -0.03456258086496746 0.06647511506687996 -0.055885350936305186 0.08824523700366758 -0.3004357213420549 0.18774055979124615 -0.3185324773752428 -0.1163757045027281 -0.009589377768245238 0.027093963890245414 -0.4572943182893126 0.13678235546457493 -0.0929191310944486 0.18026212892413598 0.18020853098906542 0.2272850733964132
-0.10411441644055636 0.09452973690828557 -0.07276479505263259 -0.43782230183172466 0.2710350587662616 0.39187622193979527 -0.21543675288635558 0.061553417387132485 -0.0764374653861427 -0.10105628652176074 -0.1665812766660066 0.044632203804472324 0.061191554260756495 0.0077682089447436535 0.021146870236476226 -0.11417783022034142 -0.031808453634801136 0.11942102328143887 -0.029845169252586855 0.28879567385229876 -0.14180713610415466 -0.061225173051953206 -0.44900406702131046 -0.03472275832893682 -0.13241011314719578 0.049442125054012895 -0.0657597096732415 0.3039593127706129
-0.15525469511267295 0.15556090967305708 0.0033347092987623676 -0.17305500953802821 0.3488559636800227 0.34633412582670536 -0.23793160982574202 -0.02449912403550618 0.1039717247013881 -0.04997563423056774 -0.09794245230787871 -0.04817698766286136 -0.014813761991406393 0.12092081062621012 0.24433261319923721 -0.0006462724392677272 -0.2237760327676045 0.2382587036463505 0.04114450012669938 0.15143915005680586 -0.1535190362845668 -0.0015190475810199727 -0.44014068022553055 -0.11564944195361679 -0.2781181055159094 0.09700586071175192 -0.05741629671957906 0.26631095310849967
-0.1274622799390201 -0.0629740982134283 0.006634764879550501 -0.4360463329553861 0.2213115295790053 0.5653363256994198 -0.14659843711851334 -0.03512479457881572 -0.13642119748503936 0.09611514625031269 -0.05232135106301792 -0.007581195891104077 0.05840510961311383 0.11418332269917335 -0.06065114749361819 0.07616318042800341 -0.17570242547971573 0.07748968679036164 -0.05766783779992874 0.2771554030413432 -0.09233867847234759 -0.03523506476920547 -0.3942175621432209 -0.010211130931321007 -0.17088529986866163 0.08157955934454861 -0.005401764316038288 0.15343917642341495
-0.26020599966540675 0.05169790271976216 -0.049617662812927295 -0.22927174478835563 0.31180862375397145 0.5027706558401162 -0.301725553368133 -0.161917679466496 -0.06934436306655115 0.02673766241321519 -0.028856944142097496 -0.09042812314264105 0.0710467839302386 0.05909824505072902 -0.02718409219255095 0.0025847819067329894 -0.15516055640366969 0.14109120321842228 -0.1003667630169128 0.1554375847372363 0.0026064623397185553 -0.007461689255662586 -0.5095960142109293 -0.09529500837259706 -0.08818335246130492 0.09823900889584987 -0.027053462350714635 0.1353072414713311
-0.0942017967546858 0.2639785643811363 -0.11633461899053929 -0.23263387211322295 0.42421825204363406 0.188323616860854 -0.18641142727973034 -0.1557495966313462 0.18437574683078056 0.19924432824255492 -0.18355052370449487 -0.07928800775543066 -0.0223119646794387 0.09508781903694609 0.06576771713579076 -0.04260562121847162 -0.21340641715856354 0.09423867010476218 0.03419595644892337 -0.08225060474122375 -0.0911295704824977 0.026970336204194513 -0.521873273665037 -0.008506469002785604 -0.022699659200111317 0.12188161292259783 0.16142328708924444 0.25448586906767734
-0.16032286361250098 0.11618228953237535 -0.05132794801153005 -0.2859673859014736 0.23560988238671077 0.39654668843725527 -0.12571391210477964 -0.17582018920032974 -0.06541053116806159 0.0010825561871361691 -0.015973941785077377 -0.0633262349906897 -0.001704433612308127 0.056672143992915446 0.06698244990887237 0.08509407989480891 -0.33131589887863466 0.09640775040163951 -0.05100038174829336 0.21062921351299368 0.08231501195013159 0.010720127650145942 -0.5598461106462128 -0.01983873239649322 -0.17672043635611884 -0.005379354849281445 -0.013274601753456334 0.27430526983136905
-0.2574145400260534 0.14076709054800957 -0.008524617855922683 -0.28927351445806554 0.24876463280367053 0.4429898962365848 -0.251313341732681 -0.04172044186390349 -0.06699867883221053 -0.006448982416834075 -0.08036034613583182 -0.027311347295764087 -0.012811423358748965 0.07391757037965145 0.08155205510097994 0.041968610247115054 -0.23361908074331603 0.18059677565474105 -0.08363405910753283 0.2191642769889659 -0.055780364035822226 -0.02213348092341348 -0.5268267473012996 -0.04647217157414231 -0.12973583203025288 0.13424928757481333 0.02294246899122792 0.14305512862233213
-0.0307664259392061 0.11278588854680145 -0.024300362568425462 -0.2613622152001366 0.23393106228981914 0.3566346349746856 -0.28281200905454146 -0.45705692439080997 0.11585254059112926 -0.013430814954527913 -0.02352767467856307 -0.22730514815909894 0.10029373342907331 0.0319615382468618 -0.14383375849402366 0.11749340010846394 -0.014704152260081682 0.1634880032980121 -0.023280574920568745 0.005619966967116289 -0.01631591599711727 0.013280132610553802 -0.47752339248657094 0.07947913533004157 -0.15380484829844723 0.04322129421836476 -0.00924667865390327 0.21754095805508766
0.01864736906295696 0.06453831542729292 -0.013922707994127141 -0.3421284472174528 0.14732288530922064 0.40635361731054 -0.14749502648177906 -0.34326390979980187 0.09360019189911824 0.13913552917526564 -0.14256056018413749 -0.09539897599826232 0.10117661144872535 0.02678852118825412 -0.18105123869663375 0.1964396350892328 -0.1784274893021693 0.031586732915602656 -0.3527866439698393 -0.13810938903467904 -0.11924868651273424 -0.005197941478362856 -0.33309533070593844 0.06049518445802017 -0.14030418905806413 0.22823375793225148 -0.014142364677544976 0.1864417571040953
0.04617739422897252 -0.018190656517835704 0.016173974069094058 -0.09383338938544382 0.27891939020345935 0.5018485170831402 -0.04702517296950562 -0.24711533774783406 -0.06611456183059865 0.016403562228143286 0.05909427723626334 0.04011632605472892 -0.013621264793855354 0.10297182428115477 0.02756877246917607 -0.12452172622421638 -0.3209532582822029 0.06954749194237361 -0.09137634538997683 -0.07132100366215065 -0.12663016008937128 0.055511260362758476 -0.4350029646454392 -0.08439000660016685 -0.1775099040033075 0.10833245028858561 -0.12451074935670993 0.40404244583301807
0.01263717556029714 -0.06906955285150003 0.011586742840255763 -0.09553057119931269 0.2740388046268411 0.3596346475961016 -0.08025121865822663 -0.3958801386673028 -0.07516723591360971 -0.05848239145843748 -0.1788377661448686 -0.01424413601355995 0.015950257055111182 0.11788782151000902 0.024912710915464664 0.06336453979919585 -0.393618934667842 0.14653349903746263 0.1028246300963889 -0.09025513527075413 -0.12040923511023875 -0.018734023951382794 -0.4507051475894123 0.1472237307247602 -0.2354104378767864 0.061644329803509784 0.044036223721135276 0.24945229524674184
-0.2124517786325637 0.036748401873001206 -0.12055403882653494 -0.16973933905917668 0.3575660120865181 0.38177062748848284 -0.1845225059621412 -0.32192060800771255 -0.17750426796858193 0.014275424913297509 -0.021024277521799417 -0.04897044690008609 0.06234871705939105 0.01530166392271167 -0.005474677226954327 0.04438494796065467 -0.2011845344356999 0.12438777931317217 -0.07250110414320016 0.04508758272112941 -0.14468440386907022 -0.06824884509909435 -0.45408622163066953 0.0563456672921789 -0.0939181833305884 0.17009060558257103 0.20835079710067778 0.28080822464564165
-0.24653679689307706 0.09595123156902986 -0.14869257163060295 -0.3157506221696316 0.2505994616970062 0.3489344247957479 -0.07060481499301968 -0.11313328019492111 -0.13527948351524777 -0.05408396527071312 -0.10432399263262712 -0.041192262633816416 0.019277046584122964 0.03340587571192514 -0.024667578136275892 0.1380638694263919 -0.2705805644384517 0.01324597853364481 -0.20949922087361156 -0.11536412143944273 0.006012260796005788 -0.17389200381076614 -0.49175751440538057 0.060092291567662846 -0.136056853392388 0.08516933545688969 0.2028800405209794 0.27870617460558283
-0.009890216284215193 0.16086925301178315 -0.1758066841622843 -0.3030142697155073 0.22236541374603053 0.33227667192683513 -0.24818039744129722 0.042261600484872444 -0.06940501938073788 0.07299809245018174 -0.023234887869191236 -0.08911130264634884 0.07822652607455424 0.05855089762805275 -0.004924887017867285 0.29306299510352307 -0.15338576208308857 0.16503312951640506 0.06354664156774857 -0.22024296336099938 0.08508681098824859 0.03860692335914229 -0.5839789669565011 0.049689931933188186 -0.13389050574476985 -0.051715155179801374 -0.09168147641648672 0.1715634406691518
-0.11782763858275111 0.029262622310194594 -0.12056795931948346 -0.28033466817568187 0.13114191313704035 0.3300585058094775 -0.14495664160203667 -0.01592778081511543 0.07543489081158439 -0.06350829631867239 -0.07408220197336032 -0.14810924763845834 0.12630809548766259 0.02908328052389212 -0.09441721294283617 0.11891796997509324 -0.10594068072902327 0.05282212169824849 -0.10564592661241716 -0.15311082232046191 -0.029334626280029922 -0.02164237099221386 -0.692939844252579 0.020417755936366012 -0.1540790382095136 0.16444559582839174 -0.03285566375926261 0.29212688811099463
-0.11797213622875041 0.09265958504859546 -0.05402000326522639 -0.3154583988631695 0.3099793710155435 0.33126210578854676 -0.10073639108423527 0.12297702835167487 -0.017945724806351662 -0.061747820281225566 -0.11836674028409083 -0.16850185542864055 0.061762996803580605 0.09501100219223951 0.0017505572129145205 0.054024516713658974 -0.20185788437301652 0.07449629336521818 0.016952051217995034 -0.2860628918434784 -0.12133355479299036 0.02134537585894516 -0.6439556025306269 0.03666376265542224 -0.0667719056043704 0.019571220958900515 0.003959493566362692 0.13113512083107925
-0.06388825344177289 0.24976741424436663 -0.12990200693156603 -0.16856562131348346 0.36844923402761676 0.17310655555731716 -0.19705922567914813 -0.12459649695143277 0.013133399520203783 0.11315518553982312 -0.10031913903921248 -0.048551806319509325 -0.01965562024765045 0.08345505155864502 0.24902231869872107 -0.02821566574922718 -0.26014996611040647 0.14040749563888077 -0.04532857244073099 -0.04371410281734105 -0.1589661880502629 0.055885677461210786 -0.5367850079388053 -0.06879099988971829 -0.06641776808834379 0.21170085806841188 0.11562302112392105 0.3120772922722083
-0.01810135252016018 0.26504365751334635 0.005285475366048717 -0.2538455910280244 0.15340822839764165 0.2891670574516895 -0.09257349479394683 -0.05633529854585105 0.1379394726735465 0.05168471927357164 -0.12276958874441812 0.020400149931561702 0.019912936827745517 0.16430261149163605 -0.0056533482212231135 -0.012340507479819057 -0.21805618117549988 0.08351238319257533 -0.1784097246744681 -0.03145017900412225 -0.14221685658191782 0.0011864825743640524 -0.5969927716400867 0.009646897865635766 -0.21753597693128568 0.09851192918477748 0.005709092761374023 0.40022330473841833
0.060309475025850406 0.2429261807647219 -0.17321310494797645 -0.2850896850536036 0.10773675217044969 0.21041509499345534 -0.044109990231467416 -0.24112950953439555 -0.03227665489009641 -0.03747987818145391 0.03017487062160844 0.03671398875964603 -0.02509904802274266 0.05642749678771463 0.06304752387732494 0.17006707147061706 -0.14082675271038675 0.08677316028201133 -0.015200944467750445 0.14933003120627283 -0.07093742043423958 0.01534551146476438 -0.6948291172525738 -0.046417229081040685 -0.20239295736222015 0.1765310933097184 -0.01537997110525079 0.2371043337368537
0.01030587120239517 0.2653695947420225 -0.13333598117198708 -0.18961419748744884 0.22868180050359746 0.17658711286914472 -0.1353057852011347 -0.2752254541580282 -0.07373917054609219 0.09438763526852322 0.0071048250079992345 0.005878611846302904 0.010417906258745151 0.1292453283804019 0.22002688758489483 0.11891646333209535 -0.26600127907655313 0.06566113992379048 -0.08354706647122914 -0.05885052054765177 -0.14874226675909274 -0.05922453242880324 -0.5462787304624729 0.18022013597804581 -0.14080880283181033 0.1689765154081534 0.13829503814453445 0.3079926462783607
0.21283943709798167 0.020740497923336397 -0.06549709310889586 -0.13939317260484427 0.25712873768828476 0.23528488414446141 -0.1344046449690091 -0.2919404044679542 0.22482347760758517 -0.08038765963393042 0.10169233084678829 -0.03683113553959124 0.003728993190955057 0.08807948260473895 -0.014218739689404777 0.05144190473112706 -0.05419465380053505 0.11476438570104484 -0.2673594827963039 -0.05673740422655257 -0.1208582668734073 0.013929219492381642 -0.41795458000392843 -0.23003940355767227 -0.12637062914291528 0.4876606922401237 -0.07659431307787412 0.18328311865753738
0.1929731345630655 -0.11860621100802374 -0.00584367303495534 -0.09146973242477129 0.3034870850248317 0.16075280268303357 -0.3602881452512193 -0.24746714682356422 0.25906523168266843 -0.107287349971797 0.10500105346184391 0.06490396095778164 -0.039636756539565735 0.16788101631602984 0.01140461643322107 -0.03805733505596457 0.011732456694933379 0.1853256748117111 -0.3456953191965601 -0.07233552738006009 -0.025789589716628758 0.10451488662486585 -0.29742134142612925 -0.13486439265536201 -0.11376704838875247 0.3360433835168822 -0.17110338945850115 0.27111120801663324
-0.13377535719483608 0.1531929888254875 0.06264659572955138 -0.29369092106438804 0.2462559545136271 0.5116155911139394 0.0008525876895054131 -0.07034929137480622 0.10549743372542456 0.11439903061899741 0.046783606595425804 -0.2591827328930853 -0.006031329837100013 0.16037704491212545 0.049079059663700485 0.07269137626291439 -0.24958401804732833 0.013140312074138079 -0.2491791038879209 -0.07776559710372502 -0.05815660196626306 -0.12124812302380035 -0.3484191613050933 0.050643726714055586 -0.19294996491325128 0.23294014450428557 0.118439821889107 0.1895212227421306
-0.05524979481457785 -0.11904993207296496 -0.030164243104444797 -0.12076301992405492 0.1994510194584517 0.5482726276164319 -0.18790780804295415 -0.28613086858635095 0.06312555793555252 0.1483581980456642 -0.03954083288283503 -0.1869122474283664 0.13987792174437144 0.013064497456201595 -0.006929950598655079 0.17254245541444407 -0.28928699165088007 0.18995589917922617 -0.2892838599740005 -0.10016558363228131 -0.01848310966101067 -0.1435736983988319 -0.31204244537846626 -0.08855158397061215 -0.1535687211830823 0.1481895607269262 0.054666589299633174 0.09736400677368821
-0.04962095005148379 0.025118142749603726 -0.051635863088825576 -0.2094136493488483 0.192435243047945 0.3333779485661177 -0.2820657959738344 -0.38896143143343376 0.12674023013916452 0.0604916879601254 -0.04242336511623865 -0.1340037947894766 0.0322698003557451 0.07888909609160305 -0.10606811889910968 0.12801495648072472 -0.11635980611335509 0.1305842157280563 -0.04631797065514269 0.005192689164825021 -0.02064044744181411 -0.018291391972627895 -0.5049292669337491 0.2395198212721611 -0.0438908779497965 0.2703685143632799 0.08707697485171544 0.2617709015805097
0.020914552668422345 0.05008758101437097 -0.11945189874063286 -0.27007968431491297 0.3264888166702174 0.3758276633908601 -0.1918862721588622 -0.2346737331058893 0.24167591554146092 0.17573083979098736 -0.025251502893890176 -0.16993754870690841 0.15042780563368233 0.16744135151243106 -0.03081093818242823 -0.007579910161964087 -0.11628906469327399 0.06657242778696865 -0.050564425760448575 -0.015099494915483073 0.026113750448241685 -0.05552043498094415 -0.5355781741230036 -0.1332201288399349 -0.0817345595110509 0.014983218877709346 -0.04788165063777075 0.2476653957252206
0.05201141768349395 -0.0069528507573047285 0.013876330073214383 -0.2048928148149182 0.013436639779128016 0.527368267483085 -0.32392387751943413 -0.17218564725350488 0.007800307072504474 0.10997549434124741 -0.018571747086673498 -0.3660534057586917 0.26427591696215075 0.007498957703365745 -0.030829390321749243 0.07611173747584724 -0.009361953525513325 0.06063217051175742 0.005566821240352024 0.052206509746577874 0.07225913268830245 -0.05557230652150713 -0.5063728364097858 0.029215311111755585 -0.08685180225428367 0.003849817913905208 0.06742524693868139 0.18671437569558616
-0.07859052005104973 0.19702161750514027 -0.07421807035680643 -0.16832110269970982 0.2311724417531725 0.35950041375727615 -0.1916514100635761 -0.16913429338148525 -0.163366459173045 -0.01344855380624893 -0.03148296282800035 -0.07551496443920108 0.07588609694053414 0.025165598657613582 0.028168349028129255 0.17793489509663438 -0.17958992192233733 0.12182151962882326 -0.2238857409276464 -0.04975015681500014 -0.003312516388046184 -0.04083081806043586 -0.6042392590123243 0.003220006622214564 -0.1139054492489386 0.17434446534278994 0.02189289006781471 0.3006694059108237
-0.13121745592873887 0.07360582576626797 -0.03838106901180155 -0.18588129812066076 0.3585267105045054 0.2985891591721613 -0.14535836817027362 -0.10114420143437193 0.17008420263720841 0.03592481220655766 0.08120707180478433 0.018528517358483824 -0.0036346090520868015 -0.021135197874574782 -0.05625445925852094 0.11751825262898077 -0.10094709202680598 0.05592074022003876 -0.13143241202390715 0.013216807757242712 -0.03918145920782779 -0.034321707484833944 -0.6527217671353499 -0.18427957068737683 -0.11455918730772786 0.17776429104326988 -0.03832841570583315 0.31307110155898316
-0.07787623795153498 0.12743037572463894 -0.013767459198271494 -0.22237936718543672 0.2694121144286434 0.43489183390134206 -0.1025003972537949 -0.12119997996807401 0.14515025712026497 0.13523613556669306 -0.14600412679525757 -0.08530760053246202 0.06162777924994551 0.0333320150684349 0.01265089745776798 -0.028977439831192355 -0.24960103849645843 0.08375558543255476 -0.08847506093550081 -0.024220589320209054 -0.194885910937866 -0.06210168618039981 -0.5250510857262081 -0.12189564376678722 -0.22732554607359381 0.054780040259167974 0.07789487487046978 0.3105390676837734
-0.1797007654436077 0.10185101433298713 0.025228370460963413 -0.4058392849985242 0.21601764235608611 0.38185032040475175 -0.21901590246922664 -0.1468078572944164 -0.09545837286009648 -0.09200913160039498 -0.01143238099848318 -0.06700675941165571 0.06015875692308948 0.04832912553054734 0.12241221196930643 0.07630584414270959 -0.21447012649076752 0.08271976440731602 -0.007303352087115518 0.1529450952547243 0.04333355499435512 -0.12232361741424241 -0.5563453213353687 0.007495284061459225 -0.0854412831870553 0.07366159101120195 0.09804231042988026 0.2366353241878252
-0.06745621772293761 0.07388374938733956 -0.05674907441165871 -0.40234484537493265 0.33271371995271565 0.3408183002989805 -0.09142737295773201 -0.021771615807056884 -0.08407206822821348 -0.062112804986603536 -0.052851065457120185 -0.02097132488821431 0.037436276643390644 0.06181968549717194 -0.006220046336499049 0.13044908076303025 -0.15053577505565297 0.019165798709286114 -0.03761009943990001 -0.17549646029196414 -0.04535188517678343 0.03277471571487703 -0.6520132699712364 0.02896054267091663 -0.07908103913317248 0.026221910755942088 -0.03653356260400678 0.24526231787659625
-0.23564455738617393 0.08047390729618108 -0.06058819843107894 -0.23429683609038293 0.2804029640177928 0.3177955037604083 -0.14130530944956143 -0.0016178755710052413 -0.11080097710099722 0.1148480873172293 -0.18651361864456742 -0.12263772294552622 0.05414844931838193 0.17354511928179284 0.01684610293538453 0.06026527140209842 -0.1554655689660466 0.09090912320645456 -0.0711543612425237 0.07463838050203542 -0.09977564487185497 -0.06878365869338202 -0.6074929642165026 -0.017838599814826706 -0.10041985999133067 0.0421436390894377 0.16466040218318426 0.3185697595562214
-0.04623293140082199 0.08447676985552147 -0.02464127344422366 -0.4006965998296192 0.1513268642379311 0.46227084293470705 -0.1616498790828332 -0.15878771501429598 -0.1426119242657843 -0.04173670694309749 -0.019728994396626388 -0.2575026121480763 0.19684035798772545 0.14477739660085992 0.09148279527364699 -0.0804412788100809 -0.1858302703472605 0.05617618203861117 -0.06460573191704498 0.047923116949384545 -0.09088755161340474 -0.1281400310309008 -0.451843875281101 -0.030595257548863847 -0.09884595050338026 0.2061439752380086 0.03205348941620468 0.22598132320318487
0.05714989857932456 0.1537801564389962 -0.03994539205627292 -0.20697324601040606 0.2568275467887109 0.32090657482837714 -0.23194412758767702 -0.11991819434266122 -0.12293426060800436 -0.07103401811561734 -0.010263037729340837 -0.13608707885174762 0.06918589691882848 0.14988183292098875 0.03971446162828895 0.16985167810952173 -0.13591012144578946 0.06792216177917401 -0.1022172574290678 0.10682352875468047 -0.051791005892125215 -0.08297514385421233 -0.6165728692726878 0.02462346248926689 -0.13367277288621623 0.26173787653260505 0.08823741417331062 0.25618190732942536
-0.014305733142614577 -0.01245956065588472 -0.14575719458272565 -0.1646877024190971 0.4868446170310285 0.26913764870050455 -0.2571342641134075 -0.3538837389987946 0.10808899982813201 0.28945847439193495 -0.005748379886079344 -0.17213672719733553 0.002704725045686903 0.14545066685720334 -0.1065819500124161 -0.0041219424685745385 -0.05669519846341533 0.09079351792675225 -0.10733057445342362 -0.13031321606472396 -0.10741820219779921 -0.07988371340402665 -0.31811755331037367 -0.006197779622315783 -0.15418364804287749 0.15260272735486854 0.13856988614376006 0.25964726676262195
-0.07648601247102649 -0.0215291466443123 -0.018599809037396078 -0.32733296794632327 0.29595461634645726 0.42628252024807195 -0.07247882139708862 -0.17105808965539238 -0.05101988041688758 -0.13885700003160417 0.008196783609576166 0.02428279901232695 -0.03809874037788448 0.005380680515201889 0.08453203139328458 0.1492731580536849 -0.24870614038211467 0.05945301349067387 -0.2430080601309915 -0.0925950434317082 -0.018091461498541166 0.04834719036425517 -0.499634022759823 -0.11466823367747438 -0.11372106232945428 0.2636574272862749 -0.09963190344296503 0.19515566967640163
-0.21127293074960718 -0.02010052358780558 -0.09758461989165139 -0.26080011166597816 0.2633415399935095 0.3209599782651773 -0.10495852788585923 -0.2234704318513437 -0.008126089892789939 0.18769020126570324 -0.043772940537752686 -0.03241420761879259 -0.03190696729078161 0.14696874060191628 -0.04160570105256704 0.07925931084836953 -0.21721993688787378 0.07207832505371718 -0.35291614505452995 -0.17616202028451133 0.043206281660813355 -0.00854268949891107 -0.5430342001670251 0.056629661792969764 -0.08973696052880056 0.17078436647759723 0.06816942105935304 0.15920729981164136
-0.16074908457257975 0.05303816122472078 -0.14445832766017194 -0.3657438978448145 0.10825457756031048 0.44748111597286416 -0.0007206689926967504 -0.15260410780534955 0.1922559330500239 0.11846474512888046 0.013224123998813772 -0.10135086393876314 0.02594706387670318 0.07601022651244742 0.21579503748860995 0.08615522266614173 -0.29742348942092467 0.056461068189953965 -0.33624998932541694 0.013275807416409071 0.14163190480586366 -0.010258029930108915 -0.41374807727111307 -0.02942329558754024 -0.11352525604108754 0.18073674616362845 0.02333172041174416 0.1279600165665674
-0.15672663352731367 -0.025438040864358493 0.0628949545860957 -0.171796151869063 0.04143020275963003 0.3705720651245414 -0.3441028136689946 -0.33250047354738094 -0.07956215894388304 -0.0019855807536428827 0.046509445341142513 -0.02915907369801938 -0.03948850940836321 0.10562754367415922 0.008845083882940431 0.08722929565839206 -0.07542363609912955 0.19384481483741217 -0.06171479297076062 0.29579547250778887 -0.12401310217019272 -0.024186217684614847 -0.48160655659950913 -0.05753858664428253 -0.178736881665836 0.21285554671846363 -0.017793046760752624 0.2832073988944639
-0.0743115479671231 0.08131334701697435 -0.048456262629374844 -0.14170022860534057 0.32343341782115614 0.4136889504529635 -0.23204320908973247 -0.3622698665213574 -0.17764000627939736 0.001838079894552266 0.11725713944674575 0.010140237438211809 0.08641349932675253 0.14215872626080706 0.05275864469230653 0.01729839819426491 -0.17577032120878378 0.1093562403898039 -0.033264570622127454 0.07514482788381467 -0.13486168278576302 -0.046792248923238876 -0.4980657993236776 -0.05910394980542275 -0.10639972578827328 0.08716330304013178 0.05329943366230213 0.29177178354312444
-0.27821835478768975 -0.00043141030710829763 -0.15814895478202823 -0.2509292151898786 0.3918149197801223 0.20215804653659172 -0.1690568457581333 -0.406523188365427 -0.04759232082622363 0.026497847119198756 0.051684350147830134 0.13393376742234897 -0.060279747210457424 0.14353622531225244 -0.011666870082473342 -0.16533821176989444 -0.014193382080490957 0.06015772567650516 -0.010086951103652275 0.021056316577008596 -0.0675582870769234 0.027204672429859977 -0.48180207613434595 0.05866770894312797 -0.08167359205025944 0.12552533829468132 0.023543292092006608 0.3207452184506775
-0.06206798225980389 0.09450835711846643 -0.05967549600303746 -0.14023470448059044 0.300420315646845 0.29326004366020036 -0.14259994705425508 -0.46594644714918493 -0.19506751957580912 0.04673747943106426 0.054968048262075776 0.009753032160133372 -0.042382876096330444 0.07338198480314645 -0.10868225043730918 -0.03823215827027491 -0.07574608975988252 0.089728130881259 -0.056101538302600465 0.10469902824280863 -0.19780026963096842 0.0142209249055958 -0.46798388427209786 -0.02280338542772637 -0.1290118434593881 0.155599782095372 0.15332418426874025 0.3679258495250263
-0.3124230210717696 0.17850176665288495 -0.1641467372858272 -0.2556599539986837 0.17727118133933045 0.3326955920108009 -0.16990239796545795 -0.02911223378135509 0.11948117223164911 0.13509531374220768 0.06950526907076235 -0.12662651391820892 0.12835872878901272 0.07089042173658676 0.07871270449774406 0.06677565232116778 -0.20762700407612325 0.2349656454492411 -0.0722824782527439 -0.04381391408631267 -0.0823800597979735 -0.19940299330852776 -0.342315344497458 -0.03965086131074267 -0.24410306524277872 0.34049924027010114 0.11321037665132459 0.24848401790467392
0.16776413677150728 0.12707895325328908 -0.05964841369222459 -0.2675437596502158 0.23166162969001025 0.3260318943918584 -0.1440074501795769 -0.3490550879788103 0.1403793149384324 0.05275422813225058 -0.021889877606593784 -0.09840614767233201 0.11835142831959129 0.036911335033692684 -0.04219303939441848 0.045269649064600126 -0.07257309817623595 0.06273083622100219 0.055008383216441706 -0.1367239790194214 -0.17520223785176078 -0.07545720874990387 -0.5288076296334462 -0.12208928037682064 -0.07813172134967343 0.155604212280632 0.1340159105053052 0.3406520719623887
0.10366416483074108 0.10008462304537295 -0.12208458685280328 -0.28318259768511445 0.169110576994022 0.44819135711267455 -0.12769899022189957 -0.11648286658146556 0.13643041813519224 0.11114941083875768 -0.03942037702548132 -0.005568169762435292 -0.031547206901217706 0.08125510811778197 0.04458967142479198 0.03110085560822164 -0.2911392328791289 0.10858776178508837 0.0890271286017382 0.10773701523696924 -0.11424779455847965 0.010954067623256996 -0.46686266747807925 -0.12082431216498858 -0.1820226201907482 0.09862664215352168 -0.04603885987395675 0.41819586045892615
0.02745833085519243 0.007567594208983135 -0.1054080125453981 -0.26196985107152115 0.18816614713141191 0.2482313500613621 -0.10400665338364382 -0.3164042966549026 0.10257363473374968 0.12823833352341968 -0.07722679956247984 -0.034895060879412784 0.08621722393922457 0.2869770348258723 0.03068983814205874 0.012878490531222907 -0.14661074639364285 0.07815404368885306 0.09439013029342011 0.18514352926553382 -0.05893287129323495 -0.07734928453104047 -0.6497877944919821 -0.11694502310007847 -0.08978629917295874 0.02097785277132045 0.027059278062552223 0.24712301742331738
0.005909658612087448 0.2255757591029805 -0.13343784018217586 -0.18362005833060577 0.11872229377700272 0.2698571497810672 -0.09473226150949592 -0.20625542025365642 0.08011706769565069 0.07867394469659203 -0.04186021576262394 -0.009591004297768269 0.002601900511888226 0.0623185638473616 0.13281996454001074 0.11108763523043047 -0.31492365588039384 0.10798446648438989 0.030899014627896453 0.1292691047724323 -0.10559957285151993 -0.008884458165589996 -0.6151041610557763 0.035183610918015334 -0.0878232218865928 0.1501135269033925 0.038970224650894406 0.3996386324797532
-0.08763334882081318 0.11379616234096801 -0.07703263201555441 -0.30408837164644886 0.2896606342305203 0.3333706793065223 -0.1549686668526827 -0.14188490491393782 -0.05549901305376464 0.0002724617619890311 -0.07214542479236014 -0.06816743833106072 0.09350849060494969 0.01454125326044222 -0.001889327992869436 0.09473087415292637 -0.1801714659815479 0.046725823610847234 -0.09501602739491248 0.025838833740350082 -0.040282668748201474 -0.03992780500776281 -0.6479955770417892 -0.1268468127113174 -0.09999806383240795 0.159577275774928 -0.012590810939313416 0.3028981421439841
0.1367918724026693 -0.2978327717517834 -0.12149928698746738 -0.30164566736516896 0.2657796577474483 0.3114044580462547 -0.14513361621988177 -0.12718934667271867 0.16548757218643984 -0.05394237503602642 -0.20173944519603407 -0.05011097266331748 0.05781016284993645 0.15238964015050674 0.04051619957319978 -0.03130124491296762 -0.09515901195755407 0.05417328810024996 -0.26189374286586825 -0.06161345027965481 -0.1767749802937001 -0.026570418367098537 -0.4011419864613757 0.09123511980551391 -0.09298341010479963 0.34472059637111746 0.1192752176341869 0.2280652672969131
-0.1609492870801015 -0.2132388397772194 0.03943070890696085 -0.16762970358738252 0.3174728404086848 0.31144188099014936 -0.20562948869384426 -0.19718721712023707 0.206660169746625 0.032878733023009185 -0.010223240034320602 0.11425707087316135 -0.029759900394380617 0.09659467305232508 -0.056901274292953545 -0.093518700204261 -0.19117954247069333 0.09159218960119926 -0.23645125678026177 -0.2797593909804299 -0.15400068389130708 -0.06960593990636768 -0.3451910464906663 0.0976199074000583 -0.1832635110460816 0.2811647052053351 0.12989895387291292 0.27385501559885617
0.00917606301268295 -0.33244839789911446 -0.10390427047616321 -0.14029628521071505 0.21344978365892728 0.22384485847360433 -0.20406557165274897 -0.24086793545502205 0.13282596122224732 0.04219064640500733 -0.0022969889745447394 -0.022305832637109748 0.06625463343391763 -0.006147460012389606 -0.17657423012852402 0.1096268175308257 -0.12552350027257683 0.09281646291197997 -0.23205604831701265 -0.15616321301893452 -0.19737236829848384 -0.04676890750572044 -0.4259411299244625 0.18537373328363857 -0.16204857932783281 0.3024493995716715 0.11083582125052016 0.3263085571917128
-0.12703511158856082 -0.010856670669274343 -0.23590524172724894 -0.27568350487768434 0.3473844172406945 0.2531107316272758 -0.17939928829187998 -0.04709851762933871 0.22554834979170196 0.06297737237853762 0.02776419099207967 -0.10379257974537329 -0.1107608808889266 0.13403436098901736 0.0548683703830555 0.14727992103720827 -0.09671702569077255 0.025368806903987896 -0.2045815705746582 -0.03522966654178142 0.16460995376319523 0.1009378730514494 -0.5352786970528496 -0.12034856280282086 -0.019101627663551772 0.044673250821159416 -0.2124483568214203 0.26972540891014396
-0.1477178975119246 0.12575924791590762 -0.12470365607526991 -0.2983985470106993 0.27807071456272675 0.2160077164055266 -0.1282315881811652 -0.19815012878534127 0.26927466014639617 0.1077006089321416 -0.015308514441664187 -0.09990596959197291 0.0025459681928940523 -0.05666396713322843 0.06031949415888766 0.28611622417833654 -0.01021667000671176 0.005204249984254285 -0.3629165748965027 -0.02141449743847922 0.0922767736146991 0.06750651846106161 -0.4725534539292899 -0.17256503120953007 -0.03415859458183284 0.09309066305377027 -0.18792251336487872 0.22679550942911633
0.005980379095694569 0.03010584130828135 0.018591664181212483 -0.1711176601932011 0.15207250525152174 0.4709133166680688 -0.1840768535326852 -0.2503793361444649 -0.03546890399260933 0.1339473560345645 0.03929468272690885 -0.4322630329943103 0.25566862025061243 0.002631953116068181 0.008276686223283383 0.06284280984239525 -0.2152628949743828 0.06304034607216881 0.06742216135596271 0.02043128466007065 0.08585427783552432 -0.14517255219739372 -0.48492105907584415 -0.05303678661327318 -0.10744159191663533 -0.03041591407497151 0.03222148729347993 0.1256791382829004
-0.14596022142372694 -0.011765236696260523 -0.012946318560064911 -0.23117617885382807 0.2291770622616945 0.499980510788819 -0.13008036002900955 -0.2735163556451722 -0.05060240326093222 -0.09042130171522918 -0.045555380836343445 -0.14527840667422862 0.04836293797644396 0.10204675110893795 -0.07024950719217907 0.04934216687922142 -0.2495329975185216 0.10492354883113139 -0.12235948700554912 -0.18401402600195105 0.02139314542880755 -0.046319446123640085 -0.4946538775996775 0.03870165480478793 -0.05646600902164951 0.08326699897426994 0.21196355919004486 0.225233401611473
-0.055008396290862925 -0.00418751046933806 -0.01662679632067267 -0.17103731108831383 0.3719279140206086 0.41642093189704094 -0.1301546304065725 -0.38035433052680684 0.11171517294858577 -0.11334900288210695 -0.07581122105358055 -0.049394660918806475 -0.03529420029108219 0.003073143141951861 -0.12639685799129674 0.09210840580383138 -0.030607890281184463 0.044232098161133215 -0.23403884204335249 -0.15185284828862947 0.055796099019233776 0.01872285699883299 -0.4340533316248351 -0.18988218465961978 -0.12180301037309128 0.2559498515109387 -0.010667146291823519 0.21387158400362635
0.048542557680290616 -0.07602266539310185 -0.1238114294815332 -0.1290983091885333 0.2966093222202709 0.2585544499900712 -0.242890439981973 -0.38756061172032763 0.09145477215276762 0.08948638299806494 -0.1633503738498042 0.10275621748771907 0.0497424137988077 0.04522453764136926 0.016693578177070224 0.10143614594340047 -0.24732604923022397 0.12590158469192345 -0.01121488617184635 0.01483759403312231 -0.20414611530630258 -0.029345670216984802 -0.45141849750323443 0.08416246582202856 -0.22341420582064128 -0.010743670436938864 0.13276903125617245 0.3587721988318277
-0.1367641445266846 -0.18945265745545248 -0.027745181512035515 -0.20277950990004331 0.2676290206743259 0.21201618045523565 -0.11663937351260523 -0.5737601169127572 0.09781109226669496 0.1007577874121628 -0.14357220402458423 -0.12304058759359743 0.1641768437867173 -0.012968834165014093 0.10727692095723058 0.07594417962903517 -0.28702599294386766 0.07047363589805501 -0.16334522620129815 0.012854336339649143 0.09532252236053465 -0.05341246845604021 -0.278817600205152 -0.015391923075448585 -0.19876938528253701 0.10997917643656081 -0.10387039748026754 0.2788487743071468
0.06295770463946172 0.07015562986272339 -0.03806204525152377 -0.26697914798276434 0.10486921035554768 0.33209907487031565 -0.12034611099095252 -0.44336919991658413 0.21183275522536563 0.04268506227478239 0.021281145290897863 -0.021003528166845413 -0.05975319931161881 0.12290541056246258 0.14881329825974535 0.10992113302210374 -0.16623851737528472 0.11534341352064766 -0.09019628476427867 -0.01650946172041277 0.03028581794471174 0.053806405788552815 -0.5758482584616973 -0.20842779749372947 -0.0778941185930188 0.16226016584471792 -0.0532737057767598 0.1486970048519783
-0.082770429543831 -0.016299009391083783 -0.004786491161280661 -0.1514860440605617 0.197496339951087 0.4006614327070288 -0.11146508657237048 -0.2304906833981145 0.08735766856635924 -0.025089125966613817 0.05012796510883208 -0.05178057765496268 -0.03748527134606905 0.020110488677384873 0.03572064606617018 0.016651653199185133 -0.17195209021199304 0.1180221104905773 -0.27642773407164223 -0.11787972939139381 -0.043048269103358856 0.01221629446446176 -0.6083194909879437 -0.10015755308982163 -0.15233252657950166 0.29338844529389096 0.04119004671222023 0.24726540320099352
0.012149589984479993 0.10936763721668552 -0.12124344878719201 -0.22291797572172556 0.3286203784307796 0.33567039873669924 -0.33295515426628464 -0.2621381635229971 0.06582656474649741 0.15097230583399487 0.07300461633233253 -0.09487873210745065 -0.07712053675445689 0.011836443370070799 0.04018636645045203 0.07097433809137241 -0.09457299647168886 0.05420758487229957 0.0015149674893811997 0.02554255959351775 -0.09852024269766159 -0.04811558062759925 -0.4798236496006578 0.031686393951770114 -0.1020640029536459 0.13057248162199955 0.06989050816885897 0.4253416623571209
-0.011042534420094246 0.023169433847147272 -0.09314105343454464 -0.21982978572123604 0.16430655736658456 0.34051945530233 -0.1760401411782621 -0.18431832377779456 0.19841884440671503 0.2047032578135403 -0.08270820563175986 -0.052036407255516205 0.01096196084910135 0.01623946288203127 0.08192267360223807 0.20612660182022544 -0.30544468776963907 0.1475637004772633 -0.30766446596255226 0.10715216576032909 0.011262296031525405 -0.011453508557776272 -0.44792909592729496 0.06906636523583567 -0.08733191268270807 0.28071529370480514 0.033646237839634614 0.2821043528992427
0.04600973853913341 0.02348828904080714 -0.09380873255609322 -0.22581988058225758 0.3589184329325957 0.40471148974920124 -0.036222870317158457 -0.2393661274665244 0.33527820151782056 0.0330771507439831 -0.11295408931228924 0.029030561397206518 -0.0020258442962621265 0.09478392493307401 0.17356120136193606 -0.10227632652837497 -0.21360506646280963 0.03145315184334366 -0.39598870132385744 -0.004881250491224403 -0.10092368629989776 0.02862082802525 -0.39262158379211315 -0.013586383511118415 -0.026958837664612146 0.1399120440571842 -0.079063321798067 0.11955802447637776
0.1124863904838372 0.11069852640159533 -0.04112693630072835 -0.38172729831686697 0.3406791249916172 0.34022798120485176 -0.21691228544953559 -0.382174414919246 0.20821748550887584 0.12703385978131523 -0.06672786432386152 -0.14369533707638843 0.06714898688064438 -0.03736087915200877 -0.10613457670766809 0.12285500889156514 -0.00024671471252469255 0.028432403746279984 -0.15323144293350893 0.06660316265688307 0.05046459421330024 -0.03924239261624382 -0.3609935378862117 0.06400192736384692 -0.0547604673523721 0.19640861996081047 -0.06438659505795573 0.27011088791216864
0.07626916498769944 -0.13242123199316994 -0.053966330696780626 -0.2843162374994283 0.19950850105374304 0.3395095952835031 -0.22078072554660252 -0.41291959553744073 0.05852937749676956 0.024983657215243753 -0.17502127048702038 -0.03143943039898646 0.03691839156785858 0.1286125943587679 -0.05769346917437632 0.14543194732230352 -0.07039565537678236 0.04900875090832599 -0.24986223499634944 -0.09518223114196683 -0.08035598932192649 0.07183943357062833 -0.4457583711520557 -0.02114038974488252 -0.06841644212887746 0.24758850625524093 -0.13921554300187852 0.2560332616246007
0.09118827662089633 0.023165083864005682 -0.055054265094784824 -0.18220963118879338 0.2771224134114517 0.4304718481018343 -0.2713918937564578 -0.30623524562369625 0.15994396204584882 0.1423847493065024 -0.05640317267911172 -0.18844957781426058 0.1818009003111461 0.05751421753094853 -0.1354796537595197 0.11494006026393032 -0.15172233876298757 0.17583525983161125 -0.1485318694033602 -0.0948941063553045 -0.045570989256786085 -0.11035724835365086 -0.43359358852124563 0.10128598221639357 -0.1785712624031238 0.11674668442101302 0.05612988253927253 0.1634466893433928
-0.21941570703015426 -0.020023380405944053 0.0035836463857623247 0.005843074840335101 0.32908469569603643 0.28569302955485876 -0.12387018854144734 -0.27488596166305196 -0.12559986165142425 -0.023370045151588477 0.003527847945909977 0.02515716451094888 0.0246852270356903 0.08688155237413399 -0.044371621399169954 -0.06481399221491647 -0.38170488969715977 0.16468183018574153 0.20005207471377778 0.1035475402923962 -0.19022390164108285 0.012681346576452522 -0.5118091754593578 0.20843931599414633 -0.15640337509330504 0.03549387419179043 -0.06170594567205518 0.2108519815427608
-0.07879739524324221 0.01177549824376013 -0.054069716134599405 -0.3050843813961644 0.25107315765094645 0.4281172822105459 -0.1474062977884503 -0.25728256101565766 -0.14614877551959904 0.004531501966785789 -0.09555494435179987 -0.004621466611701496 0.07143692619243523 0.18437762567738758 -0.06521214848601438 0.011682346159134693 -0.19917041103859437 0.08711247137916865 0.017303697907658313 0.2466403799467842 -0.19799103409585098 -0.12931005824490738 -0.49607076801656214 0.003100075264638335 -0.13646912096029373 0.13466591322498875 0.02042476460647639 0.20446536561390674
-0.040580451662884806 0.06456047086537765 -0.0786258206499187 -0.1603656254019799 0.2319058486441977 0.3246257673971359 -0.04773497646287401 -0.1828700756752722 -0.02662708672796365 -0.03737497291868223 -0.050126041048252835 0.08426233494805806 0.002690428331340326 0.061778025200017204 0.10110009908073238 -0.10168950482802584 -0.365722806320403 0.09222898035409494 0.10537192441082131 0.024197476004636308 -0.18005766475946308 -0.06779336090441723 -0.520206876785462 -0.038664753749528866 -0.22720387439345033 0.1332406687510068 0.18388053141689506 0.40624821566699876
-0.055597336540049655 -0.07939997624437183 -0.07962827248212787 -0.14524689298080437 0.32823991236938593 0.3014147953579354 -0.23410600161722137 -0.3643339436495864 -0.08951881994285872 0.05838471667109294 0.007088362406208909 0.09047166635041899 0.08398466870427536 0.09010471348570397 -0.0670335190992682 0.009250388209631654 -0.2223056249970325 0.1437688656201179 0.03795384475457792 0.010492818749195627 -0.2605976296919568 -0.12945068058867681 -0.4781749607357777 0.039964719341409286 -0.1551853607054715 0.030827295710602838 0.11720150263257009 0.3351045090630843
0.01476860204400479 -0.3592572365851535 0.02828804630630036 -0.1478276875731243 0.28982673666848985 0.23535636804740678 -0.19094955537758798 -0.14557225858466855 0.20606896802580482 0.036661785787560804 0.05140386278215377 0.04775680450128536 -0.041094819351255946 0.11088683863263556 -0.06860938523050537 -0.10852235421312326 -0.1424881922120776 0.13365224247561164 -0.2614439045619131 -0.12039078908108454 -0.15970434970064376 0.011425745468086898 -0.3704795331317919 0.07422626150611675 -0.1471328013064317 0.3613077432763133 0.09761230250776791 0.34739645017136267
-0.37786115979884544 0.0789960805871946 -0.15687082022995344 -0.2867499084928913 0.1584154299686547 0.34353829365590727 -0.041997297979830414 -0.18655656939437726 0.044347684022153486 0.2652150788139967 -0.008853847157889965 -0.28728232585753344 0.02444366236821721 0.04196315742610635 -0.0011428670292685816 0.026179449884124063 -0.12494679125801593 0.03507798425561434 -0.09267741303142046 -0.01196581940973646 -0.021369448346739945 -0.11090372353578715 -0.39704324115620093 0.06808360805338701 -0.05500259280232441 0.33030924434908265 0.20454933068695597 0.22787222912649088
0.03741547899555846 -0.0005312567427804382 0.0699628525671223 -0.27678752232939735 0.39150681771380175 0.252055287669622 -0.08986902632281746 -0.23585196194688712 0.09041689520112552 -0.010238094459245397 0.15459581957261262 0.07916106720162498 -0.01246273864276574 0.21151844148391585 0.09457122295888079 -0.07514896417788142 -0.12868247404822566 0.08098203380730143 -0.3973281869759355 -0.06477971872085979 -0.16125177986513234 -0.01892353939256164 -0.43027275298033135 -0.057658310183777935 -0.11018541320921284 0.29150945291752184 -0.019728481406898975 0.2028256955196273
-0.10182658931688589 0.13990940765591223 -0.06647489191897353 -0.18881495898056316 0.3652765158607149 0.42038023383937817 -0.1744655421999536 -0.4121875455537174 0.28571388061474795 -0.016523351572721886 0.02158089453070028 0.10285606271806534 -0.07851184832410164 0.0985238677612276 0.0007587794044530255 0.020588416521209678 -0.17411704156268867 0.05687840912036733 -0.18062071966774687 0.0043404866322494405 -0.028829548624981872 0.015232241221692684 -0.3883905612020797 -0.10262004066922993 -0.1110289846111595 0.1549296966258113 0.0064286337486588446 0.21271939752333668
-0.00023323058623267226 -0.2678192604445327 -0.052755691572444745 -0.2562593532395703 0.2828710324466669 0.3406005920378323 -0.10607595808343089 -0.16855135291682377 0.20273257313658624 -0.11602958576863799 -0.015080112466570747 -0.05050239354702616 0.073296106626336 0.17729462066903698 0.12263789714759991 -0.02968106092744695 -0.058059492503609186 0.030628091247798545 -0.16758919959527926 -0.008603715289924329 0.03740113094152137 -0.007919294014300178 -0.5123650093867851 -0.242989648347441 -0.1448311797029309 0.06620544415031022 -0.0474961748265458 0.36188207564162295
0.10736210774694906 -0.21130334252658498 -0.11197085615080679 -0.04589374530690812 0.23823241556672445 0.2594802026758046 -0.06161982965153125 -0.3210788402130412 0.2412765944435811 0.0589725358388105 -0.010599696137358615 0.08611204591717742 -0.010467227165469224 0.08016918266472817 0.011003851388538755 0.052744450121668694 -0.2740278187327224 0.08754666156917389 -0.26936939064822657 -0.08978736823554624 -0.15662306019415453 -0.0154747798403125 -0.4500395044947728 0.012721375120252015 -0.19314362134724272 0.35158443278046886 -0.008037640477443788 0.26023479216311113
-0.12147860987421367 -0.0012110729606516542 0.008178460582133631 -0.2514062104177087 0.2069095414906773 0.37380129162895315 -0.3078762448735915 -0.3827722627928981 0.0738115050146946 0.03456334943479909 -0.04492726315690824 0.10726740482405885 0.003990995507544341 0.008414116290130372 -0.007558357090086071 0.1448134458816686 -0.17009039472976378 0.18375879037326845 -0.07239765308241922 0.2868444386927851 -0.09896709826542935 -0.05743365154628167 -0.4421395925396949 -0.04781135988903443 -0.16762666748632368 0.13441673631375606 -0.0618184448331062 0.21394422179610315
0.02063763220830073 0.15303642021647096 -0.077603372927672 -0.20380665430479417 0.14877021874057034 0.3942062707121379 -0.13050199791210013 -0.2579005305363032 0.1339031161931009 0.07735978218349064 -0.13946031836110895 -0.0511130122131137 0.0097887274238003 0.12949288560824265 0.06555537368769856 0.10173595801309211 -0.21648382009590073 0.09448791846499113 0.0880260416995221 0.07453932551396839 -0.06317908744295074 -0.019673919460553562 -0.5957513409163531 -0.04279364355773944 -0.0997981051626125 0.13161242158728706 0.046752398864306335 0.3610219511446871
-0.05527533121295575 0.009219475614068367 -0.02398584264995109 -0.12628003398429494 0.27934882351834167 0.4118156298868012 -0.17071951424797335 -0.347515543448044 -0.05654779023912712 -0.029637616700163773 0.004262249195132975 0.07526823171179159 0.044978023431239175 0.08785122237644871 -0.0031779783533821384 -0.03599248874281243 -0.3132016783781204 0.10654754424011846 0.0993462813465723 0.07212415790067678 -0.15945262669210725 -0.02105875481078216 -0.5153580494337227 0.04184280601666134 -0.13230238494537813 0.10428246725924001 0.04736427952731532 0.3371007661032247
-0.21541184069828975 -0.040772381236601644 -0.06425400474579289 -0.25098986984967375 0.2839326553404793 0.35283404019719417 -0.26390203867867784 -0.4039691133819485 -0.05054564367485351 -0.06533878052799842 -0.20413556630146454 -0.0789813358016648 0.1871254573311012 0.013105750936781638 0.07178201498396393 0.045412830793328265 -0.17685208697108734 0.0836019104982768 0.014614958447171849 0.1912560720714972 -0.04390788857401661 -0.07431454291142123 -0.462505844425846 0.025429696637962233 -0.07163452267844242 -0.051634906267669645 -0.0353304785156474 0.2088459341934716
0.09306399195545106 -0.01901477126060806 -0.027904234299675052 -0.22932306062815314 0.22175646833022122 0.2956184610524126 -0.15586476863977497 -0.4864416867439048 0.09977830944895798 0.037131885305553364 -0.12968079339652125 0.04040877794084786 -0.00441785463712137 0.1857830664404267 0.10260194022842264 0.010526043956659407 -0.23569545306096384 0.09503722445150103 -0.06499940125774502 0.11617774131721345 -0.08131821614413873 -0.09551675586645787 -0.4307041159949198 0.0528782592499555 -0.18947391136012579 0.08983993416018773 0.04154816329563789 0.3648620296928984
0.17961318115933692 -0.013706381049840512 -0.029379793940711458 -0.17693515714299582 0.28885708644990943 0.16121432134030161 -0.20795936208720894 -0.19974516559827465 0.15137819201077748 0.022379866365746525 0.12181526669280365 0.048534449895844774 0.03584216987398573 0.14409231306846698 -0.023632422836888777 -0.030007198542098653 -0.10740982356924754 0.18699460028273243 -0.34327726169749795 -0.10565658382042155 -0.13873243257490878 -0.017956497128214486 -0.46481384174503765 -0.10637191824671847 -0.07825018583112722 0.3916900214880815 -0.16803192250477106 0.26166776604757913
0.11712480479701691 -0.16204695680314088 -0.05048029644864028 -0.24978630372394334 0.33325802732349613 0.2873420386163313 -0.07109189412274608 -0.3183285124956867 0.15304985612522073 0.056264708872309575 0.10733491126449274 -0.03976066016734037 -0.0039459392469753714 0.020510364796041066 0.05034181488454538 0.07410199883286915 -0.24460873394840296 0.10873111046179972 -0.21782624138426093 -0.000903677750174134 -0.06541155239117892 0.0762116002258057 -0.49587209619501094 -0.15036172248597865 -0.14407636871736765 0.2131656254436938 -0.1731679180127042 0.23030409918940428
-0.1377233392899169 -0.027383704760389878 -0.029968181217435153 -0.3316723692254387 0.27856031282730387 0.2382889430595882 -0.16589623138556087 -0.18596755058340925 0.21926618815855198 0.10581467850340386 0.15377456555538035 -0.06394982942317017 0.02454070240584183 0.04595642214595983 0.12384551824908667 0.19619474234782222 -0.04524937743313058 0.06329580013490514 -0.2857940975506068 -0.07183031325040524 0.05729286473641365 0.04773775788354905 -0.4795951043905719 -0.2060424193118762 -0.09046750293102937 0.16253560896789884 -0.19906532962899626 0.29015967887595095
0.1504365374694451 -0.09313547846241947 0.0077269677666823204 -0.34219278427880345 0.21543805811346844 0.357367340936145 -0.03184039247772425 -0.34523232440416224 0.06474279993698613 0.13950298390327814 0.05764703798422865 0.14184239881954902 0.010585950742820394 0.12399361103480815 0.16685605899194736 -0.0160526905057735 -0.16997921152682793 0.018695254681250207 -0.11379904795089288 -0.1677623790740352 -0.12165239890982994 0.050785129303457195 -0.5132764074786618 -0.17956069437427943 -0.12210129032727646 0.14116012182268764 -0.10624941446390779 0.19235574957966114
0.046146736414913646 0.07109824626044045 -0.13454688272374582 -0.3153680467115954 0.1261584507339854 0.3027818347253873 -0.1598994908170355 -0.22885607592455184 0.1968411183658159 0.15634254802314906 -0.20109052208054362 -0.17699317363224673 0.12744670405436517 0.032938077917676126 0.013448979412139102 0.19638570084186532 -0.033898888852535114 0.11640305396415523 -0.14956090238448497 -0.022319902955746578 -0.008763912436012706 -0.09925754655800939 -0.5200307725266243 0.0031264556361477965 -0.20694030673491304 0.07716691197326855 0.15377803950866903 0.32913204914057
0.006312159141860499 0.02195227863040037 -0.02393203711813568 -0.26816568249450645 0.3018433012793049 0.2197862201968085 -0.1879455402672709 -0.42256824472358756 0.2537715167235107 0.24278772173567686 -0.030198940896361312 -0.1906054494632269 0.11871741143170943 0.016700080094099474 -0.027658608960938476 0.02261972005926295 -0.02830830846732564 0.1269295237805283 -0.23570883573523185 -0.10629287018943684 -0.001481771593502668 -0.16904979919420796 -0.45394955146276733 -0.060284607654387076 -0.1197171484827293 0.11501208431928249 0.12908148549906862 0.17656860041416325
-0.10638867478339847 -0.005038959894523845 0.001334568015767026 -0.21826430686296225 0.2282152571830345 0.412363079000109 -0.2697429600726285 -0.3843100939010564 0.12808762070944604 0.010854246386973337 -0.09608262462181402 -0.025690255934944405 0.0736669777409592 0.04046300587625885 0.07113732528922675 0.09801281995209357 -0.24052614128699426 0.14100361497461641 0.022948869747581715 0.18545298825515405 -0.11443657834015009 -0.07334820713036838 -0.4667112160024022 -0.03849387066247743 -0.14570044580594768 0.08939268941929486 0.07566043946918838 0.25477718390698945
-0.10326854410563797 0.013060471659196486 -0.01675806062613023 -0.11193979478469697 0.1640048315095584 0.2952971923222785 -0.16379819836063658 -0.4066222136809566 0.12649061828252592 0.10617224327147785 -0.14798142566846803 -0.14268914667411456 0.1555898716262073 0.05237965286588638 -0.1685225283950213 0.06696377379139544 -0.15256897947857662 0.11548750207056269 -0.07092501547732978 -0.1452512540482656 -0.08114012353596849 -0.1251753094997533 -0.4911412612401239 -0.09808110401074045 -0.17689570541257915 0.13796593916876998 0.18678942079645605 0.3459264503245871
0.02293655117111668 -0.09723806291484975 -0.02452119054955126 -0.25783209069441093 0.3751636468216687 0.2318945162078992 -0.04602059728659332 -0.25683784548022953 0.2091390841744943 0.02015551332328479 0.038358628107131455 0.05291505381256345 -0.01656221637590341 0.13908237717056943 0.09639991861023393 0.0029554100692159697 -0.19976270329349985 0.0407149815496183 -0.33312671625418666 -0.09023042553868586 -0.09314086053656709 0.06019804961425866 -0.48942801432380423 -0.15347585420300872 -0.14273763684942983 0.19604526870177388 -0.12548693616223597 0.26901808771207736
-0.0031481826064284294 -0.09657312142176275 -0.05961466431105285 -0.23447528542105808 0.24969708846180452 0.2992609340247485 -0.09419482698774326 -0.1955936577408939 -0.0265882433891717 0.13364924114189128 0.06260971544087907 -0.09399210981471523 -0.010445114830036196 0.09023926128625359 -0.05236885711538456 0.07899125750237382 -0.18321722523179174 0.07557318594858031 -0.17220011094462473 -0.008089821637507771 0.09170955896758273 0.09899421137694918 -0.6982907224810219 -0.11507749340454058 -0.11310977390820663 0.15746212124474376 -0.14393637072605003 0.19537327798921622
-0.09664409622972824 0.04421692224578911 -0.08275040014963506 -0.23787222784446316 0.2614526755526364 0.23149427023039856 -0.13400059604602071 -0.2770215496415353 0.0018254895509948188 0.2314801248538268 -0.07936395926017742 -0.05669928077553165 -0.010351702095620812 0.06379748904230369 0.15398037649211488 0.16543776909705402 -0.0251459469929208 0.164704598594987 -0.3581898553259452 -0.15417426510293844 -0.1950826770129545 -0.04005125036253991 -0.26572692881726784 -0.07676087802177552 -0.2406404283892338 0.3650841308241574 0.16292501943586957 0.27665909791657795
-0.10627501286388241 0.11647534223038823 -0.0363104217413259 -0.15627634239220348 0.17971070590228588 0.40797606960281524 -0.2257967563446999 -0.3516874924353943 0.14275328580019897 0.08799623283088788 0.015760883568215475 -0.2583022040479235 0.05753421060891173 0.042932229863020914 -0.024239820582924662 0.16374686002312192 -0.19680699127435325 0.11415256144639185 -0.003270242860880091 -0.034090978049966095 -0.044922032227721106 -0.05204427300417734 -0.5374563978936465 0.07107473513460269 -0.11354012170552663 0.0883917001818961 0.13045451853554785 0.2429986513799839
-0.014874124259004636 0.007612385535116381 -0.052141269728485935 -0.26986955504681787 0.1778251250907684 0.3138982965677496 -0.06357829958304215 -0.3119022831866796 0.06735290258042745 0.08091189395690476 0.002438498710077432 -0.09169768783957305 0.012111240541114527 -0.0074892104629002915 0.0036296034071550886 0.099360884874637 -0.23749658967509288 0.08427971621450894 -0.26477524235207994 -0.09659475304731135 -0.08598000713669654 0.035364782732174485 -0.6091982062921187 -0.15173666669075844 -0.11041389911258205 0.24918262654269635 -0.08669995409906488 0.18860889270861275
-0.07746680936650209 -0.014947284979926864 -0.08092603933697257 -0.13996432688454555 0.30850594237135964 0.32916311285270866 -0.19708716325663456 -0.5434148883718878 0.08326345084278111 0.12098230273679493 -0.14948211483843998 -0.18457866717497765 0.03059083755521977 0.12208981650083339 0.03675748112278667 0.192304013582699 -0.08234425677710602 0.1266762025774132 -0.20264205143818834 0.000957658231306547 0.0862751618291481 -0.043777486937339384 -0.3281764835865877 -0.062032047116589197 -0.18752891002807678 0.14423174452675055 0.044738526680132285 0.23460704925848747
-0.21851310718957032 0.1599881616034846 -0.0986867634772836 -0.22077617478730374 0.07952179153936251 0.35720696417406284 -0.1627862562339608 -0.228205907941268 0.027370825887902406 0.2372312588446337 0.09476913133513502 -0.12252879478991047 -0.025091442734046367 0.06547580109353077 -0.010415657027633207 0.2544539059285744 -0.2649339478772043 0.06436799771778802 -0.262875013194739 0.09226364966717798 -0.011959287937880746 -0.10222319060409346 -0.40673210578948804 0.12649552794611174 -0.13436314755279075 0.2392678290075308 0.0949548893477565 0.2767484748943706
-0.16204522579763284 0.006585405401518164 -0.11265386115549943 -0.28382337399155827 0.22900599689044027 0.41154062051608 -0.12295848326909276 -0.19738372109252986 0.2174922220544225 0.2863877831382575 0.055875163122303596 -0.12843020384465542 0.018313704072652214 0.07622786863006847 0.07448113156574647 0.054457009079956174 -0.31682215684252546 0.1392326750333266 -0.2363088826115051 -0.037708253949330514 -0.008084577596881594 -0.01760401888220504 -0.43224156412378306 -0.020617181650455438 -0.1320347338811092 0.21302808578111956 0.0023034502155657418 0.11613872051359195
0.0976267461948358 0.05259679218299907 -0.03195034110770868 -0.25069807100529745 0.18721031742867653 0.3451226120749259 -0.25339458633813366 -0.2567972695356497 0.07744481610025061 0.16887322569777935 -0.09202517235186805 -0.15579426963378934 0.07087927492845399 -0.01186122316506091 -0.058780463100205994 0.11093175092605581 -0.08209408146655518 0.09146029174061802 -0.13178111042385454 0.23243546844343224 0.034887738050411676 -0.008434882377673916 -0.5851305093096376 0.18132998224843475 -0.06371143156836215 0.0524974813671989 -0.010975069238837603 0.2852372222712305
-0.16028696940480378 -0.008672112132574078 -0.07061317054745973 -0.14999417171478066 0.23759192785696595 0.46591566211987073 -0.25922630943717945 -0.5209482578684278 0.15479755603343875 0.09947679350216171 -0.12844388186560818 -0.15404316415422728 0.084164915283725 0.08809495051243937 0.09477929480501138 0.10307727221099464 -0.13773457230600863 0.042324228051404685 -0.16149537931450939 -0.02319899375946172 0.07435172912980363 -0.06900350368110596 -0.34277824635139076 0.012277178589031535 -0.05991598792055149 0.032839776127829845 0.04826417268216191 0.20924137101380264
-0.15493375636541606 0.049012068513350854 0.00502038665591633 -0.21815174867070158 0.1500344636802677 0.3613555103751488 -0.19148188191095422 -0.3703868847552665 0.10517784658240525 0.094541030641151 -0.061896227836245446 -0.24585836795630103 0.10752882262519078 0.04181091280531808 0.08870669508836876 0.08089622879952639 -0.11943724253264021 0.11300997535988543 -0.24229659415157093 0.14502821106185787 0.06447134388315776 -0.1275323988582097 -0.4539237285818292 0.03388789169567277 -0.1719504622128394 0.14300110218175513 0.06503609249226483 0.31368297000179285
-0.1395563621453739 -0.003527667914529535 -0.02721336965134807 -0.2324670995312174 0.21687397395738006 0.4664993745722749 -0.1142422130605779 -0.356660099068482 0.02688663909452925 0.2878919920903551 -0.07758548179079373 -0.26729808783601383 0.06903242719643451 0.01775680946133347 0.0688464458982578 0.12890358612302028 -0.23625940542518212 0.0856713587867412 -0.27831813937414684 0.001335309629834659 0.005563484385015569 -0.07980623932844037 -0.30231849387463783 -0.05049398542430488 -0.10578596826359304 0.23116301021608188 0.05612430383343872 0.15672664519639615
-0.2165006705309973 0.01130810948758351 0.014242725416376478 -0.2727218196082596 0.08563147822708769 0.3586698096481832 -0.19125645201782676 -0.32408648965273845 0.17214693815252488 0.05860060277779144 0.1484701430412688 -0.17720768266824602 -0.05574224659867879 -0.02862468591549965 -0.07257622089657528 0.20753169614979042 -0.19918566582296673 0.13233518908308997 -0.1575138488331089 0.054008853047067804 0.06386278944604293 -0.07742334197662933 -0.36810664257544784 0.15256107511589714 -0.21809962803275734 0.2511432263793908 0.11451276073393336 0.2907490214765833
-0.1266343263149759 0.13261793528183538 -0.05766255702438552 -0.2618310337299303 0.09423139029589107 0.45611275918591043 -0.19387856297569733 -0.30418533644970375 0.024028813319454768 0.2986283935914019 0.005259572148829686 -0.1255314768402466 0.17772739657497938 -0.0129727841995633 0.019055333048930506 0.17341559865655012 -0.08191591593881428 0.16198272226369623 -0.21014925345674387 0.04810276272521077 -0.08486561660918097 -0.12461719740279269 -0.36053410447425294 0.09754507389577231 -0.1188712060853848 0.30537533746434775 0.08887701376276669 0.15095015328750658
0.00904336647649224 0.04732581805440936 -0.11301400005097663 -0.2517618702084825 0.26074537885887805 0.41398856808174556 -0.2604062621354055 -0.36704679489602315 0.22448751170333786 0.16757819371600308 -0.09686125433318463 -0.19888470224417568 0.1194842022934888 0.04007682076086494 -0.09943748867621235 0.11047112852168417 -0.058532904047121845 0.1453235438594799 -0.14819508027483738 -0.024283679467030424 -0.028686267266421366 -0.05506079204755247 -0.4313470646259609 0.06854000932014749 -0.13791960342291537 0.11204337951936025 0.0534274048800886 0.1951538869027101
-0.08426316159607318 0.057075583914667334 -0.06900011848917098 -0.2357695534196685 0.24172838750835243 0.40978021884626087 -0.3102557838282885 -0.32003312049560056 0.01710340819876649 0.3146138382559133 -0.0459946084229324 -0.15457594626784033 -0.037666275964599906 0.04410511376885804 0.007284649601338012 0.07863102103197042 -0.16835183029018197 0.033268416394901884 -0.08146369380657291 -0.0224240165595586 -0.06641190116321223 -0.055607576508693274 -0.33642440404948515 0.07570184100932442 -0.06749994663336605 0.20406941958039748 0.11946207617517779 0.38197254845453377
-0.28003244352570494 0.1851351572432873 -0.08988560125572392 -0.32482449021541576 0.1556894739185895 0.39747512410945873 -0.17449456446342052 -0.19907851516892122 0.10356139590386998 0.15862437809770052 0.10199403529647896 -0.2708537430954505 0.029725079329701493 0.07791969697120366 0.03798795047874605 0.1333841750276442 -0.10673993775125326 0.057759484621464977 -0.1515599056641966 0.001386893041087187 0.06724438146338382 -0.20306925223314196 -0.2915811559383225 -0.029772120169544333 -0.1554288821798787 0.2997278316599275 0.18091799665607086 0.24387795421624878
-0.05101951929321352 -0.001321323664843044 -0.08450319067016836 -0.2682421138123497 0.2093579603636056 0.45639631830885247 -0.19253673059991397 -0.2488145949046374 0.21384945093406654 0.15299805648842169 -0.009572630365825268 -0.11947473461352089 0.07550526508073094 0.0042802674697734345 0.06785676820072695 0.16409900411802184 -0.2389925463017081 0.10007466912737277 -0.28353935668672703 0.07452863008353924 -0.01640132002307598 -0.02847501094186443 -0.4100256478582173 0.05129115608662037 -0.12643146853469217 0.1637822834834045 0.05556807117970184 0.2749990800300108
-0.053609578096326084 -0.009439481064017787 -0.023284762933169098 -0.20976366556327378 0.1595295654609154 0.38763330938406687 -0.2635118341366925 -0.4374073321394933 0.12412982835570147 0.1439646769055073 -0.13223467771090816 -0.22635542405987108 0.036708872702624726 0.03810883737676108 0.005887048165355148 0.13793613987675513 -0.19476201794986323 0.07467665501278574 -0.08621931766222307 0.028813271876998642 -0.07958636956622366 -0.1113592618261559 -0.48525189136913804 -0.051308278612494665 -0.11631324227084036 0.10609728307703349 0.06902165048325827 0.22615103338706732
-0.09297723922089987 -0.07857114178286234 -0.1394120428476343 -0.15555244196501603 0.23061964353608178 0.24621261390271754 -0.12935464998085014 -0.12133385374907775 0.13692662786685747 0.21507029318197596 -0.13527005334880088 -0.2396257606047228 -0.11280050227452548 0.11485822636743266 0.07718913990738288 0.3116351172838692 -0.27832102600269626 -0.03725274901051497 -0.3113352201740164 0.22301925632226957 -0.019127251848433797 -0.03999675505258989 -0.37527395757378085 -0.12021339709667164 -0.07216014643267205 0.260379434188949 0.04308579534407171 0.2625822550136038
0.08638422351193561 0.26602487038014705 0.13483508422379015 0.37762083867990154 -0.16771399624459682 -0.29407292134563856 0.16828394740179844 0.24026190673894543 0.012267826387808864 -0.22359754150953604 -0.05038942837013212 0.07377806755967735 -0.06633680458215475 0.031184553816124883 -0.10011895637891531 -0.2833261097317859 0.07830315279379477 -0.1824337228235628 -0.19062242677768418 0.38559803191109676 -0.049506162757546726 0.12096670977834939 0.052693695484675465 0.149608730196585 0.12924085824100903 0.29686341118940485 -0.17733484449671436 -0.059842037379195516
-0.13993267277287874 0.01141783335932469 -0.0912286649007553 -0.20310004029075743 0.20873452485278518 0.29857665395466176 -0.23616742971579804 -0.3284617862071485 0.11969606443011908 0.2531907924528215 -0.04416182212083031 -0.1281736362488031 0.013692292019655106 0.05271084968536098 0.17919436081155954 0.14939993944113159 -0.11379210729378039 0.11291704753097491 -0.28523929612139876 -0.14753604968067824 -0.16628050728682692 -0.025133161460053326 -0.34581045102835084 -0.04173471909956902 -0.1512419539715957 0.31801464818096664 0.08271998249955535 0.2661629100407975
-0.13949942864451245 0.059092030585528046 -0.1182127579376532 -0.26930031767311574 0.11476253107919568 0.3465087070592238 -0.203100743005622 -0.33235767741656225 0.1298517062322995 0.28357564317499495 0.001748830553186609 -0.14132831851920585 0.036356002503534636 -0.023497622240794543 0.013510077721255119 0.16223157984184364 -0.2502642372066554 0.10890671023223827 -0.21371303267208575 -0.019950171283106378 0.007577130287112419 -0.08689301451535789 -0.4395474990013094 0.059296973047130504 -0.10439447402276182 0.216407314703079 0.09065223264501002 0.26293300152854415
0.04359204192639218 0.033180373626081665 -0.1808914498803811 -0.24143789364341073 0.13470224900604297 0.17684904213480834 -0.034608790611130716 -0.2572885770954331 0.06959203204931631 0.2716552459598647 0.11326922327330269 -0.26935439258515387 -0.09550904119611539 0.15875738857790592 0.05663556409974205 0.42041287858299176 -0.18633786192567273 -0.03439564531565907 -0.3504555791932546 -0.05864042194285357 -0.055469772384490336 -0.03219225521095247 -0.33396919174594075 0.11649062235563865 -0.12380933853923087 0.23316816798160175 0.07147552945792249 0.21137947118303851
-0.06424630206897228 0.10097686983355833 -0.10679644587983152 -0.19069417353378473 0.14563709658053 0.3183782680809618 -0.16000894302836496 -0.32200361993380916 0.038111433070694006 0.3218046190317935 0.06760581552617487 -0.25623058373707164 -0.10564134933842849 0.09239335626757694 0.1845185400282182 0.2853942588892371 -0.23216499289798392 0.017584574402299512 -0.28119694994986616 -0.061951251206693744 -0.14357421649840274 -0.11268885140217764 -0.2997524795177673 0.0028044636468436456 -0.10325915423214296 0.27360826442791547 0.12191908279852656 0.12220423395402104
0.09986580440195411 0.18328336617372515 -0.009941121062482346 0.30816759101258473 -0.2938332369270705 -0.19365907928779952 0.09523165324098948 0.2625236868906282 0.10710701821499863 -0.15572587932326337 0.04924902027165587 -0.01018047530584037 0.050234837634309845 0.26761750468216594 -0.028248547700703345 -0.13245478556869802 -0.03568766230303948 -0.0949479234209386 -0.4297612875612602 0.3839855778957416 0.06074911667117901 0.0356613301197841 -0.19059581451012858 0.11050334389134892 0.20051124790606992 0.2630689594897948 -0.1504810584872643 -0.02861736441817539
0.0732438016016629 0.2568716992602956 0.1453191152268136 0.2711974963329821 -0.3219252889879838 -0.47764687961535107 0.13378593968545943 0.1568617556848364 -0.0027107777229063382 -0.06157383936695151 0.1348218371602744 0.017153901833473907 0.032594355051535365 0.1164416363687303 -0.047208835982023384 -0.1542743038401173 -0.03286143886374273 -0.13544774418702504 -0.31243376417226004 0.3241682315717473 -0.052483129412703035 0.009312571433308013 -0.018271499904408944 0.1271876442785101 0.21267611679362036 0.2975328535505913 -0.12398670636673406 -0.07856481343845113
0.1144769010526147 0.21293928326586853 0.0006011803611407353 0.2298997025066364 -0.20267063812514327 -0.27102683458633947 0.15955266482322888 0.1386162266884961 0.013983946560910586 0.0008705567858283471 0.07570864195004794 -0.11811235785620519 0.22033145876199695 0.22983665537472384 0.12313748860796324 -0.15741519806599277 -0.09604646919873056 -0.25957079780677433 -0.32764116800225973 0.38102580180426715 -0.029244256048607305 -0.17717176404408205 -0.006610839326743537 0.04786662811210464 0.3491104259121222 0.2542947769661827 -0.10700827333670146 -0.08122419154931124
0.0602462325101903 0.21347727995887694 -0.09838968629323232 0.3853260078964754 -0.2704382948567088 -0.2099381606426395 0.13407269880682957 0.29648352320329546 -0.1576406993607105 -0.06231718536177207 0.04687416515152161 0.06900555443556751 -0.007576770339510481 0.2830348095869955 -0.07707893240652171 -0.16280688820268355 -0.030223956269675667 -0.19006125151318848 -0.3284170573733004 0.3484729209531444 0.006091056967972798 0.08543001539189718 0.054257684187453074 0.21674859070163546 0.1764117375010279 0.09718682489525769 -0.23873424533146181 -0.009920404563082106
0.16971479007879944 0.15463036101910121 0.01279825253433913 0.3379515592873456 -0.18366635758538033 -0.25766779117838506 0.10743716754019125 0.33619984624251964 0.20391767380444145 -0.08809222626162844 0.08097755404763714 -0.07169896383331535 0.0596967299071726 0.1711710591074711 0.05393309330610206 -0.03370245110119149 0.05127322807475405 -0.14772923714557445 -0.37641545179607927 0.4049939259867944 0.15160069994940928 0.01919237202700965 0.053336639442363144 0.07087630051472292 0.08448891659878745 0.20674622876386292 -0.3074522954400223 -0.06688313518047248
0.07343042072371544 0.2262471285378108 0.13800194527797377 0.22272061003254673 -0.23669098163436425 -0.20944077551298593 0.045580752157342405 0.33123975253889043 -0.00500597699446827 -0.2624839213314957 -0.0867060658473872 0.018947673084223484 0.1920126104436536 0.19608368002092397 0.10033646864253709 -0.2135961748651324 -0.11532509294615331 0.005647926227785757 -0.3489098915317854 0.37608177681082217 -0.021715579044595555 -0.07487918192923679 0.03148065398026712 0.1450029111455939 0.14388898202800965 0.2863200310963147 -0.20363612220497013 -0.08077103579630053
0.10020754893940044 0.2916851781080213 0.0009326086474925676 0.24008611994143303 -0.17040611233869005 -0.25800588562292076 0.09479461547877754 0.24123161818102445 -0.10049532877151013 -0.06811775027513388 0.05036325616728806 0.044325897547805956 0.09378028312784836 0.13135550512465838 0.06629828141230824 -0.18489827986114124 -0.3361711028030527 -0.22998014384787724 -0.3422963246915782 0.2884399050705005 -0.029346906154904675 0.07524785513540401 0.1825640552810557 0.15029472030231159 0.21497892567325416 0.26326051307765624 -0.22823309416111517 -0.06526361450308203
0.10081945287845182 0.1704569784326405 0.07257294421312445 0.2779394499820453 -0.15707141573283545 -0.3633132354825092 0.1270831529666616 0.2943836657499313 -0.013840882040953672 -0.12344722905450158 0.023438563204512736 -0.13376941461148723 0.12067249519010241 0.11170515443737236 0.08600477956156477 -0.16463879359507191 -0.09344325135835445 -0.1329836844834653 -0.3138256349438583 0.3045346515569688 0.11075664320798675 0.1785311564705842 -0.16447609119652354 -0.10709066625589352 0.1131260884345541 0.3871130477015261 -0.24544078410437886 -0.012854228091298278
0.22009624098536518 0.2811397694984433 0.04150705624999061 0.24779586447738897 -0.41073797339876617 -0.1831222720889105 0.1691093849177946 0.07641281942617054 -0.23978313230817017 -0.10532946662411437 0.18942217143046727 -0.08718166328125625 -0.002005677671706185 0.24292685298697972 0.043131784219614826 -0.18230979658449284 -0.08201277119610732 -0.3355590290664394 -0.21200110051565352 0.2759703858654284 -0.006126256796733913 0.01389601313978936 0.020791429807654284 0.13341416449311658 0.20547256608588718 0.2492712080682152 -0.05702674403172262 0.0055014525284795435
0.0759026337947657 0.21672371986688574 0.050639627881286786 0.1933251285983811 -0.40653719282040046 -0.32873703930270576 0.1532865011580786 0.2680889828307944 -0.11597664818925228 -0.15628665088359922 0.08328049415496608 0.05647113604699111 0.12924851077468644 0.2249679458458509 -0.03637584539861771 -0.17805690960243564 -0.11267616582523945 -0.16616217743166445 -0.337036055110487 0.33098281515134276 0.18251968160162071 0.01428263388271029 -0.017856069990333262 0.07067753734153763 0.22027686070919975 0.12280253851681747 -0.15599651436060957 -0.007755116304593188
0.18375300157347277 0.09926124287539449 -0.018866437989149124 0.08740158204069567 -0.22533988807987654 -0.262765741696986 0.25209661933913935 0.2729642585680695 -0.006499159023023068 -0.1354202803702894 0.10782267391968768 0.04004830676069451 -0.010716325600256368 0.1728594603274692 0.07861624443091611 -0.21292821582674323 0.06925303981665831 -0.3066973769523667 -0.3678420435411649 0.4368305015875738 -0.03416298008754654 0.056577889517863335 -0.06001315692015981 0.10605434349314548 0.14168330419192232 0.31893224139171006 -0.09838358688355574 -0.04122931386500089
0.05686318987710625 0.27332805628351603 -0.05373669503096234 0.37122612713973646 -0.2964892423926787 -0.2802312651438784 0.12020208254371871 0.25223405164462115 0.09727064064564568 -0.21730911073950346 0.006954594956098905 -0.02746837704828381 -0.02241893729032802 0.1447300133082223 -0.11026873312624161 -0.15291480259871587 0.028228091385238182 -0.1309050051661172 -0.2189747859304302 0.44201307246853616 -0.0040456589882266625 0.022772504743813135 0.035721159366025546 0.07505480914495202 0.21644857309734322 0.23445392705134224 -0.22767689096899202 -0.004316951369963722
0.24016560667239714 0.09493700535330593 -0.07445325000985674 0.1545660318291385 0.15364223762059454 -0.16175910852727268 -0.15200767192084982 0.1929838456916213 -0.007612899326084133 -0.1986372694009692 0.4362615888482325 0.0825254020303658 -0.2637765871809203 0.15712318975189554 0.1880504397303787 -0.15667120385260577 -0.18062991932520336 -0.01010603492256458 -0.289207014392013 0.3245141244876142 0.03862235185186908 0.1189870417452502 -0.2988583279678719 0.026505757465357115 0.2032977439499582 0.05248140133844205 -0.17198703361776754 0.04378151921881645
-0.2621774577960778 -0.01024306997283568 0.07917889265513657 0.3587071289681026 0.0964757997168765 -0.15114447235435904 0.01219811052942587 0.06141658244212714 -0.20898522573901004 -0.11208700066518999 0.045189022433060444 0.08641589498856905 -0.07020362686841512 0.18462332098652118 0.16675875313074542 -0.40317852073103483 -0.14215167484540833 -0.169360803277698 -0.40283515288055816 0.38809503387146504 -0.1168318342762469 0.054932244272090806 -0.02306170739392974 0.025039504715789192 0.20542898275052962 0.19435231498555774 -0.054566339155751084 -0.04959457421480279
-0.11695225309696643 0.11913209344416577 0.0886064892100675 0.3470620889171814 0.18419468402446282 -0.25534023409399936 -0.018634167461619035 0.23822292730785402 0.10856338868806188 0.005980270654641994 0.03668855273206083 0.035726006092878244 0.03076389712444975 0.09415535096287925 0.25152087905345977 -0.3136658723585443 0.01144412486960453 -0.07977041471143549 -0.5167978086094309 0.2498029951775864 -0.07884989549838067 0.03844158632353364 -0.130459272706303 0.16167518806039605 0.1982187625502448 0.22919432323944092 -0.08747700223839995 -0.12407924658267777
-0.46779460063113243 0.04883119558793925 -0.04452604272716479 0.2493365439466485 0.09441702426398439 -0.2989553939815912 0.031701120924527766 0.13132665274542613 -0.11050249450175492 0.0075013012517154 0.017323563975093673 -0.09264074040006302 -0.1609780199520274 -0.06693123076237162 0.023041031588235585 -0.11536388530225705 -0.14313020648449318 -0.2859701394992551 -0.2863876263215359 0.37302536955350546 -0.0861076414659553 0.08451471477750869 -0.11519043355352984 0.2500522424849536 0.21627637167081826 0.1919490289618344 -0.1712744854056434 -0.07727182445467233
-0.32397034790915075 0.20725732689102574 0.07476905895658659 0.2824822739053363 0.06247179196570909 -0.3947533404102169 0.10656961556587503 0.05359972939873128 -0.12972666303067915 -0.045205449395058765 0.02516856277327596 -0.1573671794912214 -0.21723498366444244 0.017663131572047897 0.04765867312705493 -0.33921649038404433 -0.09964504354842083 -0.3113778087056754 -0.21050066465442466 0.31006253467159095 -0.09327823466850596 0.05090743200380225 -0.22678768980068925 0.12866236441242465 0.14921271417718693 0.17518794617854208 -0.0513142585873446 -0.03772747971978615
-0.3279515102263807 -0.03716555755765291 0.07462634678029201 0.24173768275495214 0.12365134532334107 -0.24429901177952287 0.004710748203177318 0.079107439496534 -0.13293033228163456 0.039343790343903784 0.018759078251925777 0.04571555301190299 -0.29404874334961967 -0.041246276839910716 0.04035657472874273 -0.21586713822378173 -0.1763698528438445 -0.20620907599411414 -0.4394919996402446 0.23502353835459677 -0.1621502804535624 0.2407340416694083 -0.07810917404129 0.16130678893187478 0.2007249915874834 0.32715572946474175 -0.04060726052449763 0.02001063917593384
-0.37935907959419113 -0.04007762605831672 0.033897326997923014 0.2185806044979934 0.12986912560633476 -0.29834251474010814 0.03399334841967542 0.09281879017808319 -0.09561639011999445 0.03393503898316713 -0.09238755893131285 -0.22792326796804882 -0.16260332088529425 -0.09313681204987527 -0.10884989873992162 -0.2639446123416663 -0.03431045993697479 -0.2638557119404576 -0.35269832038000976 0.30073536053938893 -0.06408229120951663 0.14893170629006816 -0.1111647667804913 0.17889422135473812 0.17234352034474787 0.3043766473003257 -0.1431761794180122 -0.05806221397566233
0.12485124027313522 0.14705352780871359 -0.050959664608051694 0.29918925121792594 -0.11768221432515606 -0.2221907748379773 0.11292488318453114 0.34594854570246236 -0.2517692208260943 -0.33926136642810234 0.004251773102051692 0.03329130764043575 0.012238020316954534 0.15849377461422665 0.2934707453623538 -0.24477632133791732 -0.0428381921868452 -0.1465350932716815 -0.29154438711892966 0.2955951130334926 0.021506999018179523 0.10236202568231963 -0.0967758493618076 0.12801265239729967 0.1022143331754234 0.22691905798185585 -0.17112067912975032 -0.02247637101446723
0.10760816765127726 0.27684352013868985 -0.03358722557839874 0.28690941646844154 -0.28278005793929384 -0.28309968787017536 0.09881336417120636 0.23781488789416344 -0.004539574296874133 -0.09309934230263975 0.07002215129313931 -0.024210550892662323 0.10672696810603387 0.1839432991927497 0.045996441160329166 -0.2208052217203096 -0.10657493898534333 -0.22187617541195545 -0.3596751861474937 0.43118613134618844 0.017315063869052932 0.011626563519665586 -0.03282712788929543 0.10742346816887229 0.22507949149878767 0.15137307416968593 -0.16873491097438081 -0.025609515977857468
0.07393391453864501 0.011533002491635256 0.026496970752283026 0.196385571703609 -0.1342466213125813 -0.297860643976393 0.16854150894802675 0.1809897787002181 -0.18613683019504626 -0.013989954810108101 0.009989559772796718 0.11047985138598213 -0.054048453633927025 0.2585966565682962 0.05334324811741307 -0.31776033337296405 0.021492506272182275 -0.17554038005855116 -0.37351101449563434 0.21193584675614485 0.027015241684186734 0.09473741430155161 -0.22469787884505094 0.29764465367348497 0.20053684221761675 0.3302135706950542 -0.2213391377993757 -0.061063469758202746
-0.08796879761439266 0.04095356441584914 0.07814085361484106 0.1994450116681051 -0.10075735095551247 -0.26577785789289426 0.16713660506796807 0.16065521817631145 -0.2579084126162983 0.0012102110990605704 -0.07033306961003337 0.01936855377569255 0.008525852571437202 0.2704745301726687 -0.025425978349968275 -0.27215144756230225 -0.03855588981116438 -0.2848817350965426 -0.33847067672523923 0.32367625866045163 -0.11475963841407252 0.08655136559997302 -0.11196468940266821 0.2771187734499061 0.308794464651088 0.28070829489766036 -0.06337368673737277 -0.015845946666707262
0.06129308317065085 0.1809758139861897 0.15400999921280278 0.15143121629363057 -0.1922387114484621 -0.1206688480913097 0.14592856216238115 0.07356480483566105 -0.31103186798913457 -0.07843197256528472 0.025913603271694594 0.05569772132145757 0.014463493641346924 0.21173706325031125 -0.0462369515881086 -0.40546928092723816 0.06284138668740914 -0.21492026509328965 -0.3230316924578086 0.2722469861309927 -0.028522972465480613 0.11137867243093623 -0.2228416375553686 -0.009000927773315622 0.35735560017977297 0.23469478998872742 -0.21363401258916556 -0.019382592875242684
-0.006933222295335738 0.11128958427605035 0.14059944665164567 0.24376120932024606 -0.10389292280716063 -0.2501593729309045 0.1291351045688972 0.2679667499606673 -0.09761277336009724 -0.04923213660301086 0.15344869346692575 -0.018824014415844286 -0.11424936067699881 0.26841737983062824 0.1582337672731809 -0.4189236392208289 0.013916228836047219 -0.05760605681022693 -0.3330319986215745 0.2629642799595541 -0.034026526910028526 0.014877607946574908 -0.22642877688675997 0.1188268669345226 0.15241351965933128 0.33928661324594894 -0.18901465920768093 -0.024924643221991272
-0.09270118427161995 0.018459344067955245 0.04766173338271886 0.12738128312446423 -0.2842614974453655 -0.31873408936757597 0.14247016333789703 0.17406948915474582 -0.18797517664784172 0.06920306899963988 0.03792877015354502 0.026070822089689052 -0.10494270947125495 0.25512469641108676 -0.05125505345447687 -0.2441922772496315 0.05179641841470652 -0.15165550340493503 -0.32877946625031573 0.20325015728667775 -0.212481063996025 0.17612568235447237 -0.25688407206057945 0.18859708665724265 0.16169585004319587 0.3428355105309423 -0.2484374158173906 0.027480164096137346
-0.01435861510409037 0.275185416709331 0.06338375912616384 0.2543625090321757 -0.13635709809741176 -0.2916306866862339 0.07659387300482211 0.22603154477504414 -0.2122397522038588 -0.14836983290904596 0.17661947792389365 0.02250320286109446 -0.046475088127160044 0.08682004890746753 0.10366544948210901 -0.21315617315959268 0.09980768524178067 -0.14253091937302945 -0.244076457235917 0.38009093230102886 -0.03144653518740183 0.0506836525126453 -0.12657091844492124 0.31817853064524715 0.2018245459662448 0.31294771870775545 -0.18765461924258797 -0.03305002901363795
0.01336455503199845 0.13832078126278924 0.0719813510871659 0.2361074728540463 -0.13959392857145594 -0.2636762472226612 0.12386572492253219 0.24193624548391812 -0.35979890726240193 0.050639973767131974 -0.08631159916480216 0.003466768839553036 0.07816457750198319 0.23630188846487776 0.08258364618470729 -0.3404281736933093 0.08416020369404545 -0.27542403154775763 -0.23750837711571632 0.3762392121648068 -0.1194419350820292 -0.01603580395608984 0.026233604268422 0.08876841727956873 0.22405353266365277 0.27699285102464566 -0.020565920338470926 0.03721691439480877
0.08382918115300865 0.24436753231167072 0.05403191955345175 0.23084633763762422 -0.14578617345194844 -0.19599681363832128 0.019170024321999705 0.33546860163428355 -0.2039347139900186 -0.09999523164414031 0.0729568495779106 0.010185219551900849 -0.006060406472111607 0.18736572760534667 0.12631091838424507 -0.3266423799096677 -0.018700806452068595 -0.21515587408182021 -0.22921053274433806 0.32197338269333275 -0.2742808325784577 0.04344130267769882 -0.09352104742524216 0.06805181359625094 0.24354198553608203 0.31851084263185553 -0.18742799137844735 0.02083054240935596
-0.12014735091109878 -0.2799779423016738 -0.051072040480430916 -0.1847715316598792 -0.11022803196843618 0.10607941041702011 0.1797639321107137 0.2228132068240808 0.024696409249017767 0.04592672458512732 0.13131385848184604 -0.3873871379385182 0.07256768478792158 -0.09567333351205469 -0.12418310909844756 0.18387290984365973 -0.2985429366275289 0.020233763715056967 0.18925479273559337 0.1343443489933845 0.44338197515609196 0.009174517598260053 0.025528449053033482 0.09900925811165541 -0.26582606803431674 -0.3091908491661871 -0.02426000713272684 0.11833177057891746
0.056451970881255926 0.12078568919277223 -0.12427050102862235 0.24218062087493292 0.2571270708687547 -0.307711739887272 -0.03017318616589721 0.12729669005488917 0.016119124154159777 -0.1957129602216604 0.14146334975162267 0.02082967204479283 -0.08010550780394245 0.060160307901341616 -0.06018047075102572 0.12857146464648153 0.21606636061090598 -0.13487510990206794 -0.1452172281793779 0.11066226655970086 -0.21047963014395826 0.10045508982063096 -0.5818872592149756 0.17006402066214413 0.10391983912638932 0.2791185048286874 -0.17758699818871337 0.025589893741654896
0.2032978775418684 0.1806157435226629 -0.02857491855445012 0.14286528813035468 0.23307417100199776 -0.4583949084528786 -0.16493816050079735 0.10055379472890683 0.11380853574497689 -0.10636406869632085 0.030366823642899683 0.14121693216401812 -0.06922093554207401 0.2726213565429815 -0.046386780955882126 -0.10887642947012065 0.2749684140782657 -0.07745149152342026 -0.09073794348114142 0.13059020808666366 -0.15322884943286952 0.11423803818994782 -0.46885689113661877 0.13889907342483662 0.15095900654298194 0.18175192979215102 -0.11979326294352823 0.10995668504384282
0.2800369406359611 0.09526123037582634 -0.06503061910422786 0.1938610939017974 0.17712677344065653 -0.34749437688703383 -0.07502002878563105 0.13270520605772984 0.03421761286470159 0.0027290641558800153 0.1860333850067666 0.08202287614403733 -0.328871937243059 0.19184185465091574 0.15530709529393627 0.11348513308325138 0.15290492608889994 -0.09349501947966304 -0.2504221056882175 0.06368062337303931 -0.1727022817908193 0.15501267055947499 -0.4877941257550139 0.09766924695776347 -0.04900465422846631 0.18512702800157826 0.09494435116236623 0.15793011762055015
0.2467042161049829 0.21805019547302076 -0.03156164275264236 0.15967120061601145 0.2139153211850716 -0.450453464637552 -0.0478319353728963 0.15918520834397362 0.09072089862372157 -0.0987341339444266 0.15919020477003115 0.20100080420783215 -0.18591396885952755 0.11852131376123302 0.17213119105383948 0.10833878204513442 0.24843667902894587 -0.14819674419945458 -0.22383703512193673 0.08672408636468407 -0.15607081114022087 0.07029394647952722 -0.4409083142975063 0.15880448304095018 -0.0101564299205137 0.11702500037715706 0.01846533056884731 0.1036361002616342
0.21925527496353434 0.20905625774421124 -0.1188924854996917 0.10765078072813009 0.30718216251388925 -0.2926204557121425 -0.009131257387692144 0.0619639147763673 -0.04784117857139219 -0.16717383289996776 0.2744067379746401 0.16446805760853775 -0.09524242444830332 0.20538710015721742 0.0401791046486988 -0.15526310274735397 0.2879612698651915 -0.16550067097117752 -0.16225263092346506 0.15034309136127977 -0.22907337151675367 -0.0012517555560610158 -0.45683806769140073 0.17805151999087943 0.028588829489776597 0.17070267516945353 -0.060592286170569026 0.05725833020022467
0.1196729879045799 0.058655780853922874 -0.10035079743056029 0.1284268577621543 0.22955619488021056 -0.36388360564515215 -0.0923103010265635 0.11254392784902999 -0.043239383079386774 -0.151880267063418 0.28232346449213636 0.09918645356499105 -0.11819875345764452 0.0846898672547745 0.17474550557106192 0.1329095952568038 0.2558059076296314 -0.0651524738933199 -0.19653992633546286 0.050671972894001896 -0.2532670515406769 0.1290308800056952 -0.5644185435064084 0.04022010943966326 0.11916934976001961 0.19257918533226245 -0.031681125173240704 0.03748966062097797
-0.2949622888804511 0.143463903178829 0.12954340262922823 0.3740650691260488 0.19503415300211308 -0.121932764722382 -0.0011532495058717285 0.23991506067489787 -0.14834804686153624 0.1541898645790983 0.1209642152567499 -0.026339495219987956 -0.08826142212570454 0.07467788673192151 -0.027909578290230566 -0.16491630730865453 -0.19890257631829883 -0.12046846618341854 -0.38716311197674724 0.3044124654006172 -0.1604885322242067 0.10140125213464864 -0.12281010835424228 0.21490411103660986 0.1830805932855763 0.2796238927178687 -0.10796263200846551 -0.07406609932802688
-0.39110873694256726 0.0651193330132814 0.10514867290057123 0.27007943415073826 0.1467183014822769 -0.2680562068409347 -0.018913414141995894 0.07132127153385491 -0.1921735122528395 0.0397433872314651 0.007832133930179877 -0.07596116895220428 -0.19017906179926405 -0.08120513014857574 0.03532906772635094 -0.22064903605966418 -0.07798797651690409 -0.2553574399721133 -0.3618456589076691 0.32001152806013045 -0.013971472187927927 0.15667758321304434 -0.14010706397824507 0.21892726892405265 0.22678516669529533 0.2150350235806424 -0.1680951293315296 -0.008507073475063914
-0.2598892217844161 0.08885007058048826 0.12460552261739302 0.37408063197210306 0.08163464811986669 -0.18182920696258661 0.030427091240425693 0.15767653137540094 0.005822073007840186 -0.08561622161260267 0.10697545618641417 0.024771415173506565 -0.008359504914794612 0.06439365967272279 0.23929893316072873 -0.2936762068643172 -0.08400645898510171 -0.12044804651251591 -0.47566097914615035 0.3885382422700632 -0.06826475052466932 0.0870363306752078 -0.11906939878725124 0.0671637210450749 0.16426927760777973 0.25754628126939716 -0.06238068847199182 -0.09761780830702463
-0.013821875778390369 0.0864855549572188 0.22775066346811101 0.3726918305552981 0.09226391541854499 -0.17157151979489402 0.004575017708535736 0.09441313723950173 -0.15115925966574636 0.06044690700416431 0.0478819392801121 -0.04399675189836973 -0.0994290889497346 -0.04415371655411557 0.12417045352968274 -0.21463014286467602 -0.29163717757994817 -0.2605183483639556 -0.2906219888691016 0.3416223193516639 -0.14492265505877513 0.06580143780793402 -0.2136391200198865 0.2153942565533742 0.23710242838941967 0.3077092686824979 -0.1678653262577744 -0.009215321443447824
-0.2546776092740731 0.037527778008717115 0.08049849026134916 0.3316189759768454 0.11553782929782541 -0.29979378463637313 0.08496342229120749 0.23762891895109758 -0.11869738260728145 0.1044411067398003 0.18966639994621048 -0.0850686829296064 -0.01658781292298513 -0.0411872696584022 -0.026188494069019894 -0.0076762675570316635 0.13371049690062894 -0.23567385494306292 -0.31681753251739797 0.48676569269289693 -0.01682566260646758 -0.08546392687190096 -0.1738634995998042 0.18004456939329613 0.2486689487302922 0.1213659570344987 -0.14779110271688647 0.008375009365998354
-0.10125261972678447 0.17046725552545572 0.07780301928401699 0.3269095468719446 0.12673147648309135 -0.22608225355454134 0.033677187314308014 0.1962856581241524 -0.14400756518562088 0.06166187292636317 0.23624766115995577 -0.0048810140007024974 -0.16852847562536602 0.10709589037807522 0.05718151261539274 -0.17729406759810434 -0.12045046757848682 -0.152383302505208 -0.25997604243385414 0.3994179391487448 -0.19229232272061522 0.010573956947901345 -0.32346127774102534 0.2030673358268829 0.11897140300079236 0.3318318307889835 -0.09904263801135241 -0.06402382983710947
-0.12591484928281163 -0.08602513793146273 0.05842750897702902 0.3694818056850219 -0.2984076854626455 -0.3308479874648956 0.0021413823677317177 -0.08446391502942917 -0.04424846979313829 -0.04316590033758934 -0.14481403640370463 0.026413168717738845 0.08927049167046865 -0.16796164479937686 0.10589908237510348 0.39448566600120255 -0.20149040515494496 -0.08138247073062141 0.08632548682410153 0.012047116347106 0.07430514783077204 -0.06747511875124788 0.28603423982289733 0.3875310778448943 0.236794552138326 -0.1409566385586142 0.02163153181265797 -0.17136878099687772
0.11031995131559644 -0.0024322883796289263 0.008272381842266587 0.3249026294988755 -0.030006353080999127 -0.40778528792420826 -0.0639924036914691 -0.06945451753119984 -0.2338421872223535 -0.048512407720512275 0.17687624582419972 -0.09490911234850409 -0.03866814786899821 0.16127787153703294 0.2506182752222788 -0.11404483959077019 0.156173366217509 -0.092212709539877 -0.07240434008567699 0.27321698508715986 -0.11575325152237209 0.0876822441746073 -0.4658116603862893 -0.12483308728126322 0.2650180088473974 0.010871946600584867 -0.255151067004982 0.05955125351655126
-0.08836210507168514 -0.2534177103522509 0.26832316614599183 -0.3127714367299102 -0.1407033097027941 0.18087080042851258 0.04520665312757791 0.08023338896154869 0.10435387250628407 0.21716480668335378 0.2873338083069035 -0.1316822674358537 -0.2567347338963334 -0.23482980572228665 -0.135352209475849 0.049435847478534814 -0.11152877772982878 -0.11272104729381419 0.25443478938900344 0.11909938926451971 0.3055434922852371 -0.020478624832758432 0.027418977783056867 0.15897828645967504 -0.3498081550984916 -0.19048025305346328 -0.0910692056610072 0.081067256969877
0.015216952611956132 -0.17897443449402514 0.02953313305802689 0.09234774899298395 -0.027398058413230723 -0.26143600421499386 -0.07395593633459956 0.40906789593345494 -0.10358283459903507 0.06353905992302289 0.36732197257375576 -0.02093101403769842 -0.01688082060931926 0.06515221001813529 0.13302181250416104 -0.10198309796421617 0.08890356232169075 0.033778413262960105 -0.24323497702859284 0.2564867172183455 -0.11145528450914387 0.07582208869382367 -0.4377407568554656 -0.016666350446769323 0.16570764318531042 0.24848357119059314 -0.29838096425188554 0.10668509589897028
0.15557935744558496 -0.052682354963871754 -0.02166246640212818 0.13693981844689965 0.020382931537213784 -0.41748572277161433 -0.18091819899992514 0.3175027984921765 0.004723187696180964 -0.04482866215190246 0.2617135153682549 0.222913158269585 -0.045608124430158395 0.05345084258487436 0.1813636647067254 -0.11807188398577038 0.19638370520763948 -0.026678766331816314 -0.233872085712668 0.10385871216295803 -0.1007828342313829 0.06241361981516806 -0.5064843480869712 -0.09486409907240873 0.21975478705985863 0.08279336460441651 -0.17125796695401782 0.06889202312886258
0.18717528994454777 -0.1585543252307255 0.007665996378486519 0.18617099547254173 -0.0062141460104033 -0.2542098806100939 -0.05350539430964628 0.21087155084865405 -0.008438689887389722 -0.033540801699460325 0.43219295025685744 0.18574817372845076 -0.11058624026448348 0.07482310315087704 0.3580335958474561 0.09266112258973254 0.08750450608365548 -0.014164090905253206 -0.21284317610739095 0.16097250509930508 -0.10082668086311797 0.10883534027925033 -0.5203857748069816 -0.0319280308659574 0.04178953374813558 0.07782926405650271 -0.16226875609439861 0.09479712174857542
-0.19830514775302432 -0.1839534370917005 0.11151709858368487 -0.174216017431612 -0.08323525013207984 0.1923889757696431 0.09752370069597437 0.1954939045180325 0.010701535750991354 0.0583977597266654 0.22926434655835534 -0.21580799166762982 -0.1491318114984533 -0.20830266809988002 -0.09242362135967377 0.1644963372843132 -0.15068410178547145 -0.11564353454348221 0.27658898659401837 0.19188091664974366 0.30406482169026006 -0.21267422678686532 0.04293011472013625 0.2374898580546407 -0.3150619668134063 -0.3126166033476766 -0.18407465058541883 0.11082113131471566
0.021649793850658686 0.1297193979204006 0.035687105040394074 0.23905010146199324 -0.12689359891262164 -0.1797445599806862 0.0831528695007578 0.24101982848726683 -0.2682529387674426 -0.06499158429230026 0.04814729930786247 0.006855261374412025 0.00201402467336635 0.30148153768631564 0.09812759527578112 -0.2792597287290787 -0.009488187935055 -0.1932118384114493 -0.35134886186977005 0.36728343057988777 -0.07988770989424564 0.08446966462153935 -0.09138767468220485 0.1447356719856079 0.26392207844011395 0.26120198900632957 -0.27734002336302815 0.02077479739362255
-0.26139773804154254 0.11074443198937597 0.11996862755635052 0.3686089935879072 0.08055820550478264 -0.1576454730952736 -0.0072884939576083685 0.22140978452811383 -0.15885516203469394 0.04568930605732102 0.1496523786153747 -0.06410340565477828 -0.14152152141320845 0.09514322305946007 0.1623032867994786 -0.20172462710879419 -0.034352132898542116 -0.1567484373629123 -0.40748489325899057 0.355820517223637 -0.11136083245870206 0.12470964975750694 -0.17328758830366586 0.18906184372200188 0.1889006504333859 0.2740211165149116 -0.12502473955325136 -0.0158161371694353
-0.10281899016211328 0.07481314674526418 -0.15164471357319562 -0.20203488609606923 0.11984495963082044 0.21404665500494557 -0.13872751478472645 -0.2987067907554008 0.07892758465049887 0.3088568965335207 0.021157105225615216 -0.20932286291862692 -0.15300065806549604 0.12389208813580385 0.020412758817442395 0.2995665703744361 -0.22561954646056312 -0.022120709740480433 -0.31220417510995546 0.07500012691557265 -0.038458362053313 0.014179749738641617 -0.3753403019127003 0.020944040218073806 -0.025960151687268493 0.32728739725669403 0.14976831215600375 0.22103278561734133
-0.0700895218066005 0.10349688239992642 0.13555591656184637 0.28835713559389076 -0.066236314694348 -0.12099037515080444 0.04499077972137406 0.2273984368387842 -0.2746551853051417 0.056075174673905714 0.1457025589717525 -0.06819990240056802 -0.03465363796857572 0.16081884023873355 0.14457895723975323 -0.25686287058810076 -0.04072210243686005 -0.186572739476087 -0.38883467686068535 0.4484602263710504 -0.10230703647833196 0.1745052294584558 -0.11317797636678344 0.04987474530635063 0.21528605234880924 0.20870002796468637 -0.2360989655321749 -0.03234524253098135
0.02290466520804283 0.04887320729564886 -0.06969709626522727 0.26902303604875877 -0.0364871590004538 -0.22562575342846325 0.063611179440235 0.1986730905776466 -0.11077461195702096 0.06172233418952642 0.18195175799800523 -0.07931099713648299 -0.01760724471793148 0.3098645579187045 0.2862001515277447 -0.08952166353035161 0.00924133753743925 -0.270227131018292 -0.2120426343340796 0.36297941553835217 -0.1577769090275332 0.06864116102261669 -0.3852602068724154 0.16398835024102035 0.13863025634793366 0.19528449826251706 -0.26103801940369825 0.04614914896950702
-0.11510072156462153 0.07605534076820226 -0.10592969237548869 0.19348962272997353 0.18074844041684035 -0.4428569968202763 -0.05745250169839065 0.1411685938288525 -0.009218001227401297 -0.0938663530564331 0.3390846318973355 0.030227843412230122 -0.12266270911391057 0.18470934697216848 0.33834693842575064 -0.03723306651359406 0.013764408315038595 -0.009096665370188224 -0.224384373500506 0.1077839807423857 -0.1445552743575315 0.053756245831310896 -0.4842200623761291 -0.07924971240939908 0.045981413506157746 0.17790009368583876 -0.14789110901452043 0.08978743436587301
0.19441278567713366 0.22936207728754718 -0.0827729236032091 0.14538522860540112 0.20009074536326382 -0.42946739695985364 -0.019937812485484638 0.1864564193674267 0.05203948194262313 -0.15312676223534258 0.1807663758836906 0.10263817371223774 -0.13855319057102564 0.09885604288107065 0.13141449002670832 0.06093499329978618 0.2785372271337428 -0.12776622041150612 -0.21485535952951557 0.05631814664909639 -0.17781721727662592 0.13056948505553578 -0.5034598617206946 0.15255258458683005 0.04881253580478202 0.15685678886126037 -0.07796415323524347 0.03047507153425159
-0.15133928758996473 -0.05720435555004909 -0.040268534174464896 0.2204825645550932 0.20564745951326102 -0.37855177250180744 0.049115274664617965 0.12965806685117623 -0.1432885643232666 -0.11959969784010892 0.2797456388196201 -0.028042833702703274 0.004475604423529641 0.1301744411597184 0.1650063503898725 -0.1978060057791915 0.16204959250184703 -0.0435789971999787 -0.24862400195194959 0.13427953746654378 0.05722824555651687 -0.07324833780046523 -0.5473156291321732 0.07832891500507906 0.21706449933333785 0.22614778946682157 -0.023384386130099768 -0.020826017845719764
0.08185162028837072 -0.16315771094152892 0.002776831820976121 0.19795039136351159 0.06649114857395766 -0.41435521347910836 -0.18311892121483112 0.3116363571582383 0.022455552700553393 0.0019790846708320413 0.2955999069770201 -0.10304976550158353 -0.17065682347198938 0.04658180109562704 0.24005505258102552 0.05315389204809532 0.15629526939035604 -0.0392706405210068 -0.2202312601714397 0.2281032896838469 0.014714229260512553 0.08996706473847954 -0.4317057760762814 0.038238307147316075 0.09773371528774936 0.11253277704076026 -0.24117937283946334 0.16566740393697627
0.2648671623774865 -0.12847295200336245 -0.12713205390212062 0.3274168870534716 0.16384158300329876 -0.18049480187650047 -0.1086907211883636 0.08832905497356333 -0.143501162117796 -0.04990111788034357 0.35716242842482093 -0.012366321695730034 -0.12344980290112742 0.3437753390090784 0.15970041755271447 -0.05781141915233416 0.1035867794199931 0.1061734767931485 -0.09320672912321669 0.4825301485884252 0.1383020485784266 0.03267258674353886 -0.2699662037299124 0.0922482993747331 0.057585668927534236 0.010430367685838111 -0.16600045410471453 0.04214084779315912
0.14647010516051684 0.20544349487685012 -0.026000642565733312 0.1553591694223149 0.12283802261090955 -0.33687300814642107 -0.05054525124687173 0.01838726026976983 -0.17560686026585454 0.052229348277517934 0.49840860203054094 -0.2716887950855978 -0.06511879626978803 -0.019384027372802516 0.0074039425380680295 -0.0481009403439429 0.2905709656812324 -0.014939888691624312 -0.20905460810767937 0.26296538562646565 -0.08759139755814015 0.03587089520210652 -0.2828458061568417 0.10305712673974754 0.20978317838163404 0.12570264862790437 -0.2385124408913355 0.05912700013912544
-0.004239773963553265 0.1147247154947869 -0.016174021164383722 0.18711916267483883 -0.0669936366417389 -0.22313128361383008 -0.009812610794751117 0.29170680344801886 -0.23978356585734983 -0.011705619871353027 0.25699346755804436 -0.09795377099017094 -0.10214046811488735 0.2853651247658086 0.2034585635490294 -0.1912148982977509 0.048752671269686965 -0.096362109443317 -0.3377243049569219 0.4236059470092274 -0.1401259887084737 0.06358601764982032 -0.3075276441608148 0.08684459520537173 0.1685418835136176 0.15661348232479802 -0.15831104722731332 0.005438023506843679
0.20049005860559502 -0.10670612887009391 0.022156353315927527 0.15316174642313957 0.045326524146393106 -0.27864584015544414 -0.03911745736117719 0.2736127283336109 -0.08563754822983269 -0.05087613684709545 0.39665337739507667 0.004950213895737611 -0.10329027693702861 0.06535978042071203 0.2749387154160092 -0.028861246872924934 0.16049292968650122 -0.0886501210948187 -0.2415541759875133 0.17628779018597876 -0.0829574493603445 0.0883020672653912 -0.555115908537134 0.020629347074835134 0.1232944503455449 0.12431135828022317 -0.14911838314402237 0.10265570959814282
0.10307947962904508 0.004937293669817777 -0.010947483396106543 0.23117445830363592 0.009032571217713822 -0.3041617402065013 -0.15509493905060734 0.19600931768443133 -0.13800757174965111 -0.10311196374717928 0.3312291854376018 0.009117221795078316 -0.11092440113750786 0.026494470196943665 0.16048486162586562 -0.157278324646983 0.15843698206667567 0.024689242484637722 -0.2706290071805244 0.4306640534595848 -0.043355641494362905 -0.0449280780265572 -0.4225768813252795 -0.04853691674915914 0.19964654108131916 0.17218507114515502 -0.18422619689593195 0.07107858574790667
-0.024102553463838633 0.17175525055669494 -0.029804231166322175 0.14041954008880128 -0.07218630523694915 -0.37581530470806507 -0.10361092874797262 0.1626345320885781 -0.03600070582271634 -0.03348436243285736 0.35064958823424275 0.06759057221121124 0.02114808176611739 0.1454840614338063 0.22585233939295726 -0.2797846979581274 -0.02231304169443337 0.08963341593425517 -0.23651694666230524 0.16396382160768536 -0.027300636411001267 0.19199955169674052 -0.5383376448559877 0.13919941395034424 0.19719510676431215 0.01626324319939705 -0.08645549596575852 0.00794545167327478
0.013821160663447745 0.08300039377979675 0.04103833795714521 0.09073622587959532 -0.13388625130923934 -0.32696159143944725 -0.054610751506124544 0.20814333901908488 -0.14099790877896992 -0.1295063283453877 0.3626622343076604 0.0682460991128387 -0.13777291029346167 0.09932167886002713 0.15830014885753635 -0.23775738112035638 0.15059521890070834 -0.049775618040730975 -0.20603635545768353 0.26998698051940134 -0.06576556409746039 0.06383215249794356 -0.44275849311532456 0.17003432315425537 0.22719932191635203 0.10590118365545591 -0.264460710508635 0.14825300452765128
0.2478526122040215 0.13433886359095507 -0.025504637055357222 0.20003920812314055 -0.025189249091413658 -0.28831455432248054 -0.08928403415572876 0.1918096296253259 -0.09853621653821656 -0.24472999516579055 0.49037053312301215 0.03725254147417804 -0.16348864189743345 0.09032527768333662 0.2421782941003309 -0.157273286636849 0.028421500158349353 -0.048099778713205546 -0.21468283230547047 0.306515100758243 -0.02388391089006135 0.062386753580190524 -0.29564106712450783 0.12490045989701427 0.2218424316089203 0.07181027165458932 -0.12800965194343272 0.01492966600528108
-0.026645234240639682 0.12970910879888992 -0.029756425808983144 0.1728778188745443 0.10968547162622284 -0.4318176111546514 -0.02187873720069477 0.17829308968213137 -0.08186263382892417 -0.050017316230321775 0.4123603484989516 -0.05259450140222818 -0.08342558652663966 0.039508968877749455 0.14005169485104874 -0.08179235158443489 0.13820496986875905 -0.059799223960088924 -0.28212361938739366 0.16711884577236313 -0.09752405146504732 -0.0089959751216126 -0.5668979654083234 0.028659117894647236 0.1058826024181677 0.15512348784568022 -0.08021538523001599 0.019969214360706682
-0.038717898266533 0.14963708223032188 0.0365676408598902 0.1638638059703932 -0.0170214918688512 -0.3980997372374948 -0.08199814646223703 0.0526500514134207 -0.14746552850953434 -0.11102472898951013 0.425772917351908 -0.0831189932846225 -0.03604913177751191 0.053883109594916725 0.13616336749661342 -0.16716607095754593 0.028195533519733324 0.012703642457607842 -0.2205151114721354 0.3915495682440606 0.003382317896717471 0.05217311784060597 -0.4474867647241736 -0.12253929151499468 0.15570545606160138 0.057461714485848414 -0.19084340980090786 -0.1478009394297202
0.12626194596106166 -0.07889952977770594 0.20693369128914446 0.2916312855605951 0.03651457999651374 -0.30656751488257616 -0.08184100285677992 0.07957438590206425 -0.15504567721447546 0.28239441844621344 0.24893043536296475 -0.14345723632040197 -0.11917086840486706 0.046298447007440964 0.1498642057023208 -0.1820269036492454 0.19464678868277796 -0.022119160224652764 -0.28209201465038536 0.24344723704216134 -0.18267470343097794 0.2086601637911958 -0.35367316609191946 -0.02318082353237117 0.2593386669357192 0.16534416207229194 -0.0944114700950963 -0.009272982235713694
0.17904855755871585 -0.08495094110844836 0.0008582686043302624 0.007768284853545265 -0.11062848154215425 -0.19466308199310559 -0.040665736674496786 0.2647560467472675 -0.08966602354562304 0.020678697928942943 0.28182897505271604 -0.032084605712143784 -0.1016031103421183 0.13636735614124026 0.2877409481620745 -0.2674921840799652 0.04566979711536626 0.19817733127383932 -0.1933909912692811 0.4102061848632845 -0.017532880226982777 0.03475457275259834 -0.3777415605558444 0.15082446863048546 0.11280947835655378 0.25202895946072673 -0.271092018046351 -0.05361565119153378
-0.0015237657807994733 0.05041271316267509 0.08358927227824764 0.13499572556758835 -0.05452450160299529 -0.3066703810808951 -0.011848268379079539 -0.05137077530483987 -0.13473783489294217 -0.08002999053451011 0.38294251362082665 -0.002095623990673413 -0.07614499414627734 0.06419324081814991 0.355709878004645 -0.18357330332297614 0.09721293308270883 -0.144447844753888 -0.24878831527850867 0.29974806354707795 -0.06813609404513345 0.07739939994739348 -0.44473757197438496 -0.06863160481142763 0.25676860728769224 0.04690859612138829 -0.23734519760303865 0.10692031106966678
0.0027722388095526504 0.10963574472740316 0.01827874031857793 0.14755883879956788 -0.015672575013277287 -0.27419754002816826 -0.1319727353344744 0.053039044110862736 -0.19520502530438097 -0.14245819088244624 0.2283846536689758 -0.07541287775351563 -0.06916939866171454 0.057614238371154494 0.1310963550105198 -0.18502792615893066 0.31304631188377074 -0.10639048007843828 -0.33871022973641113 0.4166704948499299 -0.024718375663987505 0.1345203633691643 -0.3255187837577637 0.12472529441410445 0.3218387913031167 0.21753364569641528 -0.07501593312340042 0.004838364131875949
0.04412611126008692 0.12845233949996773 0.1677094367413715 -0.013076055559329069 -0.11066121404735019 -0.3172947180233531 -0.05106472767692577 0.16661341909558738 -0.22224532296439642 0.03330424629799785 0.4372556667054162 -0.005437058261074263 -0.032983331276444955 0.08158338857293254 0.2007718772458861 -0.28494244305591615 0.19426602272255367 -0.00522940906291605 -0.17831209726026678 0.27364094352748447 -0.07371480321170223 0.1141938920700203 -0.3496861929216725 0.1784008568964898 0.31159954466104417 0.1176600748567184 -0.10052389171648633 0.03050562396701531
0.054684794473842065 -0.09509260693331986 0.019182605842526984 0.19234825406373907 0.05593386400897674 -0.34116846862192657 0.03489192058729032 0.14162913893381757 -0.25282587579728205 -0.03126531849709948 0.4087379488737956 -0.12409671293782833 -0.04408947314357408 0.018633652804873398 0.23072316449524094 -0.14437040648789642 0.19247915501473603 -0.10478274269048227 -0.22096756473525267 0.3306678593946417 -0.04457058205750077 0.11260277938857971 -0.266379709425873 0.015586207839447079 0.2897759072949229 0.2642929409343234 -0.18419627068395036 0.07909791494776813
0.18473834165909053 0.0971602519902142 -0.01899241709974381 0.21447841846237783 -0.02982353386380039 -0.3156154241723571 -0.040221841754977436 0.0610110145604807 -0.16003279180427485 -0.013316035756315143 0.5375757527862487 -0.09052593928970454 -0.0790342592719655 0.10851665028062406 0.034473994479364396 -0.09274558541909363 0.1916279875935346 -0.08683167272514043 -0.15722417640583483 0.26017066062498373 -0.062490505423480974 0.019498999808933295 -0.25793986820028325 0.18926010520137654 0.2840033079051366 0.1758335838873628 -0.31122064832987834 0.04127742750419364
0.06128230250265142 -0.14283937981867553 0.03676905806132144 -0.020360894213572088 0.022866547369158084 -0.26402786274588275 -0.08291452667311135 0.15303287420672146 -0.16135401369251992 -0.14584386973965263 0.4265755070748142 -0.11074423349651955 -0.06859585169874086 0.04745752142462307 0.2321793834794267 -0.15279520549793016 0.07305320066856409 0.03610593630973666 -0.2474492217475208 0.36628262571741504 -0.029511816343319414 0.09517810104097298 -0.4193582448900165 -0.054948491206273244 0.31085846597263805 0.22751673710897397 -0.08641352789428232 0.03302290406095549
0.2667160557374693 0.06656746791232816 -0.07264272335041984 0.21467079560141056 0.08462681296326408 -0.3203552599427321 -0.10614196334500325 -0.12436040423870691 -0.0675013797981062 0.061844982162079155 0.49931421810966425 0.05634991376235378 -0.10072374706860283 0.1720211784808655 0.09064985248216671 -0.020515812437793487 0.2875104086370418 -0.03610431538255963 -0.215908686153107 0.2900795091981164 0.1213605655139771 0.16527771646694123 -0.2703250395578212 0.07022562276917275 0.12711549236161473 0.09301702056963437 -0.23921083901851176 0.10242430487691855
0.15831871675709874 0.4136016315506746 0.19988189246398547 -0.3899445493129913 -0.04844597303543948 0.22956070975506945 -0.08915766977486722 0.3122640923428656 0.13978387421198651 -0.03307435822914524 0.10056318374644044 -0.23504758316347274 -0.1679842861768836 0.10451575277148066 -0.2270369730630406 -0.15796613537752793 0.11695269861312288 0.08538218887766436 0.04709091174940514 0.07972613805676981 0.1950427194541947 0.20156000824123796 -0.3243093867736265 0.0335724584612707 0.0984480614030532 -0.15266325293253277 -0.04624989079476607 -0.008388029909139071
0.13929681878551153 -0.000762551197600715 -0.07773311198680151 -0.16131116567411918 0.3535877385333271 0.27068159065283204 -0.27737986138851334 -0.06297208884936768 -0.16606428387072844 0.10100398355339214 0.15406149555503845 -0.35131026544100574 -0.49794519266447335 -0.00404253205910402 -0.027231706460911685 0.2905452543713646 0.11026858042188281 -0.1138943465657968 0.09598869223026432 -0.029669386977961613 -0.003487134776417257 0.0848973468678936 0.011577579527224215 0.2056410774896017 0.027613473340686017 -0.20927419133138317 -0.12027158212139495 0.08594588730499465
0.05908568276340373 0.10397162239635101 0.04635622093289222 0.111711329496892 -0.0516963568966192 -0.30904066363348237 -0.09969135505002583 0.1669311487835287 -0.1608696377169087 -0.03250426607404295 0.42475290558549117 -0.0511354290748608 -0.09536067658646837 0.08117780682602485 0.24254701059297773 -0.1998393558850893 0.19586972837857064 0.005754769654553817 -0.2509425326559149 0.3479038116751571 -0.057523663778835214 0.09990193658259475 -0.43116347394542465 0.08610414503886388 0.21966237477332667 0.1058282513240232 -0.14745518066651783 0.02160951265576701
0.14620177567280607 0.3596065737383977 -0.02709547399266443 0.3538638439809166 0.21963141382915735 -0.2076555373718785 -0.057580101658791814 -0.1091567175340905 -0.04644409649530463 -0.13320072662816465 0.4969588379704523 0.1404820651035556 -0.07136225671762947 -0.024780277793991893 0.10859432416936642 0.26952488236387506 0.04409861322580619 -0.009007172417131329 0.21001586889386908 0.05144358145632951 0.053531590560827444 -0.1723042663833445 -0.2609776291235352 0.04343124465623403 0.12382800015704723 -0.2441342426017029 0.1146117115239733 -0.024889049582606907
-0.0008047518527849521 -0.1135054271502165 0.09930055671864263 -0.031434671284097826 -0.013449218234501922 -0.2638578108467418 0.16668983668017048 0.35047857987436837 -0.004349033255600262 0.27540229926150744 -0.3886850016463361 0.011019011165200418 0.037782725341516644 0.02649727643471933 -0.11133883809986933 -0.27913229855117605 -0.1841387688231513 -0.21001888045756184 0.21604039647406262 0.39034728899983967 0.15401616301581242 -0.11103223551895701 0.044352689512296886 0.10629523079967104 0.22986952276663417 -0.17463693871049546 0.059441469887844156 -0.15197094399204958
-0.1662930399223662 -0.14403933323351956 -0.07332504121921979 -0.12647841724050907 -0.11029238980308959 0.1364524646634009 0.09970336357381608 0.23217383043204223 0.1181449440710558 0.09394101447945528 0.21962964485953304 -0.343460026155638 0.03159133656866312 -0.11322744260756346 -0.12359283202834226 0.1848118022512842 -0.26823165220468803 0.009639466571859781 0.2704694327063617 0.2629791839698491 0.3742755755991266 -0.10217129819469194 -0.037306232895885284 0.20111064572059306 -0.29051202556933003 -0.2715248564159525 -0.08053746390583826 0.10973623308482844
0.056251416774991826 -0.30526670943887424 -0.10408387085282608 -0.14029519105017246 -0.058207987201066146 0.18419132310217268 0.30960937531891414 0.2276819623227994 -0.10574964666914957 0.10895719839555076 0.373069748680748 -0.041086229640498594 -0.09985534923521731 0.06957615264143774 -0.03349986493779635 -0.24282870847149596 0.10099649033890135 -0.3610617135670664 -0.08100928008783623 0.10973935037002183 -0.10223851437267868 -0.3300391595792455 -0.0005530847072662279 -0.048050612731704065 0.4037774892810225 0.06740133354894132 0.021376340481398592 0.020036989105613176
0.48430845544054635 0.16062917035368887 -0.022564185184091003 -0.037008283509571686 0.2526346612372894 0.2566630264665146 -0.03328927565301402 -0.21583514453637165 -0.12013197421675872 0.07865827368057282 0.08317495383960406 0.08771023974561643 -0.12573307907080034 -0.19511174713022755 0.22530433616143006 -0.1451380917393603 -0.12431382321380603 0.09420433593534247 0.24149617571262336 -0.22647898271265482 -0.001058577611051317 -0.0003402028448657745 -0.10378462806598174 0.26761201490589825 0.07469002205264105 0.09260654135033622 0.35815589172468754 0.20168484541533083
0.14409389195736974 -0.3187760337853789 0.3336412633995442 -0.060937472276239614 -0.23705151084297127 0.1264059452875849 0.024827577367375585 0.3632564502932247 0.03384654854116714 -0.17059713254290318 0.08431997857210236 0.02772813763470794 0.0007548395285218453 -0.13174918460545532 0.18664595271191375 -0.277587272053393 -0.2397439764577447 -0.010398696123186914 -0.28239930492693127 0.09330128062065475 0.25028229965758053 0.11141499325960717 -0.05039292918074586 0.08079557709668642 -0.0808935455536277 0.19351563685340342 -0.31586494635755674 -0.12862131880572472
0.0032935749847848098 0.11143158373047946 -0.29942035329691385 0.05673805785259343 0.27290544428268837 0.14624493205393937 -0.021289538746641242 0.07940891257567635 0.010822253089951848 0.1185848557480991 0.3671522158706843 -0.2777476031463414 -0.12520083123652398 0.13775378653726486 0.25293527150707573 -0.19098534802234307 -0.41604003884156904 -0.04704404759167936 -0.17571909153286921 0.1727454690595483 0.1429996093490386 -0.0779446104685141 0.04337538803869196 0.15844562415361207 -0.27904820722679985 0.14590715864747272 -0.20303100278318523 -0.03065464352067473
-0.1678653956779188 -0.16898457835380076 -0.15925718402116898 0.16067965277792856 0.0231372540733362 0.08886356396298702 -0.15156191895581236 0.2862541443615342 0.07912452764450925 -0.2023336729942056 -0.01581722052858934 0.1866865398234315 -0.39866221104135263 0.06366691551361009 -0.37468990072265335 -0.39937047882918575 -0.1877506319114814 -0.0704676482402792 0.10892164058791103 -0.09085368473270108 0.1994389207405701 0.1952253617191128 0.046186347812533286 0.05124984343404712 0.11531060143097151 -0.07292204401985244 -0.2637092990521373 0.049239257061878185
-0.1889177144156787 0.5026299371037297 -0.01916624650961679 0.2593352195297567 -0.1831579993772339 -0.06022822422212891 -0.14496810485723385 -0.0063357382222906135 0.1924536040917487 0.3425361297318966 -0.010990765766637869 0.08525433018551125 -0.07174620307787685 -0.07299971258602599 -0.11422697491964023 0.055849739361284165 0.1801308923909177 -0.3035104308132803 0.15392509760167608 -0.18659366367228078 0.18280547417026602 0.16806098204830242 -0.1280698357070928 0.08571140318310647 0.2108779108007755 0.28683255065521834 0.04679231553681099 0.0007479657702324373
