0.04348582157076978 0.10009785575111169 -0.02782550694030734 0.03632958183367573 0.06976358100045993 -0.022226813747557674 0.11727910289640066 -0.07273875809366229 0.13760450659101772 0.3329962694145433 -0.13343341408710774 -0.04280369931872994 0.15278587388030732 0.5787097952430158 -0.29374086949617256 0.0550699222358246 0.4383249570229952 -0.3449802802909266 0.1190241737283237 -0.19395440766972927 -0.04050531405331963
-0.0010632349920385725 -0.018541639748251435 -0.03914157305827338 0.05280578554555617 0.2208271233488188 0.12718173380624734 0.02346455893512124 0.13112691647642588 0.1250346516187721 -0.34399939938795077 -0.4145634360317806 -0.001556872802416763 -0.05732867101359308 -0.05136915752559119 0.16228385117451025 -0.26468185135978334 -0.585791009783309 0.25102319537515083 -0.30824707952342945 0.05356672008976193 0.02116779732241167
-0.002191994638885581 -0.01758042458945936 -0.03800526134322445 0.05126253755015722 0.22219486875583327 0.12603717060934871 0.02310003926886997 0.13454786967341814 0.1255509050385792 -0.3444937633816428 -0.4170151207192561 -0.0007356860746056158 -0.05849775241928347 -0.05001075643378073 0.16512693928801045 -0.262690528151181 -0.58452927686454 0.2518017017211248 -0.3050497735021168 0.0502197570505734 0.02297452684043971
-0.0005711069682402456 -0.014856556862220462 -0.04092815711566664 0.050306068214253014 0.2197492944872596 0.125887302307517 0.02222266953158012 0.1330632878353004 0.1286492730751483 -0.3457308142448165 -0.4149002117482649 -0.0017992073669431546 -0.05592701749734962 -0.049802508656820794 0.16623759802047033 -0.264083436678888 -0.5856281016263337 0.2498903148491988 -0.30574706304039134 0.05150153341245956 0.022090672316388164
-0.002597161594121014 -0.016219098093657732 -0.037859108981654066 0.051661257461114926 0.22069647382283214 0.12620372291989373 0.02467353599196946 0.13261175258961042 0.12580318986453606 -0.34213475831354295 -0.4145090784994044 0.0010477479713916697 -0.05993682715197167 -0.052025025331012095 0.16623452867044056 -0.2639109587879838 -0.5864080140854239 0.25278376767456534 -0.3061123052822963 0.05107683716972703 0.02068808663341103
-0.0004801880410146728 -0.016694644574288396 -0.03965346869009318 0.05257680115854099 0.22147450305689037 0.12504792379933016 0.02371318817480857 0.13179287741834778 0.1249309559490343 -0.34550419980634156 -0.4166419436430856 -0.0014400683496760367 -0.05533997996590589 -0.048919026052039516 0.16492820374492803 -0.26265606764007166 -0.5847502617474282 0.2524932981779521 -0.3062609801512691 0.05128663577090234 0.02083980040837683
-0.0010752080681781769 -0.017245938983821946 -0.03814957097657091 0.05067749805031234 0.22279774920307183 0.1254322180799062 0.023219537634273646 0.13171883831036793 0.12214442187926575 -0.347169061420395 -0.4170276629925828 0.00024115238029283602 -0.054383143849633796 -0.050225522502019955 0.1652759196722109 -0.26350238960233413 -0.584091710693128 0.2525143481051484 -0.305082169772302 0.048539847434352114 0.021710836231461986
-0.0015920289503924881 -0.017775040048942443 -0.038244057380735184 0.05159615400479989 0.22141884578526347 0.125664931458601 0.024994506770074778 0.13194093611099364 0.12677528974644736 -0.3444803426725905 -0.4163532938668336 -0.00016523656558755083 -0.057007179774774 -0.051757770694675916 0.16567739692029385 -0.2632179576041807 -0.5853605400943207 0.25282277835769945 -0.3038340308369094 0.051528814758703786 0.020465050191221332
0.05128773949506758 0.10559348011855207 -0.029419546982264386 0.03910103341137469 0.06908685135112153 -0.02127120877540359 0.11213743241778734 -0.07265650882471432 0.13883418015472587 0.3349972325204699 -0.13494346621438366 -0.04145910121193783 0.1564130261698122 0.575438040531956 -0.2916150373865493 0.0575627424756984 0.44163378013000276 -0.3408140949043235 0.1225758461238419 -0.19340305047385412 -0.04181255380019649
0.020888780774544976 -0.05222118148033027 0.06555372592067295 -0.059379060444738584 -0.013104072708081201 0.0005860668644607762 0.06031114175433232 -0.04113571870754036 0.06986142991731772 -0.14110853039105054 0.009893150238571728 -0.06279199275873609 0.4068512077171854 -0.21449668242166825 0.02539011026185459 -0.34296539252972463 0.6669483759849606 -0.1676602951738122 -0.3237483279709205 0.20437542672401487 -0.07321065820046534
0.021077390374664974 -0.05255095437468431 0.06516743494171853 -0.059478884248743195 -0.01314759879882463 0.0005721587175672336 0.05993614783539932 -0.04130442678216215 0.06964829291949438 -0.14084512442308902 0.009575019856838824 -0.06309578002225046 0.40703761392991233 -0.21443237823321046 0.025241960279324595 -0.34265531498380997 0.6671613385733978 -0.16766228820726378 -0.3236319829559847 0.20436443532695786 -0.07313664801872946
-0.5652192989755271 -0.4116527837663824 -0.3124167997768586 0.5657014569205541 0.12022506700327867 -0.0893484208020249 0.05753452978171402 0.07633050140441047 -0.23034851873002313 -0.06475007498993134 0.059648557701258036 -0.003389801730367816 0.02531603023966946 0.01696242816711318 -0.009856019927732697 -0.0003718491751568585 -0.0008062138769357953 0.002958286997319404 -0.0032391104718078375 -0.0012475161447053193 -0.0017754220940576382
-0.3278601594353206 0.6035805044791039 -0.4359505445343111 -0.17885070970425923 0.2972158506262937 -0.0845126693375652 -0.15068711455041095 0.2214966291688658 0.13702291486843104 -0.3013024376392719 0.10614065198447155 -0.02689085979429392 -0.0342004550984949 0.11303035365906101 -0.053774737676179185 0.002850483641264285 -0.0184511675656324 0.013323189685922821 -5.8376727108202476e-05 -0.00029263391514887046 6.581954481463008e-05
-0.3278528968415446 0.6035669341286365 -0.43596789734159247 -0.17885696708285787 0.2972214158514901 -0.08453006148607897 -0.15070542253140443 0.2214950421485119 0.13702159922735827 -0.3012931775603628 0.10614271995915806 -0.026868811882719137 -0.03418938779689167 0.11303971226987179 -0.05376084898321267 0.0028588600607597717 -0.018439036599653978 0.013320898452675598 -5.3507214194882975e-05 -0.00028291312095574583 6.962285774798606e-05
-0.32787395373387485 0.6035530471233147 -0.43595323826238064 -0.17886162465099834 0.29722808475294465 -0.08451519690626491 -0.15070792992265408 0.22152340445072205 0.13699781493693305 -0.3012971240512395 0.10613903988234052 -0.026872728263026266 -0.03419844543225244 0.11304915394380306 -0.05377796419388097 0.00284607806326535 -0.01842872575570101 0.013315781388827488 -6.235909876138122e-05 -0.0002896316930375563 5.940204151493052e-05
-0.32785567542321303 0.6035648016248631 -0.43595116195429895 -0.1788856678675159 0.2972277071904436 -0.08450343956745214 -0.15069280302543142 0.2214963989895264 0.13701440616245428 -0.3013115776972182 0.10614948836444883 -0.026861896855716678 -0.03417343616750145 0.11302996203910196 -0.053793182261419846 0.002847499293973876 -0.018412609344468183 0.013309408562193707 -6.592846847025979e-05 -0.00031409297888585787 6.0364296289093724e-05
0.021309532146250025 -0.05241552606483695 0.06530876519650078 -0.05941431844832903 -0.013091002363839742 0.0005487806731672093 0.06034639114385607 -0.04151963280162813 0.06948256279990231 -0.1409316833138211 0.009587767493620928 -0.06300230828854284 0.40724243444621017 -0.21426491106811782 0.02522066584147692 -0.34285227550569375 0.6670426820251023 -0.16753007392460303 -0.32355402731235083 0.2042980474501239 -0.0730644415948536
-0.32785897985780504 0.6035679254189544 -0.4359584064978761 -0.17885861828353133 0.2972298439126007 -0.08451584053122417 -0.15070011823462587 0.22149358271899855 0.1370078592505896 -0.30129644138661865 0.10615303509026904 -0.02687807411383045 -0.03419220562037761 0.11303808107092919 -0.05378002588496269 0.0028614515808609545 -0.01843050799428206 0.013307866640755566 -5.904774187238161e-05 -0.0002971669113419355 7.503573638219635e-05
-0.32785281176555997 0.6035689001523442 -0.4359624173072776 -0.17885343741213985 0.29723080138623065 -0.08451610833499515 -0.1506954210138278 0.22149346482748766 0.1370095669675021 -0.3013008473377434 0.106152003350885 -0.02687941533346056 -0.034195765153450186 0.11303532793699164 -0.05377271402004043 0.0028602014469920325 -0.01843688020017995 0.013309356975848969 -6.27171616065446e-05 -0.00029627802260009023 7.176086811018769e-05
-0.32785710571498083 0.6035686956931894 -0.435958555339244 -0.17884973264141743 0.29723010028592134 -0.0845119006115333 -0.15069851612762805 0.22149253718297293 0.13701557272297565 -0.3013005087124951 0.10614778668031481 -0.026880253644920096 -0.03419067501003622 0.11304471955181015 -0.053777076929732076 0.0028664270462769926 -0.01843123871402351 0.013311815063443153 -6.31024322183767e-05 -0.00029681395864364303 7.485675415963897e-05
-0.013772642575113916 0.08598532420336427 -0.05122558560233306 0.005194788229641033 -0.0009303085536461709 -0.0004319759813242641 0.09967203797294355 -0.6751509751357373 0.18409840733174404 -0.00961525492624843 -0.003913518519798928 0.1515675234083191 0.5813617570346311 -0.07961705559988466 -0.004562982564981793 -0.3016597448215711 0.1678510769577018 0.007761592779709556 -0.058646454521596315 -0.003842328417112816 0.0007013788211208376
0.051167885872321905 0.10547246673214189 -0.029210653974898266 0.03912702961357019 0.06885260700280663 -0.02094258979107783 0.11206460785974089 -0.07259604528658105 0.13900028340357617 0.33480392758863897 -0.13487055639264564 -0.041526228924364736 0.15645043814872436 0.5755244451660495 -0.29194210243357066 0.05775338332455705 0.4415278607177912 -0.34082540149391216 0.12280943557068835 -0.19325082166156934 -0.04157433973218305
0.05120156021900354 0.10552047436047131 -0.02945820099304946 0.039197495805402785 0.06898985324351838 -0.02114340450393889 0.11209424124123099 -0.07269876650975593 0.13905623200875106 0.33514324857557587 -0.13483517611250587 -0.04143961685936561 0.15655438171409655 0.5754710074802463 -0.2915651119293534 0.05773655169035896 0.44136344739155997 -0.3409299841844207 0.12277615485528047 -0.19328168399802031 -0.041721805023953444
0.4187915974583833 -0.19239508118058388 0.8152573904319549 -0.11527014292809945 -0.3089415386038301 0.09025586954431239 -0.00704145478434976 -0.04657636002548378 -0.010174928695473505 0.045034152808203075 -0.0033757706806351994 0.00021912389002615653 0.012266909442265007 -0.0023308572119276486 -0.012575970369338748 -0.01517187629329879 -0.010332932139967086 0.020263663066145614 0.022392513225944013 -0.001845329756295463 -0.012102160664752188
0.4187677219580228 -0.19224874107234688 0.8151339036562777 -0.11548090257037721 -0.3092521097488642 0.09020600574244807 -0.00705630330809724 -0.04700322424393136 -0.010339748885034361 0.045117011359124694 -0.0035870816993644485 0.00047142079463214525 0.01221075411722014 -0.0024054713432788946 -0.012589956307247978 -0.015255804794730609 -0.010504907634066299 0.02016016408538224 0.022270384433593072 -0.0019081210174064017 -0.011988967472659756
-0.3593716481705411 0.7362935769351655 -0.044835329903023365 -0.18430091798831125 -0.009873648973612724 0.07159140390352145 -0.35670237904487645 0.0423939403202527 0.26823136375156403 0.0176307680746114 -0.1772616145841026 -0.009925996095726594 -0.12859926138963068 -0.014525152758636162 0.1728802256789193 0.020207729544921747 0.00554610833381246 -0.08474560356856764 -0.0003519987051634104 0.021208413192701826 -0.0019530358498935194
-0.0630988409537066 -0.3643280574368237 -0.6637176251134633 0.09436843703148522 0.4586365008379429 -0.0725033548414 -0.18741176818436367 0.10825950186471285 -0.037210945455195654 -0.1368055053484816 0.017091578044162597 0.05974199167607633 -0.022876276520421027 -0.24061677196063663 0.10402011277249368 0.12081726369861914 0.008472405750346539 0.10066466743603197 0.01335556536007131 -0.11642214006090802 -0.14026270679339947
-0.06424220006784875 -0.36249093723008474 -0.6641198391464467 0.09109122067746186 0.45811015983548337 -0.07310984309496828 -0.19207356611810206 0.1127406012692608 -0.03408851292955456 -0.12960027713413683 0.019849041253985785 0.0602939718866412 -0.02393863356222066 -0.23915623322586232 0.10336361776522553 0.12476508700238613 0.00513887892852022 0.09509093814766233 0.010870550148505574 -0.11567523136118012 -0.14742275309294547
-0.06054408203928383 -0.36335829222077876 -0.6649474891654878 0.09249653636044566 0.4556654497271408 -0.07237985351001734 -0.19331546878473546 0.10884520536474873 -0.03733310053066115 -0.12740327966795897 0.025168739281574846 0.06626148815837216 -0.029762263465437578 -0.24119806947338254 0.1031558643236798 0.1297027457941691 0.009686445083801202 0.09626934063321382 0.009177882160587457 -0.11896552205479637 -0.13686531501126742
-0.06050486646265786 -0.365838219096378 -0.667514174098924 0.08300002588795326 0.4576393270779762 -0.07721753616626412 -0.18207992072617374 0.10243369280321699 -0.03750982721276148 -0.13518407969991772 0.021250432094567888 0.05982999333154483 -0.020982801115404896 -0.23843005245940457 0.10126470019865481 0.12198332522266113 0.007704980776071848 0.10370022370299777 0.006420609648045384 -0.11492120202028598 -0.14421352432186618
-0.06566103302197919 -0.3638088858514301 -0.6660998957087244 0.09249929183582671 0.46016317411947216 -0.07574577697547882 -0.18540389780550048 0.11006635291208586 -0.035977914729077666 -0.12766991604446287 0.023085271427733672 0.06591657002346756 -0.02365673784537631 -0.23882979100600735 0.10446183166115147 0.12181460111028836 0.007103006288355089 0.10007297533105217 0.008202128267031693 -0.11096011519767497 -0.1372696535476887
-0.06357431791865989 -0.36100132997747303 -0.6657926566516172 0.09472033359878573 0.4602861746441206 -0.07810887234424198 -0.19172539104862873 0.11361193740347 -0.037422835699404904 -0.1293898216739709 0.019610110018814957 0.0577905322558438 -0.02165992748878147 -0.23676571606697125 0.10633360807023895 0.11875951219190503 0.009697311723935826 0.09715568072501915 0.0090312955152946 -0.11310550564530882 -0.13979231390206917
-0.07016918106500389 -0.3635847095677929 -0.6633403674231616 0.09142728568961309 0.45914046676503917 -0.07758081138244209 -0.18458380859066997 0.10974201023963115 -0.039392675651668325 -0.12854000128900567 0.020099432849318262 0.059501707740863774 -0.027284677613002222 -0.24357859142535623 0.10611742642084972 0.12548327242223578 0.0016723429563311005 0.09397344366531396 0.014782544585896255 -0.11703612194022614 -0.14038992276239498
-0.06484610833421998 -0.36298197396553394 -0.6644698736004967 0.09408416049320267 0.46100619554116196 -0.07751166263059117 -0.18902493111345475 0.10951575237648932 -0.03407336293455376 -0.1264122687196151 0.021728343414114813 0.06053667561444081 -0.027406474446404313 -0.24364048533896715 0.10559265947887495 0.12419228606421641 0.004231196365337502 0.09076561409354993 0.01402389022889324 -0.10910342631697799 -0.13816079279530358
-0.06772111445174661 -0.35737818294584417 -0.6676993540202621 0.08181035545375621 0.46224998437668785 -0.07877363294368328 -0.18108759499835714 0.10593070252150225 -0.047086200116992945 -0.12839379642517895 0.023386208347114367 0.061504449140881115 -0.02751787087097837 -0.24152851734719935 0.10438529609535534 0.12541159820962341 0.008979457956748912 0.09857908106228463 0.012781078327531928 -0.11498341870697923 -0.13911342400807838
-0.01239405600189533 0.08395760601561293 -0.04955132946707398 0.007477780316319554 -0.0007749742061758947 -0.00027028555054963165 0.09950714733132666 -0.6749745136789632 0.18265499029833918 -0.009166401251967268 -0.002694276113727451 0.15226141090292386 0.5825790957157488 -0.07660063603817552 -0.0030959022248801217 -0.3019529528937843 0.1679126783856317 0.005039434645054307 -0.058808864118312335 -0.0048988493838209215 0.0013697294244554396
-0.327861884397446 0.6035707003098236 -0.43595746879556 -0.17884181548598702 0.2972252125116167 -0.08450902479991039 -0.15070073825592198 0.22149365743354799 0.13701082699707876 -0.301302299967667 0.10616024860369727 -0.026887038814375014 -0.03418514630088429 0.11303514858895156 -0.05378067573168135 0.002866515071570581 -0.01843044756761894 0.01330610562433911 -6.154490386792122e-05 -0.0002909604037788139 8.159280870140143e-05
-0.32785060891296547 0.6035707046957414 -0.4359634475996272 -0.1788542531863768 0.29722910493620003 -0.08451092938596086 -0.15069488611220422 0.2214992181264736 0.13699701178821155 -0.30130162322928783 0.10615912540417052 -0.026873597509944277 -0.034193501804723414 0.11303339820144566 -0.05377509182965842 0.0028611420343923077 -0.018429023263673707 0.013308097166779801 -6.687845440668844e-05 -0.0002927715616892027 7.35484194556535e-05
-0.3278607756307946 0.6035734542558284 -0.4359554907801593 -0.178851826330562 0.29722982322669556 -0.08452010609378834 -0.15068686507648357 0.22149169303733934 0.13700702272314313 -0.3013004122016495 0.10615830740328204 -0.02687610028280193 -0.034191436721024995 0.11303425044592819 -0.053771096171492984 0.0028613180973053286 -0.018425966559664178 0.013312102186468572 -5.735705515399516e-05 -0.000298462755004681 7.395565544118046e-05
-0.32785308820104764 0.603573668445675 -0.43596087312377746 -0.1788503393562043 0.29722647998005314 -0.08451785759357 -0.15070377869841226 0.2214915310307191 0.13699659284751595 -0.30130122827696626 0.106154473569671 -0.02687869359750493 -0.034191228379905104 0.113037446275069 -0.05377502260706611 0.002854347459530717 -0.018429588639620537 0.013303752772828603 -6.464693920801621e-05 -0.0002989329306103797 7.60027880446034e-05
-0.06241113758542145 -0.3619463972014758 -0.6649350611458029 0.09941382654467519 0.46109714342046754 -0.07276778748179501 -0.19346098609008597 0.1145210123447163 -0.03669780255115906 -0.1195678424678997 0.02498324717521844 0.06310653701228175 -0.019692617310766235 -0.24174026299201198 0.09886779238129581 0.12558415894804212 0.012294390963757765 0.08999045842456527 0.01277530003140698 -0.11604299331807351 -0.13464464042667862
-0.064847425738093 -0.373123639848322 -0.6613293011934899 0.08788030321466132 0.4592946092385079 -0.07674955017764137 -0.1840829365134933 0.10449975601366765 -0.0341747890652018 -0.11854831028094152 0.021171970402824782 0.07510513898668113 -0.033122337616091194 -0.24831285829854055 0.1027930802146497 0.12543895255985915 0.022740268585220103 0.08655964301498495 0.005159013202119361 -0.11277467907275149 -0.1368305880043273
-0.05847745278493867 -0.35762314164209585 -0.6650682806231182 0.09055344884621429 0.46073030358024547 -0.0668759598035989 -0.19857695748092663 0.10415233784321509 -0.04006749694586406 -0.1308603021286637 0.023458940816233297 0.06331280419852636 -0.017619952959017575 -0.24503572145204341 0.1042341775837151 0.12443142425873316 0.005756264726593518 0.09710392858358625 0.01010933725049617 -0.11862724259376656 -0.13235751320821804
-0.06775790582520082 -0.35606575822981584 -0.6604109244008142 0.09329998140753254 0.46723873845395586 -0.0645167712380361 -0.1887255414214317 0.11028937772392962 -0.025359331960513307 -0.1186712928225195 0.030226286319065154 0.06955683885738508 -0.03202997781222203 -0.24884250566384974 0.0970706054964622 0.12214782002420689 0.02008393143960492 0.09442934894201792 -0.0005945443030833918 -0.13181217284842114 -0.13805401227659128
-0.061451326218751844 -0.36550117750164773 -0.6624659498722023 0.09117944813594762 0.47165552422966806 -0.0754683923666816 -0.18875564849998583 0.11068246578966696 -0.019788649526376715 -0.12464698437820775 0.012983960025328683 0.05257621799147083 -0.017171248877428758 -0.23674077963387613 0.10829923309429232 0.10807369383193163 0.005664887077693562 0.09405371071119006 0.02121755098669876 -0.11491187980650693 -0.13520342953926323
-0.06299104612786707 -0.3579811739817396 -0.66694668064973 0.09130571741934124 0.4572897326125217 -0.0810653765019719 -0.18013223358502048 0.12400408218952383 -0.04616394609243265 -0.13017098696599164 0.0261899596823868 0.05180531348444264 -0.028154039439952552 -0.2451422796550628 0.10251204169912469 0.11869191612880907 0.0017760262752386177 0.10210797905522159 0.022169309406716166 -0.11225062329568163 -0.14059451638753218
0.12386522145274963 -0.5158264207673422 0.06066458303555076 0.17068383577948548 -0.3332032474186985 -0.35793292756894185 -0.12167515636685278 -0.029577547707669856 0.1282013812818565 -0.11577276178172768 -0.14526736827193973 -0.04433332833086469 -0.20031606310855402 -0.20619784963274976 0.27461466765310033 0.07170722022968354 -0.09187224720782323 -0.012628015134487391 0.43656720696368817 -0.06255013752445883 0.10834051245808815
0.13118445042347132 -0.507540721845332 0.06291512517074302 0.1756665046886178 -0.33607899216565174 -0.3673040802359935 -0.11564349286653149 -0.03725104787668075 0.13167783246949644 -0.10685330685038283 -0.1499852589375223 -0.041188457367381234 -0.18610779035321506 -0.20823168590632646 0.2762969466267873 0.07960967192052494 -0.09311148739369983 -0.020490082029023853 0.435263338409525 -0.05538491752637863 0.11188984385067183
0.12150460712974728 -0.507317671530856 0.058645820953240446 0.1760588090884649 -0.3462389804272619 -0.3619943962193701 -0.11409610609611359 -0.045215382819264065 0.12383335003212373 -0.10682470025721603 -0.1455066454375116 -0.03776795804487793 -0.19346827691482893 -0.20502215517530994 0.2789301227846311 0.07862442952723205 -0.09157876458736726 -0.01724957950442536 0.43727625656696817 -0.05423360110592432 0.10870570750933378
0.11754237192782588 -0.5059080569937326 0.06092128229647456 0.17169825158859597 -0.3410334982298206 -0.35863032031100583 -0.1197297116284458 -0.04237637701536564 0.12539423523675403 -0.11137422360899173 -0.15064765744331055 -0.04283271599455597 -0.20485229002202018 -0.20669454489620517 0.2712451670718841 0.08009894020983593 -0.08913770493155385 -0.021967345372022214 0.43945175678099 -0.06989551374716722 0.11060348524285868
0.12161323644565238 -0.5152256221773941 0.059200790102114945 0.17925471166495682 -0.33737246406832516 -0.36028434272762044 -0.11571126492620377 -0.035503181124601976 0.1283641027586722 -0.1129920157763407 -0.1498933392263781 -0.038222521231655614 -0.19624285282570303 -0.20140488237585505 0.2754412471259084 0.07902013272909492 -0.08980892432206823 -0.014307072039718382 0.43246266687168644 -0.06382782792470273 0.11005539598293468
0.12428433877769224 -0.5119135997247574 0.06152242205995218 0.17185186794745994 -0.3361546458420709 -0.3544161336207789 -0.123150235008477 -0.02567963630489621 0.13901951992689568 -0.12495143668220664 -0.15309282691979753 -0.04526307093232115 -0.19665165342409163 -0.20711054230566864 0.2733331319747375 0.07616192066130775 -0.09664765374641106 -0.01151446162509544 0.43297904893017125 -0.06138094992682839 0.1073688259165068
-0.012595821543958215 0.08458947182608564 -0.051156469910597295 0.0072114861065920455 -0.0006431336362573643 -0.000417083527560392 0.09773062095065715 -0.6749133469355713 0.18290103432444904 -0.008163493273258222 -0.0031102564437343787 0.15250464708902298 0.5815777857935437 -0.07813784135676428 -0.0030786474591823505 -0.3033337691071945 0.16886909932280164 0.005152811328430369 -0.056788936842027966 -0.006232286972058502 0.0020177112400445152
0.17493358027267678 0.14719921728896324 0.3110383779884059 0.3077193335465732 0.03560414110920547 -0.011725817955366478 -0.05434233936369606 0.17933749634848328 0.20636244798109352 -0.026790746566233543 -0.04290319032661408 -0.031150111209085448 -0.04065274777881644 0.10706542220347727 0.05091936414708056 -0.14158933820097108 -0.11803207355937179 0.18424596987544276 0.043727316180881624 -0.5988907290687098 0.47900299953226827
0.17937305370510287 0.14325772950629842 0.31719524094243695 0.309568467974961 0.029072913332285365 -0.007651171496798742 -0.05943600364980165 0.17629748771633874 0.20428640778916135 -0.030437517555426053 -0.04540246679418419 -0.03576195619654883 -0.02671999644525892 0.11324831364424784 0.051754306476208316 -0.14754232753990212 -0.11855384713652993 0.1792081776525629 0.029892988124352336 -0.5957863480006305 0.47888228331891897
-0.32786535458019483 0.6035651958111106 -0.4359625571460055 -0.17884970025765498 0.2972197873126455 -0.08450876450901093 -0.1507012985077533 0.2214980002693032 0.1369972273566685 -0.3013114571781481 0.10614862210621046 -0.026878236583593028 -0.03418122750872108 0.11303851528750226 -0.05377366699521384 0.002871066261237867 -0.01842406628205944 0.013302791521952377 -5.9539191516400246e-05 -0.0002862726550124865 7.609872158589019e-05
-0.32785757346217087 0.6035578640782239 -0.4359519655659001 -0.17886396182789951 0.297241094794673 -0.08451371912471763 -0.15070355480975414 0.22149012332341259 0.13700714434461292 -0.3013128112024787 0.1061679495181026 -0.02687634307008661 -0.034188871620228795 0.1130383836087205 -0.05376390712003002 0.002862614974091618 -0.01843151455583408 0.013310034319808378 -7.300678228754847e-05 -0.0002744771048197244 6.986637278046668e-05
-0.3278616456481845 0.6035654747353905 -0.4359615929939965 -0.17885981887072747 0.2972220660207858 -0.0845131233776332 -0.15069120284015264 0.2214911695106404 0.13700451123278132 -0.30130414317811754 0.10615535861540379 -0.026873987251923737 -0.03418474221091973 0.1130493534878058 -0.053785673944264846 0.002871359644351273 -0.018433622073706836 0.013308713915512197 -6.114646275772943e-05 -0.000306496341057884 6.199215672307659e-05
-0.32785871466542826 0.6035677125461483 -0.4359635710017174 -0.17886519412006663 0.2972219206206627 -0.08449938181054155 -0.15068299620312953 0.22148348797770134 0.13702618240867376 -0.30130689183817666 0.10615597708116278 -0.026880361696748158 -0.03419642591871531 0.11303478502800955 -0.053774473055277876 0.002868438240568365 -0.018428204161349857 0.01329759213552542 -5.31548739512555e-05 -0.0003064763030837489 7.573590416047038e-05
-0.32785077860310935 0.60357005284205 -0.43596611591105827 -0.17884656881515693 0.29723613574261604 -0.08452670654857132 -0.150704447098551 0.22147789477734553 0.1370156227468005 -0.30129472087565534 0.10614811326082754 -0.02687883662833027 -0.034195156613171414 0.1130404083066086 -0.053779035517058676 0.0028487699243324284 -0.018421554245344564 0.013314079430749593 -5.438244721070849e-05 -0.0002875471546578494 7.615238777806304e-05
-0.3278606139979685 0.6035649582506782 -0.435965871482878 -0.17885646377972722 0.2972224981733563 -0.08452505645137266 -0.15069951855566613 0.22147954872597403 0.13701730483073474 -0.3012951352056295 0.10615835056903683 -0.026868058941327523 -0.03420241464150713 0.11304919163749932 -0.05378481588881513 0.002856151913313812 -0.018430849820070875 0.013303386374725208 -7.239230517423551e-05 -0.0002922035916201372 7.123553445163317e-05
-0.32785597752816953 0.603571443849051 -0.4359563892046913 -0.178848445346781 0.2972273853789709 -0.0845198362065232 -0.15069545910479365 0.22149371964906042 0.1370088125420081 -0.3013015447768364 0.10615323261563553 -0.026883154822963756 -0.03419106312871171 0.11304242355705323 -0.05378401917060615 0.0028556116303257873 -0.018433771913383086 0.013314652716068626 -5.2944668700218746e-05 -0.0002942475709620273 6.807421997432143e-05
-0.32785160217961645 0.603564521093399 -0.43596919214016383 -0.17885512398578965 0.29723690967488825 -0.08450694463362808 -0.150700460116506 0.22149861455190056 0.13699951945451572 -0.30129530767555884 0.10615134102126471 -0.02688031725918153 -0.034186533602353054 0.11303822619179005 -0.05377321471829696 0.002858653732208347 -0.018428456984350725 0.013313441863966744 -5.926978297601313e-05 -0.0002994681246476942 7.943347767986749e-05
0.12206799902926477 -0.5134083996697155 0.05938254160041064 0.17229828013902956 -0.3384196758402832 -0.36016687544767123 -0.11544152941406702 -0.0386887597664229 0.12806752199399302 -0.11489393611071519 -0.15022275567235682 -0.043121231734383314 -0.19209633336237078 -0.20430085430973408 0.27543657971501456 0.07935112590236054 -0.09322409342753954 -0.016748665556631768 0.43641566465817017 -0.058426198453712275 0.10748551559891126
0.12401066038385734 -0.5121508909694482 0.06055970344890557 0.17314547074749112 -0.3393966568445614 -0.36023595981480916 -0.11710268899417267 -0.04184847481813399 0.12780863375359855 -0.11473661503616306 -0.14866373432377405 -0.0434858035594755 -0.19496535696672204 -0.20383177799008403 0.2735246664344065 0.07960427874182302 -0.09098048320760499 -0.016840125713589792 0.436199360400198 -0.05682760425217031 0.10949152145977395
0.12138121661291355 -0.5125428604327409 0.06019262415469103 0.17201404071814766 -0.3392569558747264 -0.3616693900943594 -0.11721836170815386 -0.03805898596540876 0.1259955434964443 -0.11512477992111939 -0.14728247912732123 -0.043203461100576525 -0.1938585265956962 -0.20334414414919721 0.2753516516955014 0.07951556247790785 -0.09157004158706399 -0.016794532182733034 0.4371261534616286 -0.05725163200940358 0.10715939414192649
0.12227023171429341 -0.5118927516090719 0.05940001801179048 0.17243119531106804 -0.33934829168656677 -0.36032185261378297 -0.11857296990085703 -0.03955323397325711 0.12802602990997755 -0.11637324158004478 -0.14949448193753756 -0.04284261171928432 -0.19310668159571803 -0.20355065527065783 0.27385440926660176 0.07854911905135613 -0.09228029559329769 -0.01808070967726898 0.43776691914187105 -0.0572287305901726 0.10666536151540781
0.12473648729481417 -0.5130204908845277 0.06050468232810032 0.17038552772450702 -0.33993222288762354 -0.35847851776845263 -0.1168324566649905 -0.04176837410942159 0.12818155114332586 -0.11408025130896741 -0.14967028243449232 -0.04308275843070605 -0.19306769361612666 -0.20380455227588162 0.27458655252166875 0.07943598948581011 -0.09255734586347682 -0.01767675520796741 0.43678268945903653 -0.05826760661524586 0.10875928473262089
0.1241654214083371 -0.511247818616954 0.0592556101730281 0.17116991797261039 -0.33978005341191564 -0.36044212406557163 -0.11663936046268535 -0.03904270647600781 0.13025075462215063 -0.11537436148644432 -0.1499120963837402 -0.04139329093451606 -0.19319186221639606 -0.20390350847656274 0.2729388768936103 0.08157962156208191 -0.09006576440336653 -0.017453634877022086 0.43791914245519925 -0.05750265825015293 0.10904044046858366
0.1242455149932847 -0.5116205131899454 0.06108523498722634 0.17014037335742832 -0.33933480504079716 -0.3622183362950928 -0.11694245751361278 -0.03935639458645661 0.1286099281880861 -0.11583646604592067 -0.14902619675743395 -0.04549795939280155 -0.19321940123091796 -0.20372208531228803 0.2755684865705454 0.07962047161406884 -0.09246861299060774 -0.018811267270651875 0.43523956452595136 -0.05678422149331666 0.10788934474107874
0.12242594845903838 -0.5116993757199086 0.06133755494466843 0.17326881487789947 -0.3389780166177918 -0.359102455418064 -0.11769429830395058 -0.039754497885894004 0.12971831838427594 -0.11599552751212884 -0.14916286975482398 -0.04194146951773555 -0.19335391006336033 -0.20350772661003816 0.27513741116515456 0.07985798110749934 -0.09196963799542152 -0.01741556453178937 0.43727159846067476 -0.0583768123251514 0.10748361336737582
0.12328349891720068 -0.5135792196623542 0.05840507838490992 0.1717146898502207 -0.33899115535468205 -0.3599776844524715 -0.11750472451068086 -0.040509152790089285 0.12578505985671534 -0.1153828689374021 -0.1499336237870905 -0.04089275746560604 -0.19191063221888927 -0.20493284574629897 0.27590565909139697 0.08081228306743193 -0.09142860851322884 -0.01765294423038095 0.43602751997520445 -0.05775266501610525 0.10629151223310203
0.12308299609147287 -0.5115542978163641 0.060340016198003284 0.1722297063839922 -0.33801460632901575 -0.3602302768371054 -0.11605084029826951 -0.03993219252720396 0.129222059919623 -0.11542663559428588 -0.14823751954903452 -0.04292842480167422 -0.19334029162362137 -0.20334366101057655 0.27577592329561895 0.08046846134281209 -0.09127178027729664 -0.01763181885591345 0.43859213471235087 -0.05640656844300756 0.10721471843725967
0.12327482581586634 -0.5118837463404293 0.05951097716400168 0.17232914746576333 -0.33921774324675824 -0.3598088395241552 -0.11556722596110465 -0.03785829551940324 0.1268889585507565 -0.11591489772405529 -0.14947101983130762 -0.04456341695476453 -0.1945161972714067 -0.2021396252116519 0.27487551535800314 0.08009483771226784 -0.09289273208520184 -0.017597148310144858 0.4375503685842319 -0.05782484922583381 0.10933123837844388
0.12295989399254832 -0.5110280758244153 0.06141056185144223 0.1717102342323895 -0.3405655075379474 -0.3606607247044186 -0.11747194094569134 -0.039803754776792016 0.12912267361863455 -0.11579120068293629 -0.150642956712502 -0.04156421349906591 -0.1915450474861262 -0.20308488596067154 0.27615595140046756 0.07962602808709075 -0.09375473284733059 -0.014906804727436057 0.4359525166215138 -0.0574898636056329 0.10780586408160701
0.12357083514176158 -0.5116096960891463 0.06097815212789269 0.1712609836769387 -0.3395381671401524 -0.35983198836521163 -0.11568642446288947 -0.039989127497735116 0.12753166591721202 -0.11488645577792936 -0.15076860215850302 -0.04249238591530141 -0.19198715548339182 -0.20210834610722697 0.2745510673978322 0.07994638053208353 -0.09085142859607621 -0.015018441062964075 0.4390788701767412 -0.058294454308668454 0.1097488368902891
0.07935546505831567 -0.43960834848762415 0.16290904231225228 0.31418199403454855 -0.1618873688305272 -0.27822936837537715 -0.18452014142786513 -0.009483684543273706 0.14700653981263606 -0.06120103508457252 -0.24143210268032453 -0.02478124580647701 -0.2493042145403276 -0.2052000179688014 0.21087197421042594 0.1776706381683491 -0.0917748456406862 -0.05430616288929498 0.4570635836459922 -0.15100103842628515 0.17264717123365148
0.07821039037202353 -0.4392248723980482 0.1629366745843659 0.31455416711479944 -0.16133700242015916 -0.2793619777801722 -0.18476690685920308 -0.007967488494079349 0.14681552089083263 -0.06195190478417571 -0.24164694479367085 -0.024585297324422852 -0.24963713330114018 -0.20468575195852604 0.20994475262817883 0.17722892869490106 -0.09212853468303642 -0.05433798021053525 0.4572143584440745 -0.15123158471789475 0.17247700622112122
0.07890651549940451 -0.43992853984251096 0.16208626934866174 0.3146706821223275 -0.16171222978039745 -0.2785636932128911 -0.1845877946843905 -0.007306222834883296 0.1466494374818652 -0.060569582327936106 -0.24054476481200848 -0.023790739187621653 -0.24973389588750844 -0.20508937670938085 0.21020247598339004 0.17756655403824584 -0.09258174965109757 -0.05293917901569999 0.45763086240790607 -0.15093975567834808 0.17246313278600417
0.07982334179503105 -0.439650681648819 0.16242327510389493 0.3140427974600922 -0.16150406704233916 -0.27875159425437607 -0.1844533846712 -0.008329749455538691 0.14570746144331687 -0.06246186111408857 -0.2420455386603804 -0.02494933825309349 -0.24947123881154104 -0.2043262134933773 0.2105846881969094 0.17782766254272578 -0.09200792337890944 -0.05382566501118504 0.45716814540147516 -0.15222250451564776 0.17210882776326772
0.07905214933475378 -0.44061401167316994 0.16187092290244534 0.31424588984764695 -0.1611332191073941 -0.27881435638040275 -0.1855531021374784 -0.008201708618875495 0.14675744293985787 -0.06193460487865729 -0.24064613360387432 -0.024018157274975492 -0.2499024998311747 -0.20542099812967518 0.21061201610568706 0.17720084620811066 -0.09271283677140349 -0.053982477854924216 0.4562783352104462 -0.15105868709586914 0.17225761803451536
0.07911890284551865 -0.4399094681289611 0.16133135035900684 0.3142916575876846 -0.1617167019390396 -0.2796039192559204 -0.1853606054762213 -0.008957587459627778 0.14582936372311356 -0.06250513444186992 -0.24115272994256817 -0.024633549355654923 -0.24966866754734876 -0.20462023372384835 0.21027327486786623 0.17644877753679325 -0.09252879058397206 -0.053936101365737954 0.4569791832023997 -0.1515086650171742 0.17291729866350286
0.07914340017129412 -0.43912074946224455 0.16268802523296572 0.31463920400480916 -0.16270321436171914 -0.27830486401112187 -0.18471743236748067 -0.008812412425992507 0.1459105119385513 -0.061563414088112715 -0.2421272249220869 -0.024539025292395183 -0.2499989486846742 -0.20593682756411338 0.21005750581538649 0.1779190612681318 -0.09160611848220354 -0.05328837425337972 0.4569945002863266 -0.15030135925357122 0.1722139782362551
0.0795655635913314 -0.4400751372191089 0.16230540914392158 0.3135124902644483 -0.16166469762597183 -0.2785408001222072 -0.18509286440055125 -0.009318587252439215 0.14651034979762753 -0.06173865317196464 -0.24150664946098296 -0.024697800969120835 -0.2501789766026125 -0.20506536094814176 0.21034676215218642 0.1782547274591204 -0.092805107909456 -0.054129201385221766 0.45655790886055564 -0.15045180097912672 0.17264288612469586
0.04202359511521937 0.10328438975841528 -0.03221795447690508 0.03389375106193414 0.07796425514360307 -0.022369341321518865 0.11319102962268851 -0.07069901604558448 0.13695364998673468 0.330829204871185 -0.1335090679216389 -0.03746536920522023 0.15761405734076608 0.5804169034057466 -0.2964535570857663 0.05632969129363858 0.4393284670099488 -0.33963635588520935 0.11917466239660712 -0.19112141872805774 -0.041006525575408605
0.041932064984174997 0.10317509320890067 -0.03270943677989958 0.03393122351893992 0.07826729039371223 -0.022555575039545746 0.11339742292136144 -0.07094827340063507 0.13720470846893593 0.3305892616965823 -0.1335685772996392 -0.03801686402663337 0.1576046625165673 0.5806786842415019 -0.2960081587454486 0.0569431783983371 0.4390270200738384 -0.33968089231188564 0.11900064449254666 -0.191234421997879 -0.041207551357352525
-0.013055645291726854 0.08367877536899689 -0.05014924607824501 0.006135548412692214 -0.0007288642104176417 -0.0003050417449756684 0.09931289236812771 -0.6742310640300035 0.18282863796225088 -0.009519187840923272 -0.002829275881258409 0.15218396625911332 0.5838758153668137 -0.07727778495420622 -0.0020031241137680993 -0.30076802441470907 0.16839886677419766 0.005105346311654307 -0.05808302985848212 -0.0054326692852123435 0.0017584343551965765
-0.32786259765746034 0.6035699499190539 -0.4359634649375349 -0.1788486971304022 0.29722248296986875 -0.08451977161430244 -0.15070532747385768 0.22148797436138834 0.13700472676858527 -0.3012973131451551 0.10614272225131699 -0.02687433454694633 -0.034202078799009716 0.11304473695095998 -0.05377673346338204 0.002857457226798468 -0.018424746440230757 0.013310992094964811 -5.985591213347103e-05 -0.0002922174809073075 7.515661378760281e-05
-0.3278586375976399 0.6035673857814162 -0.43595988000282343 -0.1788558816611443 0.29723072986352783 -0.08451714992513956 -0.15069263190113016 0.22149285843462002 0.13700307319438393 -0.30129880980886403 0.10615481901114455 -0.02687356015499697 -0.03419141305752912 0.11304568967662425 -0.05378501936086568 0.002861151023952221 -0.01842863927055034 0.013308457244568563 -5.3009019112570196e-05 -0.00029777719286536413 7.082820235058363e-05
-0.5651809166690677 -0.4120566432833934 -0.31291456976084003 0.5654375834882412 0.11933741240441222 -0.08987357170868326 0.056881648029842836 0.07648001862696013 -0.22990463103844264 -0.06555392335803577 0.05966265356996594 -0.0032498463250415907 0.025084750528029803 0.01701288018204297 -0.00871951459941967 -0.0009476249900394911 -6.808570656116347e-05 0.0023476076411860277 -0.0035572612876373787 -0.0012381666917627634 -0.0015197312047894249
-0.565488294458632 -0.4117476934068882 -0.31239432300928377 0.5655204657751133 0.11967058004562989 -0.08991089916064361 0.056784469874441315 0.07649146442772028 -0.23018306624048232 -0.06562283813642876 0.059114354068181336 -0.003147385569217496 0.02467534961812334 0.01724959420443748 -0.008504689964641547 -0.0008176314543094429 -0.0002814273220040988 0.0027611793946986057 -0.0039971222445388446 -0.0012277271957321747 -0.001776753569619724
-0.5136303696566932 -0.4026915808355009 -0.053552439418266325 -0.05902919896754622 0.07332246719422562 0.007857776589361033 0.38753297968223793 0.10254654285278973 0.17270053602701474 -0.2864121089869521 -0.037940202284833816 -0.04859647938306569 -0.1670735726172552 0.4131857562996816 0.06778955768441713 0.0536177099616019 -0.2652558750303293 -0.06693130560528596 0.06265988968988113 0.031183365472442638 -0.005618672460109695
0.012136422315056449 -0.06554329630025836 0.11661724601125228 0.22990569617494103 -0.06571981822836569 -0.04460155403027005 0.056534539077477755 -0.187596662420287 -0.5702628003737626 0.21392307634306243 0.18375487819214759 0.07484077329179914 0.46149688064741545 -0.25867650551637 -0.29912760632961016 -0.1253960646720613 0.14396682514350162 0.24011126530960528 -0.025951470235787966 -0.0984314002273417 0.015404142249194222
-0.01242555582187608 0.08393473289549075 -0.04954552395016732 0.007467598525589158 -0.0007752563174364097 -0.00027927094217796735 0.09951156649004457 -0.6749856447489201 0.18265804838642946 -0.009146260205051583 -0.002722957384422517 0.15228027303584588 0.5825903838744632 -0.07657365871916076 -0.003068410120113329 -0.30191341066189314 0.16789474620879644 0.005022309508238463 -0.05882939498943846 -0.004900602283363053 0.0013753739388823528
0.01272081893852727 -0.06535756217936178 0.11648603460334572 0.22950509018614448 -0.06520247873385093 -0.044455896946844486 0.05669367453300894 -0.187383430705707 -0.5702213261170731 0.2140828412578387 0.1843786373612803 0.07462625014141722 0.4617776245949903 -0.2593479888830773 -0.2986573117806124 -0.12534904405651617 0.14429230262816276 0.2395210344272137 -0.027075668152444728 -0.09830017002573087 0.015068347684598317
-0.012416059842527347 0.08393808653422886 -0.04957623623348253 0.007464699961965391 -0.0007611200820421138 -0.00030239350839878453 0.09948385078770779 -0.674957036215604 0.18272745178340696 -0.009176461938400849 -0.0027124167580867475 0.1522828369815762 0.582600299253201 -0.07660781857706507 -0.0030826587864172346 -0.30192242787277307 0.16787279646956924 0.005056272250086635 -0.058819908045480686 -0.004902508610161007 0.0013702948151687543
-0.012415880891232177 0.08397716208543152 -0.04958470561926753 0.007460616389939929 -0.0007545807165014003 -0.0002551785208670494 0.09952048827024221 -0.6749881988815435 0.18267918290317253 -0.009144908110814778 -0.0027030234046436655 0.1522943518580329 0.5825599193371054 -0.07660331633706914 -0.00307364972280948 -0.30192597841481045 0.16787867627201836 0.005070501188551487 -0.058837162983934314 -0.004865859158544377 0.0013559962438309434
-0.012386304550408822 0.08388475601558969 -0.04961194312277638 0.007487478233856404 -0.0007771146042336779 -0.00033523726702895245 0.09951262096096329 -0.6749671627269324 0.18268108448986403 -0.00917439806493902 -0.0026773643718593664 0.15227536512262504 0.5826057178067728 -0.07657525953851611 -0.00309756434385409 -0.3019352641738477 0.16783775983814728 0.005058505601269058 -0.05889584977683627 -0.004849451459728845 0.0013549850116635627
0.5707083572527233 0.03365772353540796 -0.10830370230209775 -0.31046782710399984 -0.00019974955407514158 0.02275602710927829 -0.022029690342366237 0.1396541034839912 0.6032363539168577 -0.0013982154264100312 -0.07543362105324432 -0.04498614135936003 -0.389671141017678 0.0017052239980248722 0.09810412948515004 0.08424922218149064 -0.0004251927437474557 -0.0626560699358401 0.0003484641248570207 0.02043580108465655 -0.0031795907282645805
-0.01237099128405785 0.08391698037854325 -0.049658962196385686 0.00759648483671355 -0.0007619911851567204 -0.0002878090861144684 0.09960118959837544 -0.6750586083812934 0.1826595723209929 -0.009186758524749915 -0.002745602510040336 0.15221221637855617 0.5825009395195351 -0.07650734012162619 -0.0030569502252422486 -0.30191264940736845 0.16791858004817223 0.005026664934015598 -0.05883721412860419 -0.004903907705303968 0.0013741297735102656
-0.012437371441210083 0.08398810496159352 -0.04961214965348698 0.007504070156704282 -0.0007381001833727383 -0.0002936059842222548 0.09956026088940877 -0.6749848929221506 0.1826634705131088 -0.009169416604734748 -0.002727851268503587 0.15221479532747953 0.5825638391574021 -0.07664273420411424 -0.003062919490322728 -0.3019461660016322 0.16787096037669125 0.005080535741280359 -0.05883117417067143 -0.004926663704359428 0.0013748807016767913
-0.012406796900308829 0.0839358737472414 -0.049586688140159825 0.007487139753780865 -0.0007655657466961509 -0.00031685066991037324 0.09952278247202843 -0.6749380132624944 0.18267904242659952 -0.00913580588461441 -0.002745489175971653 0.15226246569253327 0.5826024523017588 -0.07662437009586036 -0.003070791879034415 -0.3019691113485919 0.16789847382233644 0.005035101647858887 -0.05882106614522075 -0.004892004994853712 0.001369187758941821
-0.012425543397621523 0.08396478395193085 -0.049530440350258276 0.007516427692826816 -0.0007659026735191536 -0.0002768649735456027 0.09950332304418978 -0.6749632441031242 0.18267319225307826 -0.009147618933162327 -0.002739947076218568 0.15226176698666785 0.5825921686823485 -0.07665700700373994 -0.0030667639511252516 -0.30192359140226477 0.1679279203297417 0.005055684898349235 -0.05878789662076102 -0.004904040648092525 0.0013684215422178206
-0.012425883806061706 0.0839368407357362 -0.04952112469371063 0.007493916972573456 -0.0007483072813671221 -0.0002816549096914712 0.09950909807237002 -0.6749676478790905 0.18266781297539555 -0.009141007919811518 -0.002736274834049912 0.1522484821086554 0.5825879483569245 -0.0766455878655148 -0.003104160264655746 -0.3019491490498925 0.1679083074892273 0.0050815574572857245 -0.05881141293658814 -0.004865359101878671 0.0013559127606377155
-0.012436543175710274 0.08394625576338827 -0.04954650439288627 0.007507300937401118 -0.0007592373908299575 -0.00031279895538288336 0.09950260229174115 -0.6749756965274765 0.1826799114063354 -0.00915339795690513 -0.00271053050253622 0.15225800300815598 0.5825768881881573 -0.07660624031379017 -0.0030822078648736883 -0.30195531754247973 0.16789685098617346 0.005063406960335199 -0.05878915206168321 -0.004903383557352395 0.0013674449713821145
-0.012428940071488134 0.08395228155746211 -0.04957135899636836 0.007455289350008268 -0.0007409349775945119 -0.00029472683304345245 0.09948879649237652 -0.6749803095972838 0.18268939790470695 -0.009148884849318431 -0.002749846105423921 0.1522720362748807 0.5825833667607785 -0.07661094510972355 -0.003043167985623679 -0.3019240885984625 0.16787549141430863 0.005041511647160666 -0.05882744883378264 -0.004893104320633346 0.0013661055568978074
0.01155776965779686 -0.06561946435955786 0.11689972700845433 0.22940956335660867 -0.065184659542876 -0.04461612562874992 0.05691353715187167 -0.1874589476786448 -0.5699874872048278 0.21407216018148004 0.18470316357599917 0.07421847324101473 0.46150939208683134 -0.2595268848094494 -0.29931443714194833 -0.12532268479487657 0.14392516326254395 0.2394222314744168 -0.026775607210554126 -0.09834743774485429 0.015609553994490629
0.011484978131936972 -0.0656554241256506 0.11678092918777004 0.23018196904236488 -0.06581367512398281 -0.04426844145519777 0.056285360990153535 -0.18698159215519006 -0.5700786114497689 0.21393399616223097 0.18472005727263754 0.07445410231761522 0.46187541084991335 -0.2587680562594547 -0.29917360922178643 -0.12579116804361865 0.14436811849017273 0.23890390351899762 -0.02693443030574661 -0.09803473076586239 0.01485879450315763
-0.012300752519565908 0.08386227758471614 -0.04956273580684422 0.0075329996603417815 -0.0006346372986665765 -0.0002576690237027033 0.0995065802539443 -0.6748583877031834 0.1827163942300119 -0.009211486225502363 -0.002735297427583289 0.15223946336155114 0.582727955422916 -0.07665446430253603 -0.0029970908544519853 -0.3019940661633831 0.16782248669647626 0.004995441098156525 -0.05865617096728398 -0.004834704248053218 0.0013494183395286517
0.011926472519305066 -0.06544145002692572 0.11725392293822044 0.23069099444653685 -0.0657825482430858 -0.04375812401574084 0.05628516187075457 -0.18803926050782346 -0.5704757501115099 0.21361348173583328 0.18328015267665065 0.07480764765562804 0.4606485769780422 -0.25898297930238745 -0.2989239091983076 -0.12558934384735318 0.1450014127548759 0.2395858460835697 -0.026391490296024642 -0.0990664019148916 0.015602148234394382
0.012994992749629737 -0.06547313096366135 0.11690551431577578 0.23019003490438708 -0.06528963990145951 -0.044439690450500766 0.056243428667831726 -0.18765512613430296 -0.5701515746592966 0.21312382440188285 0.18450572894541314 0.07401028501999608 0.4619566887490811 -0.2594095363011453 -0.2990468379543773 -0.12535210629069338 0.14370704666100623 0.23919205210549258 -0.025897176995286115 -0.09825106488445516 0.015239616124598624
-0.012443257676947235 0.08399479452466162 -0.049551019678993814 0.007441585680355378 -0.0007459585882613075 -0.0002939441554811826 0.09948795623515326 -0.6749752855816268 0.1826689258365929 -0.009132390016414353 -0.0027421251518873267 0.15229452615330413 0.5825705953853875 -0.07660534348176302 -0.003071586563525163 -0.3019465338108582 0.16789472218965543 0.0050376945153998804 -0.058812874587390436 -0.004887622236488422 0.0013665018669282009
-0.012432057126692401 0.08399615450187137 -0.049499843763208505 0.007462436771369404 -0.000731944402161664 -0.0003029811331869447 0.09950110686936275 -0.6749629948127548 0.18267167890803007 -0.00915560417659892 -0.002704346858723211 0.15226229970980623 0.5825966039733506 -0.07661452718727475 -0.0030604506892312703 -0.3019547794945969 0.1678632544778078 0.005066286274986431 -0.05882373597580726 -0.004866366441734889 0.0013563532403607847
-0.12021686619276493 0.24106344375805305 -0.02539470843907433 0.01450610842484279 -0.0012149987510688659 -0.00029803579642103084 0.6755988422373632 -0.1413268962067173 0.12723462878332784 -0.016959511126034502 -0.01239616916220064 -0.19772071244088102 0.35602882789410756 -0.06565496053712312 -0.06886987158495488 0.32870728328461446 -0.12320863099000377 -0.18952709568034304 -0.08552919860653777 -0.2653561649567491 -0.14751361735760646
-0.012311930332336405 0.0838714196423089 -0.04959467966096373 0.007502461488352264 -0.0006325845155547836 -0.00026777675683399934 0.09950401752704661 -0.6748247917985161 0.18271626414619338 -0.009215680393708254 -0.002738007056287019 0.1522404690532729 0.5827327875853023 -0.07664530718966656 -0.003020194008356794 -0.3020367027051859 0.16784700657419535 0.005004345172400962 -0.058677943146129945 -0.004833634074652372 0.0013490005586531272
-0.012367666972263065 0.08392946953688821 -0.04960346517423025 0.007483217416128446 -0.0006609996307676874 -0.0003072355900036 0.0995055571956731 -0.6749872754951711 0.18272531206618015 -0.009136644276131768 -0.0027305777920635438 0.15227765552154027 0.5825607723293215 -0.07661077032540918 -0.0030728524098227483 -0.30192456352364794 0.16789611358551584 0.004996074043817213 -0.058777311067580724 -0.004882536629194665 0.0013746795486298874
-0.012462368774024478 0.08397944549330688 -0.0495567188007708 0.007409193026338116 -0.0007727067787634014 -0.00028921641763986075 0.09946245070841954 -0.6749511185555015 0.1826900583777104 -0.00911912350191239 -0.002726880950741543 0.15228620097081552 0.5826075698379706 -0.07662337096317363 -0.0030580178982447634 -0.30191104627255166 0.16793676043181624 0.005059227661768706 -0.05878327391767649 -0.004854561895752341 0.001349996453182417
-0.01236190328246398 0.08395796758733495 -0.049621512783744104 0.0074705041121370785 -0.0007566300879100509 -0.0002843976882162583 0.09952336656158303 -0.6749268046724783 0.18264832889111116 -0.009177429045311282 -0.0027564993555812605 0.15227159255771702 0.5826322334217152 -0.07661234078015638 -0.0030565681406269935 -0.3019442309926771 0.1679009597123855 0.005042642140851828 -0.05881141265496038 -0.00483072623901435 0.0013457297793833336
-0.012460698533262277 0.08398893150540239 -0.04951834386169614 0.007451983629183114 -0.0007092779292431316 -0.0002979363043688719 0.09947183721238356 -0.6749923514620504 0.18265793436075606 -0.009112895654343195 -0.0027665812967033934 0.1522691932381897 0.5825691076057645 -0.076610958638927 -0.0030809410656167133 -0.30194452093980534 0.16788442767544912 0.005062511904809695 -0.05882095884414287 -0.004896781098497416 0.001366872914866506
0.013441923874269117 -0.06477471468493462 0.1174688059547848 0.2295593877814249 -0.06531287462771364 -0.04443846839810935 0.05670487197190311 -0.18848680664159131 -0.5697402193225529 0.2139580623921745 0.18434192750352224 0.07440687870611756 0.4616172709473936 -0.25923103874713116 -0.2990108982632399 -0.12665838461861675 0.14500410136336356 0.23863765516911709 -0.027217855361775296 -0.0976941584128447 0.015600333094871001
-0.012326676575739217 0.08391831274381807 -0.049560321528574945 0.0074667771823896546 -0.0007391239068633433 -0.00029273092449995397 0.09957551968639378 -0.6749202631833189 0.18269099532000777 -0.009229062529535762 -0.0027912815838114402 0.15229523975600048 0.582610641830291 -0.07663015745070141 -0.0030878383303193507 -0.3019371669613788 0.16793881201267744 0.005054443767374582 -0.058825486627226406 -0.004848598621063289 0.0013564090563618562
0.01288849275951759 -0.06531260047107794 0.11645283176285426 0.22875580401585238 -0.06509238068960412 -0.04440474959603351 0.05724624344317813 -0.18751006605835477 -0.570468735705327 0.21370438346137854 0.18413620141896775 0.07493193100580824 0.46194912481074774 -0.2593142545717604 -0.29865363701166964 -0.1256712081028904 0.1446201967781939 0.23918051240503488 -0.026788810971360214 -0.09845822726819502 0.015637499670745247
-0.012323128706011151 0.0839342596132429 -0.04957468709402789 0.0074724200069900834 -0.0007459139901798237 -0.0003198389568018864 0.09955096487768933 -0.6749371973785087 0.1826700773807603 -0.009181107130647296 -0.0027649130194643285 0.15229506493319458 0.582615571558671 -0.07659336840686914 -0.0030777365882514642 -0.30191222991796174 0.16795326475917774 0.005086126378547405 -0.058795402100591865 -0.0048518092562444765 0.0013476751808943783
0.012122362198216427 -0.0653839738921984 0.1167991758832093 0.22989515753828502 -0.06554724940103587 -0.04465044972028642 0.056975427972579526 -0.18797116143626943 -0.5696753667704645 0.21368820655018733 0.18464636659407657 0.07425131372953954 0.4616458999370808 -0.25947582688103943 -0.2991892564597506 -0.12583821187918498 0.1442986913475658 0.23919815476230752 -0.026700360862565817 -0.09808839994383736 0.015756236629294467
0.012116674407644601 -0.06546966296890816 0.11662887256210208 0.22946784112426646 -0.06550053543296375 -0.044294134058310924 0.057383424796064994 -0.18788409316527782 -0.5699685665533274 0.2136885839425907 0.18455816055145866 0.07433836108541574 0.4615777140752457 -0.2594612552711274 -0.29931188336856607 -0.12559703170484948 0.14455325940598474 0.23909638934171906 -0.02671207961883558 -0.09795846160509816 0.015498067955657155
0.011930422461162335 -0.0654671468009107 0.11688362872169082 0.2295572760156531 -0.06545114934087175 -0.04445394697371004 0.05692702303831385 -0.18778185086989266 -0.5697512917848178 0.21394232160717447 0.18435578480937723 0.0748646568242413 0.4616286895424216 -0.2594058339355511 -0.2992707504978567 -0.1257343147336171 0.14424431719546238 0.23939619338473953 -0.026806784090285987 -0.09813767377877003 0.01549037520641117
-0.012396044320476281 0.08395104178917895 -0.049540053915693605 0.007467843126630394 -0.0007728010491864704 -0.0002711336126031209 0.09952422239766037 -0.6749336948591412 0.1827118463477798 -0.009177447406732691 -0.0026848209544144018 0.15231947338500165 0.5825962068299625 -0.07662669677913025 -0.003047730944806935 -0.30192729569762206 0.16792740351129168 0.005094336690949757 -0.058831080769119415 -0.004822243357883015 0.0013340923099890625
-0.012434949066494082 0.08397111216902729 -0.04957590304384288 0.007462623045125092 -0.0007441842783916072 -0.00028166514657027865 0.09953080678342223 -0.6749723268702983 0.18273868499853865 -0.009170667982764901 -0.00270331405450794 0.1523020175663346 0.5825429978701139 -0.07663730052709718 -0.003059008287945306 -0.30191750955878727 0.16792334137586915 0.005099798209393175 -0.05884690073595303 -0.00481825921248876 0.0013326613529370127
0.5709300124877733 0.033405705371932215 -0.10837896365730114 -0.31016015701203803 -6.645401686619e-05 0.022806939764532026 -0.021987327702222875 0.13966649053161315 0.6031327822162891 -0.0013770230413892859 -0.07536381493969681 -0.044791329010819815 -0.3897593230449568 0.0016865468505812442 0.09813633884657162 0.08418465994656418 -0.000406333756876749 -0.06280229378594687 0.0002722028676706354 0.020533308606033116 -0.003369204441991942
-0.012191169118751542 0.08392539846506811 -0.04977911334562137 0.007410270073919625 -0.0007748528466200508 -0.0002671446426568364 0.09972852225852773 -0.6747978002545155 0.18289512590007484 -0.009194031887477746 -0.002803829225259303 0.1523275631709228 0.5827802881510764 -0.07662620044159209 -0.0030923188422468393 -0.30184351844305274 0.16768920009132945 0.005103164052950257 -0.058604756842335105 -0.004919114876532589 0.0013667539935669256
-0.5138419803082112 -0.40299719956113883 -0.053564275408138066 -0.05912241636401829 0.07316186782126892 0.007651233748760505 0.3872489780665883 0.10262102138017584 0.17291515085476744 -0.28617348773751716 -0.03809588726156637 -0.04853429874894693 -0.1668163891932974 0.4130046841535433 0.06774847172987587 0.05359058689074095 -0.26525635336183107 -0.06712662031357156 0.0628726493392027 0.031224246843070163 -0.005659247073778359
0.570778075066494 0.033303523576918154 -0.10820157844174369 -0.3104364222662468 -4.3401465758367516e-05 0.02298713000520315 -0.021939178498460492 0.139640810216663 0.6031711057011754 -0.001352772936300796 -0.07548117246912145 -0.044870909204994015 -0.38972778257644647 0.0016420111978511507 0.0980517118903696 0.08428724690940674 -0.00034314723926828604 -0.06283737372726662 0.0002907827128030416 0.020476627338382108 -0.003263338482656881
0.5707656323528234 0.03328958874013861 -0.10819112795634865 -0.3104268418108757 -4.4261390422965735e-05 0.022986106924326524 -0.021923177700019558 0.13959046582275317 0.6031586099496457 -0.001383755869584152 -0.07541653276520327 -0.044904015713117085 -0.3898218417519018 0.001654989066504888 0.09800869249109326 0.08424343814283035 -0.00032372026008208916 -0.0628549510742235 0.0003006795401960746 0.020476430788722102 -0.0032901578087749564
0.5707663635451578 0.033326326444784636 -0.10819545599197451 -0.31044974530013025 -4.8393690012353836e-05 0.023033414956120886 -0.021917885863574817 0.13965541755441493 0.6031588569054926 -0.0013379154637314845 -0.07549556311606816 -0.04488484817416644 -0.38977055777089264 0.0016427020978751253 0.09801227859175131 0.08420756084719815 -0.0003370841665359698 -0.06282660631304506 0.00032232541066824777 0.020475394898209535 -0.003296801476534962
0.5707887677302843 0.03330682127853786 -0.10821928206476153 -0.31036997695621543 -4.9847512172731485e-05 0.0230229574642459 -0.021902099422200776 0.1396413341961282 0.6031343402157663 -0.00136944536071722 -0.07550844118762132 -0.04493268429691623 -0.3898064264133304 0.001655161669210005 0.09805224311945303 0.08423565971650683 -0.0002530949099360687 -0.06288087636007884 0.0003147745607557678 0.020509351193158 -0.0032528903359121328
-0.5138435130078837 -0.40278882763412344 -0.05350429585634295 -0.058876478897836426 0.07335222796744023 0.007657411971043942 0.3874960172266109 0.1025170614525204 0.1728066738157583 -0.28597465697214847 -0.03825836177299165 -0.04866520990236012 -0.16703311116190672 0.41301379739705824 0.06764209057593709 0.05356510565335515 -0.26535637194312617 -0.06700697682392849 0.06305241933865395 0.0313943274238897 -0.005368625938738929
-0.5137996165884204 -0.4028261332694442 -0.05365168366104144 -0.059093971231815264 0.07303998143450678 0.007801101339081492 0.38748562292277455 0.10268709887480668 0.17302380962654368 -0.2858803641454948 -0.03796552239946041 -0.04859243913582196 -0.16716676517684437 0.41297029832323134 0.06769365472860032 0.053704485885142005 -0.2652880636499051 -0.06726115292388739 0.06285247357222758 0.03126541681184868 -0.005657879475442381
-0.012350604458345432 0.08399542640085399 -0.04973072436802079 0.0075160255962417296 -0.0007740522691123113 -0.000318402313319875 0.09953864745890564 -0.6748086733875982 0.18288393194423577 -0.009326972188849175 -0.0028165419594642993 0.1522891656952339 0.5827510518212365 -0.07657163778213368 -0.003102081582000873 -0.3019023163087561 0.16774995749083937 0.0051393731063312685 -0.05869550275919747 -0.004867081910019667 0.0013458689502307535
0.5707860975876308 0.03329582223875536 -0.10818789573885468 -0.31041267152097585 -3.375354237583388e-05 0.023007704003546754 -0.02193973699833021 0.13964467410273354 0.6031731869543864 -0.0013501777370834435 -0.0754724293244897 -0.04486752368361686 -0.3897437825023981 0.0016340216817896044 0.09803974729820762 0.08427035905593913 -0.00028771174267539716 -0.06284043731577865 0.00033872486596836347 0.020437661604593264 -0.003277599838921067
0.5708085806425274 0.03323598883343161 -0.10816526203760085 -0.31046604631977504 1.1507571114648063e-05 0.022995976684600128 -0.021947410983413598 0.13960264770178318 0.6031362220794259 -0.0013728998220289338 -0.07545914492966493 -0.044875683818365354 -0.3897784488301074 0.0016548214148055965 0.09799423049785629 0.08425309987173671 -0.0003404949020353809 -0.06278155595172608 0.0003275735494667078 0.02043746226554537 -0.0032672609159088307
0.570865097777203 0.03338363767076538 -0.10819453431270533 -0.31030908051894757 -0.00021669942355831756 0.022839688702572497 -0.02200480963789773 0.13956309486698493 0.603142838222877 -0.0013143376243801173 -0.07538421878331418 -0.04488277296139928 -0.3898159793797025 0.0018165533440655669 0.09805891705039897 0.08426736809534222 -0.0003698884137246061 -0.06269784357574389 0.00019715280590931725 0.020451265116969552 -0.0033136829776623435
0.5707698698450322 0.03331148483119532 -0.10817706945474198 -0.3104296380064195 -1.950720192023389e-05 0.02300533436169466 -0.021898733077230788 0.13963654319532007 0.6031768099661077 -0.0013202908251684724 -0.0754913939160876 -0.04486776743060468 -0.38976144560518905 0.0016050232234216903 0.09804019087317463 0.08424956254302698 -0.00029940554046372915 -0.06280313355264554 0.0003012241822451287 0.020450853208668563 -0.003308101766132392
-0.5137731514886755 -0.40283927993494917 -0.05352218734238228 -0.05913121966836035 0.07328583408893168 0.007767329163581549 0.3873673160732745 0.10267348041016494 0.17306462584922255 -0.28612289354309856 -0.038068987138495484 -0.04863304349681073 -0.16700956355317206 0.41296749086717294 0.0676932339221023 0.05367227609060364 -0.26527639424529625 -0.06719826267986367 0.06283026698290232 0.03121041472011305 -0.005628655464691302
-0.5138138713969699 -0.40285515847092607 -0.05360337671261431 -0.05920148368827492 0.07331753667483432 0.007822545943618257 0.3873377635061305 0.1025419582392418 0.17293582943340263 -0.2861848079831501 -0.03809430744906904 -0.04861927967146853 -0.16705627263641945 0.4129645196403906 0.06776171284469827 0.0536684244258953 -0.2652091730091659 -0.06720091330455857 0.06281823224399405 0.0311422895421315 -0.005656906277837399
-0.5137866180444804 -0.40283605848743476 -0.05350766248551787 -0.059199487049533234 0.07333656388651394 0.007724987600168677 0.3874301613943063 0.10254453050757223 0.1730956233344203 -0.2860983386045123 -0.03810380938845096 -0.048682938742488066 -0.16692872541907516 0.4130518256070654 0.06787186677531722 0.05353473912797694 -0.26505558602328505 -0.0671604089162375 0.06292319153277767 0.03134800110750155 -0.0055202499216913305
0.01168965414529744 -0.06560942711103852 0.11652817790325425 0.230393437417357 -0.0652277875120414 -0.044474412495231326 0.05728119687636906 -0.1876463482214914 -0.5702578494900923 0.21337239197549343 0.18391905388528876 0.0742706974194091 0.4616711942888612 -0.2595548703974633 -0.29842942783890397 -0.125571761219787 0.1447013080892926 0.2392005875658228 -0.02668334478996632 -0.09833357322755744 0.015343893129899889
-0.5139172028772919 -0.40275655801281374 -0.05363631359195328 -0.05884682829127798 0.0732805192643619 0.00784459287015696 0.38742785950400693 0.10274506721059981 0.17313910084283426 -0.28617521461005324 -0.03783316059712693 -0.048304219475497456 -0.16692715160591634 0.4130358604869982 0.06765229819046628 0.05362468764567433 -0.265040503214509 -0.06706952710605328 0.06283422167676962 0.03112288240879656 -0.005713665508169124
0.012061800173062045 -0.06505711439803157 0.1167304656307882 0.2305556900989405 -0.06497930127718131 -0.044651906467209006 0.057168231200407746 -0.18764036095364853 -0.5700557409282014 0.21397319165274803 0.18414651301981574 0.07443808577016918 0.46120459448038514 -0.2595803822781366 -0.2987363647378597 -0.12571134325339392 0.14509631915846016 0.23889724256670802 -0.026913152651065166 -0.0985848112138916 0.015536220736725356
0.01207482202401171 -0.06542361331611449 0.11685360357582433 0.23054053836894378 -0.0654563776303023 -0.04484650961019775 0.056810769412749984 -0.18807257443730607 -0.5697369618148068 0.21384625165418514 0.1843954899012712 0.07455423015375565 0.4612510214125082 -0.2596674152724859 -0.29861543205293295 -0.12555597736878696 0.14465208721137526 0.23934282025577858 -0.026188665369924227 -0.09870171203628916 0.01526595457326811
0.011719181266356855 -0.06559297885635915 0.11666494466945514 0.2302052090501904 -0.06507488944730716 -0.0445411617229171 0.05669031922984143 -0.18797298581957905 -0.5698814277242082 0.21362846200727503 0.18417855953947593 0.07439677535609607 0.46189034966494186 -0.25937555519359273 -0.2983609425857639 -0.12595102671944833 0.14480249966418493 0.23924187660477536 -0.026966277781636756 -0.09833503563138797 0.015083539033816288
-0.5137342228021674 -0.4029403514764821 -0.05349152100494068 -0.0589460518494162 0.07307445230979903 0.007707934042830023 0.3873500634969299 0.10262989516857396 0.17293980533223466 -0.2860942621226501 -0.037978651784518036 -0.04857982615166849 -0.16702692465534838 0.4131196176367235 0.06761332808812844 0.053609527034131174 -0.2652602073604481 -0.06712960993606963 0.06294224939853732 0.031249024146777903 -0.005344171406194849
-0.012422378814739603 0.08399285749392547 -0.04968563966621413 0.007562023262043245 -0.0007596027470303017 -0.00035268923175328876 0.09960803407840918 -0.6747500153128454 0.18290113635631305 -0.009317135625538858 -0.002829092366230411 0.15229011065844542 0.5828018854348298 -0.07655819660779076 -0.0030001714585844047 -0.30187520657683253 0.16781423112790464 0.005113352581835306 -0.058696628147066825 -0.004836869048216932 0.0013370231350981596
-0.012365306052318246 0.0839647042817978 -0.04971761996352537 0.0075775918947161005 -0.0007468471259255828 -0.0003273049603720675 0.09958516290252119 -0.6747694492064145 0.18291785017099046 -0.009308627256955922 -0.00283948427391394 0.15229819265270098 0.582777449105964 -0.07655991161549044 -0.00299364360993247 -0.30187619173889696 0.16780073461386338 0.005131518221046518 -0.05873502035643797 -0.004848469466993677 0.001338900370339231
-0.5139373009757745 -0.4028827776309507 -0.05357691194120696 -0.05913241990721935 0.07319718262943849 0.007833061421016332 0.38708349036463235 0.10267150815601028 0.1729212399532016 -0.28620064365993814 -0.03803733593095584 -0.048662498206260514 -0.1669949632482448 0.4130971685763842 0.06783514372159499 0.053597399843993414 -0.2651319687286922 -0.06718644858286055 0.062710361742304 0.03130890823248152 -0.005692399896232682
-0.5139475434680296 -0.4028487108733086 -0.05360034427252015 -0.05911640522059308 0.07314887963312014 0.007817570384116618 0.3870636859668309 0.10265057641451966 0.17290021174945225 -0.2862037330210495 -0.03802628689862944 -0.048637224610123084 -0.16702918146369547 0.4131220482437555 0.06783434001068815 0.05360453343387484 -0.2651595387288157 -0.06718657799605653 0.06273801530747897 0.031331931119501506 -0.005679777068090193
-0.513949611318897 -0.40286773141807075 -0.05359350818861403 -0.05911946344017028 0.07319421716539926 0.00782505757256814 0.38705234533355687 0.1026483733250617 0.17290221175898846 -0.2862246025570854 -0.038053683985318484 -0.04864362988756893 -0.1670260075908624 0.413115740954368 0.06782513377823111 0.05362772650053002 -0.2651214110539689 -0.06719103573183847 0.06271308405256874 0.03130079706520719 -0.0056608057108536915
-0.5139360120505821 -0.40287408445353345 -0.05360272403365534 -0.05910600603297181 0.07316953387798758 0.007840464823710874 0.3870645271497057 0.10265420844963125 0.17289821857735552 -0.28619426549081567 -0.038027142128161905 -0.04863532686554579 -0.167013452930211 0.4131278157578284 0.06784550202838717 0.053612641686684066 -0.2651428817479616 -0.06720098148040538 0.06274040101808558 0.031308211810782895 -0.005681760465918649
-0.5139365951558963 -0.40286298900643713 -0.053593093092042486 -0.05911754827107731 0.07316055693994004 0.007849193771559916 0.38707321880376055 0.10265213694912254 0.17290341494340308 -0.2862186846641607 -0.038036733978533875 -0.0486232082090061 -0.1670201666134471 0.41310862381683155 0.0678380415052257 0.053613107897758486 -0.26515215468997316 -0.06719703904293549 0.06272786469562076 0.03130030107869658 -0.005665332160633677
-0.5139410043928573 -0.4028628105188983 -0.05357471733442757 -0.05912952074302238 0.07316921248059916 0.007836430229551225 0.3870613035223588 0.10267299916678185 0.172900150663752 -0.28621274191845214 -0.038022402124314646 -0.04865915734139345 -0.16701339399727017 0.4131208615780282 0.06783813781113714 0.05362901949945301 -0.26514160718578095 -0.06717571978455501 0.06272504145061585 0.031319396589327336 -0.0056839139821012186
0.011771090024089846 -0.06560686287943969 0.11665786999143951 0.23013828803650965 -0.06504383822952703 -0.044534256288547194 0.05664405667034451 -0.18794543159473978 -0.5699028378431281 0.21357707833776787 0.18416016933813578 0.07445710606710466 0.4618936452898808 -0.2595432688172148 -0.2983181107966278 -0.12580944821900128 0.14485903846825973 0.23922405015375006 -0.026951825429764206 -0.09837764383568944 0.015106439661394277
-0.5138371974368897 -0.40283255491487097 -0.05364968448425898 -0.05913654197019623 0.0733284386147359 0.007798874949194611 0.387337017638452 0.10265348111173091 0.1728919419932203 -0.28610988225390016 -0.038139726200833134 -0.04864822507664044 -0.16699251206761223 0.4129915396859046 0.06769741407455315 0.05364779967363122 -0.2652942104058824 -0.06717112884936555 0.06276835575720398 0.031157628623607953 -0.005595195435768147
-0.5138252875690528 -0.4027849551162519 -0.05354764990242952 -0.05899227895849081 0.07317675024894789 0.007629394905454582 0.38731285662219883 0.10266211150307707 0.17288886869820957 -0.2861647858960196 -0.0379513616704912 -0.04865995021093674 -0.1670678270133921 0.413139358541958 0.06759235482802602 0.05368815407756108 -0.2651763073395491 -0.06712371018357588 0.06284393512316015 0.03154015863427221 -0.005703362940983139
0.012284742439174655 -0.06569246477191264 0.11718901822175554 0.23087638986066178 -0.06519850644211388 -0.044388066532451705 0.05676714460777553 -0.18779268988927042 -0.5701365859447558 0.21376170513714254 0.18393757335269184 0.07437882586312837 0.4615228309748404 -0.2592411434740679 -0.2984447147683996 -0.12593773515108317 0.14477102690991056 0.2388275180156936 -0.027282724267581125 -0.09779080780559787 0.015104686414509037
0.011765390608940106 -0.06579842208673434 0.11703018452391493 0.23052347751918162 -0.06517855793014918 -0.04418408921543194 0.056746723245887136 -0.1879378233399382 -0.5698999133678386 0.21382587087391453 0.18383365242411553 0.07403167595537437 0.4616377370368891 -0.2594567068046427 -0.2985791601710773 -0.12595743249407945 0.1448965856931279 0.23908647114942794 -0.02697736487471411 -0.09806207912502686 0.015083523506827153
0.012242505075308557 -0.06603653475535046 0.11683878788981576 0.23065045601585224 -0.06534868178390178 -0.0446396900355814 0.05663698401722651 -0.18790260110152238 -0.5698785769431576 0.21344716986226803 0.18433080652852946 0.07428148406561028 0.4614417161231161 -0.2592672663182417 -0.2988906789339596 -0.12574850856867556 0.14492332238021308 0.23904254200811081 -0.02691450542940113 -0.0981951146401576 0.015366421778766843
0.011889282826102443 -0.06541712380375557 0.11667800459308086 0.2302165851261521 -0.06515196030794718 -0.044281357275228625 0.05715804510324199 -0.1883054447257922 -0.5702409419827312 0.21327052204061764 0.18387574706400636 0.07469486186717843 0.46139957144539373 -0.25952840583341613 -0.2982182177078932 -0.12594639108096614 0.14488789198121022 0.23937884600483114 -0.026469216886142597 -0.09856858381626055 0.015273426760968583
-0.5137114676496103 -0.4028439294896519 -0.053613434159416815 -0.059192190236872326 0.07313727443698864 0.007718531211908745 0.3873573618917396 0.10284215125020592 0.1729923739563488 -0.28618887312380564 -0.03825740903651071 -0.04875350457882637 -0.16701349084082842 0.4129930941913404 0.06781966533677702 0.053804483396007685 -0.26514427526141504 -0.06720887847540147 0.06298322362292937 0.031123515051140582 -0.005659773702881174
-0.5138184525854816 -0.4027824783230327 -0.05352043921663055 -0.05910785015184635 0.07333391294366556 0.007792593044924767 0.3873297195111298 0.10256538196051845 0.1730247416181838 -0.28616597188533405 -0.0381450216146308 -0.04855435606219545 -0.16704555467598628 0.41297572976620567 0.06771481419341446 0.05370622809888793 -0.2653304347854967 -0.06706682226937592 0.06286593399209822 0.03112755357132081 -0.005742300280915649
0.011489024858999428 -0.0652981169028349 0.11665019596039558 0.23015694883275173 -0.06499760638667085 -0.04438982289074011 0.057181396673836156 -0.18794197345689231 -0.5701694301786985 0.21363043891172112 0.1841796081124118 0.07440725687468099 0.46122737148908366 -0.2597944905846604 -0.2986602019233498 -0.12572717909716613 0.14463512379863483 0.23924962401131403 -0.026255599375002794 -0.0986294024684261 0.01555610032527313
0.01175976640803247 -0.06557360763140875 0.11669047903316536 0.2302365025313165 -0.06505614458179962 -0.044545830464551704 0.05670333149146135 -0.18798076720183754 -0.56981414873267 0.21364936810600338 0.18414948227960173 0.07441171502081244 0.4619119248328882 -0.2593953674467198 -0.2983812637115928 -0.12595974358703543 0.1448171145676964 0.23924840924132254 -0.026979708329116718 -0.09835048048943922 0.015064374298325614
0.011695680796512667 -0.06557104532606466 0.11667704169741364 0.23022583581874576 -0.06509653867764827 -0.044590189923686546 0.056735807694306556 -0.1880022273529289 -0.5698877026704375 0.21358233932497075 0.18416881716191633 0.0743901058901227 0.4619366295259236 -0.25932929010523553 -0.2983475185546479 -0.12598685848758842 0.1447605199637565 0.2392063163313766 -0.02697969238061886 -0.09829365153106527 0.015140046028163056
0.011715151193235379 -0.06559248806900761 0.11665233430387674 0.23015005762634605 -0.06510700086401652 -0.044557776248903946 0.056663448799265485 -0.18796913874960858 -0.5698621279545486 0.2136624959001911 0.18420454383457247 0.07440798170694937 0.4618884246306026 -0.25941131200656714 -0.2983725381165885 -0.12591508691977987 0.14479763867529805 0.2392513077524626 -0.027001928852755992 -0.09834828476468417 0.015125323515612406
0.011762269637476402 -0.06553533977284466 0.11666006926028435 0.23015876306907462 -0.06507640471424028 -0.044499010601206646 0.05669052793278056 -0.1879400006658757 -0.5698813562121936 0.21365309607609884 0.18418660368958145 0.07440887782524823 0.4618723502913376 -0.2594044507969376 -0.29843812965008615 -0.12592345849101977 0.1448341870166338 0.23921604278856043 -0.026922167882408952 -0.09832862852165232 0.015054485177136517
0.011676219379692945 -0.06556280443259634 0.11664487080717896 0.230230548988685 -0.06504574810374694 -0.044524360612275715 0.05672386882967446 -0.1879747017336093 -0.5699016268770668 0.2135823991118693 0.18413687223284278 0.07440812374742518 0.4618621342908873 -0.2594058140278122 -0.2983522281317296 -0.1259822587844215 0.14483666578861992 0.23924664185980118 -0.027013121007366678 -0.09833942598791799 0.015125516447377517
0.011693073791273255 -0.06557802741789938 0.11663592305966522 0.23016041023908668 -0.0650920296674225 -0.044525829049608376 0.05667958619429734 -0.18801899525488883 -0.56985220505413 0.21365138622678062 0.18420221210873886 0.07437311410181953 0.4618705221170522 -0.25935628089787416 -0.29836729350935753 -0.12597629266383095 0.14485096571059997 0.23929090472828687 -0.026991874437806256 -0.09838950000179028 0.015080248013009435
0.011841302669777497 -0.06549733355729685 0.11661957907461903 0.2304850636657759 -0.06512755388062161 -0.04441890096259606 0.056705623234586944 -0.18815868778759878 -0.5698725233964006 0.21404146266001003 0.18368031201950868 0.0744048267593996 0.4616393014075956 -0.25948849831563015 -0.2981099624431087 -0.12606614228098592 0.14478931809398718 0.23918043042622963 -0.02675446377009438 -0.09914035664406448 0.015696359755294195
0.01207086180093919 -0.06545887817535327 0.11661877993646158 0.23061246661345147 -0.06545775718861027 -0.0447430488874965 0.05714788903545861 -0.18769753104418832 -0.5698407685781506 0.2134703538745526 0.18380979995515698 0.07399390142480536 0.46140970338842724 -0.25965894289370794 -0.29868972255228127 -0.12562125050828477 0.145168733938017 0.23972004616774145 -0.026909005341380396 -0.09811993338665809 0.01568553405900439
0.011549847090762849 -0.06556967658653251 0.11691213995215086 0.23051262259486843 -0.06561452907585907 -0.044537290982319885 0.0569593093004741 -0.18765989805319377 -0.569923954569421 0.21458677525484812 0.18330101094176313 0.07415750784198286 0.4613440604100983 -0.2599684290893693 -0.29794199279935485 -0.12609480224541253 0.14507079998892888 0.23928655626636894 -0.027258891332758543 -0.09835574368278178 0.015560216221487972
0.011675757193421501 -0.0656571834536835 0.11623411888898628 0.23028509299458744 -0.06484241369361753 -0.04450829462245046 0.05668136649685009 -0.18768544404162216 -0.5701092397973674 0.21379754823086788 0.18390294251783001 0.07436160588148089 0.46159191695362584 -0.2597032109562315 -0.2988701665660499 -0.12558839568522293 0.14490672940767088 0.2389281451390013 -0.026101859749839428 -0.09845021130105037 0.015367551334858178
-0.5138685854385027 -0.40283578925644276 -0.0535912829971357 -0.05912724375838947 0.07336104148905255 0.0077901705021445255 0.3872854179611596 0.10259827348146824 0.17292755210322555 -0.2860835785365861 -0.03818863656280048 -0.04865030467288289 -0.1669836899875786 0.41301941878270687 0.06777748995342621 0.053642302538122986 -0.2652564787622391 -0.06719330285936417 0.06277125766672295 0.031222764191758103 -0.005615339304633295
-0.5138384431364669 -0.4028836282029025 -0.053590151491159255 -0.059103420293052635 0.07337677191971377 0.0077540558598945715 0.3873883587018449 0.1026271340690934 0.17287405712326637 -0.2861369163197153 -0.03816205808193186 -0.04866854303274199 -0.16698099563420465 0.4129259566557868 0.06773774436201148 0.05366165626269258 -0.2652198638129978 -0.06712102422558998 0.06283622775265359 0.031203899980929827 -0.00559209716694891
-0.5139567567552195 -0.40281972356829243 -0.05349085991647416 -0.05899027116286515 0.07323017230296064 0.007709344656584851 0.3869926661856776 0.10264178576314367 0.1730358519675494 -0.2860766885512165 -0.03823817596497062 -0.04866602515116847 -0.16677943117913166 0.4132204734738582 0.06784558797332775 0.0533345273855912 -0.26530152934517603 -0.06755856849849502 0.06279783497423604 0.031228570998786016 -0.005388974607585238
-0.5138015336622637 -0.4028279270610078 -0.053535491522009857 -0.059107982727633186 0.07330370484345262 0.007773911606006092 0.3873676250970518 0.10265611496637453 0.1729386116160446 -0.28617556784647785 -0.038164080996687166 -0.048670413290860366 -0.16700161272880074 0.4130102404497698 0.06776010832052431 0.05369019919934311 -0.2652063078949797 -0.06712540087887013 0.06277006193708232 0.0311440679437118 -0.005584778447828913
-0.5139679351424943 -0.4028664562671699 -0.05352108252435568 -0.059154245202487875 0.07317749558253873 0.007553419624075566 0.3871687799628723 0.10264039150626357 0.1729857004256606 -0.28615797822291894 -0.03836959256858671 -0.04877746402772609 -0.1669919211939914 0.4128980884519933 0.06791501695445773 0.05344190594029427 -0.2651578819688172 -0.06750322372688951 0.06278263469186413 0.03142924633233609 -0.005363102193861429
-0.5139621131627342 -0.4028704881007388 -0.05352069146715015 -0.059158341052061886 0.073175545757087 0.007552174347962573 0.38717004369809493 0.10264289327686409 0.17298508417509117 -0.2861608055864662 -0.0383675223025062 -0.048778564853021046 -0.16699078553418803 0.41289935267322037 0.06791158314505896 0.053437500342133744 -0.2651563033600434 -0.06750950063667156 0.06278331529358394 0.0314282915189138 -0.005362044017157502
-0.5139652559297394 -0.40287116110730137 -0.053521553431147985 -0.059154438520551494 0.07317720570920129 0.007556386754803814 0.38717011670894813 0.10264355280038842 0.17299044390455615 -0.28615583821257856 -0.03837423931026735 -0.04877950231054422 -0.16699179296550307 0.4128959324528419 0.06791424124052023 0.05344437400504867 -0.26515365670709706 -0.06750438657874293 0.0627823355236304 0.031429854906403355 -0.005361184305898918
-0.5139683487695977 -0.40286884821866464 -0.053520533637192495 -0.05915818316366619 0.07317764614855586 0.0075496368291253675 0.3871626431213284 0.10264272643153084 0.17298573520628258 -0.2861600761004242 -0.03837190822169789 -0.04877687383987144 -0.16699606613398923 0.4128966827083571 0.0679170828870288 0.05344264114108214 -0.26515891314486606 -0.06750099246192318 0.06277899066781244 0.031426697299771794 -0.005363543540470252
-0.5139603750372077 -0.4028695283370877 -0.05352333732150132 -0.0591530854416381 0.07318017652767077 0.007554839880462272 0.38716948316681826 0.10264298319128137 0.172987339987158 -0.2861608484129563 -0.03837212268914006 -0.048775928791550155 -0.16699184883063303 0.41290111190949974 0.06791008245161907 0.053445102938244504 -0.2651567441036266 -0.06750225281200119 0.06278147834592322 0.03143246871498593 -0.005361253423187335
-0.5139675665569713 -0.4028697644589584 -0.05352331717314669 -0.05915275035024239 0.073175657256475 0.00755602919798036 0.3871691027159861 0.10263943771817169 0.17298930704736065 -0.2861620705131107 -0.03836586949455698 -0.04877379903629953 -0.16699017869211008 0.4128968723890754 0.06790899443892551 0.05344528049923798 -0.2651543543039587 -0.06749963805214272 0.06277847701802762 0.03142660237012906 -0.005359965104705293
-0.5139700270267241 -0.40286568500422143 -0.05351866943718836 -0.05915900073858777 0.07317835361706984 0.0075468605748788215 0.3871677957708859 0.10264126008448837 0.17298312505442864 -0.2861538369748822 -0.03837017856936455 -0.048780602103098314 -0.16699264899054447 0.41290210602101146 0.06791461549010773 0.05344316214244423 -0.26515448608997577 -0.06749993977555772 0.06278577964346857 0.03142684305437579 -0.005362527711740915
-0.5139698654689123 -0.4028652781243632 -0.05352081550637836 -0.05915751514073193 0.07317770260889556 0.007555920965978121 0.38716394916667995 0.10264096962409389 0.1729888170641853 -0.28616214809860124 -0.038369761628018445 -0.04877535127056701 -0.16698757082618318 0.41290011405765026 0.0679155630183929 0.05343833514286267 -0.2651573417860493 -0.06749933888100654 0.06277813420510804 0.03143552301955824 -0.005359189495572198
-0.5139648842638119 -0.40286719097872703 -0.053520645687351674 -0.05915415183228764 0.07317614516276992 0.007552196654246132 0.3871664759894747 0.10264304037389609 0.17298525165371267 -0.2861598578709704 -0.03836962184052157 -0.04877749989124001 -0.1669905611490472 0.412902468111458 0.06791153560893441 0.053442115869473214 -0.26515864363484215 -0.06750353566092042 0.06278203280569461 0.03143059572221138 -0.0053598119013744516
-0.5138094132058078 -0.4028310374845428 -0.0536073380280031 -0.05905619022168418 0.07332048150759704 0.00772233833276509 0.3873864797559673 0.10272993399155496 0.17295510193479263 -0.2861830935855218 -0.03817818028556803 -0.048645238497456125 -0.16700057456204095 0.4129090948164958 0.06773327193722166 0.05364208568183903 -0.26525475625729944 -0.06710666498042203 0.06285531669779358 0.03123507550310074 -0.005661653852689594
-0.5138761279622363 -0.4028690918446752 -0.05361337011544907 -0.05897255821668502 0.0734454383754268 0.007787086746696531 0.38719856050895957 0.10278878272784968 0.17284525789737143 -0.28610149238785126 -0.03819709960083399 -0.04878941240131655 -0.1670007007138914 0.41293797041428393 0.06770736217972047 0.05358214439700768 -0.26537800152221 -0.06732846990157469 0.06277839313857568 0.031174125453425728 -0.005446785939187734
-0.5137502837189557 -0.40278880907683307 -0.05356001870615914 -0.05914091700677134 0.07329000981092418 0.007715511309258313 0.387372525361306 0.10266435195054739 0.1730380928961006 -0.2860839503000676 -0.03819144548997361 -0.048764827264497324 -0.16713017007883357 0.41302332871155056 0.06775382200260534 0.05361808335998793 -0.2652551556879003 -0.06727602174519025 0.0627643828730176 0.031022994946042454 -0.005468044558036776
-0.5137591685276206 -0.4027929946423785 -0.053516971788144026 -0.05912396261338032 0.07322944781717902 0.0077773446589269254 0.38741519822559684 0.10267811512145429 0.173037465893321 -0.2860943245978728 -0.03811482070439323 -0.04877446717712232 -0.16709827478734676 0.4130093683647076 0.06770728791877782 0.05353287074013619 -0.26526951956689215 -0.06727346949179629 0.0627482096819286 0.03097872882240543 -0.005509202729828322
-0.5137571167574095 -0.4027764498099391 -0.053737485609880786 -0.05911500811016424 0.07320834555789044 0.007884728619252539 0.387388782371343 0.10280315119577738 0.17292902086222714 -0.28603999347747316 -0.03821228671701565 -0.048651923134543106 -0.16704806847986622 0.4129822878274332 0.06779086586477334 0.05363346988234776 -0.2654152032730718 -0.06717116328498968 0.06279711609721449 0.031103471671870348 -0.005663746865921747
-0.5138160602976974 -0.40289040668276743 -0.053763580134464625 -0.05911078088635339 0.07315713402447474 0.007842205819873176 0.38737803435956714 0.10277374169789616 0.172894682381147 -0.2860467291920438 -0.03820174156552404 -0.04861784573160193 -0.16695529276418644 0.41297951694461416 0.06766279280980964 0.05361179573365856 -0.265267335028372 -0.06720643912147585 0.06281173225142661 0.031189802156796866 -0.00561584280472335
-0.5139661065205481 -0.4028716306761104 -0.053519073245697144 -0.059153630821039374 0.07318050470051465 0.0075564517222189796 0.38716401757258306 0.10264183621419061 0.17299083121733302 -0.28616024830273185 -0.038367452575294225 -0.048782018007962745 -0.16698812940716368 0.41289665652471996 0.06791656470975897 0.05344303146512039 -0.26515882286391335 -0.06750237989012231 0.06277631094333372 0.031430428887210114 -0.0053632566072039575
-0.5139707946432444 -0.4028642436205885 -0.05351766207219427 -0.059155216380779606 0.07317393543596772 0.007553448869835066 0.3871665643161832 0.10263938233413235 0.1729888497647942 -0.2861598317537835 -0.03836855436108259 -0.04877827805550256 -0.16699339035361455 0.41289956393010085 0.06790901055652754 0.05343731621045678 -0.26515770358711 -0.06749745191842493 0.06278365101180101 0.031425136009096764 -0.005362138096958579
-0.5139684000306841 -0.4028666734429746 -0.05351501437552416 -0.05915072920758489 0.07317572750172589 0.007555136614180449 0.3871706973463146 0.10264095428760268 0.17298357412678925 -0.2861581225192301 -0.03837002134310716 -0.04878146365278974 -0.166990746664311 0.4128952060453645 0.06791929055140403 0.05344068752810434 -0.26516025978128493 -0.06750770379479758 0.0627812202025506 0.03142868445645832 -0.0053579243923092355
-0.5139703187022739 -0.4028593779735189 -0.05352198774188516 -0.059155553191034604 0.07318019537709919 0.007544892329424409 0.3871733360785802 0.10264263157691515 0.17298416426094484 -0.28615594603016725 -0.03836618935885481 -0.04877496529951147 -0.1669912608923372 0.4128993747778864 0.06792023019516641 0.05344545651347807 -0.26515545537426527 -0.06750208805949792 0.06278367087353796 0.03143419653623599 -0.005364600538726328
-0.5139652710120514 -0.4028726447040566 -0.05351891304699159 -0.059152613715459074 0.0731749033877258 0.007552257279021279 0.38717080260506576 0.10264436951352968 0.17298546951024887 -0.28615380137185864 -0.0383690929238965 -0.048776153063861044 -0.16698770038862784 0.4128980572445613 0.06791334007112686 0.053450052760204605 -0.26515912312416473 -0.06749930821965248 0.06278073857242962 0.03142499083059018 -0.0053627784501164705
-0.5139679213044174 -0.40287269045267254 -0.05351934308131893 -0.05915967622634299 0.07317904250308453 0.007554261871161873 0.38716813693895946 0.10263942799828168 0.1729897948020427 -0.28615941409926055 -0.03836936928435917 -0.04877468125922878 -0.1669893996252127 0.4128915762933393 0.06792218147749182 0.05343731554112584 -0.2651558689951694 -0.06750112259029953 0.06278441485360095 0.03142855009839145 -0.005358458712106654
-0.513966676224404 -0.4028698534504302 -0.053523906353371224 -0.05916158398419265 0.07317353308257693 0.0075587808460355205 0.38716339520373155 0.10264511674940437 0.17298914583803096 -0.28615451547331666 -0.038380648916811845 -0.048777878012714056 -0.16698819833845807 0.41289940112700046 0.06791385732515087 0.053437478294750554 -0.26515985750520005 -0.06750460790646653 0.06278765912940967 0.031427693052927586 -0.005363829204381338
-0.5139645688384544 -0.4028717124158333 -0.053528730817037934 -0.05915160438019072 0.0731743529441642 0.00755345746116047 0.38716853050824634 0.1026464239044085 0.1729917174891241 -0.28615896582269246 -0.03837074956856522 -0.048774466769947136 -0.1669895020054411 0.41289523641954323 0.06791597593238562 0.05344465785939518 -0.26515502268152447 -0.0675052474267142 0.06278322621157531 0.031422718945672175 -0.00536380391392279
-0.513970200214842 -0.4028635113312721 -0.05351604822197332 -0.059154632847277656 0.07317964757971207 0.007550260032327888 0.3871670974287415 0.10264468275508291 0.17298635545568353 -0.28615635967593084 -0.03836829121579996 -0.04878357979469491 -0.16698936877103124 0.4129026102941462 0.06791565841953576 0.05343891151477211 -0.26515365630402066 -0.06750544297444369 0.06278448339034966 0.03142915914638143 -0.005359457890616878
-0.5137596535609404 -0.40281109023021083 -0.053541254097493704 -0.05917231449513975 0.07328347876269664 0.007732060964440234 0.3874133787370254 0.10267301515523347 0.17305534495895075 -0.28608138555117946 -0.038147164455466384 -0.048781446849466684 -0.16707449440994204 0.41298248913420355 0.06775098444539786 0.05355884094629281 -0.2652578513909691 -0.06723849606508472 0.06274821471023086 0.03102346307920551 -0.005462210734789634
-0.5137607060969896 -0.4028235734399658 -0.05355119411780655 -0.05915793074253815 0.07329534002911552 0.007708577964116513 0.3874247538485013 0.10268566032738718 0.17305281134209274 -0.2860891462555092 -0.0381590005525031 -0.04878178073255901 -0.1670683487273705 0.4129635022849493 0.06775746159081521 0.053566075362089585 -0.2652417800579767 -0.06724255546544305 0.062736344063962 0.0309893097338954 -0.005451541682474807
-0.5137713859645291 -0.40280430570511516 -0.05355735146285289 -0.05917816053251551 0.07328102967836071 0.00773181752308441 0.3873916761677742 0.10268238046735335 0.17303504994681174 -0.2860967086320435 -0.038158882326713495 -0.04877628373214855 -0.1670639975966934 0.4129803667260101 0.06777940340791738 0.0535697388310837 -0.26526960994874466 -0.06723688022539205 0.06274098501166529 0.031009265270648224 -0.005473500017126747
-0.5137531052360604 -0.40282272092009647 -0.05353852315831649 -0.05918299010628307 0.07326589900823445 0.007710011681478762 0.38740004224603714 0.1026758296175028 0.17305393995497717 -0.28609124300012573 -0.03816078186417816 -0.048776231721650055 -0.1670617974731665 0.4129746607620327 0.06775607015561835 0.05357986831730865 -0.2652775686426549 -0.06724579026327966 0.06274977028405708 0.03101221886087952 -0.005480699218529855
-0.5137463752415978 -0.40286424145731947 -0.053673305077922194 -0.059141761902079266 0.07319078912509702 0.007858656181764833 0.38736859703931636 0.10276868306324781 0.17290336776934487 -0.2861131939777397 -0.038122283508022284 -0.04868262195547632 -0.16699788927483453 0.41296732706487155 0.06772417695750968 0.053586419774369023 -0.2653707719894798 -0.06715567211546426 0.06283310922473048 0.03116726551287053 -0.005750185665399891
-0.5137997581651662 -0.4028171774904957 -0.05367754471989028 -0.05915951038107691 0.0731886141900821 0.007806254795186213 0.387365187438372 0.10277426608147448 0.17285279562028658 -0.2860975884444498 -0.03814179192162402 -0.04875711004495499 -0.16700606468641976 0.4129814871392418 0.06776446210210504 0.053591139295298885 -0.26533730165839164 -0.06713141802166207 0.06285846367146113 0.031151045397387313 -0.00568607307293019
-0.5138449950665323 -0.40272388651343566 -0.05369953772413974 -0.058952845694186226 0.07336833402300805 0.007526065544352245 0.38756128084979513 0.10293863757736736 0.17295547091789937 -0.2862984984789638 -0.03811479211673653 -0.048780982743736614 -0.16713903183004974 0.41262844188490483 0.06745729112983885 0.05373922725639368 -0.2651731425582042 -0.06725299064656037 0.0631856441855064 0.031083002822773237 -0.0055575907644375595
-0.5137608398815926 -0.40284468850224303 -0.053542858222957034 -0.05915296540819949 0.07328316876093395 0.007718450791432538 0.38738560681360007 0.10267792476068982 0.17304724835474605 -0.2860928718758538 -0.03817439520262712 -0.04877017400017847 -0.16705688196719182 0.4129794562537488 0.06775441950406512 0.05356469059014071 -0.2652637909735897 -0.06722593489700676 0.06273156491550745 0.03098183135292214 -0.005494439230894052
-0.5137542109578745 -0.40282185739077825 -0.05352855910909887 -0.0591384894736304 0.07326623627458445 0.007700834847706926 0.3873908860029481 0.10268772152300856 0.1730544990728275 -0.28609945841638024 -0.03816033672516662 -0.04878007654724652 -0.1670791725522705 0.41298598909222006 0.06776865363878876 0.05357686795104439 -0.2652637838799016 -0.0672313399438668 0.06274147640092945 0.030999831410750855 -0.005473361520663278
-0.5137605043543773 -0.4028150921992656 -0.05353752065579761 -0.05916164894175109 0.07325482735132419 0.00771522222313922 0.3873945034171504 0.10269478454655594 0.17306961187821127 -0.2861006945582533 -0.03816802066619562 -0.04877243711559243 -0.1670717964329473 0.41298264723516775 0.06775559283542501 0.05356318743464143 -0.265247464009289 -0.0672421939772631 0.06275386877487725 0.03101262468484405 -0.005474464143469549
-0.5137433999704236 -0.4028184619434991 -0.05355490400240402 -0.05916385379968466 0.07329486433834366 0.00770870360353003 0.3874103211026019 0.10268584027785173 0.1730615930399184 -0.2860920317907678 -0.03817336962659782 -0.04876478864976651 -0.16706990433620147 0.41297585331342374 0.06777347504600638 0.05357626840150492 -0.26525786378150684 -0.06724620952304347 0.06275438120506846 0.0310256412698518 -0.005484655365838799
-0.5137669717445885 -0.40282394873439337 -0.053534566067966034 -0.059142330647602416 0.0732844904963004 0.007719643871387268 0.38740836043981725 0.10267157177491014 0.17305126282342875 -0.2860633915459576 -0.03816115692098823 -0.04875899676544859 -0.1670594673674275 0.4129880155844593 0.06776648058056862 0.05357320889010514 -0.26526201478240236 -0.06722685536036944 0.06275296701851671 0.03100733051413923 -0.005464132610699362
-0.513769272951584 -0.4028289643465198 -0.05356707053882582 -0.05914091585338939 0.0732783189921767 0.007723697908104935 0.38738927712513815 0.10267980247467097 0.17304686801014757 -0.2860555322531949 -0.03816881265157266 -0.04877610870602991 -0.16708718047267565 0.4129942312689863 0.06775664586591938 0.053579845424997684 -0.2652453333656468 -0.06724533935901364 0.06275262096550252 0.031013358647752245 -0.005486341521179025
-0.5137588339831409 -0.4028436112272442 -0.053552807491769015 -0.05915839722768257 0.07326788124510929 0.007711096018367974 0.38737583033846634 0.10269583743017556 0.17306641673653403 -0.28606809150767865 -0.03816726120370667 -0.04878836480358132 -0.16707004592252814 0.41297999246745026 0.06776935479412227 0.053542903417002054 -0.2652737186372633 -0.06724793255281131 0.0627281935344011 0.03100807111995252 -0.005478372633542051
-0.5141014947244626 -0.4028015729680225 -0.05341290366535963 -0.05894116750679249 0.0731905650656026 0.007657251743715177 0.3871905857361921 0.10257373886693687 0.17293689231701062 -0.28624077006533644 -0.038105399233113235 -0.04858866467600672 -0.16688915073841767 0.41293766080737687 0.06787390346439975 0.0533732186358697 -0.2651625614186354 -0.06753726293332625 0.06252901190406543 0.03126588247957191 -0.005598158745744793
-0.5137550828842878 -0.4028266322035279 -0.05370433103961045 -0.05914160270803369 0.07321163200246784 0.007869317762535192 0.38735338924517076 0.1027872690740527 0.17288692146612522 -0.28609170236407383 -0.038159328678076455 -0.04869394740237202 -0.16700042312766153 0.4129995431208163 0.06775342691706245 0.0535958111132934 -0.2653874006124808 -0.06714472814968232 0.06281793309844197 0.031167571985286833 -0.005657842294103822
-0.5137547120083369 -0.4028165099578361 -0.05367900773888368 -0.05915676668121246 0.07322810690297159 0.0078850352537675 0.3873616325614843 0.10275168183988667 0.1728784325854863 -0.2860994791417213 -0.0381798280875755 -0.04870744113223975 -0.16700485381709115 0.4130058200856367 0.06775144976882747 0.053595265741737785 -0.265391165801788 -0.067115927160036 0.06282262818875178 0.03114200473728352 -0.005646249024932518
-0.5137654941097226 -0.40281756707787303 -0.05368471495271198 -0.05915090083702629 0.073213198129165 0.00785008554992178 0.3873536812264877 0.10276927114477216 0.17289706982656491 -0.2860913455279499 -0.03814542757615395 -0.04872681597319125 -0.16701885520476795 0.4130046983111646 0.06775087823174984 0.05357496631756436 -0.26536664431935497 -0.0671205136264021 0.06283454000406287 0.031171244266008896 -0.005642683716339255
-0.5137617451611236 -0.4028171576336174 -0.05354638563123412 -0.05915723304301414 0.07328481732781401 0.007725796026485828 0.3874018696894616 0.1026757939890221 0.17306025039198378 -0.28607967121648936 -0.03815185118226608 -0.04877135823467319 -0.16707135391294173 0.41297807399076125 0.0677712270036187 0.0535686838236194 -0.2652651759295539 -0.06723639995703218 0.06275246960006535 0.031006125822118258 -0.005479636068160862
0.5707572467092465 0.03345229712014256 -0.1081026068277235 -0.310411776484548 1.843024833853776e-05 0.022958389106645282 -0.02202238522750354 0.13969909724615295 0.6032764777145212 -0.0013158199245288194 -0.07547959741936876 -0.044796756560945554 -0.38964199674846894 0.0015987143948593234 0.09805720278811299 0.08430104139371657 -0.0005221327063858041 -0.06270058171506923 0.0002960534404565916 0.020301815268397094 -0.0031914514641287416
-0.513733536486578 -0.40283364525763377 -0.0536593924185678 -0.059130158707813345 0.07321695027909847 0.007841946468954086 0.3873562699549687 0.10274422848898813 0.17290739997022161 -0.2861396431845899 -0.03816321176090892 -0.048689870130121424 -0.16702213047378417 0.4129832552150506 0.06774867002821962 0.05356664422252396 -0.2653965196179148 -0.06713950019494785 0.06282168844986795 0.031165908610582677 -0.005656544687127439
-0.5139253477710414 -0.40289686415207454 -0.05354568682240762 -0.05902430679240517 0.07329818061160845 0.007872903473072646 0.3872629278096025 0.10271493847204499 0.1727862844277418 -0.2863333554072897 -0.038281374854205276 -0.048675614225425545 -0.1669064593076878 0.41294806152182334 0.06774784254172399 0.05368590920415626 -0.26506209715104745 -0.06709109741716747 0.06289165991489358 0.031124554706297138 -0.0055309047566523915
-0.5138716185169544 -0.402861160366573 -0.05362121542659519 -0.059099269794503265 0.07332238770831169 0.00790436537098098 0.38726669749162834 0.10268608324155656 0.17277274777633053 -0.28635560796581466 -0.0382916702342505 -0.048682667972825264 -0.16697681790481905 0.4129671927776278 0.06779415807624115 0.05371693391312429 -0.26507933133045886 -0.06710583450448816 0.06289790794615763 0.031055030643456365 -0.005529393110116222
-0.5138729064950646 -0.4029092294055154 -0.05361709812215546 -0.059082576535083815 0.07330896413958164 0.007840553784458575 0.3872850956925052 0.10272233086601747 0.1727728891442014 -0.28632473041618917 -0.03825699458601939 -0.04870472866816761 -0.16690241182005078 0.41297532874950305 0.06775498989370365 0.053677083276185755 -0.2650580260678039 -0.06705718618558679 0.06292430768098756 0.031114777498029555 -0.005553965069029571
-0.5139400942603198 -0.40293306722482863 -0.05358280995425715 -0.058936289664937684 0.0733606812965038 0.007846793598068905 0.3871938066816955 0.102662398735852 0.17301963017798777 -0.28614491173198286 -0.038115786117507384 -0.04863969552541715 -0.16717226745043695 0.4129210290071527 0.06762580486130422 0.05364374081285849 -0.2650420788230729 -0.06720110567043129 0.06296009271587354 0.031183101677281215 -0.005451089132979377
-0.5137225006026617 -0.4027995856744845 -0.05359823069188031 -0.05906047531900354 0.07333673164240946 0.00805265238373418 0.38714694514960235 0.10272095316833117 0.17283563871780513 -0.2861743841133848 -0.038240576855000416 -0.04877627401543567 -0.167054197026146 0.41320234268767314 0.06771372829419788 0.05363174945658832 -0.2653912186309286 -0.06708180735666877 0.06291888789069339 0.03111985989712919 -0.0054227582696550185
-0.5137486261329011 -0.40280239624767483 -0.053640035748747504 -0.05908142270525737 0.07332259474939794 0.00806564069322981 0.38718806511438636 0.10274636004722183 0.1728327941219925 -0.28616686912221106 -0.03827114499030868 -0.04879018212632059 -0.16705688132046276 0.41316768500151524 0.06774187726241324 0.05360472371390912 -0.26532168076759605 -0.06705274598819307 0.06291573497425497 0.031089985786293045 -0.005442344363025644
-0.513760984765679 -0.4028715549130952 -0.05374595872904473 -0.058961832683715416 0.07346911837000115 0.0077593065483193115 0.38741250235780345 0.10287081486539364 0.17309189553755783 -0.2859415478905007 -0.03829641838034487 -0.048671505372622784 -0.16675204231709082 0.41307173663353003 0.06813245629637905 0.05337059716069965 -0.2651128335075374 -0.06722160068499917 0.06287830791046074 0.03125619744012662 -0.00567591494124538
-0.5137521477497281 -0.402857569367921 -0.05372335305816983 -0.05894896173285413 0.07345672534014477 0.007755978772992937 0.38739957288190124 0.102895409666107 0.1730658573406114 -0.28596334260934736 -0.03829238274680368 -0.048716358547313016 -0.1667508461596724 0.4130869575912871 0.06813502115250542 0.05335840704580399 -0.26512548775387673 -0.06725605855175643 0.06289679571165091 0.031241954132055622 -0.005641626913079111
-0.5137825289740339 -0.40287255756037055 -0.053712926551001225 -0.05891412073737795 0.07348081325453693 0.007787830575141526 0.38739209742630887 0.10287443393539078 0.1730486821670966 -0.2859730856413192 -0.03827939136293764 -0.04870289854317854 -0.1667431108780484 0.41307484895666835 0.0681087803600189 0.05337975056343049 -0.2651086189691783 -0.06722296305694377 0.06287295448670295 0.031251752060992594 -0.005672194627959015
-0.5137788929411139 -0.4028430241393026 -0.05370404265708167 -0.05894307817753141 0.0734472815846626 0.007776274392482969 0.3873962899965823 0.1028671400619756 0.17305209756374587 -0.2859938916644829 -0.038284515773891664 -0.0487085875938661 -0.16671704337780377 0.41309371033100445 0.06810433319650722 0.053387003514926396 -0.26512347080608123 -0.0672178063375298 0.06287439629892827 0.03125364009151718 -0.005660140309738942
-0.513761156319424 -0.4028498879295817 -0.0537142409285619 -0.05892312614039652 0.073500064544538 0.0077607790987177265 0.3874099095616159 0.10288640508307415 0.17309799023171954 -0.28595654618263194 -0.03830894934651715 -0.04868716682622961 -0.16674182365578374 0.4130789620336556 0.06812507231141711 0.05338756546267788 -0.2651217636748221 -0.06721438215946615 0.06287617912094139 0.031249876332867806 -0.005661979543765471
-0.5137476665406544 -0.40284428285673757 -0.05373890063209554 -0.058939158597468386 0.07346932039844394 0.007754544508739685 0.38743785986842916 0.10285195825432471 0.17304900637734788 -0.28596513575612054 -0.03829959069384615 -0.04870935863227642 -0.16674879129448789 0.41308873035712784 0.06816017015755929 0.05334631948589389 -0.26511847817130213 -0.06723557046398303 0.06290710410337881 0.031226396478164522 -0.005677551050620309
-0.5137735614137278 -0.4028743634970892 -0.053726719402239706 -0.05892836611820907 0.07344885269349903 0.007764260893471569 0.3874203829443393 0.10291276759337041 0.17305871876320364 -0.2859489251669505 -0.038301526038564716 -0.048707840225648294 -0.16672669979383448 0.41305996139109974 0.06813167521769639 0.05337772688654298 -0.26512145162557704 -0.06721354168514014 0.06285716279874082 0.031241757639795174 -0.005669158343844004
-0.5137700349981683 -0.40286153867971225 -0.05374000148462986 -0.0589491479773241 0.0734839142358935 0.007796264416603189 0.38741587083100504 0.10287276790840734 0.17305232174541957 -0.28595422819837296 -0.038295740351676606 -0.048680047521600066 -0.16671780261744992 0.4130717782578586 0.06812578353336285 0.05336382981545887 -0.2651351924914492 -0.06722587842159806 0.06290316795280548 0.03123320577449029 -0.005650015665697737
-0.513787967795969 -0.4028409567100728 -0.053732782041231816 -0.05893995213037209 0.07346385496835232 0.007763705546926204 0.3873931554087979 0.10289295884756508 0.17306695009067488 -0.2859566593054 -0.03828939407400071 -0.04870935632717375 -0.16673936607461362 0.4130750403507476 0.06813926842342716 0.053369685361006086 -0.2651285772640355 -0.06723914133084354 0.06287556539741823 0.03124951626489153 -0.005643198548674663
-0.5137599978764015 -0.4028458755761158 -0.05372385779753098 -0.0589224165625278 0.07347347139219661 0.007772131831478386 0.3874103012948218 0.10289342944630993 0.17306266342839965 -0.28593382225139413 -0.038295958895482964 -0.048707410525108207 -0.16676920963739197 0.41308535514060846 0.06813827298603298 0.053381841738725844 -0.26514250026414277 -0.06722570930961928 0.0628796880541601 0.0312667094470243 -0.00566985320238673
-0.5141172366545215 -0.4029134167390004 -0.05347564961075773 -0.05931678260202078 0.07305951674515329 0.007805696835787928 0.38739622743704166 0.10234182514408627 0.17297519038915635 -0.286299324833349 -0.038372891626561066 -0.048482853725109014 -0.16667056402886424 0.41278169461108727 0.06782374664851257 0.053237749554626804 -0.26497431524072 -0.06752262592013836 0.06262534560281083 0.03131449849232383 -0.005628365681286578
-0.5136857374402223 -0.40285827067008356 -0.053624798204662476 -0.05908115357126235 0.07328261548494995 0.008040164364406611 0.3871835162857752 0.10275783466640466 0.17285940337726305 -0.2861600322516899 -0.038272272566917474 -0.048783106593473055 -0.16704893504417592 0.4131705461365 0.0677621555060442 0.053579590019513866 -0.2653769243953491 -0.06703034654224409 0.0628760400317882 0.031130690126722708 -0.005479135168352813
-0.5137583536142974 -0.40281134298054005 -0.05359501492183309 -0.05908029875973612 0.07331754100801226 0.00802310135541481 0.38715060813679714 0.10271215387908864 0.17285431638420204 -0.28619674829626063 -0.03821276064024698 -0.04877163095051731 -0.1670800371622061 0.41315067789839666 0.06763758585227679 0.05362965978203439 -0.26536183664330054 -0.06707376725451561 0.06290575677780491 0.031116772442150595 -0.005457936853444079
-0.513911943719685 -0.40276065789675003 -0.05362852045554049 -0.05909241737069355 0.07346821976586218 0.0076732322808374725 0.38715562635742123 0.1026629372356561 0.17303885127453522 -0.28613626683155274 -0.03820479545344616 -0.04868612220164583 -0.16703501912971902 0.41297312149472315 0.0677489315645985 0.05360396919633046 -0.2652667847665772 -0.06732642430440888 0.06289524801414774 0.03132854721819458 -0.005573362462883376
-0.5137472517662925 -0.40286289116122714 -0.053697034259947526 -0.058980418305505995 0.07343035373729209 0.007789656979769679 0.38742960150452643 0.10287880054448749 0.17310029883746555 -0.28599697301352833 -0.03821765530877996 -0.048684759596461256 -0.16678749328233639 0.4130452952003529 0.0680489212084218 0.053440372099979774 -0.26509547941595013 -0.06728806727262314 0.0628652737480447 0.03126915653253561 -0.0056446252164370605
-0.5137248108816137 -0.40285404274793507 -0.05372808312351489 -0.05886003274693718 0.07345920147827144 0.007728544973785718 0.3874031527295199 0.10290171485893841 0.1730922701844542 -0.2859535033253946 -0.03832576870764212 -0.04870966393504405 -0.16676957291395259 0.41312213142964244 0.06808706175274222 0.05336775852308992 -0.2651331930667375 -0.06723962595355056 0.06287544616779744 0.03127446968021077 -0.00568323212777049
-0.5137869238051781 -0.40287898626789626 -0.05368410286754087 -0.05889761356556359 0.07345454988183511 0.007755763876009593 0.38742473573921143 0.1029061410779208 0.173067188012766 -0.2859662976879262 -0.03824966560802466 -0.04870360099000437 -0.16669611502991172 0.4130274202246915 0.06813862484782607 0.05334490281644317 -0.26514047586999157 -0.06724585256540697 0.06288578870658025 0.03125838740727309 -0.005679005134189034
-0.5137459453265376 -0.4028460985095271 -0.053688776066354645 -0.05894444711910977 0.07348170608672361 0.007719825790925928 0.3874305567303281 0.102857504925085 0.1730738117805873 -0.2859449429948256 -0.03825239422149948 -0.04869891783840847 -0.16674853533562145 0.41310276590429296 0.0681130223750425 0.05340713662630893 -0.2651420028592213 -0.06722561919546996 0.06284333680770235 0.031239146281453658 -0.005712924313751273
-0.5138182804432425 -0.4028540337581407 -0.05372539199352055 -0.05892941940252046 0.07344568194334958 0.007760095309474189 0.3874532761393891 0.10288096662569693 0.1730569616055056 -0.2859573246495007 -0.03829771375473904 -0.04868226664939857 -0.1667420413780854 0.4130252213326418 0.06811467213708301 0.05336488059261006 -0.2650722632367284 -0.06725662116147793 0.06285328325648984 0.031218593171107648 -0.005678933089821517
-0.5137545030021883 -0.40285095264509274 -0.053746559218288956 -0.05892537710159328 0.07349980465519428 0.007816033442339304 0.38737778061458583 0.10289527213756045 0.17308002135472045 -0.28598184959296014 -0.038270190675606136 -0.04865974480474888 -0.16670951835391734 0.41312451357079855 0.06814091157395996 0.05335255595974012 -0.26511928840767823 -0.06721358852931786 0.06289139930975007 0.03118558140308898 -0.005671464261121595
-0.5137659554947483 -0.40285958273724887 -0.05370929075571546 -0.058880902176006736 0.07342943031130471 0.007811502208055613 0.38741566524540894 0.10290285089056182 0.1730653586037482 -0.2859636938284043 -0.03834735624651337 -0.04866829783344614 -0.16671677463936635 0.41308099507294427 0.06810147049978098 0.05337913062161758 -0.26512768107728546 -0.06724660812034954 0.06289446741819228 0.03127182566073426 -0.00568439422311796
-0.5137441685159271 -0.4028330968639383 -0.053736717156369504 -0.05891430110531177 0.07345818157275298 0.007750503084381204 0.38744309285645295 0.1028718969502124 0.17303707587783457 -0.2859908140855963 -0.03830050825174073 -0.048701329498419994 -0.16674228560553728 0.4130900793972436 0.0680592856095015 0.053367121083914004 -0.2651455464541634 -0.06726818895431226 0.0628505876701419 0.03123849178242915 -0.0056471725038875304
-0.5137561708383783 -0.40286120523919394 -0.053727268088630493 -0.05897407571545281 0.07345585723378872 0.007775667672338974 0.38742407467110496 0.10286494464754607 0.17305325767423005 -0.2859470702017371 -0.038269508506053464 -0.04869799496620767 -0.1667187129671262 0.41309632588871475 0.0681639867988398 0.053398896673050894 -0.26510461053610784 -0.06722931970957809 0.0629099387917507 0.031259576101755296 -0.005684318706935083
-0.5137589126132025 -0.4028088333716756 -0.05373814526891561 -0.05900407901802184 0.07347623629039492 0.00776900515280891 0.38743556915385663 0.10284941073592041 0.17306551958321806 -0.2859845938581335 -0.038320422579154176 -0.04869325381934489 -0.16674151687200178 0.41305347038676 0.06809578380449624 0.053359194047901536 -0.26517871935378795 -0.06724726820817091 0.06292151760355269 0.031191689845415007 -0.005624808225136452
-0.513765540507111 -0.4028351911604931 -0.0537484102874089 -0.05894122196953722 0.07346168734990527 0.0076783393794611025 0.3874485129497833 0.10288404998654072 0.17302112343543985 -0.2859212483434021 -0.038294867046041674 -0.04876602211981833 -0.16676217663649023 0.413089153837341 0.06809150121883631 0.05339317497037531 -0.2651316741232726 -0.06722039202591963 0.06289343363033174 0.031243233277407304 -0.005675191988061747
-0.5139620283665688 -0.4027414752067706 -0.053565140675414194 -0.05910378363912869 0.07324011598716125 0.007558751831678353 0.3871500759991533 0.10264180638785059 0.1731464392502307 -0.28602293372766696 -0.03825919183308723 -0.048684588330139854 -0.16698894680857876 0.41303963045687786 0.0677651387819336 0.05340198894275541 -0.26532126115085836 -0.06735093576795328 0.0627938943998385 0.03131062481220214 -0.00542607344877315
-0.5138634497535233 -0.4029151227092132 -0.0533883339931241 -0.05904690881399376 0.07302637378092394 0.00759877235202933 0.3872658614267887 0.10263184560392655 0.17324911615129435 -0.28597725580578437 -0.03812784911711242 -0.04850723437595919 -0.16697815558848342 0.41306434296438804 0.06811768604282055 0.05358448740329097 -0.2651041910161615 -0.06709079023297874 0.06281578103632357 0.03144075123258112 -0.005684892821187088
-0.5138862335332306 -0.4028228133066299 -0.053619013494488305 -0.05917272416987503 0.07341420747309384 0.007642298332562061 0.3871100823431499 0.10265433763125395 0.17317879113411389 -0.2860861048602239 -0.038109426174567085 -0.04866522768139655 -0.16697183944404004 0.41296614464036596 0.0679361600477144 0.05342780845670132 -0.265308811908032 -0.06747132030619932 0.06276836013405775 0.031282976064917194 -0.00558785740097963
-0.5137832509870043 -0.40283116981849726 -0.05377518336839498 -0.05905376276286641 0.07343369805130072 0.007787028125970068 0.38735193050349714 0.1028226611799744 0.17303368654896187 -0.2860394250226884 -0.03828842734774546 -0.04871310770512755 -0.16677404047944752 0.41305732565374914 0.06804423815884836 0.0534030818343527 -0.26515627194383073 -0.06728586154183806 0.06290602200375602 0.031183902970700852 -0.005716423628732597
-0.5137312239575139 -0.4027746262576162 -0.053632904188414106 -0.058952580933631434 0.07346418004554697 0.007791498727510398 0.38748921155772836 0.10281199800289607 0.1730500591436143 -0.28608528767785213 -0.03823331315756255 -0.048697816987547556 -0.16674262442216647 0.4131074312815813 0.06812395161557828 0.05336496795546267 -0.2650788717340455 -0.0672130172297855 0.06293200624568451 0.03120600572241604 -0.005698407570298786
-0.5137933310004391 -0.4028266283052038 -0.053783302301194776 -0.05893037287541308 0.07347044474066136 0.007794242181668208 0.3874173408537195 0.10288705374189017 0.17301185294579421 -0.28599124471613735 -0.03834807072026471 -0.048663657296932755 -0.16670779402277647 0.4130325357277649 0.06810799560490037 0.05335268746851407 -0.26518537097340683 -0.06724983187312997 0.06286969342523156 0.03128438468026157 -0.0057066629998259785
-0.5137975237720792 -0.40291129229621575 -0.05376131649876196 -0.05895716190823297 0.07347344121537126 0.007789792544245305 0.3873724915296717 0.10291395845219009 0.17303322779935212 -0.28594438707984315 -0.03825233084320443 -0.04873724585564671 -0.16672769776177038 0.41303559381625127 0.06816555853681336 0.05336152005548636 -0.2651068742687174 -0.06727164276688362 0.06282156809055667 0.03131221819444804 -0.005718906022403617
-0.5137024741663211 -0.40288282410060106 -0.053782435696407706 -0.059005700180284004 0.07353651192136901 0.007773804738587401 0.3873998477179812 0.1029222000784631 0.17309872284207758 -0.2859725007797834 -0.03832121292045853 -0.04874154478521539 -0.1667862222897188 0.41303838628555356 0.06810223298267323 0.053323127026166595 -0.26517514440119117 -0.06723814252791285 0.0628316374082851 0.031211959896475527 -0.00575863767627233
-0.5139553793167287 -0.40287961734434247 -0.05360365813074551 -0.05922344664629128 0.07317994431991104 0.0075867594051385115 0.38738534695109744 0.10258226251807515 0.1729851747108153 -0.28612544995369965 -0.037829505428818716 -0.04861529157297516 -0.16671759265215266 0.4130339684488186 0.06770672746865336 0.0534790470618404 -0.26499554590496577 -0.06752683588486107 0.06286368461992982 0.031108386529176107 -0.005426683966325196
-0.5140982196394546 -0.4027121865757844 -0.05377213663011168 -0.058838813340431236 0.07306234639998799 0.007523500984094357 0.3871214895983853 0.10276572938908725 0.17298193056520486 -0.2858181327201651 -0.03812578734473316 -0.04863087099780699 -0.16702935391234003 0.41301767775834236 0.06796555921194115 0.053498253372382204 -0.2652839364394835 -0.06764023676218724 0.06309326147446664 0.031543047139045516 -0.005508555223015949
-0.5137612947572628 -0.4026768507829831 -0.05380489549220981 -0.059168937645318324 0.0732499633907596 0.0077407901311302195 0.3874099907044877 0.10269974423243712 0.17299847674705565 -0.2862770075679537 -0.03821821125950205 -0.048585007013755205 -0.16701239170704762 0.41290672605499196 0.0675809711291939 0.053553158684290225 -0.26531882294516873 -0.06734822860249476 0.06322939984900894 0.031011430817435653 -0.005625703725330176
-0.5137053378496538 -0.40287228999854685 -0.05367948668671643 -0.05899318549164518 0.07318836698042341 0.00758148991526011 0.3875233581406468 0.10267880113757887 0.1732946123594407 -0.28605191322638535 -0.038407588980669816 -0.04856115188470805 -0.16698197312840907 0.4129362251029833 0.06756605010544477 0.05333375812386728 -0.2650589107833582 -0.06755728478338717 0.0630936300290743 0.031260458529847795 -0.005523184783713556
-0.5137479394505337 -0.4028246425545482 -0.05375695371530612 -0.05928007803392035 0.07302239711105162 0.00761075161477971 0.3871340459941376 0.10289819373042296 0.17324371054098833 -0.28644633630573635 -0.03823792702260583 -0.04876138221480155 -0.16695416537852772 0.41290647912092093 0.06775330629153827 0.053367350141812375 -0.265035777407165 -0.06751040302062343 0.06343431129685546 0.031227218272296093 -0.0055692861311814135
-0.5137248260658177 -0.402769160411625 -0.053883339455908036 -0.05898769140132127 0.07313101401916086 0.0075534534638938885 0.3874622118792621 0.10283308525205818 0.1730258866151008 -0.28603065265293803 -0.03809051616968659 -0.048615500468356394 -0.1669919663354335 0.41300325719573655 0.06776011237068422 0.05350088085339803 -0.2652603703937231 -0.06736375765782794 0.06323783309794445 0.03107131831482263 -0.005569102836318475
-0.513760390317485 -0.40283747130273534 -0.053771228848828755 -0.05910810897348421 0.07328890254345666 0.007644275590736719 0.38732180541038747 0.10275084078138305 0.1731476307398057 -0.28600550554368187 -0.03819666109645625 -0.048649079846284776 -0.1670374056918163 0.41292858344255845 0.06749254434997332 0.053467295670802835 -0.2653852363938527 -0.06743108547001375 0.06310629202994607 0.031014303775443994 -0.0055194776726826995
-0.5136831297327648 -0.4028856750635875 -0.053673326965564136 -0.05903561575485091 0.07329492824823554 0.007617449411967564 0.38729314776588725 0.10279468351809712 0.17313110413544489 -0.2862895610552158 -0.038251500798350366 -0.04862530585349102 -0.16711241093979803 0.41281437696532935 0.06767290456360023 0.05353054642832197 -0.265330388012975 -0.06736647217522684 0.06292517112992242 0.031210661588368938 -0.005532273907897669
-0.5137410465411038 -0.4027517004778225 -0.05383889512888054 -0.05905614594761381 0.07328531452803484 0.0076131341326543525 0.38734014397522637 0.10274261710011137 0.17302357941792745 -0.28603974979267227 -0.03820126611132993 -0.048621392635071425 -0.16698907225495307 0.4130350338360655 0.0677403167225247 0.053552838267115134 -0.2653286709815596 -0.06734130392560549 0.06327148818814181 0.031147779937706652 -0.005565920520801554
-0.5138374149290827 -0.40270546423486575 -0.05370301444232126 -0.05911226862567722 0.07337767585285135 0.007632821021470215 0.38737210591886406 0.10264619155346875 0.17305742366640461 -0.2860442401275746 -0.03822025775636739 -0.048538702736246137 -0.16697767243768974 0.4128786356864062 0.06777842880215491 0.05373451932542076 -0.2653817807473385 -0.06739573437658314 0.06323950956653089 0.0310922054470011 -0.005566009638627212
0.5708461836556981 0.03355325829853667 -0.1081442387737987 -0.310477262033721 -9.674475495897971e-05 0.023076092552951497 -0.02183449498671617 0.13929385993809618 0.6032286723523864 -0.0013250840169938688 -0.07589627946831674 -0.04452385317978835 -0.38954666055381537 0.0019298774995219173 0.09831473324490331 0.08429973586399864 -0.00038986785049932983 -0.06264616833161324 -4.569958095847118e-05 0.02044609346963922 -0.0033112638057234225
0.5708145433649501 0.033550106469780294 -0.10836445697654963 -0.31067420821239394 -6.390093668683009e-05 0.022840229189289223 -0.022097354052168002 0.13939005743401922 0.6032239016829555 -0.0014546160119274332 -0.07532614769231585 -0.04451709759902999 -0.389503284150729 0.00174402224995771 0.09813489778577715 0.08426385230395246 -0.00031945824570633896 -0.06276651072864016 9.377561895030178e-05 0.020257134131409647 -0.003236172769704129
0.5708248331591553 0.03332900109540094 -0.10812236125067268 -0.31028235778084984 -0.0002548027159371846 0.022875934237908072 -0.021887794778001235 0.1398421797094573 0.6032306168363122 -0.0010695286643148346 -0.07535265731543804 -0.044953794729551085 -0.3896496122642475 0.001619632716634444 0.09811113759656821 0.08422184851021933 -0.0004697898543960758 -0.06292551324529175 0.00032775457612900516 0.020448703844795493 -0.003236175626629835
0.5708269171429686 0.03363913370268954 -0.10837834928733281 -0.31050554390005153 -0.00032466684591458 0.022772197694823568 -0.021905413429826038 0.13925622902691548 0.6032268163680521 -0.0011781160218160896 -0.07545039945135511 -0.044566362558006514 -0.3896724074645202 0.0018973357412359517 0.09819737587862094 0.08415656738923352 -0.000361945631787943 -0.06254501998491648 7.809899455679836e-05 0.020366793652411005 -0.0034195488345484452
0.5708286862574732 0.03343848962732936 -0.10814376274666669 -0.31028222178922815 -9.627891812668141e-05 0.022917832974344177 -0.022028121315891824 0.13953596560793124 0.6032749535199252 -0.0013266517063402605 -0.07541611068672038 -0.04499274216931972 -0.38965856506133506 0.001741068982185217 0.09815000206683094 0.08416169513044792 -0.0006818499790996265 -0.06286105787119803 0.0005188274342210541 0.020371037374000065 -0.003248557078897263
0.5707868682660879 0.033227252938120476 -0.1082864136044708 -0.31040102985974904 -0.0002976888184120195 0.022834981787871404 -0.021836196465753837 0.13962058821780843 0.6031337702406284 -0.0011409319061163764 -0.07542331832675982 -0.044924587879857106 -0.3897752775551963 0.0015936321755511541 0.09812303579410488 0.08425080869292276 -0.00046790302159489984 -0.06294789001327886 0.00033642347249435693 0.020642844633958223 -0.003197994749759968
0.5708417543571237 0.03325846601038177 -0.10811353999287214 -0.31008091038603103 -0.00024974597588632146 0.02284772670390056 -0.021864347696326763 0.1395068858510062 0.6032752902967567 -0.0011110181741328055 -0.07540492692876387 -0.04485828326745569 -0.389890316063117 0.0017557858402344245 0.09796588821465196 0.08450754233658074 -0.0007080922684744908 -0.062488490949612154 0.0005902921975350914 0.0204428089405704 -0.003482183621554459
0.5707580313817189 0.03341666603550234 -0.10821502256796188 -0.3103083488978774 -0.00011321663154816913 0.02287482005290939 -0.021953990433928594 0.13965868789787417 0.6031853213223556 -0.0012798244252926272 -0.0755003635902042 -0.04485752108838479 -0.38981225967501704 0.001658995621928905 0.09823392787900509 0.08421907670963448 -0.0005010203826099825 -0.062766905783386 0.0003111032142867066 0.02028165421212403 -0.0031431392055495553
0.5707139468919914 0.033420401806539435 -0.10822172297923151 -0.3103953487590273 -0.00017452327821765925 0.023022861681105275 -0.021962955610624616 0.13970740675048976 0.6031841398213011 -0.001310125184013933 -0.07555847451513494 -0.04484647868035545 -0.3897641342348617 0.0017072032547007815 0.09813703512907551 0.084279782868751 -0.0004434246617269664 -0.06279923435438448 0.0004024057439790876 0.02046844008237616 -0.0034225307694040912
