-0.03683799324564583 -0.3715040946506703 -0.6634722251045878 0.10658719475783228 0.45934929242159533 -0.053526305816394074 -0.1611948610377509 0.07365482584127302 -0.032014875580185696 -0.12599074822686882 0.030388538412470228 0.08313887039582687 -0.03182686831266668 -0.28576957551844095 0.08739295374494548 0.11337812600381537 0.03777144953445495 0.07357904075247695 0.00848273577426821 -0.08608425866093794 -0.14686488435112854
-0.06349590130383266 -0.3634555269834862 -0.6664611860430787 0.0919935828324134 0.45758117480205845 -0.07597525083182678 -0.1869837264678289 0.10865881538688427 -0.039377294066711144 -0.12801969821046222 0.021360329667761725 0.05959153678033651 -0.025439262659202128 -0.24040574997016198 0.10295613710344252 0.12492767019286674 0.008372827808364493 0.0970385730601069 0.010865681007376034 -0.11467274539249131 -0.14128731990820614
-0.03413514268296622 -0.3586682834613318 -0.6650018171906813 0.09432203985314777 0.46444348906231786 -0.049046775907645696 -0.17810618802455946 0.08674680076688635 -0.019668099425383227 -0.14622649859146264 0.0075662765576165105 0.0911407022386987 -0.05283054567087637 -0.26258038453690047 0.07409992870270915 0.13389366607881903 0.025487251238205343 0.08720535255369279 0.004424776581375591 -0.0825400832602195 -0.1460481878921302
-0.012953936094978689 0.08400379442666539 -0.050627514099347924 0.006656328064956882 -0.00015670357042673447 -0.0003396413214091656 0.09870960812150957 -0.6751273912554744 0.18434423270377118 -0.009738705157021296 -0.004180029865688352 0.15153588681814809 0.582412047762146 -0.07659799257046587 -0.0023941726492844027 -0.301577480498981 0.16745468138610436 0.004527798292211198 -0.05873914928944809 -0.005380420529968847 0.0016082411416940678
-0.014094097313791592 0.08482567439400435 -0.05089134985709688 0.006802689433052473 -0.0007202530491625729 -0.0003336619259207304 0.09892456878606722 -0.6750818016460743 0.18300177142310362 -0.008856267908155383 -0.0029432566154051387 0.15103362356363997 0.5825822966789069 -0.07756857075318421 -0.0027387245350330796 -0.3021916538607183 0.16734204804283892 0.005244484637384895 -0.05714460351413727 -0.004003966516051175 0.0010004962693067655
-0.01337835320082801 0.08400420542081749 -0.051049348869209824 0.006767877864520173 -0.0008457933581066833 -0.00042528192608603144 0.09881067725626297 -0.6747818885888399 0.18306255455750367 -0.009413916960356454 -0.0037451446733238565 0.15229610244713154 0.5824725722091112 -0.07752781687960762 -0.003979522277504342 -0.30188976709279175 0.1681529996829488 0.004462072683883157 -0.0586899816362133 -0.005328664613850714 0.001549877476220124
-0.013428249240065212 0.08435342370809218 -0.05048771286194453 0.0063528778959695605 -0.0002969748094839449 -0.0003279923856108529 0.0994948183568484 -0.6754332210171052 0.1825880389719149 -0.009266223750423288 -0.0035603552495655734 0.1513791753613241 0.5821321749021724 -0.07700814327119813 -0.0027040685148474576 -0.3022399857112108 0.16747499574210742 0.005000844135576615 -0.05816534678289515 -0.005386848508199972 0.0017957996779743566
-0.012778923904192547 0.0835271905530391 -0.05096129798312519 0.005505085629600092 -0.0009343768997656933 -0.0003906291844397164 0.09865940061202172 -0.6745793754260191 0.1819374165359986 -0.008176572025540644 -0.0031396606880758817 0.1523165921707529 0.5829187322370022 -0.07777036986332532 -0.003811196489076822 -0.30213241807166413 0.16884815624322916 0.0037882615125594036 -0.0579834468904622 -0.005636849680069586 0.0018227167551443696
-0.01427255053826681 0.08461165479079741 -0.04882092753504594 0.007203972493784842 -0.0006163768262024109 -0.0004308682183103101 0.09739995603754374 -0.6725782729899346 0.1812107523530918 -0.008604003731217242 -0.004293442664192209 0.15077221320321507 0.5849042862465983 -0.07498120965286097 -0.0037624771406982904 -0.3035921739425743 0.1722585586230184 0.0033669801112276914 -0.05543361406038415 -0.003790239769586737 0.0013049412118100122
-0.013569591441124611 0.08504952898805886 -0.05217329069826655 0.007853904564291221 -0.001056778614618411 -0.00041427363638510027 0.09796898759432146 -0.674799512763479 0.18260521028649515 -0.009792908615388158 -0.003213051753808569 0.15175962887500027 0.5828216784888344 -0.07665969312129453 -0.003010497506351872 -0.30202921708551833 0.16767088744697534 0.006114294855721119 -0.05830566921307216 -0.004770580629349149 0.0012217577537810328
-0.012805350699286256 0.0840520557165482 -0.05011848124652353 0.007143546364669934 -0.0004991967327294107 -0.00046646388737560694 0.0995036057823469 -0.6742534355048114 0.1819233975150955 -0.009989953843951729 -0.004632054360801278 0.1509672897214424 0.5834035720921525 -0.07772030762276211 -0.004920606490751122 -0.3032166123791406 0.1673044389291009 0.004997815722111318 -0.057164351795762965 -0.005491214566082484 0.0015434030681184938
-0.012667186285433656 0.08468539347609597 -0.049699380993771414 0.00718796804969201 -0.0009694573320519483 -0.0006068071359196933 0.09970526504399109 -0.6738113359591557 0.18289834585303938 -0.009577111624143844 -0.00451876424240448 0.151684852750596 0.5835672136440392 -0.07813157391966964 -0.00464159545545914 -0.30307710457904796 0.1664450187555386 0.004188536571860238 -0.05775971376045139 -0.004268027740128362 0.0011945208459064299
-0.013293517894605101 0.08324032730523483 -0.051038810817966976 0.007008311767699414 0.000660972386885438 -0.00032368320238075295 0.09801388874549527 -0.6737869206647088 0.183169658061325 -0.007561887912423632 -0.004339794151183796 0.15218582771619352 0.5833117894565232 -0.07926943873578236 -0.002100974337719724 -0.3019841584438393 0.16928590325639778 0.006002736606636463 -0.058374520498072305 -0.004352667946612466 0.0010466436669078099
-0.012640474279865891 0.08609638002252525 -0.05091204753317922 0.0061147931231152215 -0.00040564647120535936 -0.0004148624020255066 0.09749543534338899 -0.6744420812251499 0.1831826496058337 -0.009299680913707031 -0.004037420444624003 0.15158164354950568 0.5830027019703892 -0.07751727853869282 -0.0038186816542366527 -0.3018124321903657 0.16819002570344713 0.006966574701053017 -0.05844349264318279 -0.004978687206797174 0.0012131662877389955
-0.013729055853581173 0.08496457571308114 -0.050227918275999796 0.007851824959624063 -0.00013070058816019303 -0.00029463593657654344 0.09716015828307904 -0.6747235059464138 0.1833364055009577 -0.008749655244141917 -0.003252529484844632 0.15213277237875097 0.5832701776853761 -0.07901462780584528 -0.004641098325447521 -0.30026523142287664 0.16875667850914966 0.004924372228713064 -0.05750848633692204 -0.0056032620069738125 0.0015577885741895833
-0.013311549252578452 0.0850445264428379 -0.051369348279472836 0.0069862888487683605 -0.0001356185705930108 -0.00027427007300292203 0.09720568892983426 -0.6750443420744887 0.18287055645984304 -0.009221836340548033 -0.0032246319559673243 0.15072591426673373 0.5838500676180859 -0.07821683200260117 -0.004497243536677706 -0.3001553320413374 0.16708175373251521 0.004682961015500187 -0.05851571131059053 -0.00598114716371257 0.001731914564225114
-0.013138343011853803 0.0836269794690991 -0.05095359722049765 0.008073930348970443 -0.0005944406492258043 -0.0003235143660844663 0.0984120432487469 -0.6754243042786013 0.18284601202640563 -0.008762670487751398 -0.0034028628138260686 0.15131870852935828 0.5825623009570935 -0.07765479013054238 -0.004402051946705691 -0.30136417632393425 0.16785464515352336 0.0059159865592727495 -0.05802138228979294 -0.006469887659054765 0.0018246642054005548
-0.013773867565104602 0.08597020516524626 -0.0512237396627166 0.00519580213218188 -0.0009305658569000277 -0.00043198322405318636 0.09968692303260325 -0.675146042380633 0.18411194454054877 -0.009599005440343762 -0.003905259159826856 0.15158693592010383 0.5813501555987495 -0.07959946205253442 -0.004565906121905317 -0.3016869378531521 0.16783500180460542 0.007726018824370328 -0.05866139549108322 -0.0038408391134167677 0.0007065953620936858
-0.014497853475259668 0.08583215056181166 -0.05230033833468115 0.005941707496720924 -0.001078773609704457 -0.00034971724705025415 0.09863970064012424 -0.6746855173112806 0.18525485402153283 -0.00998452404818261 -0.00322616956883868 0.1517437761286332 0.581456211165299 -0.0794687112335581 -0.004364305079178909 -0.3020097102846201 0.16803861964730557 0.007163538331468421 -0.05762058537852395 -0.004452393412948228 0.0010020645882944195
-0.012922068699440898 0.08410610803318236 -0.05115669971818326 0.0071104811124332815 -0.0006518109592633566 -0.0004111898273688354 0.0988122090062892 -0.673930229751698 0.18337800745043545 -0.008175929443302383 -0.00413089488325691 0.15224237478689015 0.5835544495532907 -0.07771905122596832 -0.004006257861941035 -0.3014758440157239 0.1684695592775824 0.004926015353619234 -0.05778391954764955 -0.005368143397231268 0.0014942555274525637
-0.012643842193712593 0.08446602756606099 -0.051193952033403045 0.007258217545462456 -0.000763525886307936 -0.000364079978600224 0.09778751906953465 -0.6750034353480623 0.18291504683832385 -0.008152233725009873 -0.003110194572476631 0.15245177485063655 0.5815233729075027 -0.07821314958932578 -0.0030785947831688063 -0.3032046590768165 0.16893022962836687 0.005219089238849219 -0.05680215497980009 -0.006261443439949819 0.0020380663428955182
-0.0122678828680766 0.08456032838971435 -0.051669191704945654 0.008756045204309023 9.636121930214144e-05 -0.00018833516905581858 0.09752432918954723 -0.6738499702326027 0.1845274093938245 -0.010484599655646642 -0.0027309965710762348 0.15161765328159535 0.5827782874486157 -0.07460046202540234 -0.0014315271561661208 -0.30523075535700683 0.16609662872054473 0.004207845088981633 -0.056754207379595065 -0.004461302074006574 0.0013519131788406091
-0.013143825328355934 0.08474248572872804 -0.050566696567796915 0.0077954939586284 -0.0006604926583494345 -0.0003109881554073842 0.09809299330732238 -0.6756185520682199 0.18305411530814694 -0.010028768177366826 -0.003020559950053992 0.15276100687052616 0.5818958922012035 -0.07857731469852641 -0.004310787165427643 -0.3007538368965399 0.1683466462044464 0.004785995408412039 -0.057834012170312435 -0.005581760486906307 0.0015667873323404777
-0.012439151685611041 0.08389716546759117 -0.0512453990461005 0.007412600766997789 -0.0004719674443394183 -0.00035333281034138496 0.09844295066368214 -0.6746533949975335 0.1823377439784636 -0.009972964215883803 -0.0034193562793303836 0.1526392889971059 0.5828664670886549 -0.0784808434822463 -0.00416608311259563 -0.3019877288538919 0.1679839614529769 0.004477701729122625 -0.056950975412760146 -0.0053887762681035884 0.0015339821782599124
-0.012466091303923451 0.08426043897531033 -0.0510233405127348 0.008601518458328484 -0.00024332369329746627 -0.00029304107305741365 0.09867139674464581 -0.6755298568902215 0.1824247098029781 -0.009172799084001721 -0.0032923601939799972 0.151279250180619 0.5823348857892185 -0.0791428520270515 -0.004196791475507642 -0.30134421968139935 0.16780193808887625 0.004458775389095083 -0.05760440926394242 -0.005468633558899825 0.0015675511077943712
-0.012311745914193713 0.08360070525856371 -0.051259544288318165 0.008253962786196471 -0.0009456020437946158 -0.00043516445170269487 0.09795097336263553 -0.674794391716724 0.18238005552502445 -0.009562401641156099 -0.003349470396562813 0.15290235311497266 0.5826567545905684 -0.07904710252385522 -0.004216738969117619 -0.30168678587434444 0.16854322403484626 0.004605809024541487 -0.05697557066898213 -0.005462124169317563 0.0015282804588054042
-0.012685144905363571 0.08493380715183102 -0.05149165606178296 0.008049443113361242 -0.0010886173231071886 -0.0003171060430474251 0.09826432180183861 -0.6752861861558727 0.18272518518420297 -0.009892159782515062 -0.002819079525518617 0.15269598369259627 0.5822358272956157 -0.07910822767286273 -0.004707630582697053 -0.30082452005257454 0.16811775104980664 0.005192738965866083 -0.05775476650291871 -0.005261994068898025 0.001458918046354854
-0.012392357080269067 0.08372302939254744 -0.050889681256243754 0.008181516080620689 -0.0004549612381896105 -0.0002453127245183195 0.09827205318285087 -0.6747235965958878 0.18287767919268674 -0.009999094532912093 -0.002523846203915984 0.15250721251221408 0.5829294309304783 -0.07868836450517025 -0.004079849004768602 -0.30152647600987914 0.1681340395096804 0.003810414581155311 -0.056741434084723 -0.004808493465765891 0.001347942278316563
-0.012373486016976097 0.08426009868119406 -0.050632629443068226 0.007692951924896741 -0.0009198268369370032 -0.0004909753898482601 0.09751310848371135 -0.6742950452420573 0.18335233771987025 -0.008953612359540885 -0.003871422402712497 0.15166955744927826 0.5838131864080195 -0.07738596180546656 -0.004064674778583764 -0.30161241075464684 0.1675267347476641 0.004953775991370878 -0.057221126592920446 -0.006471589738100629 0.0021954004818323953
-0.011673985572121294 0.08481729239004175 -0.05060156986831665 0.0077156024587038624 -0.00037805423217781106 -0.00038743190480173233 0.09818059325197469 -0.6744959209489951 0.1827683014566167 -0.007872770127516679 -0.003420094823667394 0.15213342905178043 0.5833513397593486 -0.07768706769426839 -0.0043865493583997136 -0.3016804557727337 0.16763993973585625 0.00599137466645323 -0.05740441171858262 -0.0063864040931025014 0.0017923636446579908
-0.012034851000780805 0.08443002331833967 -0.051609355299471346 0.00760931472115775 -0.0008164740361493687 -0.00045438988359140786 0.09795214281693813 -0.6738077220372285 0.18319431381370596 -0.008317750208788652 -0.003508744185549217 0.15190467780722092 0.5841708840408549 -0.07739600161101146 -0.0046009704241196814 -0.3013589549676246 0.1679919508741493 0.006174635279159047 -0.057376319913603716 -0.006143585888708496 0.0017093049953859202
-0.013169220492980836 0.08621495071786517 -0.051987695100973404 0.006666532053003069 -0.0012086799571604735 -0.00034196382726107353 0.098205789685714 -0.6742775821512013 0.18302639795742826 -0.009745328539612495 -0.00275011396620512 0.15308946679130842 0.5831813381786646 -0.07737787595540711 -0.003478947521958815 -0.30048196523654847 0.16845481192961373 0.006239290468771413 -0.058942580002284105 -0.005545952085773736 0.0015281278674371523
-0.013075239768803006 0.08367581179943179 -0.050164084832433786 0.006141943852650894 -0.0007314569588358659 -0.0002950573704061319 0.09931857736695973 -0.674216072283992 0.18285196173247842 -0.009513320550011303 -0.0028146343561643327 0.15218471670835226 0.5838724902457125 -0.07732480694580163 -0.0019988939963356254 -0.30077327933850734 0.16840535705857726 0.005120129985199543 -0.058083202969701056 -0.005436225464852072 0.0017628294535176987
-0.01241274987736394 0.08395547428877026 -0.04956942683290874 0.007474022426756627 -0.0007579599146874094 -0.00027971841453306156 0.09950756265843476 -0.6749662136377852 0.18269096114506547 -0.009144267294103997 -0.002706632910514443 0.1522697494760103 0.5825797338812188 -0.07659155056663923 -0.0030767940054391195 -0.3019488251174578 0.1679017807886822 0.005056162600218942 -0.05881598301720824 -0.00488659865636513 0.001365691833931562
-0.012938883922736854 0.08564282988118943 -0.051003536228957105 0.0068898794928155295 0.000358997446995652 -0.000253361915759454 0.09741454447767654 -0.6745221987041935 0.1836252639437753 -0.008771813633527595 -0.0036171098712776593 0.1519661941870697 0.5826835932122865 -0.07708078727327299 -0.0036515750046370835 -0.3021460909172804 0.1679874150088579 0.006505752674711497 -0.05847727175407624 -0.005141746205727017 0.001322760009358555
-0.010984134370172085 0.08453652448166689 -0.05529812119733183 0.007371189220404088 -0.0014117867038659904 0.0005920994223987305 0.09634206600810911 -0.6740304556323078 0.18150580793889068 -0.008461737424534967 -0.003667169033137845 0.150968556320391 0.5834411918872295 -0.07967459873705372 -0.0017140397501606616 -0.30311559833546997 0.16714265725346714 0.004173114935247133 -0.05977787250265445 -0.005910669730615904 0.001587587276690847
-0.10497492633657282 0.13068334077188556 0.2484206522315691 -0.03623652654129691 -0.10008603303310483 -0.01787098783217705 0.12262112042817487 0.4668731427105226 -0.10196184870621702 -0.3761396420348589 -0.0839556811522917 0.21922340048948644 -0.09565474961189643 -0.529865370539876 -0.15753579622338215 -0.0298931544218327 -0.33164392330607123 -0.1479164103139425 -0.07782984160444627 -0.06953782181396588 -0.013047703721503445
0.08486859754667447 -0.11880036179536267 -0.08432187000455363 -0.03314961920836842 -0.004646185623299423 -0.001505915602861715 -0.26948499123976255 -0.38175306296427586 -0.2329066285431818 -0.0380960020266725 0.0016232097034127666 -0.4287027036646253 -0.5316876653690552 -0.12816898537986307 0.017243137061617522 -0.3998162340270508 -0.19373416148815803 0.039632306131187026 -0.10825740275571498 0.045597810890269146 0.020880089152469743
-0.14700725343580756 -0.08426705902969318 0.04468704714220651 0.03735318334901523 -0.09219674834152854 -0.05354158692886258 0.07863486016257677 -0.08245263822452986 -0.11136682382070935 0.3422092886504736 0.25133975616430887 0.03759599434343806 0.09846160419869027 -0.4703869253284636 -0.45944545612531396 -0.03323772625661581 0.28996167432025977 0.42273606995054397 -0.06618119805076046 -0.19457019832800843 0.03574251529561692
-0.5650983377753758 -0.41166536814727184 -0.312024094184951 0.5658646702709969 0.12050361387256821 -0.0895467043736111 0.05780107220151797 0.07648887634257215 -0.2304374989444931 -0.06462275424274427 0.05945132211884826 -0.0034702828120169687 0.02579898814372367 0.017291265889365373 -0.00945612685831608 -0.0003901787427091386 -0.000866748126157157 0.002861159205236499 -0.0032956238921653734 -0.0011590361496912666 -0.0017479846898548466
-0.18220318984877198 0.6352810610376765 -0.4243030707415394 0.5779499489139022 0.08659643854350951 -0.19039931673870167 0.01993999441222857 -0.026532871191516517 0.05701329396967729 0.011564175387441611 -0.030147373984074424 -0.0004116668154653808 -4.2890290400075404e-05 -0.0006983597571891757 -0.0009945772990659933 -0.0003371345225958481 -0.0033026453173894397 0.0005497816062356137 0.001426376594869621 0.0003503959693457357 -0.00023082302248334405
0.05211742827806149 0.019371632185268536 -0.06424796475691374 0.01909558931045217 -0.002284616851246926 4.074084592790642e-06 0.05616161592818651 -0.3723712057359235 0.16593062373842904 -0.026039625703177763 0.0010636643088087839 -0.5389170770001027 0.4803872835409042 -0.11306935606315555 0.005970279698615517 0.4633731172141816 -0.21815283312183312 0.016867308386687766 -0.15801825013801757 0.024467671193459998 0.014216815483549998
0.2682053792012284 0.14172017577327164 -0.010656601220522796 -0.16640179097528263 -0.05237230303862913 -0.0035183771363613016 0.14728101371743577 -0.020526822669803265 -0.5249359168733355 -0.2207861431080002 -0.018856514189818572 -0.010481048081185282 -0.5519299915110902 -0.34793727851192796 -0.039723734232006466 -0.19352014352700916 -0.24375027391493873 -0.04238979094754133 -0.06369484098278638 -0.023104430969151456 -0.0048145681589287
-0.5319386698988785 -0.1887879076499922 -0.23551048500505786 -0.006634862463753942 0.017210092113598516 0.0027172348576893967 0.23929573071685784 0.5982075502135027 0.025869253436967058 -0.08787372221708786 -0.017363643990870377 -0.37966417778104794 -0.03246401313691365 0.16725307007677837 0.04438003872491604 0.013742081804573059 -0.14106073859322557 -0.0564549257924732 0.04501057109930029 0.03540061882682024 -0.009225150012022025
0.3119539775282144 -0.4647153053432899 0.17618686278227982 -0.022159832055239546 -0.0025938110614556653 0.00020888160582427715 -0.591696039546236 0.44875047487626957 -0.08445798998368437 -0.012902427873706608 0.0013830957335743362 0.28569486282239365 -0.10751767414000457 -0.024718264099341462 0.003630643317476318 -0.045634281168707685 -0.020974176156516835 0.004544182837578985 -0.0066388649795977835 0.002919558856418992 0.0007748264297472245
0.11539131468626107 -0.5016699416092851 0.7412032752514601 -0.19560156341245846 -0.024050148670794122 0.01363924077083631 0.11362254406312255 -0.335896227589701 0.1329929611798697 0.021807650335674736 -0.015494111059330353 0.0380304177711247 -0.030101767765613706 -0.007449555210529162 0.007020990275309124 0.002281102190967211 0.001112530265009812 -0.0016085086424011375 -2.8423828417999528e-05 0.00018170209707298865 1.3976162721504436e-05
0.29903755890062694 -0.33293124687790016 0.6146285666801804 -0.28921644923872036 -0.05648281778715402 0.01980632443015962 0.12051527890906903 -0.4405938408028142 0.31174761202838036 0.08148752904682213 -0.03619192355631161 0.07651814783464568 -0.1098515859524551 -0.0437648350177138 0.0284991213531908 0.011981995753279065 0.007115701000374867 -0.010260253874997868 -0.001723585593966255 0.00013837617870857694 -0.0006004103332515999
-0.513867163104839 -0.40261630226678213 -0.05354840652883071 -0.05917442703336797 0.07331038489246705 0.007719182727786472 0.3875548540838764 0.10258299377991181 0.1726737653966094 -0.28619520174462343 -0.037915683261689793 -0.04867401062228587 -0.16700374011369018 0.413045632382551 0.06766052596887479 0.053470660255048784 -0.26537685599591593 -0.06690199011249866 0.06279742983027896 0.031244270743612943 -0.0055151306809054935
-0.8686390058059309 -0.38862162585672005 0.21935222806900243 0.1159413452188364 0.017468381213457305 0.0006225651258362897 -0.10076054712824269 0.11454663816372498 0.09033285323281734 0.01789701491490561 0.0007235607593703867 0.014625206298845181 0.023412532039513167 0.007357531148166986 0.0004527601654625051 0.001980512018433861 0.0010857033728548756 -0.0001848576793374026 0.0003255409738583836 -0.00019905227217300567 0.00021985926243722824
0.17395798459935796 -0.13193008172156495 0.023917614612862778 0.04479752029564292 0.006898070218081835 -0.0050043163236578175 0.2761121880982083 -0.08411445989575245 -0.2589370633645403 -0.08202606229259875 0.008252377188243402 0.09882634375610093 0.5688579611906868 0.25981061836053926 -0.048948790664284196 -0.4105928758322728 -0.3841368929766553 0.11427334874816683 0.20950238214605504 -0.11802056563073793 0.047263982305956645
-0.6792536366815017 -0.0166378074120436 -1.344736559106551e-05 -2.2497123473769395e-05 -7.224990639772198e-05 -9.231844891381443e-05 0.6687305460670803 0.013392621952516849 -5.434408958962912e-05 2.0839026569606133e-05 0.00011230729045032822 -0.2668419138413519 0.008176709618784436 3.3847388892983974e-05 0.0002976699959176273 -0.10981747104468864 -0.00861183397658839 -1.2799266011325572e-05 0.0863518414276654 0.0009523791693382135 -0.00972629264648015
-0.20547333741398358 0.0860579517827057 -0.08421367687426182 0.03378873549917287 -0.005908306231880153 0.00044128565683836595 -0.19402575850709433 0.3761590887937835 -0.22729861245898456 0.05529968177894677 -0.0039743097912420455 -0.41969865182919636 0.5060895287361556 -0.18202584155289403 0.01931081157453732 -0.37620820848023395 0.27067321894061513 -0.04419971453809996 -0.1512430866310001 0.04869509002972096 -0.02121457576373857
-0.29877971813664606 -0.19850971976578824 -0.13886367635929275 -0.017916138514133907 0.012407351687405907 0.002474174582980184 0.358044695781384 0.5012869756127895 0.09685209766990104 -0.08999914177838542 -0.022286170390994748 -0.45180305043229363 -0.17470888456159214 0.2433585540343608 0.07987813558192854 0.10510050989470586 -0.2926803387300422 -0.14399956102088315 0.13182532045925616 0.12978762794325377 -0.04668304623354628
0.7895390778532649 0.17782382701690416 0.47410865344105646 0.08778128434318992 -0.18961395953462137 -0.08340623345329913 -0.027313130067380443 -0.17901238799344682 -0.058064736540893815 0.15520027090575134 0.08257873499459571 0.015518817514555767 0.0064832162186557775 -0.0363435226495559 -0.02611200314277454 0.003793401122342952 0.004951559144413681 0.011112723397945445 -0.008746146037129577 -0.0009871340925158185 -0.004166184901134124
-0.1896605422156663 -0.04255499767701798 0.6265581514531017 -0.29755150977763056 0.06161314135642926 -0.004619795247536562 -0.018087357017064272 0.5295900027902071 -0.37722109475243315 0.10417008557475207 -0.009856600138911436 0.11189192313368154 -0.15955381703892563 0.06582934313230758 -0.008195729061509786 -0.022460469653252824 0.018796146046283796 -0.003434500331928129 0.0018213440984425 -0.0007712317313851855 -5.333654565375483e-05
-0.05675238789742447 -0.031015161400968744 -0.0034867549612634923 -0.0004937471617776849 0.0011006784120958426 -0.00010449706374303345 0.4823870536752996 0.10576982583157449 0.0014163944359673823 -0.0022340727420361636 1.139993771067095e-05 -0.8035075112011341 -0.0295733676518863 0.006367327198079256 0.0008963422062017925 0.15762354087349692 -0.06598095938390224 -0.0044939717659859225 0.2527099308482789 0.03485575829397945 -0.10524130465545792
0.006101316581343401 0.2646468037699431 0.1438789613501476 0.12962158078704217 -0.008357333497534624 -0.00834843454601554 -0.31575442501627915 -0.3434664909583427 -0.4654746567686818 0.04147269656083758 0.05195853031348884 0.2049648692391932 0.5556048243554075 -0.07472164275330245 -0.122536853575939 -0.22089260624527124 0.05954800177489938 0.14638557484552814 -0.018253874553512246 -0.08767459512828359 0.02077905867640271
0.5802524337572329 0.29506334121101185 -0.01600598694285696 -0.01773036415299579 -0.005588030717595603 -0.00026423799340205773 0.6198531054023316 -0.06662219437548003 -0.11039773651247213 -0.04963636939243786 -0.003230332643092504 -0.06960163493470234 -0.23309536063408165 -0.15588969862156246 -0.012882657383561797 -0.16301647032915148 -0.21795581189532875 -0.02706871426468551 -0.11348366459541206 -0.028951594247778534 -0.012275074259091311
-0.12035375012682345 0.2414991908048499 -0.02530435517273255 0.015015783960503973 -0.001107405242800356 0.00013419628442963856 0.6754684808618475 -0.14151904615953728 0.12757783387122074 -0.016601633212647515 -0.0127840602255245 -0.19739933556740102 0.355212147643792 -0.06589496546752129 -0.06887429937713976 0.3287651814913293 -0.12325344971748434 -0.18959627889648412 -0.08554066031354163 -0.26586946693681646 -0.14788225199978006
-0.13628192718250617 -0.21059020561373556 0.12323860304126635 0.3574200274060368 0.02819750542330912 -0.08744521298644559 0.12527078254342022 -0.14338344760970337 -0.6342013980426097 -0.06478730677576124 0.25795620417636855 0.04151056481048395 0.3729944840001314 0.0557488740050305 -0.30288929469727477 -0.07245450063475696 -0.02323899703040713 0.1795535942244713 0.0035143437720632485 -0.05230624768575336 0.0048215353806326106
0.13713745920087217 0.11598938954645366 -0.04532197003272722 -0.16628427146772068 -0.1847132331681885 -0.06401477446770246 0.07808406367299793 -0.06102226200796753 -0.3354213838727718 -0.49702598026169204 -0.21547282704235346 -0.02050153086527188 -0.22564734395067432 -0.5016577049379101 -0.28980591058575994 -0.050591503961011364 -0.22501613658636316 -0.19502726391502587 -0.03783700083781613 -0.06561208503804793 -0.008816304721063503
-0.5299269181632369 -0.5363128887384291 -0.4403551376502104 0.44336028368542857 0.00047556889888387385 -0.014831271331710505 -0.0640832027933154 -0.10494130812782479 0.15887818331336132 0.00025044143419297385 -0.009118322224960633 -0.006210124004165338 0.01883027267158135 0.00014091428437220898 -0.002317318969751717 0.0008980552606173507 -0.0001378838301439857 -0.0006727568949081236 -0.0002818707296506591 -0.0002264190064263983 5.870876104740631e-05
-0.11398395345149588 0.19581279404718951 0.14521237032947001 -0.06624526242380141 -0.03178595378981033 0.009534127663731882 -0.2660609543594223 -0.3947057226767181 0.2701065163753783 0.17257781530371716 -0.06498920102749912 0.2681888013926641 -0.3670030052915391 -0.35177821533450887 0.17662728023014054 0.16620787009548876 0.3186245113328425 -0.23995548532593 -0.10820331826751457 0.16304973951092397 -0.04431063879800461
0.3984384871326628 -0.043079220786697126 0.20850625958529526 -0.5371015342664538 0.29709215079584883 0.13263918890515308 0.011301300352513196 -0.11746636297957543 0.4453440741884608 -0.33086964588006496 -0.18386835140614202 0.017283515520638962 -0.1228463023532381 0.1361838022711197 0.10262763603258496 0.011750158400309164 -0.025041757623149547 -0.028282728453101955 0.0007636114640701139 0.002680321432492949 -0.00044829882680105587
0.21195057517661245 -0.10597993018643648 -0.0789412450292132 0.01977506767009233 0.016921363761567366 0.0025780658703477904 0.20930887178465332 0.3121485726510641 -0.11726493510620134 -0.13385191073223673 -0.025501864504721895 -0.30838819972473314 0.23171436511808366 0.3966526476397615 0.10073095152807261 -0.15258460317943667 -0.5224715771891988 -0.19896685305955242 0.25801665643437066 0.1965669966139009 -0.07766789709235346
-0.3278580439413051 0.6035694554885093 -0.4359612109626052 -0.1788536150062997 0.2972264818004014 -0.08451431402437783 -0.15069721632293284 0.22149214521563515 0.13700573462007998 -0.3013001947138792 0.1061530796273009 -0.026878825658757523 -0.034193080156848764 0.11303867792055489 -0.05377860399555763 0.0028646675751927476 -0.018430406255209784 0.01331134911671775 -6.395718825115618e-05 -0.000296508160773994 7.786168487569349e-05
-0.6599246189400648 0.634691868810899 0.10846267100710895 -0.29605090188063 0.024637995350199567 0.06692451800873221 -0.1268575151639744 -0.04075295215420503 0.18040013667180077 -0.021568190940580573 -0.06686088045883543 0.0036022272446966735 -0.03333608311390432 0.006288358594966633 0.025221327329136872 0.0032647245390658663 3.352750296661373e-05 -0.008568548593326446 -0.005506656987612646 -0.0036012006004738214 0.0029686702534161926
-0.27445169208348974 0.03823963878201611 0.1293104425446863 -0.20522437966063706 -0.07301795117305024 0.07997154385809097 -0.0060365805153426875 0.17830368685574854 -0.47316514996017045 -0.20535296467493988 0.3318849384270085 0.024947047755366693 -0.25940304320371516 -0.18814967542389271 0.49815934499608144 -0.0872520367523913 -0.04320110355281217 0.28909396952961375 -0.006648278603336247 0.0062035246540579694 0.0021792939131677967
0.1663454537195515 -0.37829820508212864 0.10255450776039089 0.44382982598295223 0.05051716688854458 -0.159003168328934 -0.15813287819106464 0.07779806737765496 0.5511115443154568 0.08486866610230814 -0.3328757857600057 0.013264337295425784 0.22608128859874638 0.052078999746602524 -0.27258307608752796 0.027799086486723454 0.014637922266088885 -0.10611838098152976 0.0011245254811447223 -0.023182311825322145 -0.0016014781435596593
0.9067045588120259 0.09609246885678485 -0.10738611461509902 0.02797065009129816 -0.003180882639730227 0.00012250298230527233 -0.12274504499594911 0.27413500304922955 -0.10698503453069366 0.016423774085217117 -0.0009177827428340104 -0.17492121832687427 0.13648280591747902 -0.031484303197632846 0.00218651070018789 -0.058078895729048216 0.02679550147644909 -0.002770250705355771 -0.00853680293657619 0.0017747293335285913 -0.0004440740363719831
0.09608527982105762 0.2469763083235061 -0.07264343691763717 -0.07220865867121505 0.04874930436295701 -0.005759684310631869 0.31904389042666864 -0.18779777372634246 -0.2801378377979916 0.25248319130211727 -0.03696881775351697 -0.1213361702906706 -0.3618288331612915 0.4892739608100026 -0.09494697316555722 -0.155828329830784 0.42145990723022986 -0.12270874302835154 0.1360389327093367 -0.07927889568327295 -0.02035248683797333
0.2567428356175254 0.08375702240033238 -0.04628620431359411 -0.08180183675009332 -0.03584956949836793 -0.003975967824631641 -0.11973391792189757 0.13116511679430004 0.3462616895059531 0.20565265134351857 0.03183488595145146 -0.09446506177220979 -0.4918878141290649 -0.43758437202900086 -0.09043347765891893 0.2324336833153282 0.4136389092581615 0.1274116262208602 -0.14635076890266674 -0.09063054635642813 0.02577786565068385
0.32630834928568087 -0.11454270228599756 -0.013607943884873113 0.011816489718224233 0.005050147246164102 -0.03546976982319209 0.4795433959045255 0.16997588204524625 -0.0008657791177344088 -0.03409563907419922 0.0028269870163974715 -0.4098622891115731 -0.06620872645292453 0.10926381830807579 0.025268558503127647 0.10777342759503815 -0.3945588239812722 -0.0015159891395896622 0.5148388430005387 -0.012861232319832622 0.03609984426322495
-0.14202946483105944 -0.14438037473402315 0.05728178871240524 0.05885021493504724 -0.028239959555964558 0.0030173024762497344 -0.182504952888816 0.16877204908112564 0.3053476543181529 -0.26732211157311575 -0.009249534063686587 0.11030025626029863 0.4168949938842444 -0.5161209973070994 0.0318428337446953 0.18155986492612147 -0.46510576192804964 0.027681537420383984 -0.14566476435213993 0.014367674773738107 0.0037633091603615277
0.41108710930239967 -0.05524768769583734 -0.058868625338386854 -0.011227335944550621 0.00837108614483399 0.0022469436418874437 -0.12910531980850737 -0.27475358457946175 -0.07878904211525026 0.07666646050128553 0.02738289521472678 -0.3203007026026674 -0.18357742430879165 0.26899753784546165 0.12847632495112019 -0.14260902756353153 0.418554424066718 0.2999204616454543 0.24368002115358375 0.3501138687257428 0.16339902540802106
0.31282010056602794 -0.2818570946900364 0.6092242268823468 -0.32772510763646584 -0.07383642681220273 0.05321469586577072 0.09441579569313589 -0.41411132000033035 0.336950647751986 0.12568274659978995 -0.09104583596340478 0.051190392102950115 -0.06569577644906976 -0.05885660483502439 0.049040678169029094 -0.04520930331263931 0.02109207162528792 -0.021586236968549364 -0.019078649449012598 0.005979769226833869 0.04092576612019237
0.2651255184726687 -0.29305543708572346 0.5808731241672545 -0.27467444172534144 -0.09589636117437936 0.026818822648597914 0.1364633281084036 -0.4763340411936211 0.34254061545016734 0.10434988714839852 -0.05903212515149893 0.08493096282508326 -0.09599556515172628 -0.017307336129176027 0.014189915444829051 -0.07674980516945053 -0.0004941940655639553 0.011718442633111966 -0.014833668846310787 0.12637449208744955 0.06840970426829998
0.2477122268611221 -0.3798636262526059 0.5459271180756051 -0.32055569519485305 -0.08681599866846039 0.03978023842155209 0.13001863272720832 -0.4843838511712189 0.3044787200775265 0.13989065364930292 -0.05930397671832916 0.022960238717052096 -0.053777959568359394 -0.046576008772040316 0.02216006916416158 0.0823959491490448 0.043341327880546884 0.019272152003808725 -0.014314325416310976 -0.03814234284065096 -0.018051632510802315
-0.8928157908590069 0.3329144237968491 -0.24842420768773307 0.017715094389242413 0.011579947238433235 -0.001786840178590856 0.09483417700646524 -0.1414680538039239 0.01539039894568344 0.01321060706871894 -0.00267175860294446 -0.02010487354577982 0.004255325339670886 0.005549326406699299 -0.0015267658762985086 0.0003016707050253471 0.0010508304154729893 -0.000538149511730745 0.0002467051205999979 -8.418130876209468e-05 6.120289558324483e-05
0.7246507172314982 -0.14990631719815808 0.01446101094825442 -0.0013837831051913877 -0.0023158583384273934 0.00039910721693840837 0.5003710357018464 -0.08922898451948183 0.007577193013208937 0.02700340836363148 0.00023823896154993922 0.14409223140776398 -0.029802960993926403 -0.1359841988605919 0.0054257783843928865 0.030013834789398137 0.30005623817755617 -0.016624572058264547 -0.24605655638700696 0.02800486619204055 -0.01903294288755351
0.43901410613227054 0.7160324352534847 -0.1707895559852687 0.321065280057403 0.34417008891932466 -0.023663539382683528 -0.08106996226287524 0.04101290340199217 -0.10765804529701757 -0.150631524610272 0.011717245372519326 -0.0010791526262584358 0.014021470994490644 0.019035102959350708 -0.00208617881649592 0.0028890287629530446 -0.006260388716347847 -0.000736630106513643 -0.003661619938425096 0.001023330506413509 0.0006124113686500306
0.6607226692949357 -0.22093951183684868 0.10122247209830199 0.021097723299235167 -0.007509235266303248 -0.00017572456613414926 -0.39089362788022725 0.35852276712897957 0.11163942548902633 -0.05454615710071877 -0.0014940197175979555 0.31618222870968626 0.197047128815508 -0.14377652793031317 -0.007347933293953946 0.11545610054335265 -0.16886251648645112 -0.012092544809779547 -0.07391003126951 -0.010484693948349947 -0.0043032475633785145
0.011926036874982922 -0.06520410784394301 0.11656696533154388 0.22998634119928613 -0.06511044933695172 -0.04423953603319718 0.05686122250625553 -0.18765093753928863 -0.570015343386122 0.21408018911475343 0.18424958089282886 0.07462686972085028 0.4617131113608989 -0.25918789453705754 -0.29857688535359855 -0.12548570513702728 0.14452582829078453 0.2398436459669849 -0.0265064228291698 -0.09800911609589703 0.015617140663959922
-0.006596504700315205 -0.12265430058296792 -0.07154008517999914 0.07647031298772969 -0.02898368144254098 0.0035738662962162024 0.18514844222794563 0.2162862728801872 -0.34556675177396023 0.17465970408049916 -0.028813710861492144 -0.16312287747227394 0.5217142260136249 -0.3957948545918166 0.08691429878198163 -0.26255608734025127 0.3984596559616683 -0.1311429017558125 -0.15044305867436245 0.09921317567702771 -0.029974588284330226
0.9840748923369312 -0.011613235145670104 -0.0013610796152127582 -0.0028219196367928827 0.00024208068332578415 1.968752389861166e-05 0.04087520567803816 0.00973061415228615 0.029399807335267238 -0.0031320118443698202 4.173931868463946e-05 -0.017138987832655023 -0.10359450358517383 0.016626415411701113 -0.0006275787309971159 0.12155432223826984 -0.039086869640750886 0.002108921839716412 0.03436991695711016 -0.003722114380317196 0.0026476304395093
0.7523111986862475 -0.3972277651397743 0.10728668015689405 0.13513574458457783 -0.09156000214477797 -0.0217246009528034 0.22906642141260153 -0.1238153141047586 -0.23426979190536654 0.21176382672898358 0.06338499417406333 0.035597837483003186 0.1349833522307174 -0.183305169031505 -0.07310530670615503 -0.025832319423548522 0.07039951666344353 0.0419028568116136 -0.01009190936573793 -0.012208391478326282 0.0014411847881765885
-0.03730870311352367 -0.2695728403917895 0.5600106087441902 -0.63482825045981 0.1272488243467131 0.04792508819364466 -0.050546460745023246 0.21011371828333214 -0.35656251044847465 0.09551947297929175 0.044985336912825094 0.019701952904383896 -0.06655099324063753 0.026678551428000328 0.016605431438885515 -0.003922366844508588 0.003586649074892348 0.003206399968886707 -0.00024486175407726496 0.00042614404519848974 -0.00015948234077965565
0.06025851672971319 -0.13444958507601903 0.04424598323980333 0.07901400659317742 -0.02960536954908205 0.0005653415706315065 -0.20397468854273876 0.13420120892443768 0.35972049817825136 -0.1805176642413987 0.008051487637187733 0.10121142882874595 0.5450607505265661 -0.40973490951168917 0.024891144405912023 0.27420722447242557 -0.41248669167098106 0.036243213889129954 -0.15561235797117773 0.027764234196640758 0.008765377323884056
-0.15975339521241924 -0.5440001873382705 0.4318415486882326 0.20332533194527017 -0.12615849119136177 0.013997555021329957 0.25682029306223647 -0.407713910906977 -0.2888783905862008 0.2376684832869662 -0.033888836922150466 0.09625728700927635 0.1363375337037013 -0.17005018948757333 0.03226960632614964 -0.02151952595231716 0.05250859660661737 -0.015502419381513508 -0.006463565634301282 0.003929385305759528 -0.0002975187726587578
0.10115897656223094 -0.16289196251162663 -0.05695128040912578 0.036656940106935335 -0.010622306856748335 0.002058257990784721 0.34412426107964766 0.24042736325126954 -0.23614788838466944 0.08857335636106994 -0.009278143486909304 -0.2541245309958078 0.49399564867636603 -0.27801031825515804 0.04049224105266407 -0.3462247936773012 0.39012661712999314 -0.0863986794944547 -0.20430877943329734 0.09123002641675149 -0.038267467621725226
-0.3731032204037764 -0.011803861302471238 0.3603332908068149 0.10040083576584491 -0.19372910435298468 -0.08060436837345208 0.006324774077820949 -0.4009732979695859 -0.16740971604170699 0.43126512796075334 0.2244190346324414 0.11137778861043796 0.09299739558892135 -0.35946934443635203 -0.24936616692889305 -0.016982698192732477 0.13303297138623862 0.1386267416374471 -0.01854360351915688 -0.03856496559465696 0.004147439092302445
-0.004829363652258148 0.3866621527583989 0.09006404014962847 0.15793981868675538 0.017462523906417397 -0.04450642024139449 0.3486854908266157 0.16241499272970572 0.427520042290912 0.06349409490788142 -0.20174200878864024 0.07293165444194745 0.38531220636029473 0.08547003280628919 -0.36397745126202913 0.11526618120427753 0.05131591773502422 -0.3278567456398967 0.011628595953752003 -0.1478479244823387 -0.026243535405173705
-0.43638611881213324 0.33382109615578376 0.24506810834732415 -0.30809680004386586 0.10476896264254199 -0.0014601531535970971 0.18161681064300667 0.2668201493868985 -0.5035351016686136 0.2285155642947662 -0.00439557478752423 0.07257870109759691 -0.2739490837397431 0.18636927999004638 -0.004545322594836173 -0.049701887131005595 0.06764184597895775 -0.002263302908969323 0.009205708885543703 -0.0007080074341007794 -6.40458848390999e-05
-0.4889278285257781 0.18916992400339888 0.7712478077249388 -0.3074393478721165 0.03522273369105675 -9.521415177966632e-05 0.0194376090132605 0.15782205670997265 -0.09451263644464462 0.014258896095487313 -1.0485505931828786e-05 0.00800591209391315 -0.009527910459615702 0.0021988637935644447 1.901236697892546e-05 -0.0004142189254190348 0.00017062916629888525 -0.00010487260749274736 -0.00011594218038668937 0.00012237388737551514 8.17882835312122e-05
0.6460714251213884 0.01684912584909502 -0.00010685056557956263 -0.0017092248027535944 0.004846521667846618 0.004607177967075914 0.6905219252306153 -0.007953774970394694 -0.004914316049885854 0.004185679689130877 0.016254526100453744 -0.0679453579223818 0.023385183792685605 -0.003964703064589525 0.0003072713751091797 0.1780430238878567 0.031486131787573625 0.0001526681877979435 0.2571456519513071 0.0009554159297798608 -0.032798353788399695
-0.3593537439779539 0.7363013169743993 -0.0448289327338831 -0.18431339271309982 -0.009859309753758774 0.07158411791570114 -0.3567097432901703 0.04238740479360007 0.2682219920305594 0.017634113763085976 -0.17725406060435137 -0.00989837837768423 -0.12860047976374342 -0.014538033928488193 0.17288870478070328 0.02021884679599127 0.005536057393447516 -0.08473964142925759 -0.0003698545900002936 0.021191258084140255 -0.0019464634741272455
-0.28466483218531907 -0.5093859028803809 -0.16743498498463652 -0.07394566012075374 0.011925091920298775 0.009511436069420546 0.538836160998366 0.356330181978515 0.23751802876194864 -0.048919914725691425 -0.05171894698017515 -0.18717485566515207 -0.25407154107441815 0.07940142388916605 0.10977238538667312 0.08834875671415224 -0.056089940309695704 -0.1169330763859146 0.013879504043588824 0.06350818214567538 -0.0128918961273571
-0.23174166833499388 -0.011883758352956622 0.0003612359545789439 -0.00045411767810309394 0.0008671890607365233 -0.0005104506057980265 0.31100168536831574 -0.021278588275090462 0.003273522982420896 -0.0005073530049324421 0.000652293531738145 0.27839196212001094 -0.09730865100421868 -0.0006987066933695516 0.0011931462503665263 0.8347742378068284 0.008259513010425565 -0.0035894962947940414 -0.0574342557793735 0.04721760751787586 -0.24400143938603813
-0.2641376315417739 -0.002451599498660068 0.07272680176450712 -0.028986331603769122 -0.002642899516330492 0.004543225572059465 0.011096337557293562 -0.3588528675365283 0.18714851385640474 0.053546808066849076 -0.010123006015515646 0.41670600856828094 -0.45796352836022536 -0.1941385075735583 0.06353239700761842 0.357611372084772 0.3126307565539604 -0.16165046950733747 -0.18184840556051776 0.19693302808834565 -0.09202518474860326
0.6661024991592864 -0.2564972182161691 -0.5169059752477858 -0.3765196576154176 -0.12233520312989296 -0.013508928610889448 -0.0401791856596443 -0.16196595452604712 -0.17695522266559904 -0.07657271768024144 -0.010672702834707299 -0.012690125912279693 -0.027761376650959048 -0.017974471757338385 -0.0032930023858217475 -0.0014293397640048476 -0.0018979988760186189 -0.0005612057390835814 -3.304956102801668e-06 -9.20080405310378e-05 3.470060225431539e-05
0.08647538501270507 -0.23565170894514936 0.14406294823826682 0.23944224239271172 0.08157699907445604 -0.008662069062982631 0.19457803092387677 -0.2190805262123455 -0.5647649247155576 -0.2741978392817066 0.03757809107857039 0.07771638119072667 0.4442675233319977 0.33796297702267397 -0.0694788063616625 -0.10968782534109281 -0.18000562758489277 0.044398771726091635 0.035943857750840004 -0.024415850985290036 0.0028824814289980134
0.18356063364599295 0.029826110552112373 -0.0013752168600847231 5.720562868955809e-05 0.00017705289414401658 3.366470264344334e-05 -0.6579970366979445 0.06380180938345298 -0.000686167130529079 0.00028442303240112216 3.094742736200391e-05 -0.7047110550375398 0.017139461944895375 0.0013869222158121276 -4.757571265152516e-05 -0.12555160933525183 -0.02139659597323334 0.0005738839021462745 0.11746894170351545 -0.008208104295265107 0.03717004832103405
0.09983925913061946 -0.24968293863892582 0.1683199403049795 0.004367470493890799 -0.10758762987484666 0.012869914880120811 0.23851969154011715 -0.3223474915194123 -0.012794731860291701 0.4125081207393559 -0.06160946284886687 0.1541049160172425 0.011619557875665943 -0.5912937883215971 0.11766518948908283 -0.003905989994704098 0.3761525497594713 -0.11248606315863632 -0.09004147029059313 0.0542679862498176 -0.010432666666781741
0.4008101082429537 0.8423069330004801 0.08826124256490703 0.18676577567052088 0.00359557098648065 -0.049554431639639206 -0.22465946765431893 -0.04681579818648949 -0.15505663691430394 0.00018998422813753583 0.07151021283216638 0.005257750909108638 0.03957611758891656 -0.001047275882373629 -0.034215970628055994 -0.0002802601780041966 -0.00531368937478469 0.008383731472612146 -0.006188494561127457 -0.0022829613135250024 -0.0015686745139015766
0.20762108639650947 0.4888066071964596 0.07450283488602907 -0.5538132761913328 0.5910426931519563 -0.08285629532351145 -0.037743541407791605 -0.005604850499245816 0.12446967888750639 -0.17600074506706695 0.03422362845668312 0.0016916505166296716 -0.010509084024128236 0.016488307211589972 -0.003518779275989475 0.0011217653216937513 0.00025787520576384164 -0.0005904110327754745 -0.0025726286085182206 -0.0014066845187145085 -0.0010529382777535372
-0.3540691924473539 -0.026697226589552932 0.009895006285734358 -0.03705743700466868 0.007980250754108366 0.0022992805731956007 -0.05871785444287841 0.04311531886582477 -0.24483944995937856 0.06944979204253666 0.026229766125627985 0.04713035779660992 -0.5353266227071001 0.22874154367406038 0.1147245140739547 -0.38985832260222225 0.33280283807656863 0.25032271822966307 0.18147390486559994 0.2734361909074228 0.11928401963666597
0.044433606507100355 0.10262685829897639 -0.03085904840812505 0.03969279137320962 0.07280952262081475 -0.02263657495171328 0.1173578224189677 -0.07049190643752314 0.1358098955126184 0.3348729727962787 -0.13002644205171776 -0.04004258446951125 0.15556271536062555 0.5749891563011262 -0.29760442825126465 0.05933137573648375 0.4386915256087878 -0.3408506646238589 0.12527424546182125 -0.19519590011640792 -0.044610014179583
-0.28173284967530104 0.07761429760594168 -0.2696831021582874 0.2427212696764733 0.22060725375016027 -0.2788351125559586 -0.020842133132827977 0.19460453763633065 -0.2582063784308023 -0.3317027350005574 0.5063654447767859 -0.03141655731193355 0.0911501674898018 0.17128995185210252 -0.35539339576192774 -0.00065038066965231 -0.03165518159962881 0.1360567165806574 0.009373126428935665 -0.0208925819645736 -0.012514126967978373
0.30027896615505556 -0.20800882241477978 -0.010696449117663959 0.06534895569671706 -0.00536720151283095 -0.01506464410519227 0.2925087576907526 0.035383440809241724 -0.2868538709992884 0.015245176239913937 0.12189682008678576 -0.02290091655973507 0.40145616910586956 -0.04576332907499159 -0.35292805637711167 -0.18518706766492282 0.028738536925933523 0.4809742144139556 -0.01271884056433185 -0.33762006510737236 0.09372853641490123
-0.11434787151526268 0.14155944317468033 0.051147293271170804 -0.017612169973401225 4.939251828370779e-05 0.00043918907400009483 0.4181366955439624 0.3023130564587969 -0.15585412987299238 0.0011713698247016017 0.006702252547631052 0.4464332529775261 -0.4604723007844832 0.005276017061503564 0.040024566123915056 -0.4532557608409898 0.01038557933741185 0.11797898113658878 0.007711538808494804 0.17416206036354315 0.10278136510313181
-0.046665500875717254 0.094573182865906 -0.014641459684929727 -0.25135511678759764 -0.10937870093659241 -0.012269508663795997 -0.07396740541211408 0.022989163554819173 0.5891100414029219 0.3419372448413907 0.047615301683275914 -0.009023549040024663 -0.46012796866055883 -0.4005687450307643 -0.07430219232798504 0.11974110876556607 0.20845486050057196 0.05815332930041552 -0.04072776232847134 -0.022640099237634347 0.0034374902944271602
0.1031345551140019 -0.1622010744816468 -0.05626856604331653 0.03454424077959364 0.002012266202987333 -0.0013123590649330502 0.34666115476554693 0.23861539846714602 -0.23415177530926073 0.10591071536868836 -0.014451453084871778 -0.25443726548280293 0.49447763004924317 -0.27597829415189284 0.039835962553770296 -0.34625531139882504 0.3872882772341642 -0.09117600122136234 -0.1982300790250353 0.0979033371954287 -0.035341082420038174
0.1043197419577318 -0.1627149464141246 -0.055731154742009306 0.03662248707641144 -0.007161352791186517 0.0004484804354464548 0.34904130297627833 0.24566652343018233 -0.23278525710488013 0.09363165874024809 -0.006638235234299131 -0.2558342364659013 0.4999491192265995 -0.2715351532199798 0.04040202222112787 -0.34315436482509903 0.3823639620565358 -0.09437135261035048 -0.1970417022523589 0.09600911646441862 -0.035924754781196104
0.2685282804251289 -0.036344507110363286 -0.026540631910515165 -0.026958103547902373 0.0004770965683171037 0.000887062430467908 0.0999700188758281 0.14604484482204244 0.22211416169960055 -0.006176398925638367 -0.0124562338580889 -0.20056282477059026 -0.609599301832218 0.025278769803296 0.06597718628955404 0.5575087002461178 -0.04647714205071617 -0.18142745960525528 0.031769804780426826 0.24891047869743615 -0.13638865857365018
0.5707652271681917 0.033444829637335326 -0.10821422043903402 -0.31045213550118456 -0.00022033263855507799 0.022886671847970965 -0.022058557088365738 0.13964687864108305 0.6031716208908321 -0.001413571508183961 -0.07544415664405234 -0.044917427140395434 -0.3897039077416612 0.0018039789530007624 0.09826881916421462 0.08426862847024535 -0.0004895959653948251 -0.06262765487838275 0.0002024062262307644 0.02039149361494553 -0.0031473823300679844
0.13881479676759753 -0.02759228025060126 0.03326791849624923 -0.006808876224562871 -0.09418956408397645 0.048846860342543534 0.026268337205042416 -0.06316352697269786 0.019482230086136625 0.35806984525135427 -0.23199803479099992 0.029924276427116956 -0.018401115173093438 -0.5097786329843595 0.4403457901706517 0.005800711188655433 0.32259503924621435 -0.4180225858000866 -0.07645312315783716 0.19835980971260933 -0.037596279313293804
0.8397103355075137 -0.029085114942875676 -0.009451988491431081 -0.001333477411767802 0.0026017758602244834 0.0012623972792691702 0.22738612300929514 0.05539122072702903 -0.019727306657673124 -0.0008672769773852416 -6.785210678983492e-05 -0.22936662327533913 0.13172722461501735 -0.010223354108432661 -0.002075450612655853 -0.37262203240416475 0.0739550514623313 0.0011422267012503086 -0.15617526310805918 0.0002069800412414156 0.00021138675841247875
-0.09990794189174221 0.052577825766096604 -0.0063998404867146585 0.00026004062307189097 0.0009467685980354836 -0.0003612696900995545 -0.5396317411595797 0.13406283989568976 -0.012214965665857802 0.00028042408404894487 -0.0006537274726240578 -0.6905986642284266 0.12040406946165169 -0.006162444167854719 0.0005437271597097558 -0.4179795555118287 0.038372454652870126 0.000974068676091051 -0.1007919586954815 0.00364278794081814 -0.008510719103373005
0.530938830819442 -0.31537023579851614 0.40738539821008846 -0.1435679643650619 0.006343303766725301 0.0013908955058319385 -0.19831739851313582 0.51237641762435 -0.2708208238582345 0.01589993319282167 0.004315233248446065 0.16108941651270448 -0.1703593447382708 0.014879765834789832 0.005370141954212632 -0.03573386493923705 0.006398721426462553 0.0034375875747488936 0.000947642007696575 0.0010525713634806071 0.0001323399898348888
0.06439458596494356 -0.19478587790138355 -0.007896993501563311 -0.011591454711813562 0.009631771639200957 -0.0029233699630486945 0.5848403107576787 0.04792213660566908 0.11076892973472552 -0.03764172758037971 -0.007203588072915833 -0.07367980481751467 -0.34588733322253673 0.1960664221995976 -0.023358356506683497 0.348621878331251 -0.43119157863136814 0.055196688104618585 0.33411793310914195 -0.09501052411419296 0.06568268983838817
-0.4727132723462473 -0.33591772631655215 0.10321181201810656 0.04025453219213177 0.003163026560180028 -0.0002400751803607661 0.5426723774283582 -0.33409479047820645 -0.19504438733375867 -0.019594959946936576 0.002082003866586526 0.27003054696153095 0.3154996769693356 0.04747766748840598 -0.006610306583133961 -0.1699382346370567 -0.051259697532984316 0.010571211305142155 0.020559286812664997 -0.008501890435841389 0.0027170415551746947
0.30001707987473486 0.2884520601396373 -0.2237118934803415 0.12189534477417927 0.30372399744914913 0.12017860047626518 -0.12653943513001437 0.1981605629086135 -0.1629612788704353 -0.53839662066298 -0.2669387251718906 -0.043782977301332134 0.07154886088878919 0.355558976048088 0.23596631979183139 -0.011365431599466822 -0.10500504901029371 -0.10593509582076252 0.013213989266917688 0.023097279314667304 -0.0010208209446287977
0.04822442726203701 0.09859627658153622 -0.031901786871216725 0.037651024416487155 0.06966866459067753 -0.020883745996368195 0.11787589164233077 -0.0762038345534435 0.13443289189616095 0.3298480979804818 -0.12693556533741795 -0.04514135253563339 0.15922914523128995 0.5722578303571524 -0.2997326995923017 0.05700459475590129 0.4415761701685654 -0.3432799749601018 0.12438887348021889 -0.1984041424085947 -0.04375260820880809
0.04179319466899529 0.10298540654190924 -0.03262423795521084 0.03376173948916482 0.07819365633390485 -0.02213292404194658 0.11327860651477319 -0.07126735339390874 0.13761311203223403 0.33044676896199054 -0.13344799629100867 -0.03788648009631466 0.15778406918785198 0.5804622461867283 -0.2963883668604754 0.05735626208456155 0.43955711154589094 -0.33902995336050684 0.11919234412466088 -0.1911758922682614 -0.040950223032606536
0.05121138721365397 0.10552629834940105 -0.029481197398690012 0.039121912785816164 0.0689528510960737 -0.021163672437697744 0.11201800396022599 -0.07263072223536676 0.13895595198231295 0.3349830502047442 -0.13495752685808143 -0.04142880118097908 0.15643795708960054 0.5754746391082739 -0.29172713093070185 0.057777512237160114 0.441585942946848 -0.34074657476969605 0.12277549810571056 -0.19330085639060132 -0.041614005935540536
0.0467066073430808 0.1047654189996255 -0.02796869292872556 0.03583654269653736 0.06818294790118073 -0.020056295459663982 0.1139097899968496 -0.0679998876821099 0.13571504866932319 0.3372487524048726 -0.127250222250608 -0.03617863575331462 0.15584724566115096 0.5721689097975988 -0.30113789494687276 0.056398118634231324 0.4443366649317293 -0.3394984133706872 0.12181364590612498 -0.1938165454177828 -0.042903668046883836
0.05214507092588496 0.1064941223740526 -0.030006468502505993 0.041708339622913225 0.07093293669841169 -0.02153321497752556 0.12101246721635564 -0.0669893637607794 0.13499500882002424 0.33407970541923243 -0.12655512357232976 -0.04471753106116597 0.16165190050345388 0.5761373614946851 -0.2992067061138836 0.057290848448441144 0.4377608892728333 -0.3392821566236472 0.12227524989340885 -0.1909596753998772 -0.042285991057811806
0.04344054232010319 0.10278426192390525 -0.029706888770952677 0.037272495018042855 0.07120504574834721 -0.019977042302423077 0.11727665894340797 -0.07190178954756359 0.1349250043969991 0.33807883914745895 -0.1260780499056536 -0.03810916482691537 0.15866931172704488 0.5749667211884 -0.2999219716859804 0.05836786987558074 0.4385182326361502 -0.3383533947328033 0.12359578744469091 -0.1947711794996608 -0.043794326256784026
0.041578027236540846 0.10622802677571562 -0.03137576501601379 0.04346817494625246 0.06629750034105451 -0.02600478161966066 0.11944329525248193 -0.07198217561365448 0.13820799746903548 0.3386067852257272 -0.12491106113527937 -0.040719074776884044 0.1565847640118744 0.5734729842061509 -0.2949348138995103 0.05619515621415904 0.4366471883237109 -0.343906385183459 0.124718905639755 -0.1964500622219353 -0.04429555870345479
0.04146534505698811 0.10370541539667683 -0.029980046743185433 0.04307668801565964 0.07306801958675804 -0.025826234468655545 0.11375625576426349 -0.07243834712108355 0.13376698698088774 0.33318076833715043 -0.1271974344497311 -0.04452100166755119 0.15395404537241947 0.5753126304563912 -0.29709014380413135 0.0556132332084804 0.43972818184797213 -0.3433464705410204 0.1256085566051056 -0.19611601058383268 -0.044551228140766806
0.04757655709150983 0.10130655272963171 -0.03418251939630138 0.041413514122160544 0.07064442637659159 -0.02230244526194775 0.12227528271642937 -0.0737917139137832 0.13664112356294797 0.33733287432022696 -0.1320739914790279 -0.033372256877667233 0.15713530355415387 0.5760131757960713 -0.3003833921542369 0.056095544839031584 0.4369867118049863 -0.3364814373669125 0.12138195409029662 -0.19300237456429659 -0.040788581210852264
0.03561054077682419 0.09987010414019985 -0.035274137242698955 0.03490560468796549 0.07052693545904917 -0.019020159423184774 0.11465598722037869 -0.07348353185875454 0.14016043828021932 0.3340848155992244 -0.1321102363775628 -0.040176362281754564 0.15793090731233086 0.5770790393018401 -0.29666098621718323 0.05911874974501968 0.43523758037912286 -0.3449761368241732 0.12129171196766607 -0.19408955995644245 -0.04243582441733713
0.04652421665490816 0.09446954577219767 -0.02873852259361824 0.040366312196113724 0.07070195946307017 -0.021574115191852795 0.11562047705840936 -0.07183214656317376 0.1359907551786903 0.3368301474438409 -0.12914875420223898 -0.04315709733790176 0.1545609184730964 0.5763151969442092 -0.2987752365730589 0.05785056975033608 0.4415063746526374 -0.33538199336930186 0.12349947248601664 -0.19632772127318662 -0.046111397834706386
0.046724470565667156 0.10217901183619767 -0.03198638048685464 0.03636867647890059 0.07207125827816424 -0.02043681073622947 0.11367053462002782 -0.07404388847578561 0.1355377082074943 0.3362429123677417 -0.1231426771846244 -0.03989032800960303 0.15837284570058582 0.5731126870395781 -0.2974431272337397 0.05558513982978588 0.440499058442652 -0.3426556070669282 0.12522561412674205 -0.1963661580534586 -0.04510302838292169
0.038322397049153925 0.10108047298441859 -0.030950269488072182 0.03504093238121326 0.0711802033257792 -0.02102406862737394 0.11554306571480497 -0.07575302950657116 0.13635828946616715 0.33631793791317516 -0.12822097492030907 -0.04149245635577456 0.16000854457895186 0.5655379967166383 -0.3033032419100221 0.06021779594971026 0.4410966167453363 -0.34545357500380003 0.12318609836941344 -0.1987083696828686 -0.04523474590637168
0.04453281141724703 0.10680926504812886 -0.030010654218043806 0.04323390528321621 0.06914467764242296 -0.02279687683101704 0.11524143565134495 -0.06901183903861192 0.1342013710404622 0.3380807565237974 -0.12989425743809604 -0.04010782609824658 0.15558360013081043 0.5717243957006085 -0.29528090243610694 0.05686078131490515 0.4432823167176496 -0.34215463756835457 0.12583115661621053 -0.19207422003697286 -0.04371654263048173
0.04573405682058305 0.1049186600112702 -0.03390254486821383 0.03762247461647062 0.06928422314945536 -0.021706976571761016 0.11622140576555327 -0.07557859305963968 0.13901440505823387 0.33293129338980126 -0.13316830658395293 -0.0342851174704361 0.15515549971693046 0.5732205129909757 -0.2947595881672319 0.05871378746446783 0.4403406983894713 -0.34612594228856464 0.12124674387361496 -0.19397738917752105 -0.04183869071104409
0.04599328538243887 0.09864623807968853 -0.026297691130250142 0.0388440759106288 0.07369472666504394 -0.02160015484443942 0.11446015955533316 -0.07036001529832923 0.13489266084389595 0.3411211842873688 -0.1274169304597995 -0.041548656439037546 0.15242942143400334 0.5741628920859062 -0.30196005906979817 0.05383327874817797 0.4405931225821922 -0.3375327552911858 0.12057671718908841 -0.1947952543549115 -0.0444146285121182
0.040599965410607286 0.10496140508270783 -0.025647343029398716 0.03459594487644969 0.07359236788566736 -0.020671371550389676 0.11600686110574115 -0.06484607147463894 0.13922913666184822 0.33663768177728226 -0.1345634693660751 -0.03873245223297269 0.15461111764849145 0.5734008337301746 -0.2898798826335952 0.06017994363677622 0.43932339824967426 -0.3474227023754264 0.12394297294798733 -0.1955618969503993 -0.0447005362292998
0.04377715938123889 0.10227541521014862 -0.02854441262369493 0.03885100467209321 0.07166202625192836 -0.021674934108422902 0.11939666990802142 -0.06760000932500722 0.13657734521181514 0.3337589625635312 -0.12854429007274118 -0.03996217947072307 0.16096232290487617 0.5750746714048117 -0.2980189633400089 0.05722298731573961 0.43905024940829906 -0.3391253897361578 0.12465327551950442 -0.1967896146007848 -0.04420691589055436
0.03932234055086579 0.10605186515072655 -0.03301522657849937 0.037928303488916106 0.06709420606495865 -0.02109207452597189 0.11475933817854064 -0.07150134661188134 0.14322497623831087 0.33060899791635495 -0.13197824610597697 -0.03720439783742876 0.15502880496222698 0.5718186268743156 -0.29861354435000464 0.05779987506705114 0.44150442115259836 -0.3435762121334435 0.1250108980664589 -0.19683542028875722 -0.0443552488499627
0.04216627269104609 0.10218353025129327 -0.029634848083951105 0.03804279817735698 0.07000207802135198 -0.022349075057965108 0.11575328221471322 -0.07229230765448154 0.13083625111621824 0.32702192825141585 -0.13214472461646753 -0.042773799927862025 0.1555848077428432 0.5773693324247497 -0.30261745468560564 0.058173225753912164 0.4392437848634648 -0.3403275157043095 0.12198845937647593 -0.19987458821927168 -0.04432387747821499
0.045634890873780275 0.09977252751217736 -0.028946498675711394 0.03956382905330172 0.06721347853317997 -0.023335409837306396 0.12250363141857648 -0.06994955136520581 0.14081481119357953 0.33558135830201075 -0.1316691576704184 -0.037931345852739 0.1559856075192766 0.576667088952013 -0.2919802077430674 0.06027809078057495 0.4402912713904859 -0.34259575927018565 0.11848907805580976 -0.19164289179893146 -0.040261256356780385
0.0447743992225571 0.10211910525599625 -0.03652578547500324 0.03781690041900975 0.0697598785115189 -0.021537464435403005 0.11767223261778867 -0.0730221785223472 0.14022632941700247 0.3328726698654828 -0.128807340836802 -0.0354399117597809 0.15722558982515933 0.5736256251321863 -0.2965828735849745 0.05944550763996081 0.4400433820408497 -0.34314190745212564 0.12405742711587202 -0.19507475811328184 -0.043451951052543146
0.04250952922150715 0.10082356244426126 -0.025152752575877006 0.039753978517539465 0.0728499351880554 -0.023726809681044753 0.1139755356329104 -0.06367925600764321 0.1326639544166811 0.3372990423034152 -0.12526376009788676 -0.03853265296102024 0.15601169753968186 0.5750793629952016 -0.29982624771909877 0.05768319046940272 0.4381737703570809 -0.3446904404464107 0.12307551424046435 -0.19536881944771384 -0.044152660527512794
0.041023934013359485 0.10845986557688773 -0.03171209249381073 0.03777361228197301 0.07413887891268275 -0.022668160353413895 0.11835304596996835 -0.07657155460159762 0.13851807525312915 0.3297115679879039 -0.1334859758509055 -0.04517043257523253 0.15641757183220684 0.5738327013206928 -0.29803936787584345 0.059077213379769275 0.43653057495304803 -0.3436804752208322 0.12363277218043905 -0.19630837871907542 -0.043804290381556706
0.0411813528051868 0.10256983714139711 -0.029153454167658837 0.03803472835973672 0.07296786496674777 -0.02290845662992686 0.12200325365719239 -0.06627644150773948 0.13846204925200822 0.3319180121853323 -0.13407307342088035 -0.036303001776807196 0.15466327626393586 0.5760664625251656 -0.29806212326957715 0.05823023399071059 0.4368402982727401 -0.344761284375996 0.12034549935733467 -0.19441573139751372 -0.04183655224307342
0.04177615255564573 0.10190892311362058 -0.02882259386874203 0.03406723601550758 0.07053910716441295 -0.02256314782549895 0.11267454398272388 -0.07634918386055056 0.13315560780018035 0.33883090329206933 -0.1273291605900813 -0.0379538842927956 0.15682679433560812 0.5756440560513022 -0.2920242654165489 0.05881516381212484 0.4409743838084091 -0.34616447785981186 0.1199282377210328 -0.1914531585362375 -0.0406807052630489
0.04621485120693985 0.09854336824503786 -0.03520522028228669 0.034036224611796485 0.07387709156993068 -0.02139990994758455 0.12501259505326962 -0.07554510417277778 0.13404797395816406 0.34012756375903747 -0.1280436098675453 -0.03216597359366181 0.15863013173510385 0.5733838873232495 -0.2950060578997789 0.05288438738963849 0.438033373122607 -0.33803819178493755 0.12267319010808803 -0.20127899122494552 -0.0442284991514933
0.04550760159805541 0.10469174180591365 -0.031998966479467546 0.03813996022322013 0.06984886711944463 -0.021476522329935105 0.1215618624598606 -0.07246662619502485 0.12938595574511044 0.3350852259762165 -0.12856203811253344 -0.037494472723493946 0.15725560470596275 0.5776308593011831 -0.2989445562574183 0.05827395323977728 0.43671536034869224 -0.3364958835129484 0.12456171278611468 -0.19889702214250174 -0.044593369474801386
0.0455541207742177 0.10658036741392195 -0.027246027588731833 0.041008126095438316 0.0723609104025902 -0.021606319892903472 0.12070035082401026 -0.0716234755224552 0.1424365442886037 0.33810223972996384 -0.1306685287185975 -0.04059470460619239 0.15865516203137295 0.5704215384470889 -0.3027719192834897 0.05557903259299934 0.43473142208311144 -0.3416784768606567 0.1211603768713247 -0.19421172201872322 -0.04439412986355837
0.04497946640667432 0.09726509920331015 -0.03366388571810192 0.03953615224962111 0.07094563355740953 -0.02104758604419313 0.11920805507055113 -0.06986671045654298 0.13377978212902886 0.3377270029955823 -0.1282880679866293 -0.0343019145023242 0.15816190448224043 0.573583008797604 -0.30044338002121035 0.057314130730359306 0.4427067038947644 -0.3389226144540186 0.12125841656787588 -0.1917702135388717 -0.04194998084234119
0.04738708054587938 0.10527766768336169 -0.029827189465102842 0.029747062419178443 0.06647499373012793 -0.022210106741779385 0.1220268108466259 -0.07040485093272554 0.13696542945528065 0.33267633241200795 -0.13499067337673612 -0.042908143711502894 0.1541199864618811 0.5753434246604245 -0.2968111487512813 0.05828484925783482 0.43723481651262086 -0.34538779415328374 0.12028596847084573 -0.19415694720115528 -0.04172063886770695
0.04386711758509729 0.10089664398564017 -0.028401082822715407 0.03716681380922363 0.06928079738166908 -0.022433819432192706 0.11713258829709362 -0.07201085958779309 0.13924724315594436 0.3322552593979176 -0.13417729677060886 -0.042686631920991876 0.1526200731184599 0.5772445368771147 -0.2947697324376712 0.05545749144146584 0.4391649591743094 -0.3445366390864902 0.12009680325959114 -0.19436516525936176 -0.040601754949308164
0.43787431606820515 0.12583952928763728 -0.14452565545561727 -0.14815300838895232 0.046515513831191076 0.11902372368023754 0.0821990458117013 -0.1891138758810117 -0.2907004710347674 0.12171501757476016 0.38976146213491664 -0.06186818745549404 -0.18931187751023335 0.11919319539443625 0.5088201394461912 -0.04091358418705898 0.05169690224320463 0.3320506380732279 0.009040755670050842 0.10884841615568679 0.014201671716711606
0.02064286442400243 -0.11384262084648007 0.15364950314596165 -0.008308797076642015 -0.05136602550319558 0.015115428860817244 0.1434789436432366 -0.3919368052968392 0.03087711945000011 0.26220807961255455 -0.09793071264489504 0.24724878244454399 -0.03969294500729018 -0.49760258923008643 0.25161553656364305 0.015349806882102383 0.41684950364671786 -0.3158148212838509 -0.13079126286361134 0.19898375600231338 -0.050067883624580534
-0.10258713425021147 -0.001109326890518014 0.012351142781616916 0.01263112451924488 -0.021117691246892105 -0.004140671652754478 0.11592392556325695 -0.0015548805513047486 0.020804995240390818 -0.0030913987232812977 0.013773854430257202 0.01110492618304885 0.008464889755309329 -0.005743354000054799 -0.0006430425687905861 0.2696057057881566 0.007896962001500772 -0.009979851883123532 0.948206804625827 -0.014763038194907584 -0.04727464801908943
-0.7135538106523197 0.6131929912213416 -0.03719856288073611 0.22975912596240197 -0.24065199970897824 0.05234642604193034 -0.0010602182260881126 -0.00013755515956331276 -0.0008239324027693227 0.0020164855181895487 0.0004033086673370998 4.1177200447289533e-05 -0.0005229628751990679 0.00024631877005886176 0.0009412508596830724 5.4191432543324675e-05 0.000421118116641021 0.0010474858434673029 -0.00010686460386657278 -0.00025511547307056274 -0.00040737437000389895
0.4187438043301283 -0.1923346795157463 0.8152408911710246 -0.115419630349968 -0.30906941410367256 0.09006285424112834 -0.007123536916287508 -0.0466918854769696 -0.010349191273625703 0.04501740113536701 -0.0036112829326818427 0.0003785045129851221 0.012242613504146472 -0.002317896661123562 -0.012537779065411096 -0.01511587729777884 -0.010348756838777791 0.020281967811611738 0.022366522293462258 -0.0018246362032695144 -0.01206880309789548
0.7451048489314609 -0.32019726101820073 -0.1149733860375409 0.2919193114876809 -0.0863724014917569 -0.18641788608498164 -0.09453531620138078 -0.06915162500380072 0.25014374003707296 -0.1046681834516213 -0.28200268965903474 -0.010555887048271595 0.06097623253997692 -0.05956065640108616 -0.16080457065700174 0.009302038407475378 -0.009713899048888702 -0.03646513625810768 0.006837592293853743 -0.005420936946612029 -0.00716534247281127
-0.19758829956925494 0.003927494894846351 -2.905942768903086e-05 -0.00013356227996174188 7.635090317594839e-05 8.333315624948828e-05 0.62745407887594 -0.007540481526308885 0.0001428033982452816 -5.4828090731566836e-05 -5.889792596890427e-05 -0.6158522416242513 0.007544107200262422 1.72921601511749e-05 9.980098690355573e-06 0.4143443524556809 -0.0031289251181591524 -7.110739328797384e-06 -0.1265081997873771 0.0003901989863990677 0.012708005473787006
-0.20696223475813935 0.021739922690797903 0.008301498561078178 0.0019348047011605275 -0.0013494515448073494 -0.0004114219585555451 -0.151483738225012 -0.10099711861789523 -0.0414671267153177 -0.004751827302822881 -0.00010553368019870444 0.34244920114903216 0.29059811761897486 0.05867651705953983 0.0012834007976781745 -0.6608778159440191 -0.27019627548901387 -0.0016174574668830607 0.4546549496273908 0.0047103113743122045 -0.008047519840311594
-0.06977173883178318 -0.44816239630132704 0.006036479919571359 0.04432866815133084 -0.06992405613287833 -0.031498662446102346 0.44177385590387375 -0.011467161416479289 -0.13161849744246468 0.2768371854381892 0.15587640783183873 0.005378841081314593 0.12979280759695286 -0.4090569102760765 -0.30792887370096306 -0.04230336641321401 0.26856710994408184 0.303898474763306 -0.06600489271939974 -0.1494526256248314 0.029262264526008816
-0.2617684711014921 -0.11035860462021387 0.5656869745155864 -0.43550399783404514 -0.341629049410395 -0.020016305238591273 -0.026190144397378087 0.26707493334218857 -0.3093165773403553 -0.3231638441558797 -0.023387252486614708 0.0314965007375904 -0.07296333111551431 -0.11424258317312759 -0.010934083283720189 -0.005585128932358698 -0.01794255636580189 -0.0026254778852837384 -0.001239625396621193 -8.566967773009859e-05 -0.00011383968496408341
-0.12068291949018888 0.24155949969028453 -0.02497621385342595 0.015141902497434537 -0.00124108979761886 3.2995207463544134e-06 0.675294648179356 -0.14080755560174157 0.12719134079115466 -0.016826515167797096 -0.01235470354627929 -0.1973406655587326 0.3554388110470186 -0.06608865191735566 -0.06871238859211701 0.3286774231807058 -0.12367633578308124 -0.18983126925561902 -0.08563517618725189 -0.26614059118807354 -0.14789521040991774
-0.1203607158667553 0.24123281617778614 -0.024917617555288873 0.014708069268903154 -0.001288608588764394 0.0002760147391677817 0.675390505548666 -0.1411387286472223 0.12754462648185835 -0.016563686452963595 -0.012767336898669782 -0.1976272277743308 0.35573226938353397 -0.06571916062682179 -0.06910458952859654 0.3288794200637644 -0.1233253262430021 -0.189548223583795 -0.08554736859523501 -0.2655497018913929 -0.1478947301493833
-0.12059355121919735 0.24172363151517184 -0.025206341746571357 0.014871948401188216 -0.000966292333684998 -0.00010938153716486207 0.6752923616157428 -0.1414070937745312 0.12783476035720107 -0.016661276895079985 -0.012691744074828407 -0.19728652874486635 0.3555572754013745 -0.06568183753648221 -0.06914796936771898 0.3283961402493703 -0.12360418781957337 -0.1898594086280729 -0.08495225140887618 -0.2659904239555912 -0.14764265993674922
-0.12060886430637409 0.24070846274298904 -0.025312034735644282 0.015334578818642359 -0.0009614749603042123 -0.00017561975481584688 0.6757654570897058 -0.14148424334612136 0.12712276396081562 -0.01716563877359454 -0.012804527658287993 -0.19742898060910205 0.35562393171850576 -0.0659604188037543 -0.06865885046344015 0.3287579638022361 -0.12374156633072833 -0.18924106338488694 -0.08563647995369625 -0.2655922596924632 -0.1474800693192921
-0.1198448162651066 0.2410656604275338 -0.0252257247338236 0.014847087156222571 -0.0012715795883940033 5.0073635751257675e-05 0.6753169537307071 -0.14139531164503497 0.12759073210793687 -0.016908249542566558 -0.012369888790759133 -0.19706355972767411 0.35573145677957957 -0.0656359983277923 -0.0690178047976796 0.3286735120683733 -0.12346339975845709 -0.189919389432427 -0.08584750398940073 -0.2661238124590612 -0.1480582874408741
-0.12024415432455712 0.2416036577419559 -0.025225749673812543 0.014975138822244351 -0.0008059008333681602 0.0002988878943320898 0.6752811767919872 -0.1416191388927033 0.12706325486741213 -0.016490878268417757 -0.012536572413756787 -0.19707904040935334 0.355566730512078 -0.06548821466469937 -0.06907568360299492 0.32891534374550374 -0.12324190703404024 -0.1892423483274374 -0.08525257106455329 -0.26623859913922265 -0.1483486296146136
-0.12112672040068052 0.24162605307869436 -0.025076284839552637 0.01472177683366144 -0.0014034900919959552 2.4068983172451683e-05 0.6756069021208654 -0.1418518637423813 0.1277294613425973 -0.016790892305037674 -0.012467117240427945 -0.19761046236312466 0.35512157361692503 -0.06551832157430118 -0.06845802954821682 0.3285920192398381 -0.1231493037901841 -0.18936881383466075 -0.08530856364011838 -0.2655730604919407 -0.14775938785238707
-0.12076497346161226 0.24173652850746977 -0.02517050787044802 0.014784713060694517 -0.0012318772183732953 -8.936426574372258e-05 0.6754986784558743 -0.14171580988646604 0.12758814764407866 -0.017084801748959898 -0.012637460062768287 -0.197016406933977 0.3552664041309114 -0.0655649679573695 -0.0685940430033722 0.32816256927650295 -0.1238853812431141 -0.18947631619554137 -0.08552927013768745 -0.2662438243227363 -0.14778120096337471
-0.12089774860533915 0.24168365651695145 -0.025157369375073207 0.014660605706435216 -0.0012622543074536825 0.0003875653800730046 0.6753141066450429 -0.14144678229809032 0.1274038556699614 -0.0165932160202483 -0.012635248815931296 -0.19753626610124 0.35564661646100365 -0.06580519472646981 -0.06888354668534721 0.3286979526871439 -0.1234911710160361 -0.1891031659740892 -0.08508141089221305 -0.2657181218316318 -0.1480620356791138
-0.12023887715031728 0.24183005979478903 -0.025074434542015307 0.014794027603517217 -0.0008812854567665156 -4.434863803408231e-05 0.6756301848692464 -0.14142624298455334 0.12718114620734575 -0.01645967225089005 -0.012452768081736487 -0.19729094761439428 0.35552965403024794 -0.06588250986250169 -0.06868209262651023 0.32880112446832716 -0.12304540288874107 -0.18947878105614963 -0.08541853046436475 -0.2654660237574021 -0.14774985034011667
-0.12053473640728792 0.24131226045004212 -0.02562793991945958 0.014772233417196539 -0.0007946147249573004 -0.00042076219048449085 0.6756334518579475 -0.14216091503737532 0.12710553800585794 -0.016941695559797017 -0.012363680863865837 -0.19709754149630077 0.35477332884789226 -0.06595686359971395 -0.06887294280992194 0.32886084095703016 -0.12349121990470784 -0.19009646990497048 -0.08514480586609754 -0.2659085654533315 -0.14757850182208246
-0.12018825531513826 0.2414590327125523 -0.025132844501965627 0.014996903603853891 -0.0008812343761540322 0.000693894221203138 0.6755017939193649 -0.141001737314425 0.1271283566073861 -0.016524904125463927 -0.012825357488480045 -0.19743922994610374 0.35533909198787805 -0.0657360389392883 -0.06891065765643296 0.328693530889309 -0.12310317190531742 -0.18979088170716835 -0.08620100741226344 -0.26585328039103123 -0.14822326480175632
-0.12036084168400105 0.24155279663702595 -0.02547872439382588 0.014962548428061662 -0.001381196641406836 -0.00026930390562901235 0.6751225352703221 -0.14140755174106007 0.1275575555613515 -0.016829900237296292 -0.012319738620164613 -0.19772170958841467 0.3557952619977785 -0.06573744372281723 -0.068674507736424 0.32857804039442673 -0.12328203055108775 -0.18936265150302645 -0.08544979185345089 -0.2659567431701264 -0.14839611142032766
-0.12043324548121478 0.2417565370509921 -0.02540834745526839 0.014822837291851415 -0.0009024982247247515 -0.00034453685000171815 0.6755208853464874 -0.14170248347727277 0.12789623180699844 -0.017073062510987308 -0.012463381974366274 -0.19759055412868795 0.3551249861873488 -0.06548074032680279 -0.06873571728449172 0.32836729280914323 -0.12350509121934916 -0.18956314099187574 -0.08528385431510412 -0.2658397163472735 -0.14780417407347266
-0.12033985901992793 0.24143925661947319 -0.025262458691578536 0.014835194263946595 -0.0013203121676698434 0.00013718749283390955 0.675628867837749 -0.14164654819853212 0.12757717166100102 -0.016061110653754613 -0.012678200046038987 -0.19768123928256381 0.3550619352727847 -0.06574393232424287 -0.06846240888119803 0.328492039363465 -0.12353882077762995 -0.18996296227377588 -0.08515417751127603 -0.2658588305260071 -0.14761256444057644
-0.12034800940576798 0.2415969048190231 -0.02523083049210679 0.015026512765024754 -0.0012464976215649148 0.00022235095205891907 0.6750318699207456 -0.14131490098203423 0.12714490138123435 -0.01628250907088092 -0.012529378904507914 -0.1973786996573661 0.3555691592936318 -0.06612230735547131 -0.06889240916825455 0.3291465334606632 -0.12282979430647449 -0.1899043926815403 -0.08548984434140029 -0.26616274423292485 -0.14802682621726315
-0.1198786222701151 0.24165708666276461 -0.0251779188633238 0.01502960675571607 -0.0009396012032802752 0.00019120179078214607 0.6752275001902572 -0.14104263180822751 0.12746252258852284 -0.016550092479478584 -0.012519618243743334 -0.19772085289137561 0.355494448791127 -0.06572337047996492 -0.06881403144969137 0.3287096595893425 -0.1234138608405013 -0.18985279319735648 -0.0853402925581722 -0.2661515090828954 -0.14798048294692195
-0.12004872939983212 0.2410480080190191 -0.02555029343279779 0.014687150322817857 -0.0012905351505233067 -0.00018442544501487328 0.6752554514386077 -0.1413933023731719 0.12726633671692195 -0.017116746476230328 -0.012664007717184502 -0.1977090251317908 0.35605663271711063 -0.06576411284340536 -0.06907425013291764 0.3289570942746635 -0.12296524233209136 -0.18987387361075303 -0.08554440382782577 -0.2655839885646751 -0.1476566840240178
-0.12031574778000476 0.24191328467358422 -0.02537597392102411 0.01463444030790062 -0.0012957606190759957 0.00021845409079750247 0.6756524328224816 -0.14191010647651117 0.12681784352567574 -0.016666120056045695 -0.013092287718048264 -0.19695545340063172 0.3549029505227128 -0.06589873821923162 -0.06909112004922484 0.328583519873813 -0.12319393835570401 -0.18974213231981155 -0.08495938061459177 -0.26614022530346626 -0.14801073782388843
-0.11993820290395157 0.24148629492410206 -0.025402211073726477 0.015271033407779609 -0.000862663910185459 2.1711350913990848e-05 0.6755028392267388 -0.14172399880757394 0.12775230555032813 -0.016714931349127903 -0.012775512481527853 -0.1975442567455597 0.3555170698936458 -0.0659128903465545 -0.0686327054653232 0.328384326317792 -0.12344333214055858 -0.18994716822908767 -0.0858320730278628 -0.2655288131029134 -0.14754227094320285
-0.12072044173398278 0.2415532058468578 -0.0253165362854058 0.014948732241113994 -0.00130424842369176 5.569688210567192e-05 0.675775887551411 -0.14118122546757417 0.12749061814088744 -0.016982183497485 -0.012396572112491204 -0.19748512670630614 0.3553677710469663 -0.06622053415989466 -0.06876475949302538 0.3281476413631912 -0.12343625148390558 -0.18959463081781625 -0.08558425109533432 -0.2654811489885732 -0.1477924947943776
-0.12042199424527637 0.24129845251019005 -0.02551599004456393 0.015042935838483833 -0.0007841654020251263 -0.00010792886436163569 0.6754554966692399 -0.1413243508571156 0.12708996440332265 -0.017019211005508936 -0.012445427247091984 -0.1976036077724599 0.35568488804020865 -0.0657868567083 -0.06886301227034405 0.3285390566784699 -0.12288910521801531 -0.18963414451398045 -0.08586084998497362 -0.2657778729215417 -0.1481446932657895
-0.12025513958871917 0.24169625327915487 -0.025193026085251147 0.014768221829775515 -0.0010022604323599782 -0.00032265523281996473 0.6751159739506785 -0.141460333174744 0.12805931788007505 -0.016506634865097302 -0.012186551801817668 -0.19791450903640737 0.3556836182705105 -0.06557194374228813 -0.0687691021503064 0.32857939733737307 -0.12341960348656023 -0.18965264031706444 -0.08509427700222133 -0.2658150629217097 -0.14792385195763022
-0.12007469860815377 0.2412087184586892 -0.025381306290873668 0.0150708365322529 -0.0013349770745114601 6.67132429160545e-05 0.675383970663144 -0.14200332782789965 0.12762334990835097 -0.016506768751997948 -0.012902472563335259 -0.19751675182456976 0.35534372795158037 -0.0659217931765 -0.06850614235327693 0.3286029382973116 -0.12380916845592141 -0.18964853175399998 -0.0856508308761906 -0.2659235282530137 -0.1477999076490729
-0.12003425380132952 0.24155858356622084 -0.025311530445300625 0.014923181651248969 -0.0011659849362454205 0.0003676305299557381 0.6758867333991294 -0.141335452186668 0.12772159466770777 -0.017026813108561027 -0.012655933904292014 -0.19763288234384663 0.3553800269932861 -0.06538432979835046 -0.06871614371361714 0.3283857480581051 -0.12343252033912132 -0.18927474209026668 -0.0855341746926694 -0.26545710569223274 -0.14759017060890342
-0.12018875915656081 0.2413827172875773 -0.02531659250015705 0.015144854008740216 -0.0009549255666304175 -1.838663540145046e-05 0.6753566838725367 -0.14136845675273343 0.12726940037729984 -0.016479415009053908 -0.013042288020287621 -0.19738872819048744 0.35556827655756984 -0.06630010363473 -0.06845337144666244 0.32885664471618187 -0.1230204615082848 -0.18944647387527316 -0.08539951692695943 -0.2660236302251305 -0.14826312411130538
-0.12069399134794132 0.24194007750941596 -0.025447038861790953 0.015076669160972774 -0.0007374151215947869 0.0006116723895273367 0.6753913117938511 -0.14156310556368093 0.12728789344490854 -0.016833236818392376 -0.013116112157710667 -0.19720609958326998 0.35554461388375536 -0.06531920179418346 -0.06917624951305404 0.3283707983963038 -0.1234861773302906 -0.18915885544693425 -0.08567976826274068 -0.2659715521356131 -0.14791112144751725
-0.12053196975396141 0.24134672570006854 -0.025312798338215817 0.015361621072301535 -0.0009552421029235981 -0.00045778779406239806 0.6753793058274643 -0.141425079987376 0.12725587936362362 -0.016380202644677072 -0.012711730851553872 -0.19767920346662188 0.35564030920903067 -0.06578865138628817 -0.06887421316805069 0.3285801944271596 -0.12372215563512443 -0.18923002155810284 -0.08548022142108214 -0.2658396892359515 -0.14797674993436216
-0.12040454884679946 0.24114311306967479 -0.025245511743379842 0.01512027795813446 -0.0007054826501124728 0.00034550689948597164 0.6754807417052641 -0.14157093394494022 0.1270385275880278 -0.01659251619077584 -0.012392987233384363 -0.19738642832149145 0.3555571623236461 -0.06575630924850812 -0.0684882105857454 0.3293633288855956 -0.12290537413418293 -0.18937566749814447 -0.08529557429538347 -0.26570174432032234 -0.14792994010790234
-0.12058124128188287 0.24188310168187 -0.02549385382561482 0.015030123233789107 -0.0005230068504953395 0.0003026035163000001 0.6755735271289112 -0.1418725384900851 0.12756499177725675 -0.016246030227222902 -0.012389353617255062 -0.19705953141381682 0.3554168577438794 -0.06593072672712146 -0.06856425995526703 0.3283873434427724 -0.1230912151250901 -0.19003648416136862 -0.08533073265684632 -0.2655974236528099 -0.1474125272928874
-0.12007445180266672 0.24144565609012217 -0.025216190435497058 0.015023303395255129 -0.0011105423439352977 -0.00021166657749243105 0.6755237243124363 -0.14128692624612466 0.12777449101355418 -0.016830103354989957 -0.012376371618245684 -0.19779003021802458 0.3554809621470375 -0.06565767019075952 -0.06878582657018145 0.3286903145857855 -0.12342809659591551 -0.189714362733351 -0.08543690424539294 -0.2655477157255661 -0.14750525629834144
0.030093129017864997 0.00038518976554108346 -0.10119731847906872 -0.04158706335181436 0.20974070389148194 -0.0938817539817256 0.17210283780497648 0.0031288653542202094 -0.19436480965760441 -0.3224394373689796 0.32698531803696645 0.3668666777994861 -0.15212242144245322 -0.247263352494706 -0.07753702786488945 0.246918940064361 0.12098301081917658 -0.5116504360094503 -0.22366007332994167 0.20873136478584678 0.012542111756884926
0.01705777740349963 -0.21773188974040042 -0.2573542642862474 0.03549476081689744 0.48649782990612334 0.3206860263568609 0.20550095063207302 0.109310541640881 -0.16575312519296728 -0.10259207615600428 0.018317310655734158 0.061374084936322904 0.4461761866900288 -0.11017193546257832 -0.1993138407372299 -0.3339584410919129 -0.09755761164146427 0.07091729804651507 -0.04188894335248061 -0.2348594261646084 0.12281876169183158
-0.0014536131551815957 -0.016789402619077787 -0.03893033912802261 0.05039296843026909 0.22155994324884 0.12434626132297577 0.02354790274016436 0.13222890324976908 0.12482593854117628 -0.34543618050567154 -0.4163686897032568 -0.0010073984983973389 -0.05666343686310072 -0.0510026982761572 0.16570607557039996 -0.2638621865168071 -0.5848314392621746 0.2517371943500512 -0.3055556483774718 0.051747207090164365 0.021549709521901366
-0.012784858516466503 -0.0088764846773537 -0.011278012539020272 -0.013664493632954133 0.007331416909186163 -0.0004325843620895887 -0.10900407066175173 -0.17253097839664422 -0.1456464104549801 -0.08664286833760503 0.016888453584111153 -0.16042355265269473 -0.7282034098119942 -0.49387305529901887 0.10921865202317087 0.17010842317961375 0.28439235122822903 0.07748295952233888 -0.014384041504437535 0.027648558545697154 -0.00948308045170875
-0.004624398916053343 -0.009414129607748312 0.11656593307568777 0.36048610581140467 0.24254378650212643 0.0396613203716496 0.019488605524652324 0.05598702587403715 -0.18836342602051795 -0.6746676208573725 -0.2108674389181095 0.062381250807332915 0.0979825698754227 -0.13356721679281494 0.16748422352704712 -0.11816034147317193 -0.2793277712112612 0.2732136516858452 -0.09148989754290578 0.14853470800414054 0.029450319209606616
0.013712005851539507 0.005229013446970615 -0.14207166414388928 -0.05773773088232815 0.20867962702121756 -0.07326464832161331 0.03396728835182608 0.07506139941042576 -0.06179188118657079 0.047370518413443724 0.026997842303777202 0.007069633810857094 -0.06587855710701566 0.0834565841710247 0.2415826043584375 0.12115348739285704 -0.43833332605482256 -0.5684139180656169 0.18883871410640946 0.5055209213531916 -0.1514444669976902
-0.0017642376140967122 -0.024788414629314477 0.22574420470549553 -0.42414797833289336 0.025883934260990803 0.28422833542211 -0.0025217427957857043 -0.04030262570356186 0.20086662778046907 0.03761195151121864 -0.47456981873338133 0.06961826139049618 -0.2223032459193733 0.4081577216777863 -0.020161489152822974 0.06254901889772169 -0.18563025287312962 0.32178936919449486 -0.22176871927458086 -0.04103812814393943 -0.06637771225932913
-0.0005315098737646701 -0.02951648065893298 0.10203587612127867 -0.019682368771755412 -0.1786119239135123 0.11291114869805685 -0.046196262891103776 -0.042216760756282216 0.3244516437525798 -0.40809413193827626 0.3613186514886251 -0.2627936172454109 0.27679584423355474 0.06335267971108478 0.37660952212016846 -0.28725467296501844 0.3844479883878538 0.12398731929757653 -0.012322433799903838 -0.006041078585583478 0.00010529411575151623
0.00012271871363272736 0.036004522199488055 -0.31179222442263843 0.5971726180697509 0.09198140068013302 -0.19811285683242238 0.033715523004311417 -0.14201443484592216 -0.007648025510707123 -0.0015523943630463297 -0.20360592485775586 0.16441360521766965 -0.4062148208468492 -0.3535009729556578 0.05623363083620897 0.2136364779014665 -0.10088070233706485 0.1632033939018684 0.16214206457134564 0.04618396048438661 -0.05744954230319795
0.0076240301911889375 0.03811507528433044 0.06243065278320831 0.03994532336516968 0.003942507352470539 -0.0032560690312607053 -0.04715386727928889 -0.2370671853141792 -0.3363132855526903 -0.14176192913524174 -0.0010138237884214508 -0.00792984235556291 0.1370997603897327 0.2993718742031705 0.0717194114217671 0.20378744118456055 0.6375937801926337 0.3392112987831552 0.21524727895404133 0.273170016976515 0.06035059772368842
0.00584237121150047 0.07204002421022937 0.3069718992130293 0.5376610972101936 0.23845031856486226 -0.223234983199463 0.01596067637276761 0.09666038802682524 0.1266367564262823 -0.05828864541376668 0.23408912522027295 -0.046212790467447876 -0.1608371453656427 0.10546823208747985 0.3318037138906379 -0.15422803322141176 -0.07444635549526413 -0.417663805131353 -0.1624181004811429 -0.10902637070064262 0.17228728786614603
0.20993135046242586 0.16652535597501678 0.25059148383976293 0.1785170778388752 -0.11026036726271109 0.010806659184473249 0.3506409829997419 -0.041393634629347455 0.22509955512088176 0.4717883971075265 -0.07437269666146877 0.03013250886105273 -0.4807066504041288 -0.3176700876621726 0.14821979302015684 -0.1344233310204562 -0.1529773690226231 -0.1352211753453909 -0.02125463142436944 0.05066319103938415 0.01289945336583756
2.30069826499077e-05 0.0036961810057632902 0.11295509996066892 -0.05517309811307328 -0.030551720080705884 -0.0017905017013340164 0.0018970559995665265 0.1920486884674817 0.41163942960052935 -0.28178225307215693 -0.09771749248329151 0.0731869954009939 0.6318717493980439 -0.13145098975845101 -0.186107457421298 0.21943918112179053 -0.1494377403974131 -0.309325928335767 -0.09572637713362245 -0.23038485457132984 -0.0549681681261427
0.0037314400034912185 -0.016645515893750244 0.002648976111988992 -0.15717460586443485 0.520183850058537 -0.3200199465715199 -0.008560957920926262 0.08699347420684934 -0.16817804665844754 0.0595091848556951 0.11460657634493332 -0.060887430369573274 0.18133975056657597 -0.5569419514632903 0.3053575303225127 0.039663895043341904 -0.03373825256079212 -0.21818435786899415 0.21832124071139417 -0.06132410920697115 0.08736957825077336
3.170483578524334e-05 -0.0008853321040444292 0.01674507341770335 -0.07573568052654107 0.06391988968826964 0.01888262004717959 -0.0010929091920011522 0.013283769624587705 0.10106400481419231 -0.26045723947020055 -0.11024124538358625 -0.004678004352664228 0.4341764133772114 -0.1297307432668989 0.17731039728158512 0.33858103641996357 0.6919902077728634 -0.11577902474195333 0.2254548205934922 0.06320364938426705 0.0253163319352895
-0.0020486405563300116 0.006416883611214945 0.22339864027676093 0.6661307523781608 0.24106294923880855 0.020520039773302152 0.034162731603482405 0.24708419348456714 0.47382672791030583 0.13380137674042064 0.0028111877075122403 -0.04608163737217931 -0.21291013950525278 -0.11801524270853837 0.0450147295774398 -0.0004496156945677129 -0.060927578490286884 0.0658112767514419 -0.04037570420414544 -0.18353123162533125 -0.19073366886436796
-0.12013711727026295 0.012316790403591644 0.04369356398642865 -0.06267595038953976 0.0773953821387977 0.01354459561731228 0.48817214361409295 0.05406590057463346 -0.13348834198284476 0.3564501278404342 0.07438596557143841 -0.4022077589255158 -0.01284537407453688 0.23532354388337987 0.13185560283577158 -0.3213624676819659 -0.3498245848462641 0.1353559990691467 0.29041022973482283 0.12678787788776866 -0.051724798233284484
0.040072800915408976 -0.11185392851568376 0.08925168625403357 0.0014702712834587972 -0.05183048936149555 -0.01158378732077454 0.22282974744372805 -0.44289402889116647 0.2825930240834677 -0.2412917515508183 -0.11526174769753311 0.390703852491737 -0.4360934949386749 -0.06853638256731613 -0.3215600650113534 0.1900573068158762 -0.0805534537350659 -0.28090539341209464 -0.043337916188046915 -0.05991708103647148 -0.0028961752890966958
0.019678766557731788 -0.13050792650765022 0.14831686989571372 0.20608911132862953 0.035453233905366054 0.0011237417243881971 0.14438865499696774 -0.5745682422330797 0.17314013898144792 0.016279393863195882 0.0006865692109496812 0.2818057305373384 -0.40335145638430575 -0.10992137963725575 0.001528338405758553 0.0035919217085237896 0.4561069475834633 0.01924726317611422 -0.24143974577028482 -0.10560455819457344 0.05981285525502828
-0.06321399484030381 0.11571677619837713 0.17565054794983745 -0.22973849896064802 -0.1861253120510242 0.03908613404164866 -0.13325356105091005 0.3597904331352059 -0.07781671873721668 -0.3359530606362858 0.24077065386491647 -0.17890877864277127 0.2730725651273978 0.035607797545471616 0.3425322388495782 -0.1785121311070237 0.07695471619006627 -0.21693023450733312 0.16116111164459593 -0.40868683622680807 0.18893357434892294
-0.032490672279021734 -0.06736235233765604 0.13181417721575844 0.4015680503473831 0.20642537714981743 -0.0390131414354826 -0.012671086998202529 -0.2536113919637251 -0.6535248151160589 -0.3586395438976741 0.10731928319493937 0.09003403507391393 0.2983094714754726 0.16063944331064317 -0.10765149159307517 -0.007513976555960093 0.010127601630656326 0.06722039455871116 -0.007890978916860716 -0.02589852807136637 -0.005333732855529817
4.7143914939554444e-05 0.004545124913269306 0.08571240588471243 -0.12081627927955818 -0.46941320685117005 -0.12825755630179142 0.0011591636053294764 0.07167474303242112 -0.04518937174438383 0.28245405449376143 0.03784883841002223 0.012261358332343616 -0.015025474334385044 0.3647252696013196 0.3517678297331799 -0.0032666277838579137 -0.27793415629780077 -0.5191696225867105 -0.08159769022624683 0.18927871332711785 0.08014274400128442
-0.12972541325207113 -0.039255176135282656 0.23712125533808376 -0.20268846026089307 0.21437096839215591 0.021970912299846247 -0.17969385953531322 0.24727442044393483 0.17831843611956477 -0.18575538965677604 0.012101115874001126 -0.23051076035625923 0.511813759017327 -0.35718902596116925 0.0006342799443169347 0.3829972095114245 -0.035221290425519775 -0.05878171611855374 0.08670136619636414 -0.22318681361441658 -0.16314108987593826
0.02999864095271005 0.0514400605117422 0.21220806488734975 -0.2292118452735412 0.21498992115949614 -0.017170077104178966 -0.19855190107059809 0.2823954003812601 0.13141720946072516 -0.2531156572930418 0.026644840897599772 -0.22959128976793597 0.4229426942381723 -0.3311271439817492 0.047662347248424004 0.43615482392299165 -0.028177487246206036 -0.008776987916226591 0.09501932750136924 -0.21147875597197668 -0.2505726716627313
-0.015921710957791275 0.07836605021274766 0.1578640690771717 -0.2863311810177439 0.12870297503667974 0.1170298137803908 -0.35441764020389066 0.06692378275145319 0.026524585418783286 -0.10025672958597749 -0.1316781827303931 -0.27362960547589693 0.3906532676788712 -0.3578490588360191 0.11769422381681854 0.4225759538726261 -0.07542060936608899 0.005837237003062977 0.05588854661537513 -0.31133967351006864 -0.2109827880611961
-0.02564498257833925 -0.00580090816226313 0.14949134621241061 -0.2945975437301016 0.19823738332424068 0.005710967202304077 -0.24138728571449808 0.09109562872034586 -0.004519449600582715 -0.11165571777621 0.007017664756594648 -0.1578208629302595 0.4611160386364659 -0.44687423956067496 0.1323504214975095 0.37252521264465166 -0.14417974340475648 -0.013691788891536003 0.16713941253604703 -0.28770880027319345 -0.21570546029497953
-0.13855922414361563 -0.06712442462678059 0.1464729188434708 -0.3168213792618446 0.1927276444568549 0.04546157369146332 -0.27676203601719584 0.12172915714392007 0.0442609938012298 -0.20396483612163557 -0.02979383891629005 -0.12165543085757974 0.4980116392891135 -0.294936728860536 0.0675951058952104 0.467572113007295 -0.05186638417152783 -0.008403046357987191 0.13117698876508493 -0.24313570977360294 -0.1652636600269287
-0.06258675672687115 0.0218986154971416 0.10047721576576833 -0.2673931693265026 0.21119274245999486 0.020587748984713085 -0.2430001522035715 0.05869654694647842 0.07791655951844076 -0.2961783943932567 0.04505426178960556 -0.3004060010808973 0.4268976157931848 -0.2727641063196986 0.039344828406370894 0.3883673285949047 0.0685997923249476 -0.021458098470494937 0.26096020730772257 -0.3060089356524256 -0.21093740567908364
0.05998247034890597 -0.005075940651104739 0.021888788464297867 -0.23206901740137645 0.165616481483535 -0.004214013270934049 -0.13332345157216577 0.07389807877756249 0.10336816139812065 -0.16791582460831425 0.018348878617370515 -0.2495733424954615 0.4518132848074527 -0.3900338393911312 0.06781383143246138 0.48391805971723795 -0.037957793220742234 -0.05169866064222642 0.08099519283662902 -0.3405073331637784 -0.26114795373245137
0.053258163048021376 -0.043432402326412954 0.10309975638000832 -0.2219155274864443 0.23982085676792664 0.024288103231284584 -0.23715467961253195 0.14720631217859803 0.19901762663508074 -0.04723774588038908 0.021332264727923406 -0.3088517309463971 0.4270823830181674 -0.4120828671979299 0.03014947947238985 0.4180041588303641 -0.06253080960599973 0.0007319229125268613 0.14246867802414895 -0.23269879654025022 -0.23557684284689864
-0.1930584269705761 0.062370884087148505 0.1435579757686904 -0.28461139092097326 0.1499895723997798 0.01711950388438037 -0.24983779954854263 -0.012365590502120613 0.05379451996476162 -0.17611555834994816 -0.02422882075993057 -0.18325703288955342 0.5703372677152857 -0.31209492171014186 0.09196281556673239 0.387377592891136 0.04736721384492452 -0.04517068131121575 0.048415103335307165 -0.306137022733761 -0.14909373132787243
0.0501596684749659 0.15529714467271305 0.21050409115566038 -0.2325545385773659 0.24563668544477885 -0.01857994759941028 -0.10424186477161233 0.11232484074007465 0.10274813260797006 -0.205061394836776 0.00098644476962423 -0.25358846759250586 0.3675686767506684 -0.27018625813932384 0.07375001166337855 0.5138172550545714 -0.03948024323592478 0.06593881613456742 0.018072274832302875 -0.2528566185996334 -0.3552008905269427
-0.0815275216082341 0.13854658731704747 0.21912314721603862 -0.33146270997208577 0.08812181947592893 0.09315991996998468 -0.2736634672360962 0.09076119189452582 0.17044405851917138 -0.20016823149037644 -0.1554580822409206 -0.06283707636142484 0.4670960906619646 -0.2514987347685992 0.09964905609147963 0.3867157375190287 -0.005356293794065993 0.07033845664766757 0.04796395453392724 -0.3106799008548314 -0.27342238843887756
-0.1105414903131563 0.06851800886280138 0.11307517665707874 -0.4317736758465317 0.26618265096859994 0.016673359023647895 -0.1796930715803337 0.018494929870214474 0.10014183116306999 -0.05252254663858241 0.006236485625430961 -0.2033936011324571 0.40716575652345294 -0.36211624775254303 0.0245038803813515 0.29177434579867495 0.10806793033790144 -0.012151600962030286 0.282907710010229 -0.265837599386597 -0.2841409102600367
-0.005448187041693156 0.020802607294381832 0.08507194640411926 -0.20925852628430913 -0.06589432174138929 0.005981778493353857 0.04979432898180648 -0.40782338956261827 0.5981880326310357 0.23943175746502204 0.05505274467855454 0.03445465512729617 -0.1884707869789457 -0.028734775752085922 -0.05197465218084572 0.15292312785747084 -0.020432693645256485 -0.31611037853762963 0.2302872712313224 -0.34893632864359114 -0.13562345660185376
-0.00033569848718640103 0.007048070576862893 0.10259224671635012 0.1451397510735369 -0.11044187146485339 -0.04355775572247115 3.6754201146526526e-05 0.07276331980011408 0.43002519319027427 -0.3680793538150101 -0.187207529580472 0.013475856856242379 0.0806280325312799 -0.4635731515324893 -0.21684215184815744 0.006467467958599327 -0.3552998162293169 0.13139082441010588 -0.06775715622461247 0.41325419241137895 0.07747975092140554
0.0335392167206135 0.14358282454577584 0.004723096000285308 -0.23236516085413983 0.043026982849468126 0.041745676143541514 0.1597465057239458 0.21007891045597651 -0.1138802026989535 -0.09012010804692706 0.00991698196679348 0.18656595750413946 0.4927384219199679 -0.3189559271994476 -0.05840570135622579 0.37904445493303607 -0.24065883279660755 -0.16769683533079752 -0.05726943138764666 -0.3891219813356339 -0.2503137944665984
0.0011033282157352274 0.013484180256703348 -0.006908315455455472 -0.3033227616097843 0.062424311173422835 0.011117933361132348 -0.0075657605003074955 -0.14957525231149643 -0.7076525100523353 0.22928055401188815 0.09423367007868987 -0.021231565647899835 -0.18821245265501058 0.33856848394721756 0.19822794869545218 0.020691348639459938 0.244163443762327 -0.024553579499480237 -0.08934913609232939 -0.2343268473135894 0.07586648461253741
0.021107279877807115 -0.05236627235005337 0.06535644400978806 -0.05939748786728617 -0.013137266792576029 0.0005178846212095763 0.06035474773943584 -0.041501879525951996 0.06953073153529701 -0.1410144247348583 0.009746313990856164 -0.06293416464057182 0.40707817482025405 -0.21436779177163837 0.025489273887840794 -0.34300362013798064 0.6669940346390834 -0.16743163616094212 -0.3235829299875329 0.20438184348829255 -0.07307434156605147
-0.046141621401295636 0.016274400314317868 0.0051786049962016375 0.11781156249606628 -0.10893158109641182 0.019180971424411754 0.3273447573579887 0.17203902179363142 -0.0370564262412349 -0.6714279846803088 0.16115716334797003 -0.14241746065212876 -0.32680697629685707 0.3787675120907277 -0.07815484196444487 0.13883569749134478 -0.16042225966099366 0.07446733424972432 0.11410274551019162 -0.1259000317749904 -0.021645288664860717
2.3872169183163155e-06 0.03213291400126478 0.02427530440817034 0.07159299841636549 -0.3176042830840233 -0.025400489667267545 0.027546775996523505 0.3931979363830298 -0.2475888146042271 0.21791526820583268 0.013739472104061803 0.262613783822119 0.05841083197818048 0.5333214230642392 0.16266701074346102 -0.17798012669229743 -0.1635056171943109 -0.1720882950737129 -0.2959808216626493 -0.1654052979328814 0.2028210730345569
-0.004641562240707914 -0.14405004084643955 0.31010792870657267 -0.08338891492910194 -0.31177832059939353 0.23863072247772035 -0.18596045743483447 0.27960705801436603 -0.0978019562383365 -0.4578854685919654 0.4463858826976062 -0.10465861496279892 0.07131293129510702 -0.268402498686825 0.1946169779075034 0.10702028925178438 -0.08358871027081334 -0.11152290544008424 0.14377242016325617 -0.11197838166582323 0.025863314190195965
-0.015625653953675517 -0.029982981227893918 0.04805926748309488 0.06604785736702067 -0.031125825990140358 -0.0011589442574770974 0.08170080465238637 0.03979307408626714 -0.07702758893098748 0.0419537087871422 -0.07494930167495131 0.36520538568719924 0.511394409448837 -0.2750609953250175 -0.1822367419403996 0.20711265398378254 0.5993316160672262 0.22148424758390084 -0.0983254063955706 -0.07084196559695599 0.0064528838465104914
-3.6255072931062005e-05 -0.001637274404070541 -0.005868774496645857 0.10110259615647729 -0.1842487428877845 -0.0967369937081344 0.0002680754841530596 0.020135937128630026 0.09862927493631407 -0.5940397221056223 -0.3318380484545253 -0.0025491432641964137 -0.008907608363013903 -0.2052165095290396 -0.3268874310100263 -0.0006431317569621464 -0.4127291095741438 -0.28194070419270867 0.05981000400035043 0.2645315035252361 -0.02927549698986181
-0.03991374529765999 0.029844603948326262 0.16982014933399525 -0.2042192695439261 -0.05583251897369305 0.12421012282860085 -0.15725048940611222 0.34415934084213234 -0.2324342856154953 -0.20422526383023928 0.4428441477130679 -0.07281449857652737 0.07620924401524531 -0.33495804936123996 0.4428042356021285 0.11159022661239067 -0.17363449978445225 -0.09411847446985896 0.19477686889339685 -0.25137557493990614 0.03793167368257783
-0.04772392314390989 0.31205274026186286 -0.12837754173488658 -0.1521569668945862 0.05740461995068069 0.008096415458395876 -0.16095292998888 -0.31231825888170783 -0.09033920684700117 0.28236062507784104 -0.04508643266192297 0.4976133707524121 0.0319994535515347 0.24003499951896046 -0.1693380649700498 -0.13458855268971098 -0.2722492370432158 -0.051544852979704556 -0.3450747267718604 0.24259349235166852 0.19033689726037914
-0.0019395588378651513 0.012717148590381139 0.06591376030561955 -0.3506266987765508 -0.049565302863927505 -0.0009008828995994449 -0.009934978902751598 0.21720640719192116 -0.7867398439327131 -0.15182422294934358 0.0014605298595405502 0.06800226557689028 -0.3922883701902287 -0.10149331063361625 0.010473421875685006 -0.07237486060195736 -0.009522260437132911 -0.03498777539783391 -0.033824050682093515 -0.04211363415445999 0.0490715563741583
-0.032727113364123026 -0.06776330256059375 0.13203828940251147 0.40175448078373016 0.20656903523998177 -0.038830455790871805 -0.012407236685243123 -0.25333700665332903 -0.6536458843739777 -0.3582916829293576 0.10716638559324373 0.09002533380962055 0.29825387409249604 0.16049689799685063 -0.107608198462688 -0.0075889577039541046 0.010148899026663619 0.06729619819809168 -0.008671969108708627 -0.02615744141519823 -0.005113158457665838
-0.03275548579008543 -0.06764435655286179 0.13166135497353368 0.40141307630856093 0.20610736064639856 -0.038659077003032796 -0.01280786632492709 -0.2539500434904935 -0.6537166539351651 -0.3584991064401732 0.10703553371648757 0.08975417310371345 0.2983553384051293 0.1606007434922411 -0.10751555709938361 -0.007412769972555213 0.010309468007921884 0.06760236413351711 -0.008100482393949388 -0.026050231719176434 -0.00561929366798368
-0.03301300619745033 -0.06756340423035205 0.1315752264550506 0.4018242549004996 0.20654437137266457 -0.038875732499857915 -0.013080591187123913 -0.25354224108578644 -0.6534360765425521 -0.3585292865319727 0.10731529326214931 0.08985656555657841 0.2982719572085974 0.16058129410204738 -0.1076665092501132 -0.007468570661529193 0.010050665389356504 0.06751607950212389 -0.0083767035857744 -0.025859909689211556 -0.00569612335290921
-0.03234034086703073 -0.0676654104435373 0.1317749265396518 0.4016938645215772 0.20615440269676416 -0.0393409379290009 -0.012399546207308364 -0.2532368661666163 -0.6534688064970982 -0.35859747864063113 0.10718340678591139 0.09045457295781 0.29816173687725295 0.1613084121168649 -0.10806964949819703 -0.007740189626951319 0.009677404613583393 0.0673572002227327 -0.0079987905121833 -0.025632973618321415 -0.005243245938814962
-0.032742084289837825 -0.06767678649969144 0.13217995726031082 0.40163537506587116 0.20646233686027093 -0.03917491348147279 -0.012735381981568924 -0.2532382452942544 -0.6538457466782461 -0.35840794390624403 0.10728554128134116 0.09009055012930972 0.297800294141354 0.16065416816420375 -0.10765122958437612 -0.007338334086208977 0.010003397763968726 0.06717819257188057 -0.007766697283615951 -0.025921804823567523 -0.005697365124139591
-0.032621526064399504 -0.06749775985111388 0.13212691554582912 0.4011858735481444 0.20636928024490767 -0.0388137655781417 -0.012135636132377895 -0.2536099603006789 -0.6539411823599227 -0.358475686709939 0.10712185425248613 0.08982994486643468 0.2981088537850539 0.16094668551069308 -0.10722005699729484 -0.00813727929804195 0.010572240715199351 0.06708248272256848 -0.007643256657105455 -0.026213597586734395 -0.005595086923908057
-0.032581253623815816 -0.06754665848974462 0.1319833151098951 0.40157567073228123 0.20644733539750623 -0.03919375592881561 -0.012847086107081726 -0.2535242840040961 -0.6535703696698935 -0.35862504728339933 0.1073780876819303 0.08988461859753837 0.2986159580645414 0.16000812269244188 -0.10719656871186932 -0.007902070144000347 0.01000950622514374 0.06726398894886484 -0.00786304295200417 -0.02605939179644879 -0.005328363898343209
-0.03331126388465192 -0.06739636460292911 0.1320397664614093 0.4013598383510553 0.2062260417639294 -0.03928060481294891 -0.01283787094325402 -0.2535362119280156 -0.6534725171807675 -0.35901925656170236 0.10740625906418785 0.09000005501580159 0.29807096171135355 0.16060253476302172 -0.10803793949267514 -0.007684740117744629 0.010602181335649637 0.06715299916031982 -0.007923282746404164 -0.0258478453251544 -0.005048299746143529
-0.032838827314569 -0.06729628899317044 0.13205633442845988 0.4017406700558327 0.20692538805721736 -0.038737697889934364 -0.01256245020379476 -0.2537895824145374 -0.6535269214841009 -0.3582066013817457 0.10710691929476175 0.09019758593798731 0.29812094503785197 0.16083244148664624 -0.10751915588171 -0.007625056973036155 0.00983954604925483 0.06654597458383187 -0.008059739564747705 -0.02597222524295718 -0.005422351647037049
-0.03220425814085244 -0.06781308596988958 0.13152250297325052 0.4015545085145791 0.20628594464846692 -0.03945769586138865 -0.012846936576640213 -0.2538520342755458 -0.6532605763160411 -0.3588978694058669 0.10754135915643788 0.09004568148069705 0.2984628313353175 0.16050079415071297 -0.10749857906433423 -0.00743332986104352 0.010258441936684248 0.06733025914206209 -0.008040128887512783 -0.02624548644942866 -0.005395845190006233
-0.032586298738227285 -0.06677825622351613 0.13154629711095595 0.40153822907164466 0.20685978387659248 -0.038967368532783056 -0.013034464286860763 -0.2534248575282714 -0.6536479890300013 -0.35877987784980514 0.10698057528515387 0.09007222848333461 0.2980919888603083 0.16059179919482286 -0.10732321960776181 -0.007268057535246788 0.010160980485399521 0.06764778295764508 -0.008461441261896964 -0.02653043485399991 -0.0051776619515129145
-0.03300559763424787 -0.06732903471951114 0.13137787762126613 0.4014066009069862 0.20634701488292465 -0.03889198278705087 -0.012434119585180876 -0.2538393896335727 -0.6532790375351561 -0.3589194921324858 0.10742043298182993 0.09009895349074583 0.2986750641214187 0.16034365439838066 -0.10776629649403192 -0.0076707303256505965 0.010093844532308592 0.06785942736340618 -0.007938817324185738 -0.025683806306859062 -0.006071707450266418
-0.03220363223898457 -0.0675147015838429 0.1317687814070629 0.4018993147453319 0.20627150190156135 -0.03940097348495399 -0.012619583676365552 -0.25407298204019746 -0.6535386715375605 -0.35825012475361123 0.10758964190055555 0.0900800473707108 0.2981301464423128 0.1602188922851985 -0.10730478828494618 -0.00715512038739995 0.010293620251718559 0.06750043062921307 -0.008178104279499488 -0.02604461325224281 -0.0059466637668632956
-0.03276350730992255 -0.06677160415412928 0.13202378360536515 0.4016878914760881 0.20668853452217692 -0.03943246150252403 -0.012754041495973475 -0.25369893788686565 -0.6534414631771298 -0.35855929931931085 0.10717818431369207 0.09019307234809876 0.2978292811824547 0.1611517736384577 -0.10778460301606825 -0.0078117973677180545 0.009869953806272442 0.06715272890508364 -0.007812820098193838 -0.025776088522094315 -0.005313744662420122
-0.032530240092928375 -0.06753314055893408 0.131921018255819 0.4014394928237949 0.20628415285344562 -0.03830163070634342 -0.012492165739316387 -0.2534630427959805 -0.6535573488049101 -0.3590990728418238 0.10727529224196974 0.09003504934328514 0.2981044256100947 0.16071035031471415 -0.10775680833178723 -0.007277418199257978 0.010120552349386355 0.06686065481360733 -0.007977766102986084 -0.026027116250582346 -0.005335468207573617
-0.03271519527253433 -0.06694512692663691 0.13153190865120984 0.4018472252207179 0.20628916880567907 -0.03911388396794645 -0.012600648045916941 -0.25369942152551644 -0.6533311646769456 -0.3586824052721845 0.1077991419458598 0.08987851131489079 0.29823052781056025 0.16060606333012512 -0.10790759436031581 -0.007844240944116421 0.01013601448654475 0.06742621607475736 -0.007650730080585561 -0.026169021349441886 -0.005633754724227383
-0.03275309038878241 -0.0672557189631961 0.13223474606925176 0.4017349477417843 0.20630471750045531 -0.03908130081891358 -0.01228490385776493 -0.2536663815368645 -0.6533413125715732 -0.3587249327712371 0.10743146712903993 0.08974507828736993 0.2985925360676343 0.16039790548249375 -0.1072345182604376 -0.00769046954038002 0.009926200663128567 0.06708810810134815 -0.008520537476693194 -0.025761824688044003 -0.005218468575112836
-0.03261237367640586 -0.06736359175893862 0.131661333859422 0.40180894587510513 0.2065760638942398 -0.03915147281026611 -0.013235478311626674 -0.253658156546356 -0.653080484377405 -0.3589250696321819 0.10709474061600925 0.09041770750128793 0.2985978738123005 0.16018210076421124 -0.10786318027168852 -0.007756769816660679 0.010122082994443131 0.06734338409440939 -0.0077721090425859505 -0.025741127036502515 -0.005394394216149036
-0.03245150381775354 -0.06747232582278628 0.13184635262099867 0.4017442226291578 0.20654221333312983 -0.039456418332695954 -0.012887035907910545 -0.25368760700071286 -0.6532607007300764 -0.358772505396478 0.10711387675252738 0.08991565491720835 0.2983210936805842 0.1604384006051158 -0.10772739810876104 -0.007241261146392175 0.010494099933886985 0.06752266639126393 -0.007670714207599008 -0.02646542309420159 -0.004979120551726115
-0.03287589237643251 -0.06758846414722972 0.13190090015428063 0.40126588141493474 0.20585729405921854 -0.03896314129083949 -0.01232705382337677 -0.25378866908297354 -0.6537394716011693 -0.35843107633662463 0.10722419037964004 0.09044521717984015 0.29847602614891505 0.16092045148150844 -0.10722785036552261 -0.007430781228961459 0.010028805236498127 0.06734809491661164 -0.00815697214755437 -0.026192186856428004 -0.005661975522521385
-0.03263168452803128 -0.06689173284490307 0.13177523209549138 0.40168953295602455 0.2064213929168077 -0.03862059249385893 -0.012968566821659082 -0.2537629363208781 -0.6536297924909428 -0.3588845572208685 0.10725707369141461 0.0906703626763577 0.2977482024481898 0.1602871431392749 -0.1075097413053996 -0.0077726026774916504 0.010067646759938459 0.06713188211143159 -0.008201330659392674 -0.025571707792655322 -0.005211380211404205
-0.03190792379138655 -0.06678397359990207 0.1318096817230105 0.40193563964742873 0.20612820397060483 -0.038610951980841836 -0.01271770324568149 -0.2533736922060165 -0.6534320305640856 -0.35900679487176296 0.1074758379863552 0.0901756668909492 0.29805623017339594 0.16054459538566268 -0.10784962440902773 -0.007437676645665346 0.010182512564412697 0.06732419033706159 -0.007811768345153897 -0.026189339902329706 -0.0056605055354297575
-0.03216292274721559 -0.06742678323094665 0.13141742063410133 0.4018025183120809 0.20639027069678895 -0.038958063508275534 -0.012908464557585079 -0.25383171117725 -0.6533228761244775 -0.3585663926588352 0.1074906236179273 0.0900671782666866 0.2981989273921412 0.16086681870704336 -0.10807437986719115 -0.007690166994538408 0.009843675025706352 0.06731984017516718 -0.007851747228168959 -0.025723372545254697 -0.005693750091727282
-0.03247235976320166 -0.06680351283406788 0.13141645475581626 0.40190811859667946 0.2059217042215294 -0.038404570132904554 -0.01244689081154875 -0.25370302985683896 -0.653652386802086 -0.3586705242173842 0.1071500689990416 0.09030009700328478 0.29810244034229505 0.1605757732558572 -0.10776386169484865 -0.007789046224801818 0.010018823575382434 0.0674833202129436 -0.007681378677186937 -0.025965412138672494 -0.005606009475950772
-0.03182386082996036 -0.06766562906400993 0.1317334758987686 0.4016834355871254 0.20650975990194723 -0.039453231318050876 -0.012675961851954996 -0.25364156002291904 -0.653356313604576 -0.35848654159304605 0.10755415187814087 0.08980433589107177 0.2985823531503253 0.16081862984875833 -0.10748733800886896 -0.007782466574241746 0.009775343866705845 0.06700499949876812 -0.008074465543600647 -0.02611916774891101 -0.005213782678915747
-0.03232894445893827 -0.0674548707627799 0.13156736310651476 0.4012780341251091 0.20612148224991853 -0.03889341723509827 -0.012352948353347337 -0.25372756790372186 -0.6538090241973658 -0.3585599275588061 0.10747342545341666 0.09007158383803684 0.2984870247989768 0.16011252541363863 -0.107857050520992 -0.007715367382241476 0.010010309565915858 0.06751325094255234 -0.007632871209058088 -0.026074481523052168 -0.005209781438872804
-0.03270578038596548 -0.06764694920950304 0.13165316719648779 0.4011952237342735 0.2070765265485881 -0.03906435913614015 -0.012394424171897438 -0.253518459911972 -0.6534730547953506 -0.35913434335280936 0.10709542602727902 0.08982959364423419 0.2977550648529507 0.16126427642621335 -0.10746872275385923 -0.007558091481676512 0.009747350751574202 0.06748389939860089 -0.008177926755911627 -0.025982667346304673 -0.005182395836582628
-0.032091498435301395 -0.06715593794205027 0.13196755625220125 0.40136303086716824 0.20657034112344858 -0.039417155868892675 -0.012835622496218928 -0.2535206466142307 -0.6537300150593316 -0.3585597416142463 0.10736749597367047 0.08989486531612255 0.2981120108537842 0.16069416629387184 -0.10757270500857591 -0.007293372359193549 0.009738327017320116 0.06761076586139553 -0.007854503807791225 -0.02598329061772738 -0.0056373195729012724
-0.03262964213884009 -0.06704815209746443 0.13165272251929927 0.4014112899212095 0.20661780576084224 -0.03887163468685306 -0.012883791549327964 -0.25341969389410757 -0.6537613415031711 -0.3583365531323685 0.10738063373559043 0.08976439613303866 0.298258851025995 0.16081951259341337 -0.10793967160925215 -0.007811489214519864 0.010084598123120356 0.06752206733052823 -0.0077328172947722035 -0.026603286633514772 -0.005291459839027784
-0.03267169883428935 -0.06711037524228884 0.13196923741632155 0.4016486590353528 0.20649772775255273 -0.03871514218439356 -0.012845340766116348 -0.2535341081074292 -0.653815857323299 -0.3584474241008244 0.10756373858895572 0.08985427667978402 0.2977319196605312 0.16080914263920473 -0.10767424117262785 -0.0072681862632993244 0.009818026580391468 0.06693392396470677 -0.007911617043299393 -0.026184612791141915 -0.005274047625864798
-0.03278510870411402 -0.06751677009470346 0.1311790912596759 0.4017683053793671 0.20603264677073505 -0.038731500090434155 -0.012589221763185264 -0.2536894066716237 -0.6537076140209302 -0.3583010253202997 0.1074627658559454 0.09003968164592775 0.29852305007334146 0.1603390098782089 -0.10744090052639628 -0.007976573473348044 0.010313325556624621 0.06768178397920224 -0.008277844267708273 -0.026252503988663342 -0.005400531689031922
-0.03300397915648785 -0.06742880720045524 0.13153949703405093 0.40179139576568695 0.20616925499026145 -0.03915530296140452 -0.012670339423341526 -0.25317859416436866 -0.653507834783526 -0.3587886672807677 0.10684606972096289 0.09056898751457296 0.2982776313361672 0.16103256641924038 -0.10770127618621664 -0.007566347160867871 0.010039719765930466 0.06708926544748706 -0.007211113983023991 -0.025841585620623983 -0.005125260555794393
-0.0326153244325072 -0.06722775517989348 0.1315718006152881 0.40195243937032277 0.20665674286565114 -0.03870682088380164 -0.01259876999960419 -0.2533326256839525 -0.6536354431939877 -0.3590275499584532 0.10695814889254074 0.09000451030864814 0.2979382957283371 0.1600838323973457 -0.10720110841471729 -0.007318650312616659 0.01009108255656907 0.06712359290172962 -0.008216764383004742 -0.02603364416284492 -0.0050085663368489835
-0.0319922570287554 -0.06735522887426525 0.1321930088692239 0.4015777958493343 0.2065008973345176 -0.03892125997514176 -0.012522494362059045 -0.2535504389171712 -0.6537031915903622 -0.3585629215987147 0.10716703011093126 0.08983423509212013 0.29791923136698756 0.16091109311627871 -0.1077326565405903 -0.007386160940870972 0.010070192283168826 0.067029008964294 -0.007920362902910812 -0.02542400641022333 -0.0059326463994174685
-0.03238735711164163 -0.06728096806245587 0.13156007840435577 0.40139415727805633 0.2067556964373921 -0.039443652354530484 -0.01249094481348172 -0.2535360566313473 -0.6537724913493154 -0.3585481309126166 0.10729265339244093 0.08964429191805041 0.29829067170558504 0.1601796817361999 -0.10778834396262231 -0.007452808414224728 0.01025890597513167 0.06753947225227137 -0.007973814200504643 -0.02584758077561685 -0.005334302098261156
-0.031691652266883294 -0.06691637604509994 0.1315745809066555 0.4019273579840595 0.2066180066408214 -0.038964073650845525 -0.012860841566995958 -0.25369428329662974 -0.6535002060545877 -0.3586029517450862 0.10683670290051667 0.09054186693912 0.2981767049441526 0.16032981593788398 -0.10755308568966572 -0.007700196185852172 0.010260873647832337 0.06742182428640559 -0.00820708013201731 -0.02573455532021061 -0.005648099510932622
-0.03289992904912609 -0.06742925884748616 0.13137615786958076 0.40130303456066185 0.20638992478993964 -0.03881994865908202 -0.013106849129289567 -0.2537501005879258 -0.6534000660855039 -0.35885774121120345 0.10780574864791552 0.089977399329909 0.2985040243198012 0.1607035999315035 -0.1078692582118773 -0.007862429688464788 0.010056236388661639 0.06694793460077919 -0.00765112242260252 -0.02596300520409265 -0.005493159384707669
-0.032217835493015844 -0.06719499525022864 0.13138417599157032 0.40189062906282647 0.20599343164574538 -0.03907863245820002 -0.012641689748808943 -0.2538882742243253 -0.6534950180651702 -0.3588448789835507 0.10699988140971436 0.09019383558058718 0.29796992553322255 0.1607545016906948 -0.10786477369255423 -0.007315674522235462 0.010099605625523464 0.06719653199908887 -0.00804572520382511 -0.025567188248510304 -0.005288549845800441
-0.03242977605754428 -0.06710781551074023 0.13171721085133006 0.4017164365317561 0.20685481773198675 -0.03892796143990709 -0.013067809567004575 -0.2538244606404227 -0.6532262616814891 -0.35880743934574855 0.10681272861147031 0.09017231225941685 0.2981495577164465 0.1607435977238027 -0.107607673205773 -0.007998714712644423 0.010112331221197179 0.06769838917656644 -0.0080639169698727 -0.02595098920000111 -0.005586375064305915
-0.031897439449823234 -0.06745178282127223 0.13181246576989294 0.40149158086864795 0.2066904272641471 -0.03869830202283421 -0.012503750932778388 -0.254107674541166 -0.653566833017277 -0.3582554571439092 0.1072248040709323 0.08984317956161356 0.29824936890116316 0.16075836362418158 -0.10759502939951197 -0.007281391382492059 0.009622212912085638 0.06780925614020569 -0.007761492999464933 -0.02543426040775015 -0.00531459610181552
-0.032593123912573095 -0.06754901510040569 0.1315390193103629 0.4015075775064792 0.20660731603335336 -0.03877476526984116 -0.012657979460629068 -0.25345981524327904 -0.6539630106652627 -0.3583128496022311 0.10704880290563189 0.08989877773062661 0.2983287954033952 0.16019527133625902 -0.10746740359442604 -0.007810005326248985 0.010310043978994158 0.06731689176230378 -0.00789560903286405 -0.025905498741435787 -0.0055423880399632156
-0.03241290044743966 -0.06750178804394182 0.13168272402931802 0.40130973254443986 0.2067598234209715 -0.03866685696233387 -0.012949153471862545 -0.2533762205028632 -0.6535780213212787 -0.3589304538851563 0.10730460009617881 0.08988477318739369 0.2982087921803663 0.160828824360309 -0.10779546055762639 -0.007699284512741047 0.00969510723699893 0.06695667432553341 -0.008002758544759915 -0.02571693279310482 -0.005113699630135311
-0.031767914077261 -0.06691891701703778 0.1313594503218959 0.4017611756497861 0.20610033918349852 -0.038505560587302215 -0.012746859918067573 -0.25377786772762306 -0.6534581780367326 -0.35885754378039664 0.1075352886529129 0.08936746976049247 0.29836903973350465 0.16084436160842686 -0.10803483409818834 -0.007745049448030614 0.01006071471513099 0.06710162119355317 -0.0077768744858243595 -0.02573955099711232 -0.005434197090116147
-0.03204662081847909 -0.06714845659440673 0.131631644013788 0.4019579630584558 0.20656992526332071 -0.03887109201499094 -0.013541304671131916 -0.25350724020660764 -0.6533957953395364 -0.3588145637689095 0.10734419338696279 0.08988002455295975 0.2979658550549988 0.16076579582638895 -0.10764538927112441 -0.007602273102631312 0.010283275729515488 0.06710690834039407 -0.008202724450427511 -0.026091214114074324 -0.005360501976099829
-0.0323330037327971 -0.06721509252804353 0.1318189974586109 0.40137513835076766 0.20665319136218524 -0.039070930518095445 -0.01256556667482904 -0.25307542913611414 -0.6534541098400557 -0.3588353721821253 0.10770184033857157 0.09014535671100087 0.29861112392583233 0.1606311874635444 -0.10784309164162449 -0.007327371421649445 0.009928381019617256 0.0670826870822596 -0.00803889633227344 -0.02604802587745662 -0.005809957570547861
-0.0326544453654607 -0.0675390664675115 0.13186302491509508 0.40144002829635234 0.2071035459789025 -0.03937103180094284 -0.012582152934308255 -0.2531664773428549 -0.653758936930542 -0.3585596000757611 0.10712873948199267 0.09035226017962415 0.29813185713171464 0.1605475544874997 -0.10710184548122122 -0.00761712306018871 0.009992843799101416 0.06694546147440139 -0.008122701063176073 -0.025781961014649846 -0.005626390175969758
-0.03247986026964743 -0.06794699485234035 0.13210307311360542 0.4015249317749395 0.20625696623490852 -0.03933261011218509 -0.012532117560383608 -0.25376378603592215 -0.6535394602210308 -0.3587232376495532 0.10716816821726095 0.08967186969526457 0.2980384520125548 0.16079966822223785 -0.10764945133725846 -0.007854309922738235 0.010507256024411925 0.06699846706950664 -0.007645558162033446 -0.025913950660732665 -0.005262076513412478
-0.03225197114674393 -0.06759739581101902 0.1317093383734686 0.4012636432830546 0.20664261582752988 -0.03915056249715829 -0.012096246684821964 -0.25347680122167837 -0.6533716962187844 -0.3588998361391932 0.10757769110225864 0.09021803767981647 0.29868964145383087 0.16074271955043581 -0.10718417653441845 -0.007703658333021277 0.009898184538335542 0.06746625867646379 -0.007830701572845699 -0.025372868153755133 -0.0052522375994196
-0.03265248248089926 -0.06699778187392032 0.13159889537752315 0.40144357447203965 0.20643785103820522 -0.03882607224307928 -0.012981696875072245 -0.254133860816147 -0.6532939629421695 -0.35882025183345406 0.10754334005439882 0.08993277933781924 0.2984162137203375 0.16036893090933532 -0.10777226758331764 -0.007680166895544008 0.010103947542161975 0.06759879843782217 -0.008204076833144872 -0.026171719841361574 -0.005160009504260615
-0.03230674080595844 -0.06701543184657292 0.13228318007422984 0.40158252129005784 0.2063761607159746 -0.03890071624444308 -0.013134829618673046 -0.25357260315763813 -0.6535119684669477 -0.3588761703839161 0.10741952149326008 0.0900436241211238 0.2980045063032503 0.16089671145012402 -0.10737984764295248 -0.00746347536249479 0.009856858780970666 0.06682202610197018 -0.008021375777184493 -0.02584489035868953 -0.00546353514913823
-0.0321565333232188 -0.06767026923421643 0.13177116456100166 0.40119302700207765 0.2066353704269049 -0.03900777009472952 -0.012603232143947126 -0.2540533888838815 -0.6535205079118773 -0.35837653293329463 0.10733802360912209 0.0899620660269033 0.2984777822155687 0.16067277764366586 -0.10779844698796182 -0.00787547431991436 0.010085006188261565 0.06740795439576827 -0.007699082976814072 -0.02617676367036717 -0.0055449095773918156
-0.03267708710349063 -0.06734702671781458 0.1322203741289157 0.40166367098065886 0.20606447609472275 -0.03925779253146298 -0.012397895405907949 -0.2543325788089092 -0.6534865878347832 -0.3583425227971763 0.10741936367319332 0.08996723065839385 0.29810443069854364 0.1605592988801817 -0.10750292859115838 -0.007405261820227713 0.010030055003178218 0.06720966133635653 -0.008034526739037307 -0.02617546083319585 -0.005131280276650344
-0.03253510720540429 -0.06706455078244733 0.13174934735931262 0.4012788012411823 0.20720364871382208 -0.039071201766709 -0.012901463798945224 -0.2533579671446454 -0.6534648956705548 -0.3587768584791158 0.10725073284705838 0.09017617873532169 0.29838319847711237 0.16072886824292504 -0.10761642411880924 -0.007213768671086106 0.009344834020800935 0.06717484506570631 -0.008000257398132463 -0.026073390435218818 -0.005451047690583073
-0.032950900942915 -0.06779423612051028 0.13174264516580123 0.4016355569804508 0.2062410893328361 -0.03854135232912859 -0.01293897779660907 -0.2535592315428565 -0.6531375393376913 -0.35889715724951765 0.10741867546535314 0.08991475064644966 0.29836522606821586 0.16135652067861966 -0.10772629263536321 -0.007960938216600755 0.010195234203403278 0.06738169547065727 -0.007949144833708788 -0.026093073188834102 -0.006068201226299668
-0.0325548577079895 -0.06756234058884782 0.13139912002659548 0.40146077017574583 0.20664016032029006 -0.039073059422448694 -0.01273457597410469 -0.25362903443235707 -0.6536392128963865 -0.35850459208106494 0.10783333765117874 0.09067173349120329 0.2978492262156865 0.1609183304619232 -0.10757232242321685 -0.007621621055548207 0.01001189321458454 0.06689728876611543 -0.00803446427805977 -0.026394311314080918 -0.00526301287131221
-0.03213243676457755 -0.06740570868993873 0.13169311009967627 0.40152299891429477 0.20657729032657876 -0.03895715925178236 -0.013122550903028175 -0.2538067440936451 -0.6535818318251031 -0.35847548648118677 0.10710554043704068 0.08998759777368831 0.2984008023658334 0.16041253186587454 -0.10794273152268175 -0.007152358012115596 0.009868255898300402 0.06718565007786619 -0.008488989450211547 -0.025400348529497355 -0.005337408006041308
-0.03257156505318819 -0.06751044015394772 0.13217537797581325 0.4016144643592046 0.20677198111591083 -0.038974096824668285 -0.012400626750914088 -0.2537628566835454 -0.6533331320850938 -0.3585403174058297 0.10735453544088341 0.08975923154159417 0.2980819068968221 0.1606041394792162 -0.10791258291813882 -0.007702620810559924 0.01000978100746944 0.06767314560495458 -0.00812066362181598 -0.026315703718892816 -0.005252862093744481
-0.03253738158538218 -0.06738431041964911 0.13167261842106476 0.4017427858014975 0.2064558034191642 -0.038804741963780476 -0.01255735126368205 -0.2531570759965311 -0.6535093246321354 -0.3589705335563756 0.10726226312205453 0.08991665078663079 0.2981148821972065 0.16114034631348653 -0.1074286662921541 -0.0075141628445746355 0.009890939171361246 0.06681536122315937 -0.007858816480578483 -0.025950652634174832 -0.005644104520715177
-0.03256758255685747 -0.06775010179698564 0.13152795076025034 0.40152301400051316 0.20643772045602618 -0.03902772287161286 -0.012096756441736575 -0.25365222581333446 -0.6532555360440143 -0.3590105917012258 0.10727586798048175 0.09012830990311303 0.2984097538677927 0.16071685694752316 -0.10776495827046925 -0.007542168806855953 0.010361144882967448 0.06717553942263929 -0.007863667195164946 -0.026043168215075893 -0.0056912517487823005
-0.03293935811839725 -0.0674394691790606 0.13191835243533143 0.4015730938214921 0.2064176045749687 -0.038551309957058584 -0.012679643024161311 -0.2535912325808762 -0.6536876179508555 -0.35862896892184964 0.10734565087883385 0.09014023910296588 0.2982010551365066 0.16021587676268573 -0.10749115222589817 -0.007846976434215388 0.010151880055112084 0.06698876127185488 -0.008512828666591232 -0.025983641880537728 -0.004702663670418641
-0.032529191009413885 -0.06728589119158608 0.131877713926653 0.4017391857683922 0.20672275308525975 -0.03915473932686328 -0.012805854267510462 -0.25310148368631197 -0.6536766760713052 -0.35827879075885743 0.1076865673776862 0.09001400654960996 0.2981757625953246 0.1608137303021393 -0.10729465985581539 -0.008001629570675224 0.009754819956287695 0.0674151560391204 -0.008070017925981743 -0.02645138401392849 -0.005480474775728446
-0.03248871126457222 -0.06764931513590901 0.13177516367197195 0.40152377260993083 0.20643092449576383 -0.039167070927513516 -0.013048391669671044 -0.2535167944470333 -0.6534831937486115 -0.35884668394663105 0.10719237319748186 0.08993828734570097 0.29842108539337403 0.16064672613650766 -0.10725669362080366 -0.00739640315521828 0.009893408883330986 0.06731558908591728 -0.008225058494665583 -0.025510493370267503 -0.005827185176943624
-0.032692190968178325 -0.06720886936220191 0.13132363191513038 0.40148100263690606 0.20672247546271116 -0.03899670690269432 -0.012527653725663716 -0.25322583995786396 -0.6538421728314824 -0.35878045999551356 0.10740532363906125 0.08989688974334925 0.2979497282782108 0.16027620377754284 -0.10778988368940487 -0.0075704178779854745 0.009996218959644029 0.06770105573663522 -0.007710877641287526 -0.026213670951104457 -0.005224938266864648
-0.03212170168246822 -0.06757907880619171 0.13152749653418905 0.40162684825211015 0.20663313052425472 -0.03921143473240259 -0.012942256844888367 -0.2536180698547742 -0.6532157151994888 -0.3588921879407086 0.1076769315367922 0.08944885131126967 0.29856267279100135 0.16062300641469376 -0.10777618302454002 -0.007576187119272235 0.010097333759815488 0.06706146055084614 -0.007672159253916668 -0.026103428666991696 -0.005610685441854991
-0.03205177795358967 -0.06755880325738277 0.13187007567394848 0.4014298153913477 0.2066620922578102 -0.03854767399884127 -0.012723854205302953 -0.25364600377760055 -0.6531627406656013 -0.3588187803187086 0.10739715053401448 0.0903098965471623 0.2984898416318598 0.16078803224076055 -0.10808548313617364 -0.00747528357233426 0.01021458926794245 0.06764787457359002 -0.007430162534294666 -0.025904165233704778 -0.004785428389922961
-0.03243160748067126 -0.06731559718158261 0.13183794094207735 0.4017812488159005 0.20597824075544974 -0.039262341477372786 -0.013003674374110428 -0.2540014524310404 -0.6536122216816794 -0.35859740014513514 0.10765725626022532 0.08957281450008925 0.2979123456242689 0.1607241475788629 -0.10747993457332326 -0.007445182634466826 0.010427829597149621 0.06690884676133474 -0.007959548552379729 -0.02587736350346059 -0.005354470739124443
-0.03290462850013543 -0.06704111519109003 0.13153360170701384 0.4015278910001117 0.20676094197589812 -0.03914281694327175 -0.012835954943999915 -0.25339782059999677 -0.6535249859502437 -0.35909197093038725 0.107197391723312 0.08941123618240332 0.2981204308559536 0.16072221456287436 -0.10746672205322615 -0.00763141958854045 0.010149069234675871 0.06737680027377277 -0.007889190601498777 -0.02571846520466497 -0.005558897310389435
-0.032822159272388615 -0.06768355595319187 0.1315338435378708 0.4014031739847343 0.20643158008390763 -0.0396236927601983 -0.012552023150963158 -0.2537291014258394 -0.6535541654181193 -0.35876507854776124 0.1073355994167217 0.09029688966902794 0.2983559821361709 0.16038893119624115 -0.10727920723072538 -0.007540508305707175 0.010010418116361705 0.06730039424342454 -0.008151314309228082 -0.025317854406753198 -0.005698380290500617
-0.0327809076711309 -0.0675101382106243 0.1315882122235808 0.40171227023772493 0.20672975035137617 -0.03904599874139471 -0.012554948265223286 -0.25344979096000647 -0.6532770959746672 -0.3586997091493294 0.1074209914590368 0.09000534213336428 0.2980851150757265 0.16098183400727878 -0.10805096185837013 -0.0076466654572263345 0.009787391578581316 0.06768430332621485 -0.007980650368913536 -0.02585631063021582 -0.005843127121366575
-0.032208886659173534 -0.06736459442428662 0.1316086164316272 0.4017638237928288 0.20623742802124792 -0.03900023594585638 -0.012764067696851414 -0.2536689301371549 -0.6533384158672834 -0.35866214758240683 0.10707880534604927 0.09027524302640287 0.2986561365236255 0.16060473235743025 -0.10741946662683656 -0.007167555928363151 0.009878840298556926 0.06755270191524132 -0.008471082380564097 -0.025925729542200755 -0.005848180631491019
-0.032389246333541594 -0.06689301322370234 0.13201878512166815 0.4014716991846953 0.20642796491253415 -0.039249708653481825 -0.012388351130735751 -0.25352234168052096 -0.6534468060564402 -0.3589381011414528 0.10796557767453047 0.0901028383896207 0.2983536440051987 0.16044160235495505 -0.10740147147816209 -0.00799952911456875 0.010503211158860484 0.06672830949551556 -0.00794147805258163 -0.025909827257269823 -0.005519323454427459
-0.032312214285354586 -0.06703484817371123 0.13201629338168938 0.4016821634150239 0.2067647420559013 -0.03891933862669219 -0.012536704281357048 -0.25328887498294705 -0.6536773142729239 -0.3586797899646085 0.10732030679053636 0.08994070111371416 0.2983007073235573 0.16004514209223156 -0.10739063626344329 -0.00752157293198025 0.010227491981185735 0.06693882537579764 -0.007776517754529328 -0.02631378440649676 -0.005386146692476973
-0.0325999826490083 -0.06689925528035923 0.13233027751078882 0.40136933417236836 0.20670496668535318 -0.03910166821042262 -0.012556114961834654 -0.25358841812342586 -0.6538212741225726 -0.35848027160726426 0.10768340352070332 0.08974758895529437 0.2982257697617705 0.16031153672736687 -0.10719749943965848 -0.0077243032134930965 0.010145677579035547 0.0666724144222165 -0.007819961858192287 -0.025717106164411453 -0.005631825297707621
-0.03290650840996219 -0.06753660359089303 0.1320711379381345 0.4014243786399624 0.20636579271712935 -0.03901896225101608 -0.012422481104941797 -0.2536508180141444 -0.653726493346194 -0.3582401009674912 0.10732311270644655 0.08959109079746944 0.2986379252603614 0.1606870967271566 -0.10730251773566424 -0.00765843272682201 0.010388198665500687 0.06681854166970795 -0.007978219753602163 -0.026172027053982035 -0.0056097817402755
-0.03210213232374707 -0.0672054345718852 0.13183207337490194 0.4021580814744165 0.20627488260734939 -0.039482362705321315 -0.012548457228238932 -0.25376105308487795 -0.6529574238820325 -0.35883178726553294 0.1074687786709032 0.09024965495983953 0.2983193046780022 0.16074234127404227 -0.107884609618765 -0.007283952237703228 0.009727214251136916 0.067109252399075 -0.007602584294655869 -0.02579450727004283 -0.005241937712522009
-0.03221403348271571 -0.06703124099936224 0.13167203520811885 0.40185308517541535 0.206260026671054 -0.03890807943201673 -0.012118521562347617 -0.2534720992898453 -0.6534837683828464 -0.3588458399640075 0.1075971979177164 0.08968187853546401 0.2980439295841508 0.16077907554680626 -0.10781953972278314 -0.007470096569997332 0.010534977079371519 0.06724456821311348 -0.00804232028260068 -0.0258731281359923 -0.005865682642482056
-0.03230552930704355 -0.06692974047106212 0.13211305030410966 0.40144418122151077 0.20674445364459887 -0.03917540092759943 -0.012224734737930901 -0.2534962857740425 -0.6537492529553758 -0.3587340064405726 0.10756252973749057 0.09004035079512861 0.2977972520642119 0.1602919467901503 -0.10766618469654321 -0.007989302830584638 0.010323450406028011 0.06725574403508622 -0.0076401163562200445 -0.02594594376955563 -0.005340982777400058
-0.03252423383465596 -0.06718604408540654 0.13184540155336436 0.40169735136628576 0.20660856797056765 -0.03896849522609409 -0.012374451736043046 -0.2536490424554065 -0.6533145786789157 -0.35873373562076505 0.10748341971096168 0.0902138641844046 0.2985373568053801 0.16009126828520498 -0.1074379866817471 -0.007590276332821703 0.009785338448051642 0.06755388147661896 -0.008147339367684423 -0.025973814350341295 -0.005654426214284304
-0.032426584782725455 -0.0673581023527431 0.13159683790314877 0.4016432839109507 0.20664250387784427 -0.03918272309151258 -0.012978970549101397 -0.2536783220397434 -0.6535048632076493 -0.35840856957243405 0.10751191466413162 0.0905772516621665 0.2984067068019815 0.1601694581957767 -0.10766727807997033 -0.007803947990438835 0.009923328005106764 0.06725062826025781 -0.00806547298689814 -0.025661992003214566 -0.005635747118511412
-0.03223451486601199 -0.06766513893114752 0.13170494808125766 0.4014097609328259 0.2066596344819783 -0.03878882999920218 -0.012504883608686044 -0.25356847873911736 -0.6538558086759797 -0.3581965170562171 0.10757268537048577 0.09004831530525056 0.2984291417712524 0.16011607689187202 -0.10794106010169219 -0.007446937302952911 0.010203522578902759 0.06685802983576063 -0.007959710428215295 -0.025554245608035445 -0.005760422809642911
-0.03254468712455877 -0.06730385442294787 0.1318940940148129 0.401470492773914 0.20656575268889024 -0.03893001594748523 -0.013402657967873157 -0.2541293259541933 -0.6531475752080493 -0.35898122479136635 0.10776877791386592 0.09026009936968972 0.29803664008685604 0.16043274759836315 -0.10780682812596967 -0.007361632355293212 0.009985228692988742 0.06743976237404446 -0.008457033832253859 -0.02591957379755998 -0.005260325982547958
-0.032734923774313085 -0.06671476853261801 0.1316179787859209 0.4011615553952086 0.2065470319450633 -0.039368064887276406 -0.012286079572939316 -0.2539658894550895 -0.6536230781201746 -0.3585829561996134 0.10781523900749751 0.09016184454047883 0.29818807762155486 0.16069030916384247 -0.10782784435361209 -0.007809240366373481 0.010045230325474651 0.06722356918639145 -0.007745879300156381 -0.025877445233198577 -0.00543130633435448
-0.03259179722448204 -0.06751403805536937 0.1315557297716401 0.4018892010897555 0.20620475709624664 -0.03871963039113261 -0.012508049234210257 -0.2532686419346318 -0.6537416986367256 -0.3588121554284023 0.10724063945867172 0.09010744122778704 0.2980751051588553 0.16026532810814317 -0.10738074672952937 -0.007227385649403643 0.010062764656432311 0.06714128170850418 -0.007626189580955431 -0.025969813218670455 -0.005834371994465221
-0.032851495319192923 -0.06753536868628614 0.13180344959872645 0.40184272077961664 0.20587293583079141 -0.039139817840479915 -0.012995843445735135 -0.25359895090361856 -0.6533894092624193 -0.35840640011261 0.10710655442397579 0.08982147215684547 0.298801092832242 0.16072694436544566 -0.10787622055675423 -0.00784048868811014 0.009811067968167376 0.06731050511628352 -0.007611508229113957 -0.025969162476968146 -0.005220399443191125
-0.03223454301861152 -0.06726288855263761 0.13194956770684216 0.4011583925196756 0.20713003384607265 -0.03898242981716671 -0.012570934423935755 -0.2534982131016981 -0.6532501936993201 -0.35872554285043895 0.10775990443084332 0.08982422860183809 0.29894688876461945 0.16050515022887962 -0.1077224695694186 -0.0074332506469511365 0.010327924598071227 0.06682471904679796 -0.008146076264530764 -0.026308083125025684 -0.005865895942594316
-0.03238879038345295 -0.06748721972974478 0.1314006716743812 0.4013665928675965 0.2063069772755892 -0.03944496311090052 -0.012471885469747743 -0.25317779137062985 -0.6537006545138058 -0.3586251793319902 0.10736241986089101 0.08992150635923211 0.2988326388484291 0.16052061029491885 -0.10785512614467334 -0.007437006426833489 0.010043272543039754 0.06713138789612352 -0.007933222256455857 -0.02565177702694216 -0.005359636560845669
-0.03262979732546826 -0.06748713383537921 0.1314587790466802 0.4014085048095265 0.20655724564934552 -0.039024043713015544 -0.012583616664182912 -0.2533381809782021 -0.6535538958147469 -0.3590995891200356 0.10757830637423837 0.09030845452180974 0.2980455289865787 0.16041846407459542 -0.10793359757932913 -0.00748798137725647 0.009976426860935455 0.06726182012700438 -0.00833159029873734 -0.02522959739240501 -0.005360155289261975
-0.032479105948918514 -0.06724770093520094 0.1314901209952453 0.4009433387559217 0.20690848191320857 -0.039028972799055296 -0.012971120667032711 -0.25392830756898493 -0.6537752721636361 -0.3585234767079366 0.1076351974496425 0.08973280918914456 0.2983522481665151 0.16068547919323492 -0.10748774424647066 -0.007598010518437703 0.010131563536912906 0.06697902655293834 -0.007898520321537763 -0.02587357528728648 -0.005569898376676109
-0.03256410719216664 -0.06776313876862468 0.1317451962659634 0.40125311297404187 0.20667408595339962 -0.039191587026429615 -0.013018286063096051 -0.25360643024632085 -0.6535015447877733 -0.35886750627143466 0.10804940323884657 0.09026918985638095 0.2981818991489887 0.16004551416533427 -0.10768669023208464 -0.007774777408359325 0.009886799103945607 0.067451419475365 -0.00805013757657936 -0.025508033751202364 -0.005556747315139294
-0.03224052220373853 -0.06706103951077297 0.13211423305332354 0.4016549328254378 0.20637880835906086 -0.03875988417695734 -0.012468098982645035 -0.2534757004119007 -0.6538069443600544 -0.35822298412083703 0.10708965972544424 0.09009574498151014 0.29809018794239356 0.16093204648813111 -0.10765176842198682 -0.007537082538033872 0.0099388281397601 0.0672833152409379 -0.007832441655410067 -0.02622195751093259 -0.005706293238640726
-0.032364041246739354 -0.06719462575377894 0.1315252510778196 0.4017656933938419 0.2064490115116258 -0.0384405500945813 -0.01295966200550637 -0.2534184484775135 -0.6536964165780607 -0.35839261422101837 0.10782490137532208 0.08998583930208075 0.29815305746781634 0.1605948982607479 -0.10790997397113125 -0.007627049213589721 0.009881692038364333 0.06700362413016632 -0.007786807636771113 -0.026048431336345303 -0.005677350168321668
-0.03264443201102089 -0.06729936509182768 0.132483264102632 0.4016048375212854 0.20654182472396354 -0.03877952800893171 -0.01268775291823345 -0.25324135155654043 -0.6538521116120785 -0.3583095571405235 0.10697489321313176 0.09034628328689938 0.29827601831212874 0.1604211917181683 -0.10701025416973413 -0.007059567213992101 0.010244783535601232 0.06739258375460416 -0.007914847190435058 -0.025629680718872817 -0.005110867896484085
-0.032855767399080686 -0.0669333679427258 0.1316024077354538 0.4012786125873544 0.2063980601009057 -0.03935843806911543 -0.013017186718047363 -0.25265482292926567 -0.6539658674571908 -0.3588298671950428 0.10772243874721196 0.08970452865115382 0.29848122218690376 0.1607511321436936 -0.10750358518163126 -0.0076897050578691945 0.010207343109402706 0.06672955922848317 -0.008209562003719218 -0.02575731644168933 -0.0051299981395910455
-0.032269791015351365 -0.06761464494539228 0.1317102948131853 0.4013224393234294 0.20600140672695044 -0.03872919800163657 -0.012678894064437216 -0.2533737078871106 -0.6538349599003789 -0.35868996135898756 0.10722680930547898 0.0896298328864545 0.29831886649622164 0.16127618033173072 -0.1077214094282306 -0.007457468557526689 0.010223872588354943 0.06674820509178732 -0.007757101959352497 -0.02610670054045018 -0.005395162570238264
-0.0324386835293604 -0.0671088098526379 0.13166792766997187 0.40147147650856574 0.2064811686142491 -0.039239625114645404 -0.012349029277434318 -0.2542093214800985 -0.6535946652915807 -0.3585088038951406 0.10739014595273486 0.0898585791206368 0.29804261073280625 0.1605749500377142 -0.10745682110380736 -0.00749050039069072 0.010393559658318924 0.06751617204838882 -0.008328157029489493 -0.02600100394428159 -0.005369914157275269
-0.032556705611863454 -0.06774007872165685 0.1314946900214687 0.4015261272364473 0.2065372580903246 -0.03890594817006749 -0.012869652416129283 -0.25325805457961326 -0.6537216532161113 -0.35829510032697826 0.10731028681850122 0.0902912411209569 0.29845646421968425 0.16038924437749996 -0.10798489238648272 -0.008085153179793294 0.010000268351890813 0.06763165960449521 -0.007831377119869176 -0.02590667179102173 -0.005628621388261563
-0.03256084249255058 -0.06740706046073018 0.13190004575486344 0.4016352703494918 0.20639071590035285 -0.03918077421753898 -0.01228733827992976 -0.2539286788793511 -0.6535391966183155 -0.35879914202862134 0.1070191737876564 0.08981068209394896 0.2982369003895893 0.16005736628906922 -0.10728911935205347 -0.007573384568877514 0.010104899304328847 0.06757589034507505 -0.0076823712505360645 -0.025776265644258525 -0.005587553975098223
-0.032210724082646726 -0.06793856791251873 0.13142805794516182 0.401509942167521 0.20579209591570607 -0.03843202702247847 -0.0126239463660046 -0.25371495871786753 -0.6537112527026676 -0.3587434788534599 0.10752021033903669 0.09018241036881461 0.2980834128167926 0.16053038776207934 -0.1083963714595825 -0.007151438696564087 0.010174596139313855 0.06712117975541557 -0.007849683183464972 -0.02549325870436822 -0.005613409866051476
-0.03264233060970663 -0.0672611483423437 0.13215646627752017 0.4017360981822863 0.20636684488960488 -0.03905209514125778 -0.012724387632739467 -0.25333252416975505 -0.6534378379629394 -0.3589363520264485 0.10779306060161366 0.09007334966537922 0.2983429193422326 0.16034262960029352 -0.10716213359270957 -0.0076778108338278715 0.010064286862829584 0.06665369825980702 -0.008276292682934306 -0.02543953553315282 -0.005666378979521325
-0.032195622037850105 -0.06794518385566407 0.13201010468929614 0.4014476482640273 0.20662154145549572 -0.0396007202928196 -0.012985402762084059 -0.25348708781096213 -0.6533205402387299 -0.3587141276959053 0.10740614567194134 0.08971207070996515 0.2985456908054568 0.1609339329083929 -0.10768037469494941 -0.0074850110636315425 0.010319110721477868 0.06668757227052421 -0.008069158966977474 -0.02576874247735269 -0.004890306268584681
-0.03253840677482349 -0.06747561224504743 0.1321275452424698 0.4019210253220502 0.20597286994547356 -0.03868354728989215 -0.013009436910369071 -0.2537639769041627 -0.653242631276116 -0.3587363156755852 0.10770961607704915 0.09007396860876359 0.29830785330689435 0.16056201066753945 -0.10766670393715706 -0.0076535054901375335 0.009674255139228236 0.0670539588191933 -0.0077360735978767485 -0.02590100065105353 -0.005668309420877152
-0.00764487420946325 0.02309388969096524 0.0961062098642764 0.10266478441421945 0.04427461031975497 0.006924396669409578 0.04766533174607115 -0.21783498923591627 -0.5040437082225032 -0.32541134537986727 -0.06697824480976695 -0.13759717394665427 0.27739968088929506 0.4672622098235643 0.14823996044944185 0.3502789927323604 0.3076440950151882 0.06087298031970131 -0.07077337528555334 -0.034685356817544075 0.0032361899577623347
0.07889667770808335 -0.439694446813408 0.16237686245318528 0.3145131017644825 -0.16155936161957676 -0.27866761644360843 -0.18493110547819858 -0.008274735265809395 0.14677952005430522 -0.06179525980970278 -0.24134972824169035 -0.024560138551874538 -0.24953460201367011 -0.20498675496705543 0.2107185033150213 0.177264955580497 -0.09241176224805264 -0.053538713298423336 0.457047899375135 -0.15082887694406083 0.17250462422928384
0.2720102241102237 -0.3081620653378621 -0.04274820397350619 0.3033220133413877 -0.2883250234632597 -0.3706052086735338 -0.21990217728790382 0.03078615329979445 0.14014508681236162 -0.16482901471086214 0.036716737307499955 -0.010566859769713199 -0.14690695043779228 -0.2413172682192219 0.19421018410103294 -0.143881490405038 -0.10531403695156955 -0.1972958748007602 0.46101315807513504 -0.046133293125005824 0.12746893405383966
0.12239147226408265 -0.5122324460448519 0.0602336337694948 0.17196187144381406 -0.33907770502825196 -0.3598008864442228 -0.11681683164519083 -0.03980323251973234 0.12781330766742682 -0.11600604557054386 -0.1495697804648013 -0.04289225047952007 -0.1929575981072168 -0.20348403406915677 0.27528547392132297 0.07982070236635834 -0.09249129239282368 -0.017802163906580962 0.4371178398061886 -0.05770463958911931 0.10820681990196218
0.09964424331894063 -0.17807204477978691 -0.22923258084810055 0.4285145096584661 -0.008477160459322883 -0.3703576929105775 -0.23288344356322638 -0.08857417755912865 0.166296331370284 0.04100066086896429 0.13481953011118275 0.006728303396547328 -0.10019213518056695 -0.110050375730511 0.34277483265656117 -0.2240665894798373 -0.12365965690812479 -0.22414303588484238 0.3895417864812417 -0.14356486652654454 0.2181279152475965
0.31723508934784195 -0.3111068346765368 -0.19221735925997357 0.4663936508820386 -0.2069458340971329 -0.36328624085073297 -0.26531623028685847 -0.04594597342106506 0.08154495968317414 0.11880647986163931 0.016950612574311005 0.05024713724643873 -0.1366629764218399 -0.07336348097709193 0.22699985997886182 -0.2292688078215901 -0.10230117475381299 -0.22601748555548865 0.2502755373954353 -0.016974892762042247 0.15681997036299955
0.27858869418002213 -0.30250092895175995 -0.034407709635526314 0.32004049651983635 -0.16549961929135124 -0.3170233826562496 -0.07837269210518005 -0.01916392855101167 0.10726790107718745 0.09167442968782423 0.15271134904762962 0.016414339193600344 -0.17626297852206035 -0.3245354171715049 0.24128241809924805 -0.21190592138241146 -0.09331070869933271 -0.34469114261726985 0.3350345602006703 -0.009603132070664063 0.2645656721011916
-0.0018546043076229414 -0.07438249256573047 0.02366121591523931 -0.09139985731418684 -0.11953677110166282 0.24188023287761481 0.48458508988564897 0.11928198356640576 -0.26181729070221743 -0.13080474319827284 0.27645797788886517 0.1530902912705536 0.044773164256306605 0.03958460982442742 -0.03607040847928696 0.5003851924972398 -0.22217268207090896 0.17683119689260235 -0.20481250449219887 -0.09809403488536547 -0.30120032839906635
-0.24179292497229773 -0.25585953073820855 -0.22846165744132385 -0.4716712406134206 0.13646428267183133 0.15045205439591638 0.2274023105162829 0.20288684147368602 -0.07675904991536793 -0.11527070871384902 -0.014249207729602597 0.24743099690344997 0.356262832460997 0.013543431778076827 -0.15380104125377225 0.1113274105744624 -0.04816047198060188 0.12449116156910693 -0.3308767761367155 -0.10419798317655513 -0.2921585891661175
0.040004505867092824 -0.30402761945264295 -0.0632703475649372 -0.195406281533274 0.4932976492517404 -0.10075024149825125 0.17845056293051123 -0.0964930310407548 -0.3129498628281927 0.11406328149583403 0.18699404184441176 -0.17396041300875578 0.214599039242718 -0.2763515276376205 0.2521316674864001 0.3856001397299042 -0.08126232236151708 -0.024222194174467394 0.06137222225152411 -0.1936201947172115 -0.09913621449854071
0.031273031955168944 -0.07601056636454433 0.028794087929167118 -0.41906135997894567 0.376764250688567 0.2308717054483851 0.5112126370414118 -0.060736360488121525 0.10901456792308989 0.06906487728938521 0.03778387349300369 0.00830343464806148 0.030725361314500398 -0.04163688523312189 0.002896327459305809 -0.09530082931080755 -0.2107773091666128 0.20080172916010958 -0.3186404603034974 -0.24522665816490383 -0.28317357939724663
0.13688939090713984 0.09530516930269538 0.19334151780576783 -0.2039327404494755 -0.05844484630442816 0.27930995872994957 -0.3770410433934281 0.2364598969016739 0.05759209904260671 -0.19194391994241647 -0.2230639997968871 -0.27195652775603923 -0.1734449210066155 -0.38193753073244013 -0.02453848747939721 -0.12202206303536321 0.19597427798322745 0.09201750506703187 0.457513341992481 -0.0433037390129476 -0.017625566153991766
-0.35822915569333635 -0.20897016126605494 -0.08060562256549858 -0.11450434108902524 0.4814649769939053 -0.1355536487488399 -0.2919277195381774 0.0064442556392922965 -0.20391127358245345 0.24826893143553072 0.01757761248277799 0.166896948960618 -0.03908222236223112 0.11184388212892662 0.10351839557146304 -0.09110628586923747 0.041392015860821 0.13590103250081206 -0.51124700234101 0.024512080967162068 -0.1623506851724134
0.009826437473949845 -0.03284971936693982 -0.3948283629895883 -0.34058768112600835 0.21941012827649134 0.26557930437285837 -0.2465467948965074 -0.1027995410822641 -0.26286275418595806 -0.10411455734075765 0.14376705862514524 0.01598486260747492 0.052552913260158575 0.34822455699309723 -0.052802515593426365 0.3936225036011781 0.05675021585127262 -0.046977251259965894 -0.38426272716896115 -0.0012152418595665492 0.034811499549459106
0.17589553643886421 0.146036031259717 0.31407625300026526 0.30838183364646643 0.03481594372775849 -0.014442982868982874 -0.055779578864347895 0.17911098334266776 0.20816539547590934 -0.03085901396881767 -0.04294507800603487 -0.03444433795507351 -0.03329596702015432 0.10938775690171744 0.04713632348795058 -0.14424739767284045 -0.1194764266284372 0.18363026325473644 0.04466481205488383 -0.5962196994778892 0.47800765527191547
0.06456748439246442 -0.19696936169844967 -0.020445337573398982 0.09743000005602964 0.4000920674844294 -0.4589416210967706 0.17225224258096572 0.03987242589918447 -0.28972712221621133 -0.031193153600742665 -0.05735456401817143 -0.12823229833089556 -0.07040051574553717 -0.11388725547871958 0.18975885168187234 0.5514545589841121 0.06676419672001459 0.17546070936979255 0.0629072703181517 0.10944535142352517 -0.17691033798670192
0.15513312067328952 0.3414965946759692 0.030503245541879127 0.15555555019527587 -0.14996874273411973 -0.23891292529203637 0.10514523404254913 -0.09516375928120663 -0.11017329896289545 -0.03448637731613798 0.22941942731873982 -0.16298520840112318 0.2782109553822448 -0.09160404526419208 0.18810797134151533 0.14505044491733027 0.4856568718125004 0.006725278937142305 0.4540959963126819 -0.20437328489317227 -0.12602740768499857
0.12963008339903184 -0.39870169137365996 0.1035883528058712 0.38455709696947765 -0.20341139108904405 -0.30040907010311985 0.06992904784631682 -0.020937483321412213 0.17196231909416665 0.18364835514768973 -0.023017317394861788 0.022292914199727478 -0.16086517457907493 0.02812729348711753 0.19239205224776113 0.2935354312376987 0.16146948448503246 0.262003394136262 0.28726607677207594 -0.0625903142263405 -0.36515680718328536
0.21302581886346295 0.013544393153720417 0.04024319839733529 0.04683387310167017 -0.2617337591775081 0.10071339520477521 0.2299899769756645 -0.08512697768159347 0.22476499180423404 0.15111516851765788 -0.0605690802329668 0.15443685308322463 -0.2410750302353243 0.2157411841956168 -0.07677195732557773 -0.7430699008041174 0.05217863973387421 -0.0510411721372704 -0.017914150373743505 0.057660013536004674 0.19818624229757006
