-0.09650338374212922 -0.3131737485628187 -0.6933108417850876 0.19218257913469716 0.5312492061695515 -0.10949232239517258 -0.08150561702461613 0.07738851877745159 -0.046364146417564145 -0.09832276789215423 0.03053737844144267 0.055184043540446995 -0.03966788114293049 -0.15229889748452918 0.02006339250095603 0.046185528604508364 -0.0030318904008625126 0.09097028025919646 -0.06701062996659234 -0.006752909549220714 -0.11058497956156439
-0.021486014276745312 -0.4425692476811543 -0.6697640892745846 0.20165544517649311 0.37367922850974883 -0.08389258185184433 -0.1315129007875632 -0.05530220895202871 0.10525294211233413 -0.039924084249041085 0.030545364379859725 0.045317241933701895 -0.007924732054663172 -0.22679911129802374 0.023944136659900948 0.10353354482124698 0.02278074113039292 0.12386373893662384 0.03697153989248389 -0.0035472930901048467 -0.2273790732079276
-0.04000033249963924 -0.38101565723722336 -0.6423758413169072 0.11846600995500357 0.42886619141797894 -0.12788100556300389 -0.14874426341164554 -0.006807395786877634 0.04043902706805791 -0.1140958253532439 0.02838383403192116 0.07686807313771431 -0.008253041288926734 -0.2909035352226376 0.11002795092355067 0.11119680041846189 -0.02005551200153963 0.09004080374720319 -0.05348047704640295 -0.02735024216796739 -0.24788309160906724
-0.21156031886466956 -0.46900784471196505 -0.624182076859503 0.14833649240153032 0.4329154256073854 -0.13223994649400833 -0.05857228441510212 0.018268287099804735 0.030326437620834732 -0.13417400617948816 0.03451850260017305 0.045958121830485164 -0.017084453643923532 -0.17431514711172408 0.046319379270264145 0.11767730158635253 -0.09924282359421385 0.06563860356324178 0.07738590293514902 0.05921385220268269 -0.1498323878479397
0.005416244008612424 -0.47366807872480765 -0.7053393547281194 0.2264005031060394 0.40433467396031264 -0.022754389973751857 0.02545077316186894 -0.004271477635220938 -0.02631637785740777 -0.06449184455595608 -0.03175999211903895 0.09542490870512374 -0.06964673446270725 -0.15050837447286153 0.005401624893107716 0.10207618898110735 -0.0010935205705345562 0.06527951087821769 -0.01420742196185457 0.01698676026187254 -0.0671312787915692
-0.061701322820971544 -0.36906085002611794 -0.6742873680974968 0.20880412694914283 0.43568665757342895 -0.05037230813178845 -0.1990108698847899 0.08728405453022156 0.08907943155565412 -0.1692235307100597 0.030163108178968483 0.06378484388020714 -0.06713976062754723 -0.1913069589980072 0.04653223092973253 0.0987462883925104 0.008956421440945649 0.08221069937755476 -0.017645788192997707 0.016094471467224866 -0.1419819837194747
-0.10199528609462302 -0.39569501228284854 -0.7289183170306305 0.10700190979929806 0.3723143100352201 -0.06481243120344708 -0.034322873795563084 0.12432050009604154 0.13934714775695756 -0.19339218610868072 0.029200083708274822 0.03658594858799875 -0.0667134238922363 -0.1890326327996283 0.06119825052489717 0.09223495978247574 -0.020786664466702874 0.0846006275801256 0.02644453088293879 -0.019179939353749585 -0.10342362710676575
-0.03312985641046003 -0.3990435542908362 -0.6893391851963602 0.11747653483024262 0.4064190773750286 -0.11770361443656059 -0.21724562228899652 0.0194657595173487 0.10589439278300139 -0.027898595188724548 0.03000944397244787 0.02584245227408948 -0.06906654197780049 -0.1983272816363732 0.026243386932582866 0.06900863093505794 -0.016147297763479423 0.11162486052212989 0.05502527212337776 0.08311768877093728 -0.19570357551635503
-0.04334112357500771 -0.469966951928291 -0.6602793464737656 0.18159530955125439 0.4098670096161703 -0.10122595585524259 -0.10014980349740435 0.013934892821528162 0.07720456295942027 -0.048970075697606474 -0.016733591974610555 0.0325274301822624 -0.038269423571694786 -0.14578579272977843 0.06038978790786764 0.04691635685011172 -0.0033751185470941225 0.145636576484297 -0.041461412917812364 -0.06427084102857934 -0.23347621879639946
-0.066238779061387 -0.41313311634340844 -0.627749330433523 0.1963452963172333 0.512207536035582 -0.12645678979680816 -0.10669300488836082 0.07124196633104793 0.029035433504960424 -0.06654023766262626 0.02133558822197302 0.010138628416909452 -0.09656972612914065 -0.17464255636820028 0.0490895921219324 0.05889942245606636 0.008265246830458383 0.09374515690218149 0.07751715776318777 0.03321674591710849 -0.17321664586415897
-0.06300800347713922 -0.48723736953774865 -0.7188571795794159 0.08742762254318918 0.3549465533018642 -0.05844229802799791 -0.042490927982111626 0.060243823451484164 0.04030196837359122 -0.12010083909681268 0.05311188279227054 0.04241459149827389 -0.06877369544244881 -0.12448261400580193 -0.01905090774307802 0.07299853113137271 0.03102258488472736 0.111299321150522 -0.04292768885118701 0.05481770017003174 -0.1860366819187767
-0.09145793554859591 -0.4606487715403373 -0.6746291111061845 0.13710846755882589 0.46347436398826714 -0.11197289734666335 -0.159670947089284 0.07223001628614047 0.02629826175095519 -0.01789123061159049 0.016504589115191797 0.03054224617382784 -0.04611013483089748 -0.1429944485963458 0.014074621677231412 0.04727101211568687 0.016685444103870913 0.06901122801675011 0.021011602829512328 0.018924903656385206 -0.11997026715852002
-0.1656019202629763 -0.4336868607158147 -0.6102557622417834 0.10061138456189313 0.46025517665991394 -0.10021239291931996 -0.12771616925387763 0.13568373350048282 0.04515847053989185 -0.04155253523058474 0.020425245953275124 0.04614397652278629 -0.0756321577132708 -0.2210636196446616 0.0947165862230608 0.10619285331508103 0.09185638002722195 0.06013579377761634 -0.02597466146116897 -0.007389296830604518 -0.22677095524559782
-0.06604476357192555 -0.35261344029915725 -0.6690659437046211 0.08632271639211488 0.4491136036405207 -0.06414213399360764 -0.17941924308535753 0.07571691635086447 -0.031800524453826015 -0.1357616854432159 0.03382484412899968 0.08264243160527641 -0.03435549866359991 -0.2729486015304616 0.1139753662897952 0.12239798983804155 0.04439300313073636 0.08519123311441693 -0.002070794890578258 -0.08587142322570797 -0.15742832647067942
-0.019305454102232902 -0.4058070095654547 -0.7087239391116477 0.11910048456636411 0.4219106335866387 -0.07098791938270888 -0.12894853562010014 0.02070227989999982 -0.01507862193159664 -0.09451306645212938 -0.031247906684952573 0.07993135912799974 -0.06577996462532772 -0.2193854518208604 0.022137415610752484 0.10019673794660684 0.05135053781654447 0.12598738176236937 -0.046680746574595595 0.03196138572070641 -0.13094638598011263
-0.0870463101015341 -0.40422922839944364 -0.7463284011940964 0.1439650950479741 0.3754171595801598 -0.008146037635940344 -0.105365586847823 0.013340677539900042 0.09502420734135832 -0.01959272307271905 -0.004157096711317066 0.05477965068186593 -0.07891232722866237 -0.16433704640482066 0.02258744332900376 0.10552978241246133 -0.016226589274428077 0.10406793482796461 0.027236479755064973 0.005625625438877933 -0.17270301875443728
-0.05931047621962066 -0.34337485406906265 -0.6512859463730388 0.07605445558568467 0.4673295377891648 -0.035695397981136176 -0.1456919123872196 0.10356770019561448 -0.015399192040052332 -0.12356677186680695 0.033468397388892034 0.07087671506826351 -0.043863103345917163 -0.30523352989253627 0.11611539851350294 0.09497459071563337 0.0775505319364838 0.06309768497738136 0.008969521465797803 -0.12223569142731205 -0.18092393535912982
-0.08320013652134002 -0.3462571858077229 -0.66906938988084 0.1159337100564928 0.4323478847757935 -0.07520755306881255 -0.17982932946451025 0.08401332674644679 -0.018264842223273195 -0.1340808534383139 0.035841931379652164 0.0900312326199327 -0.04236443395893163 -0.28903818667011527 0.10137769085470173 0.11177336798427723 0.028199306661512588 0.10101374171314098 -0.010261296038842108 -0.0869027528363424 -0.16014081884056586
-0.04562860167018521 -0.355260175956078 -0.6552461733112054 0.1036624358738947 0.4547120828576091 -0.09562447947149895 -0.19489577788033233 0.08667487342533774 -0.009842393306366938 -0.11983184366776366 0.013550708483956278 0.07063309839718197 -0.03159374687228962 -0.2884370023676602 0.10684367393922167 0.1038557672700834 0.0404325390863227 0.08182032927396689 -0.0015428079484861984 -0.08960156978707723 -0.16681047479189176
-0.08106409058730242 -0.3488445185407854 -0.7043945343162777 0.06175828059262576 0.41663581507026765 -0.054633440643668325 -0.170932842933558 0.07518585378715133 -0.04078610028897423 -0.1351875693917201 0.03918714710099926 0.08243344035639767 -0.0191816753788751 -0.2844619815918895 0.12128291948978526 0.08235323457217215 0.04956309286337093 0.061655006795012186 0.001017557840365775 -0.08677099570497379 -0.1243900204261887
-0.07819317303472813 -0.3684131496673546 -0.6634309438619321 0.07122690394663583 0.44168339512967575 -0.05160852197410205 -0.19029760320688688 0.10592965540491964 -0.038353707092525224 -0.1280928649370834 -0.004126536214819623 0.08984594322678836 -0.04572032973639503 -0.2553758182221061 0.09424318853239172 0.11774998680277604 0.043702813254381905 0.10114843654995566 0.0017024882894831174 -0.07652668800303897 -0.18368309299424426
-0.06094788780127628 -0.3489182540781396 -0.6775883279155251 0.12061445611083321 0.4517655098119536 -0.0743510589622108 -0.14660147267020937 0.0743998999329376 -0.04219001109039744 -0.1285419955396097 0.02187040660201828 0.07905147041043334 -0.02685717344483324 -0.2920099148175865 0.07247523688149057 0.08553396857538813 0.020113038785095037 0.09170775101088535 -0.010009339689518894 -0.08413724232669414 -0.1569576616390001
-0.04850315872724169 -0.40350055390944445 -0.677242635411533 0.08866373351611126 0.4197674050437448 -0.05215116299571434 -0.17898158526411673 0.054225401692887205 -0.05383517993470769 -0.12203285467977533 0.04246065761168374 0.07330873667447584 -0.025843613485811517 -0.26372978287845417 0.10565230510555704 0.08683579717038255 0.056067674246080085 0.04642183545717697 0.0032809407080682347 -0.08134322534408997 -0.16911282398398417
-0.0507661065100965 -0.3626800446155456 -0.6642565161440317 0.05786705298365487 0.4542030602536557 -0.047716856474071916 -0.1910686724104687 0.08160876665665155 -0.0659880313141581 -0.10697581955638219 0.02006107468093541 0.09710552243820825 -0.014464511277626518 -0.2775936256138808 0.09332517029062315 0.10055650734822325 0.028562383891015813 0.08479197840315901 0.005272028539127182 -0.10193772848874888 -0.17150138381401128
-0.09763973245670804 -0.35510992125045165 -0.6634347397800402 0.07623103082571135 0.4392366083526319 -0.07782434644217472 -0.17055661842312658 0.07337933649892536 -0.026335033057389722 -0.1264396409459975 0.012824479047989557 0.08975057430095992 -0.0040588716557384075 -0.3093283358735346 0.10692970784479419 0.08829452026274148 0.0407070272108484 0.07191937445644064 -0.025557787665134404 -0.08888849852985838 -0.17243183003729878
-0.06851629688696045 -0.3523339698681639 -0.6720577113113065 0.07446806463305762 0.42875434520492406 -0.04123545014039871 -0.14814093574568807 0.09331498686045728 -0.04062934589295541 -0.1532373798613214 0.037961779958754216 0.09967968710841346 0.0075229172573866064 -0.305279304154742 0.09311061813156868 0.12261769694396221 0.04828112025760558 0.0741909476788647 0.0003196916343608307 -0.1066150280874476 -0.15845067628185727
-0.05412095525032262 -0.391973639434849 -0.6504553732294943 0.06504363078505482 0.46186640716732097 -0.0682602532501863 -0.17279101788366885 0.0834093889895233 -0.010963248586894202 -0.1326732705769076 0.012579312957679454 0.0678109468262397 -0.0029339249293795448 -0.2808425033271763 0.06896680022720526 0.10389355535650092 0.05378443315392973 0.05050013432296789 0.003944791960005804 -0.10784690187210993 -0.16526013392419303
-0.05965181703913321 -0.36836520682967006 -0.6563190363063256 0.09174174185431722 0.43198825174241673 -0.039635471979676574 -0.19989129298537442 0.0832138300025347 -0.010930427148978078 -0.1474703860724206 0.04688850059209011 0.06296653005850153 -0.02262857772542574 -0.3001218946072384 0.10607632639595131 0.1266270516779924 0.04498269922237825 0.061186974367228995 0.003605999709778495 -0.08416626015190355 -0.16656909158520883
-0.08335298144090449 -0.37011728819173095 -0.667726929699252 0.05557058872624404 0.44167038305007494 -0.052836327661661964 -0.16258841052673378 0.08676360653036501 -0.03226154516549045 -0.1635851736361339 0.04827963346711029 0.08076706581350852 0.005616887757029504 -0.2931700222951575 0.11385062387054404 0.08449346059952274 0.031297169897505896 0.06059974934940051 0.0012593344250592339 -0.09425920131160817 -0.13789889967370886
-0.05244541460120329 -0.36654048478940526 -0.6689208113632921 0.0540432056543254 0.42789615822422067 -0.06910082447470203 -0.19257897299198118 0.08317453863472171 -0.061691602109638186 -0.12714029441225994 0.04278184927667461 0.08867311296373076 -0.018557420000887045 -0.3089548509442109 0.10477168271402626 0.08735083211358612 0.05187409446477003 0.06461518589757546 0.003897302039684106 -0.10094496433690109 -0.13966937744960423
-0.06715598154573336 -0.365675045463996 -0.6489126874558441 0.09555496636428054 0.4499048109308058 -0.08540409923778518 -0.17361408083342572 0.07753186324170667 -0.039099443950870325 -0.1364480530497506 0.054867485356829435 0.07045385837660689 -0.03084617555065035 -0.3016030543769758 0.12243635264070364 0.09892985893218258 0.07755499821442877 0.08604018186529967 -0.023470070063923414 -0.06654985595326282 -0.14993352001260898
-0.06210981849621731 -0.34848825105651854 -0.6630848417432694 0.09643118541533939 0.4527668214578197 -0.08173015567393656 -0.1780382217098274 0.07977758012064817 -0.030183874357730556 -0.131067555712894 0.02216040144475435 0.08638949081928539 -0.010779722430216751 -0.2888526419312636 0.09283802924979774 0.10972395311152394 0.04193138570756746 0.09088561650113265 -0.014964005121284141 -0.0867177848710934 -0.16721697904370927
-0.07437389109898897 -0.3520416094193103 -0.6686196322595067 0.11341598804214953 0.4377861239587504 -0.08485082853289705 -0.19082163218832884 0.1110892380748939 -0.044926247174765156 -0.13722161621629794 0.033429232906317455 0.0928665553251042 -0.014410905819247718 -0.2611053782630295 0.07573564562515471 0.11608657512558027 0.019781316243677655 0.05703505876003596 0.007819472262697419 -0.08515869185446005 -0.18402932812017317
-0.03410938869687934 -0.3357634762846126 -0.6786827626214403 0.08502711919367763 0.45996826461247325 -0.017521836626214187 -0.17763030951223346 0.08678494904188715 -0.032365477242191444 -0.12951152234706395 -0.005059211516407156 0.08584997454785005 -0.03765032928181442 -0.30262450123866647 0.09451710240157382 0.0856566013862058 0.06197046698584748 0.09928024904314499 -0.02068638485522583 -0.07853866120069194 -0.11188459268314549
-0.05143290355995316 -0.3712512874616146 -0.647083139602922 0.08020908687866919 0.45799209865839785 -0.04113770321218276 -0.19733146678868277 0.0649092869873709 -0.01649546088736253 -0.1441894769091372 0.03729574152968412 0.07159193442915353 -0.003303018621058984 -0.30372248012668124 0.10549304905385143 0.0857858193058073 0.05012578777676613 0.09053559027501225 -0.005165597772050013 -0.08328190332397763 -0.15420077805217092
-0.06786288546447679 -0.3361052246556719 -0.6829393501150097 0.07950008887411543 0.44662843011183895 -0.09374619014072817 -0.14777141343707567 0.1068331155541365 -0.028270392749160364 -0.1312079622134459 0.008517139427205134 0.08391080631057873 -0.03123829338155549 -0.27155061339604064 0.08786666879816707 0.11952646815246275 0.07149130167293866 0.07738024456274419 0.005167910950239344 -0.07110944882184567 -0.17364764615178352
-0.05585379593582515 -0.34582244945706875 -0.6843371433268145 0.07353197838149984 0.42634551212697974 -0.06141244767395336 -0.1991530316266966 0.10326976377063493 0.003413245647475174 -0.11441472285428159 0.014963642368479902 0.07356557864642572 -0.06017819848558887 -0.2910006092211831 0.09751090349773286 0.09802838961470749 0.038775239677852805 0.07023706440844071 -0.01767010493770286 -0.10862853129140661 -0.1516123356746337
-0.05422227930522108 -0.34525450315699674 -0.6662125275736942 0.05526784062120249 0.45714388388889066 -0.053391721022687806 -0.17703826717359478 0.09442393122666477 -0.03970255530091475 -0.12185165515350398 0.0067487978719512325 0.09338977588315518 -0.014749312967429573 -0.2931125911244291 0.09830296413615165 0.11240186715398866 0.05444960416126972 0.1098435833251423 -0.0034215987831921406 -0.08144568029789036 -0.15355452986710277
-0.06743405677627853 -0.3231431949661252 -0.6843822055387605 0.08115824700490869 0.4420807039066008 -0.07265451684837423 -0.14509580756498408 0.09520816003957647 -0.03703720083235689 -0.15464726156145867 0.02565187443907011 0.0951442492879278 -0.022546715996858317 -0.28095630718543735 0.11547449466414565 0.09317680906052637 0.030283990755849817 0.11607937534215887 -0.037920688433446564 -0.09501316324763827 -0.15465435345393438
-0.041174437483202 -0.34618387584167526 -0.6509842437433541 0.10116342046975794 0.4738733389498673 -0.08283393721418983 -0.19066047619252804 0.10203423952548187 -0.032783978672353255 -0.1451064919837238 0.035560693137523414 0.074178282817855 -0.04861583575072788 -0.29896957829688803 0.11731773832425262 0.08315894023075156 0.024848482529885887 0.06315055934034898 -0.009204687968384646 -0.07395888535500356 -0.12159006735633876
-0.09132549295018622 -0.3371603183738558 -0.653118360756622 0.10587931993718983 0.4540337474816536 -0.044400200430306014 -0.18310249591004593 0.08238060244788432 -0.01796539075803238 -0.1422374207116658 0.021859522730551476 0.0839955994305871 -0.03685673557081268 -0.2968338204666357 0.10206038237871816 0.12184934084751352 0.08104836946839794 0.09506698580266361 -0.010495980112829347 -0.08938638058550068 -0.1589060179782233
-0.08408752043308779 -0.33481404322667946 -0.6718092753432929 0.103627237222087 0.45076629945270885 -0.06354897937733807 -0.17424637846848326 0.08778348880746023 -0.060145973823602365 -0.12575005522611482 0.05417753593408984 0.09028968120632988 -0.0019141268695249663 -0.2678733002760919 0.11919982945146432 0.08775888417153961 0.03309077799998466 0.04194592530895147 0.0008583686004985069 -0.12689270037477457 -0.17412948316694637
-0.07445605330275937 -0.3350342153158611 -0.6886722028044672 0.09458521898823818 0.4156281750430383 -0.08065499350303564 -0.1996929227142891 0.07285312195592249 -0.022378689905723975 -0.11845276155182152 0.03976710920564979 0.08913301364256845 -0.009150918180322196 -0.30079904203387425 0.11197520128829239 0.10231265980753561 0.0580377586571307 0.05272580441043208 0.04316714736164429 -0.06805681227002848 -0.15583363784044102
-0.057524538837786375 -0.3538113972987425 -0.6771539267860976 0.1213414959988141 0.4588919919152683 -0.0684268469025844 -0.1793210948962906 0.03782773195910361 -0.06173114551296438 -0.12070343256994022 0.044401490255031345 0.0628717049502231 -0.027648007547801976 -0.2576471935702449 0.12213921021321263 0.10516666181734577 0.04393582321651001 0.0684132544314208 0.004848623713127347 -0.10855921836961323 -0.11639542810788124
-0.07249297988783894 -0.3288978640450696 -0.6633231578117491 0.10288057647202915 0.4683712046915425 -0.036663333648634486 -0.18698472251508622 0.09191740340738078 -0.024665631121389454 -0.128081248834278 0.031617591691410006 0.05760083936279358 -0.051841812084163136 -0.2679234251964246 0.11574877342500355 0.11002662091763409 0.06844776868311148 0.08779457682275622 -0.033234792129415026 -0.0862990445873939 -0.17207875067908568
-0.0697533596540365 -0.3594270880867025 -0.68056614632166 0.09510643079340951 0.41175234720233456 -0.05440028636595894 -0.18493430300795527 0.09914383905072323 -0.03692929551850158 -0.12980860953858778 0.028990759008298773 0.07434703870645185 -0.06671221911659213 -0.2892180774945537 0.0915958666971652 0.11100554915777446 0.07625888085554584 0.0669852228306452 0.0018027933413044366 -0.05649715914468955 -0.17410421900029946
-0.056240804590164985 -0.3294802847928077 -0.6627523268597573 0.07754551498590005 0.45321201900314073 -0.08491652294529012 -0.2040083919624962 0.09702183530909901 0.003927179932203597 -0.11719921127054372 -0.006963025568322192 0.08422397872077544 -0.026813142782996964 -0.3042491356862825 0.11369811585027574 0.10005314895915264 0.052519809820102896 0.09207812705329754 0.0004533140463586615 -0.07492393196291894 -0.15941462011494245
-0.059383353860158285 -0.34336203523941256 -0.6854741539502553 0.12348904938307222 0.41528734091875774 -0.096113226370125 -0.16789992269086118 0.04212636033784675 -0.0022133374985798364 -0.1334099523238388 0.023770125335690936 0.06980721285261911 -0.004223977357303457 -0.31030282953377175 0.11372283772876716 0.1047650034846664 0.020580387658232974 0.07730092491824096 -0.020813196047504416 -0.0732711869130867 -0.16164506719553862
-0.08411577740847534 -0.38389486524026684 -0.6579293204028908 0.0692792301705809 0.4249816558567704 -0.05623228426414305 -0.17601774090888864 0.12225353684751028 -0.04078287613937967 -0.1429742821464371 0.05172165861686504 0.05909841565359269 -0.025378353173535446 -0.2906156268078016 0.10099030228340979 0.12080851253092983 0.03977527834887154 0.05900947037251622 -0.0001718591702679866 -0.07332122615526702 -0.1719619484172308
-0.039503068345694704 -0.36533008746436163 -0.6599292045794031 0.08081417200071397 0.4418663762365422 -0.07028725589984246 -0.18498372172494 0.08349246127222625 -0.01840900028706296 -0.1499681789493915 0.038063006950340726 0.059272445739179044 -0.029731964871352715 -0.2863543136973389 0.1308469313435066 0.09668962514171629 0.060619444999760366 0.08886625300025117 -0.036350134209593134 -0.09671417506409492 -0.14889240789161473
-0.0697578099925612 -0.3380084735126815 -0.6703313212801485 0.08031902506594754 0.45546421852597935 -0.06132347482525976 -0.17781887661183246 0.09580453327589958 -0.018208913838632074 -0.1404093428636468 0.05304840666586951 0.06809872314779217 -0.03600276574730416 -0.28129785587586115 0.0939062847824442 0.1039168089869433 0.040462830804524036 0.06826956569051001 0.006166544001004617 -0.118754903800166 -0.15844301045517753
-0.08188410191345512 -0.36559568184478425 -0.6596608896774616 0.10764617133894219 0.43664801810117965 -0.07766031649222105 -0.17348456539740936 0.10312038285507664 -0.036000548870251614 -0.15267600746166096 0.008814130969649388 0.1101487609170943 -0.035853038005011856 -0.2785188674832348 0.11312186802045565 0.12550843538055126 0.01669665351865056 0.0819640316562026 -0.007010795313275406 -0.06806693002912519 -0.13988772295266846
-0.03667023316302299 -0.3611788936663132 -0.6513964564969097 0.09101118806922745 0.426169590003956 -0.06499743728544738 -0.1837991183273332 0.12974651092581563 -0.032642336721404173 -0.16807589287468985 0.03875058780381644 0.06817549986568679 -0.049007672029263254 -0.2800917688293335 0.1113625230978861 0.12130001864948371 0.07369271440956529 0.06742706946282345 -0.005265124805248311 -0.11364098332907689 -0.1810835425801939
-0.03888859546669012 -0.3579828849783034 -0.668226468132172 0.07759653626135964 0.43442082309590435 -0.08007436699332153 -0.19476446290613567 0.08080691882364255 -0.017145239969222393 -0.11139862624527647 0.06171528218626386 0.066179114768575 -0.0557193849184325 -0.27161271499610584 0.1320040531101416 0.12708899092823045 0.029328567681477045 0.07427849575623932 0.005265893266729456 -0.09321405088759231 -0.1781877506141738
-0.06030753082880001 -0.33172508160143527 -0.6892358662046136 0.06975999110798811 0.4500124493240923 -0.05568519499580085 -0.15546516264272872 0.05550455260908389 -0.014148646150056345 -0.13406663031898447 0.008861481834198921 0.07492702843850196 -0.05024183715022049 -0.2684298828515582 0.1025816165242609 0.12513519023946212 0.035196040118750854 0.07595290677773625 -0.0005202782382636293 -0.130599380765895 -0.15765584468920088
-0.09048879905187113 -0.36690970126543937 -0.6608044940873753 0.08857162043854316 0.4586953872528823 -0.07633586605376091 -0.178066460536222 0.07118674393342912 -0.0440813518374418 -0.12346066917040158 0.06281361295364067 0.07103096410511257 -0.02878129454609487 -0.2929933576009828 0.1190753606689849 0.0834985303810275 0.022820991370476343 0.03726369639711828 0.006074860509249376 -0.0854332203083895 -0.12818545457425906
-0.06679852984923065 -0.36233286397132836 -0.6482603567481376 0.08618469885897435 0.4667761160408441 -0.06411710965910898 -0.18621151230029148 0.08204064369818291 -0.03204173646927845 -0.10757034228397756 0.026686520658991256 0.06565462403968061 -0.05242631686924788 -0.2671443814341253 0.12319522212536167 0.1167469419574564 0.048512918464237276 0.09906219388923646 0.02376524029112833 -0.1258394465504668 -0.15517004378307137
-0.0795595393311845 -0.3600598562749703 -0.6835617696736218 0.07712784339116172 0.43778159098325703 -0.06832455012261589 -0.14495257588805913 0.1114729871852721 -0.024606150904396103 -0.13601607922447062 0.03519823259891328 0.06775278971701104 -0.03998076900934287 -0.2769142790956983 0.09683438190488527 0.10097770724770715 0.05448857747821405 0.06731796762909806 -0.027661199872786934 -0.06614864464322369 -0.16010394881262777
-0.09233479657734718 -0.3591711990210061 -0.6486694587188078 0.0996183472744513 0.45369606096945303 -0.046800517799930115 -0.21324021444786145 0.09524749182982299 -0.04905106261465888 -0.13799841348810893 0.04789904632738433 0.07417631065338036 -0.02924106627461048 -0.2907104061801065 0.0764237544786806 0.10855242516593273 0.029380979898872624 0.07295982353789834 -0.037059660255795976 -0.04295852718701717 -0.1660046144845724
-0.04767577403738656 -0.334206511766567 -0.6810038023704064 0.07041482387232388 0.45144839794483055 -0.07646448260726044 -0.18855948606677272 0.10077825303385878 -0.030260928134779246 -0.09207964897851835 0.027901366037093565 0.06511257216940522 -0.044815742736940896 -0.25620848472958446 0.11232732615201463 0.11614529433048368 0.02367015047100231 0.09815723732641508 -0.0036002708855573926 -0.06919599948061037 -0.19692158392318276
-0.06303612135409374 -0.33352686695728523 -0.6706212248545338 0.07340377149615217 0.45924337181219294 -0.07383975645670936 -0.21260965498447149 0.08262967385020896 -0.039741688840253954 -0.12886401554652055 0.035645215429616066 0.06840009910331572 -0.034638511708526 -0.28053214664227516 0.09946725040163974 0.10436887695157594 0.03477117619537731 0.06325937701806347 -0.025915682960286263 -0.07499326261386352 -0.1579633753899888
-0.08355046915605448 -0.3309455394446844 -0.6925210326045359 0.0716525793797272 0.4528542677897505 -0.06434146337855444 -0.1537524094830261 0.0841009801518079 -0.047267612635327 -0.10690037003762103 0.0519922513439241 0.07790199491833222 -0.030332309004236675 -0.27111056141812784 0.09598651791794757 0.1196478816890749 0.04158790454353696 0.07087970948286708 0.002184358087678201 -0.08421991820306901 -0.15687641363309832
-0.06410362399566542 -0.34529793692725125 -0.6611887542937462 0.09973845306244812 0.44960595257300695 -0.056267349575808666 -0.18084258759371225 0.0957926131888442 -0.040819510217354894 -0.12795330744497851 0.045601944012675574 0.09205949552335593 -0.01693143333730406 -0.2803477837127358 0.10304344138887168 0.10145506951493176 0.05459938959168173 0.08024892051515747 -0.025797391868986372 -0.09606285533248328 -0.18614503527977394
-0.08313670030657504 -0.35463990389319716 -0.688089791624944 0.06880776161873643 0.43353494193926156 -0.04184495771575841 -0.16913640723458684 0.062025352053629856 -0.045149984312163105 -0.12020052531110083 0.03903819146034672 0.07370242703604396 -0.029000129255896297 -0.264468169902113 0.12065339292576235 0.1120674268092206 0.05255057589826582 0.07958287131065457 -0.017204558624171046 -0.11161443174194997 -0.15416446864652705
-0.057413000565837174 -0.35999041353240624 -0.6613652353197965 0.09073969079573557 0.4174558082309028 -0.0854429650511097 -0.2134688187897324 0.09784845317781186 -0.012231992249999712 -0.12705322030080257 0.030210886803696425 0.0839484243847264 -0.05163339867455007 -0.3012120106492566 0.11429034522043006 0.1384508579801602 0.04300482318562181 0.07745263204449629 0.010648175679617785 -0.10134126145876994 -0.12903616065121148
-0.06787141256448218 -0.358299681195114 -0.6716669184796435 0.07214935836386652 0.45501434686604836 -0.05518684180796866 -0.17363680203221324 0.093121274171121 -0.01937135021473162 -0.10240215836038426 0.01994147700148054 0.09033308565389576 -0.020880347694534368 -0.2796047937553594 0.08292723959761238 0.12443950218846057 0.0463484476319113 0.041946716550981464 0.018309797863808683 -0.07948312453130832 -0.17553127506423996
-0.04635781756571187 -0.36011830630020014 -0.6865282987700388 0.09480912998796298 0.44719990041335717 -0.07409016656740129 -0.15965856073795506 0.09437397276433364 -0.049924230940129356 -0.09749049981294229 0.03377921917373495 0.08724331037877771 -0.03077663122640141 -0.27066236554617545 0.10178482483219965 0.08657210751657261 0.046338137801598844 0.07986264341221766 0.0024329176411276307 -0.07886952544285834 -0.1429000870962928
-0.038387232547355606 -0.37446787809957655 -0.6486039738033159 0.08137317531194023 0.4613136044007176 -0.06552570849740282 -0.18560332081089953 0.08229604828659508 -0.03996936880931857 -0.12541869670685787 0.03234617035711805 0.08511286342470957 -0.049541950589396526 -0.28703569803557943 0.11664867015567666 0.12866074574535313 0.021034277565276975 0.08496017498572091 0.006799510228641507 -0.0784221656202211 -0.13485998482297135
-0.056898509924957916 -0.37753944377236087 -0.6400526103464161 0.10161017398029801 0.45427377683245956 -0.09189966545067532 -0.18542831036490934 0.0920924540934062 -0.043937781782277203 -0.11655182888346473 0.0544913088407544 0.08281819896575698 -0.026676746176815327 -0.29108231675268614 0.10365443345497964 0.12095495349549953 0.045139369270431995 0.07782057102608317 -0.015699418885668483 -0.09415547702267871 -0.15230369390801923
-0.0717431756324066 -0.34194533610321237 -0.6970296752562333 0.07378641963104918 0.4405024916623315 -0.07061479767459719 -0.1849379889542856 0.09042232530834365 0.002537321010541051 -0.14179411546614332 0.06007706607656484 0.06102626117835881 -0.04043384531091738 -0.23063198031120855 0.0940590036998286 0.09739535925636376 0.028342893281265165 0.10140190745300075 -0.0026732938176268883 -0.06971777316916968 -0.16931196553237154
-0.09837482450131983 -0.3438687002322199 -0.667713811807102 0.1040152495172643 0.45216298246735837 -0.04159710789099772 -0.16904630283723476 0.07893928958029267 -0.051690172933664805 -0.10078677131441248 0.0476753465857967 0.07652756869889168 -0.024005074914885478 -0.2759289612907115 0.10148633707537688 0.12919230620561722 0.02735179977769934 0.07394644895197124 0.005500815436116127 -0.11490577644682262 -0.1741087159492731
-0.08033206645957755 -0.3428786192432576 -0.6597845775956457 0.073138656582313 0.45101504810054355 -0.04996909880732827 -0.17532379840952766 0.0851084248823027 -0.04313901405191509 -0.13287373882878675 0.05158802517968187 0.09036469132437848 -0.043779324944834434 -0.28057913516590344 0.12614532204903542 0.1359566376799612 0.024444420569796333 0.07703744435327756 -0.027069039213284046 -0.11628795591942578 -0.1589123690739746
-0.0902364394171727 -0.36338436091920356 -0.6629108759414694 0.0797933676065202 0.4430799993197669 -0.033945765989392584 -0.17644729053078287 0.09583927954685861 -0.011226973791624165 -0.11939971696070467 0.027472864485533637 0.0766589747016744 -0.03245385785417486 -0.29806803960156825 0.10082941669410786 0.10778598497646548 0.04882922063745666 0.08516169566827758 -0.016846504506595295 -0.08691879446498668 -0.16133500516387414
-0.06505863374958848 -0.36109925262574555 -0.6715252260620299 0.0739508840028565 0.4441796244126459 -0.08653843592709647 -0.16304250849068605 0.09213029870047389 -0.003394681825978545 -0.11750389663889486 -0.004060264687877073 0.08104251699188744 -0.043787804861306075 -0.308959859258475 0.09950022517399672 0.09346653324223003 0.028829821623823696 0.10029765947853295 -0.006438824424722354 -0.061520917806176474 -0.13406927449238368
-0.05501172847216558 -0.354601258572358 -0.654344859088329 0.09366719952318528 0.45691560123373237 -0.05909398648050121 -0.17472750452167077 0.08387998981426723 -0.033607296746267924 -0.16920469169653146 0.01278200619566881 0.09545360883343916 -0.020766304104388598 -0.27577066104942316 0.10797124176903729 0.10642160791807184 0.023762267859037213 0.12597551612484043 -0.016682746755104852 -0.08781523630153774 -0.14676034640550997
-0.08809174985029519 -0.3309951736274318 -0.6725929845769701 0.06911869881711828 0.4500142389364324 -0.059377017177975465 -0.20181083706020053 0.0734384747293285 -0.042655242680778915 -0.13106596654485614 0.03650755915577939 0.06399701521787889 -0.01762312087421718 -0.27508634447706837 0.08937981306795745 0.10663917054704547 0.0678837893834108 0.06710413187185442 0.002167758779670464 -0.09799504041911697 -0.18674913558622602
-0.06095020397883863 -0.333451710335147 -0.6673265666821028 0.09382505760791932 0.46798051950114405 -0.0671912413765421 -0.19807579152710283 0.07872485333115313 -0.04157585635262049 -0.10091066172044927 0.027491492651152808 0.07127839881385374 -0.04685115925869029 -0.27843501646341473 0.11028453471133454 0.10498760062401817 0.04680192877864199 0.09088687392574825 -0.03770907037542913 -0.08583026403409927 -0.14873253651106214
-0.05057534702795103 -0.3376765993104066 -0.684624230625097 0.1038285738996409 0.4274778079195384 -0.04810998453310644 -0.1926484745293842 0.08601057784136869 -0.052660236243487514 -0.09149247816499029 0.04796247798627797 0.08169505757484422 -0.0584023405068905 -0.2729511190902735 0.11094990632608173 0.10578527837806223 0.028595649955770505 0.1028370219392272 0.022389540775644208 -0.07544085441055237 -0.18773665011965307
-0.07030177161633612 -0.30480675109569394 -0.6702316983628721 0.08503132448553946 0.4699972284346434 -0.06827375305400686 -0.1664785109611557 0.08379388635951773 -0.052824332397699285 -0.12187162029442136 0.03643406560386987 0.08632702435422976 -0.022722023157437127 -0.30546535446104717 0.11723709780014573 0.12088078631312962 0.04524775126551033 0.07301289215400437 0.0192267036946587 -0.0848968957949721 -0.14783124260212585
-0.08992237261619895 -0.3436516884826179 -0.6719874050538007 0.06915125122295744 0.4623455534708944 -0.06328127341184728 -0.1950502165014437 0.0616017435679727 0.012187407415150559 -0.11411778257835098 0.01801879896145308 0.07120949577812641 -0.028148434033482463 -0.2695733018152416 0.09430021312166169 0.12228865455545915 0.0511016043854826 0.07055023269063318 -0.008736580264208784 -0.09780146477832577 -0.15733735979964883
-0.04896547384470523 -0.3409668775796557 -0.6912601548597728 0.11277877262299586 0.43592437634789283 -0.0854893897290786 -0.1535563696046306 0.048394345020933524 -0.05339220976658514 -0.12510942046927087 0.03300119460724621 0.08591195865168373 -0.01090538053739403 -0.279429941741844 0.1254714133781992 0.12075823112520452 0.04322374280925672 0.047439510231546106 -0.004814983286709609 -0.09415574851098808 -0.13790676635628332
-0.06636494297510519 -0.3627219692274833 -0.6572375829042378 0.10070078301813398 0.44398355661251154 -0.0553323877763808 -0.18650076338168228 0.07427632288988283 -0.005453282812671359 -0.13173345658064214 0.03424435417598673 0.06995887896340887 -0.01122261302616717 -0.2903775602062219 0.12169507739681858 0.11034190644042716 0.04390318264433122 0.09201729118743068 -0.03467044278017839 -0.07190555894788854 -0.17261638188553713
-0.031147202249172164 -0.35228091633539704 -0.6422229233055332 0.06475611129670858 0.4537081586865592 -0.08330643243671415 -0.2308451983878231 0.09317343161055758 -0.02315641722564947 -0.1586514956755835 0.03936962266379426 0.09248764204975649 -0.024993087986226577 -0.26927513471817477 0.09677936117516704 0.1352537164621395 0.013896755627814806 0.06699652821277696 0.01166142968733436 -0.1210603550720676 -0.16566609645699337
-0.08234287939971693 -0.35420738901444937 -0.6700587791781444 0.11272993304199849 0.4485035781787366 -0.029836574919156533 -0.17968675596576122 0.08628854044033486 -0.04363856825343309 -0.12911312351117363 0.0465537512007747 0.08197035339531333 -0.03862233191509755 -0.2833134410804696 0.08671869354998614 0.09959071794986435 0.013806644359938313 0.09039255355375712 -0.008262677699419322 -0.07944156386053393 -0.1513044242606627
-0.06268796855234902 -0.34322630241991764 -0.6753676011642465 0.06393970066482946 0.47566278928613104 -0.052170058272823006 -0.16137345364718195 0.06384556258721849 -0.05579549916681964 -0.10717369110460426 0.045534642173030354 0.06337601021636938 -0.047328936074836535 -0.2606555523088357 0.10668395900614594 0.11064766124902486 0.046826979144988234 0.08870638085207339 -0.026738395194759637 -0.08924406905219406 -0.1603925793136557
-0.07658237688189183 -0.3494644192138186 -0.6763130897854156 0.0741788119753004 0.40971445959657604 -0.06860848375155199 -0.1794831582141171 0.07660409496770529 -0.015366336634230288 -0.16077190447687897 0.03919499853922871 0.07179227911790216 -0.028357342863523708 -0.299175436854856 0.11795692618074496 0.09484764936569524 0.07780154499253883 0.0842761649502609 -0.007963733445497665 -0.06818339947039138 -0.18598484251786995
-0.0663994977227235 -0.3477326653339434 -0.6623282031530395 0.06425557693363287 0.45268568138748205 -0.06009646751617012 -0.19867151105421346 0.08604002963834234 -0.027724638373590973 -0.11908327509463691 0.04144472652983609 0.07620761732180953 -0.01730786680741602 -0.2841230440596916 0.118752584568331 0.12021543865339776 0.025213500224762507 0.07096384927831122 -0.006616526845039845 -0.07538967678184302 -0.18166835646199633
-0.0953818740283896 -0.3404749933849188 -0.6809027605243652 0.10922761739981078 0.43816400529405464 -0.07260598547888211 -0.15253183962550573 0.07888809009171828 -0.010624614559361024 -0.1510410676313149 0.002945054413522984 0.09881686247440293 -0.024334302931406395 -0.27057825563966464 0.10367706522243483 0.12905905607559343 0.012902836910878672 0.09798868232126336 -0.030916211582063858 -0.07688863571700369 -0.14874683706190542
-0.07844168076187046 -0.33670010368465325 -0.6687783731151576 0.09738286180024991 0.445101144018737 -0.05030202777331924 -0.18686877023795703 0.07492246831879194 -0.0343687039879022 -0.13056643021447287 0.008876597075487144 0.09714634323013517 -0.04538445890922554 -0.2918811049058422 0.11651525587693613 0.11003645918219655 0.02653070502582707 0.11442119154637342 -0.03101067525494649 -0.06591299999343109 -0.15089048243212894
-0.03865651547166511 -0.3435442780861638 -0.6693088793104532 0.06390840121135781 0.4550546227905722 -0.05733895129222976 -0.1759039908453289 0.09162411703616294 -0.04241089826704294 -0.12544156491568006 0.05325757458886296 0.06783841560375765 -0.012128767532388673 -0.3096504776682584 0.11675641524780887 0.10137143328032314 0.03996556960229503 0.07225132721216843 0.015186614962080916 -0.0995131469224858 -0.1298546912762032
-0.05757926276596368 -0.35420496019486963 -0.6582679310898866 0.07856613312662569 0.44449886865093896 -0.09109089695009298 -0.18614689407032786 0.12261940510875256 -0.023354832580757007 -0.11660657280556137 0.025534826129419645 0.09137748315763922 -0.02539632284965937 -0.2825868638587548 0.09798718001468981 0.1161017541153375 0.06482057169765756 0.09242275239017009 -0.006323741178795063 -0.08083847829539578 -0.17357085161553384
-0.09218282025682792 -0.37039014676415505 -0.6638178953426985 0.06496850324156896 0.4294298750954047 -0.0289361002560607 -0.18689025824909386 0.08796953272976889 -0.03979147622683456 -0.150956129116326 0.0046576495454966034 0.07684466874452021 -0.03144314059068022 -0.2868095184000433 0.08457682200927003 0.1192664606855972 0.034620250091884006 0.0858199162918097 -0.004002396767469144 -0.103799327750963 -0.16506510932512253
-0.057515911806374914 -0.339344195596673 -0.6685695292072189 0.11782612212998417 0.44812051795950514 -0.09215266003719862 -0.20117716905737418 0.09095089600080203 -0.0332836794355456 -0.1171032014677706 0.03051426325232829 0.07027200293577705 -0.038634550477409664 -0.2704892641382768 0.11642832182619503 0.09255926402989774 0.05398200405787578 0.08128778564596117 -0.012034062403700904 -0.08755082114257193 -0.16679025933480737
-0.06888983782247768 -0.3485807426718625 -0.6582539518459608 0.1285256672929799 0.44850634368917447 -0.06358857270407164 -0.19967255331788133 0.066832487644339 -0.008829578834987889 -0.13315102523467 0.024375000649888408 0.07543915490145822 -0.03045283290934489 -0.27976955775166984 0.1011796869789062 0.11198060015138965 0.05464085162140868 0.08835460589255 0.009884730393192098 -0.06231337721439192 -0.18316887003063653
-0.0851798858205591 -0.3892115884090494 -0.6434791030960016 0.07229423387868221 0.4415479999353781 -0.07644584421096681 -0.1806983891801201 0.08417177650264916 -0.03651153785929787 -0.13789297792839203 0.011893230173759518 0.07562943193183858 -0.022795275442589278 -0.2697434877547597 0.10274606769519506 0.12179637405117498 0.07534732487357254 0.10022722954604134 -0.0010556863988119942 -0.1103663527933338 -0.16922127873021886
-0.08075378834874876 -0.3433783566553006 -0.6844305619904253 0.07487691559214736 0.4174984507411703 -0.07555666975294373 -0.1908586809141432 0.0789046421820626 -0.03263855555010229 -0.12753858214670533 0.045328139576004255 0.07536453220188397 -0.0748432105047087 -0.2758126230934427 0.13565185174532676 0.12155147417451172 0.05142602950502775 0.08268773067932482 0.0014379608199160396 -0.07652521298303908 -0.1536081097541757
-0.05093149928189733 -0.3307893197527429 -0.7025991754301514 0.08039351226867221 0.4381657133133277 -0.07022589406350227 -0.15955473402200734 0.10165253343574049 -0.032240429699068505 -0.1483622820791048 0.0541905216750645 0.0888798527089165 -0.035609923294403954 -0.2660501189735577 0.10591795430086254 0.12805429830247292 0.02800657213198226 0.05359110162943311 -0.0017897535402092125 -0.04710811333438801 -0.12542255555277804
-0.04410236410828619 -0.3174928059962337 -0.6574615143197278 0.10202634235282833 0.4688833154588943 -0.08061524932773886 -0.21016561753296362 0.07545722204039883 -0.04400164337606112 -0.10528316236368922 0.023939601607942337 0.10288159256276433 -0.032890908512478424 -0.27958503831853904 0.09689065213620719 0.12115651435119598 0.018981575716161693 0.10024806510347943 -0.019000505450465437 -0.09035222626493931 -0.1787324311540209
-0.0556079468913271 -0.3410117411807462 -0.6800268935170656 0.08920111905224681 0.4561829119329142 -0.05464098622713519 -0.16396546543609405 0.09450258524852839 -0.04726843550437106 -0.14111340269507242 0.029235329239549437 0.09887470855110085 0.01408951991130559 -0.27526830923366924 0.08143623413392202 0.09897697348582431 0.04447156124107052 0.07297608291029789 -0.03173501174200907 -0.05613551402934104 -0.1633469641871822
-0.07381746543665 -0.312331529567154 -0.68766680242637 0.08445789909764524 0.45818093812383737 -0.04306740502144485 -0.16133354630552027 0.06463007285604583 -0.08499121042073605 -0.1446079323338143 0.040094545174781906 0.08686777688031999 -0.015487258667904744 -0.2741922282660614 0.10479349655435213 0.11861243343328934 0.04896037599496992 0.07549736602695664 -0.029228843466043628 -0.07462718571816167 -0.15069910796994093
-0.04115952817142769 -0.37106674754073904 -0.6766925418482372 0.09613021228752955 0.4507597069883306 -0.10106443969092745 -0.1806028494725199 0.05515472880911696 -0.031124232957557767 -0.1315504436085798 0.013455525467720239 0.06631224133762109 -0.010958861372111321 -0.25878206591533115 0.101524795708726 0.09931105612177663 0.053058448394413885 0.08348405413240614 0.008952004211702813 -0.09164003095822101 -0.12661016801877828
-0.04931857383459444 -0.38391869069794965 -0.6580227297239544 0.09377519251290267 0.4427437576296507 -0.06523579771359696 -0.19501343895517706 0.07130179148898118 -0.02446776387123903 -0.13558106487042396 0.04736181779913732 0.08082102312470607 -0.030046808257201747 -0.26687292165706816 0.09735472922593279 0.12405664601914032 0.011760459811206093 0.0791539242544337 0.018917316367376327 -0.07438901130303036 -0.1671861437668564
-0.07391037408967305 -0.3717295149232988 -0.6509978942230034 0.08889766336871352 0.4358516943320789 -0.040247103347242824 -0.16573413944714363 0.10522747047831026 -0.0429533772308416 -0.13725498926303695 0.03852719681129906 0.052385291311844745 -0.010270021559421435 -0.28530331830164507 0.11762484868527011 0.1111565654882492 0.035004365630620954 0.11303185804239183 0.018423582107083367 -0.13732243023871316 -0.16947123720797946
-0.075991213059714 -0.37758715007713073 -0.6688595866727188 0.07328806330806509 0.4344888891048084 -0.04661981200927909 -0.1720384384472982 0.0620085133537791 -0.042401687593028765 -0.10446415659555006 0.05427724334255792 0.08456630287038154 -0.01176158538407812 -0.2873468802244431 0.08625213780014175 0.0982172947968221 0.0593358200806671 0.07518756467531024 0.002224175104507764 -0.125460730442173 -0.16429450756391653
-0.06843230137598931 -0.35778043105931584 -0.68180075145827 0.103339878435185 0.41217537238302276 -0.06035243718601289 -0.19614775252148767 0.0768923003469566 -0.04348945761017831 -0.11317976231871392 0.0383290467823282 0.08626011292915685 -0.02892337104324437 -0.299864263449742 0.0952485500732939 0.13124819106346358 0.05418427744472203 0.08252944428617018 0.001758192729681526 -0.07524655407937211 -0.13335989151315056
-0.06557058339456694 -0.3619844801627898 -0.6787709163993282 0.09795858048230277 0.43438338214739897 -0.05078628085388276 -0.15260611632452747 0.08561853190559661 -0.026313435971710736 -0.1338049034558737 0.04823369827808937 0.0863169181687088 -0.004930266201897487 -0.2788915703902929 0.09538541475718214 0.0961701779326376 0.05681094833560448 0.06510716280005173 0.009857715943339678 -0.0781478091554664 -0.1850911646673381
-0.06490978901596894 -0.37151400701673676 -0.6593305866029697 0.10740185789157568 0.4294745083230044 -0.059021111819610464 -0.19054515228859126 0.0986635065692698 -0.03568908483429634 -0.14086264004029908 0.028391000553654257 0.08894963634546488 -0.035298672702099375 -0.2725501572933529 0.08947762718404106 0.11669305207776638 0.05795842003722582 0.10196866799633504 -0.0035550958285423366 -0.11491289219798104 -0.1535471070323712
-0.05536735641717568 -0.37230809411472937 -0.6677995553903964 0.06648264584653243 0.4166327669838572 -0.05199156471211526 -0.17407063714296453 0.0930386244573541 -0.06612614180717956 -0.11997956275212106 0.03955049943824786 0.09597344165994444 -0.019981022607347562 -0.3050853350231965 0.12707036095049956 0.10610131238662374 0.021189595870608997 0.06805402026068487 -0.016532201005596898 -0.09897761339085885 -0.16470697896216044
-0.0606747417421594 -0.323992928851297 -0.6720834938940224 0.07048967392962595 0.43088660778186666 -0.040769785534009714 -0.18478844399982688 0.0896246132309013 -0.043880442699560554 -0.14244216129881823 0.06434572015029989 0.071756311954945 -0.04483393226709226 -0.31747850421498425 0.11147320974252123 0.12751278835817903 0.049463308136975595 0.07595567213220708 0.00039644761131281685 -0.11572624782566637 -0.1434422510793778
-0.06707934987724469 -0.35404077759314956 -0.6612599459415851 0.11859797499487466 0.42612339164661933 -0.060882088311017435 -0.20072504895098836 0.11010791247142898 -0.041333936367542234 -0.14094611876500274 0.034365393923908916 0.07101283967370958 -0.04890873694057797 -0.2805406542330585 0.11345323214393177 0.1360876852565116 0.012889869318825027 0.09673804481212708 0.014999173864041253 -0.1085431254639465 -0.13895148313766173
-0.05653151610434836 -0.35244903872936145 -0.6804729696518149 0.10803085879369478 0.42949250340902556 -0.07891031877711832 -0.15412830203255037 0.07809016021715263 -0.02034116243794077 -0.14732716854674932 0.0363950041700073 0.08107306155264264 -0.021331009303024034 -0.2908116108138821 0.14676766470416083 0.07353374606072187 0.021427660253726315 0.07625643423807275 -0.01047588074774887 -0.10596402873302718 -0.13312517147292624
-0.01134315706837005 -0.3416464685070266 -0.681916415923798 0.08491362864252364 0.4309601131220776 -0.08216508098278266 -0.19959261582392523 0.10631908667511286 -0.03953035297927914 -0.13184447937076946 0.023372764277357388 0.07975775760066259 -0.013349008593351681 -0.26513042683969107 0.10371375691732168 0.13759051039322343 0.014504379691868678 0.06707318617705507 0.024992464171825657 -0.05988881019867483 -0.17993417034790815
-0.059796470838705276 -0.3468380160037332 -0.672693120390629 0.10100342967020425 0.42238621936735765 -0.057526766383500474 -0.19816946540114264 0.08972143371121893 -0.028552655452745223 -0.1325074573715753 0.020931190538362166 0.08401859211623242 -0.044562507708354925 -0.3019674784333436 0.12659847952061873 0.09664858376155315 0.027817931765655217 0.0999316521508107 -0.017832731581316364 -0.07276677471113926 -0.15358165832772624
-0.07709330983846895 -0.3281831809080026 -0.6718662440051143 0.07958303505416775 0.46516769048938295 -0.05963996692999135 -0.19037335995922594 0.07042706059038815 -0.020693486581595314 -0.11533764937018892 0.031440990147423714 0.07160759486579109 -0.042183604643348555 -0.25032740278900556 0.10809276771902988 0.11847796322666151 0.03356846704982862 0.08680854169907731 -0.01995088128035282 -0.10737450194581664 -0.19202452005084408
-0.040524061502816434 -0.34008519875613685 -0.6777713044766213 0.0953101399424581 0.4498656300890007 -0.056220746075933886 -0.16779272601486245 0.07129728539593319 -0.07678543585830401 -0.1302733990358009 0.037147828715703726 0.07826932361559784 -0.04306773811742038 -0.24719331264588112 0.10376328886786863 0.12926335617280918 0.0458902237634466 0.07503044693669796 0.02638490286872952 -0.10938406880675783 -0.1850929699633074
-0.04544745310154132 -0.36832735252940696 -0.6515150981809877 0.09835016147284581 0.44594295728085825 -0.06944754002801998 -0.18434023842159647 0.08176938052864309 -0.02424224571401463 -0.13171746592878741 0.03288268648647099 0.06088638212614449 -0.030442443669381498 -0.3041776074818995 0.14060517791443655 0.09572429501038007 0.04534941063012069 0.10495322808754287 0.009317431958842558 -0.08499897951378953 -0.13519049460796834
-0.08019269316900202 -0.33233733705201374 -0.6938074062893773 0.08808183588996636 0.4267049365065499 -0.056945438755936606 -0.17140894231394813 0.09204585779355384 -0.047963972290358536 -0.09416436501780424 0.03830037543363941 0.09081584122201622 -0.05778401508130398 -0.2933037484112677 0.11301715816664636 0.11920173351704338 0.019859118416680973 0.053542311343832936 0.013884074554293297 -0.09197472495523078 -0.1472322940439443
-0.06087556634051277 -0.33429260949059175 -0.6753578140722303 0.08679969945492867 0.44260040282084384 -0.06499989024638061 -0.16340167410835227 0.09824996554099555 -0.035375488727087775 -0.13519594039350083 0.049541543361348354 0.08673739878301384 -0.029971785420261476 -0.297303158737513 0.10306263021802484 0.11155520204496669 0.0538745678529414 0.08739299569561387 -0.00395346061411061 -0.09355789800618342 -0.15250317519990003
-0.08378379405701994 -0.3712720169104017 -0.6511132897141961 0.09492420322413879 0.4493183551067379 -0.05728869600700594 -0.15941619495138204 0.09886765594105783 -0.06440031494586526 -0.13949337098984413 0.021348771267899212 0.08851724538629252 -0.012901518176568752 -0.30322319388596675 0.1028919280271887 0.09224682185425934 0.022312552997675046 0.09434358291910995 0.009872873849921077 -0.08754226720414719 -0.14682435826581164
-0.07918707368018979 -0.3625046768944108 -0.6425580436879977 0.06874261584415216 0.46800568898755557 -0.061553296216026676 -0.1938605433470264 0.09785647047652025 -0.05664160228953922 -0.13694833621370003 0.040711211954733775 0.09040827118278562 -0.020112319352931927 -0.2855383252939031 0.089694093003989 0.11233851282251633 0.014856000357137016 0.06816222703213552 -0.006595757518180899 -0.08777170522036162 -0.16651574343433115
-0.06518608427451768 -0.3684226800109808 -0.6609771924409884 0.08807769702080902 0.45840311031607783 -0.07056075674719459 -0.17219044534049274 0.07259167933308261 -0.02123390682006016 -0.11649525318505102 0.04397781851901342 0.07276572859553121 -0.05449612014229346 -0.2529248438251326 0.11391188412643183 0.12187323663317641 0.008299367072381308 0.10649867993376344 0.018727213738723728 -0.1066857319837008 -0.1617761063027941
-0.07843102067969702 -0.329552550777382 -0.6720811197385077 0.08275866482225994 0.4593100936869735 -0.07292356956137973 -0.1901358599747129 0.07043569125731859 -0.030735152428498703 -0.15722771865581078 0.06341540641116153 0.05746403457292356 -0.012323847689827262 -0.2699016442912755 0.11767799327799973 0.09995082965611234 0.06393336847270861 0.061770735243042135 0.004035161301088428 -0.09223413657077127 -0.15183154126559173
-0.06873169257889994 -0.3593886007098109 -0.6699054037053292 0.06336339356154251 0.43747263389061025 -0.08484086112288 -0.18567027452490775 0.08506411862521142 -0.03231122275158224 -0.14801296972740804 0.03540253767995404 0.08005596145796962 0.005523903565453679 -0.2736737192982173 0.11031934244507229 0.11128204026164835 0.020904570067598473 0.06760594777886214 -0.005268696363789309 -0.09375895677479083 -0.17063382152285161
-0.05622736614831911 -0.3674723347150968 -0.6579038732699498 0.06743922829477872 0.4465434324139896 -0.05377202376062117 -0.1637161885822368 0.07123410904152751 -0.03963070968947474 -0.1444791864373054 0.04663262275240796 0.09138336465976878 -0.013709793981119276 -0.30147084061300455 0.08283067861250419 0.11024604262023655 0.007210917414770719 0.11012762606875394 -0.0067051865236962905 -0.09658056012832744 -0.1601134350034138
-0.05633726585756588 -0.3661477795542484 -0.6444029085924873 0.08573489868573454 0.4497114040702608 -0.07553294287615167 -0.2106575257879141 0.08461461168997236 -0.02687103844815898 -0.1161729244626166 0.03344870894805993 0.06977260727752753 -0.020830387490276124 -0.2920283083999424 0.09319677729244799 0.11394835527273867 0.06436967603595767 0.07943067483212311 0.003973693733914013 -0.09883942717786261 -0.1812382070428495
-0.06830231928290793 -0.3432306815934312 -0.6773824137895718 0.10232782794797719 0.46071740468874955 -0.08078645536983925 -0.13081573477851996 0.0940736050340953 -0.041440676559219077 -0.12169068878373891 0.0352742612461645 0.08110972001937708 -0.04934750911689966 -0.2708940342521227 0.10771961254647679 0.10326706277075172 0.012916806318399773 0.08437605297149196 0.022581270060209383 -0.10430035694557867 -0.1494991166531915
-0.06615623477016064 -0.3124941769814079 -0.6526783635603558 0.08104175957719352 0.4765004132969647 -0.10300441841378219 -0.20913274346769886 0.08559605610913985 -0.021240214448486356 -0.12196517278356944 -0.002266402870574654 0.08830520260679715 -0.03642942615630302 -0.2852660978656217 0.11468931044483395 0.12118432829112549 0.034821251418108004 0.11300449409198389 -0.006096449271991464 -0.08193944098945742 -0.1492705167692897
-0.08986634691239705 -0.3174282670209744 -0.6731463356657864 0.11786309300276213 0.4439371730868836 -0.07882785033433727 -0.19030121129674732 0.0628444083907141 -0.03169569711419052 -0.13763591522439497 -0.0020686053022643635 0.08014645051256111 -0.016181956595602644 -0.2949955341166551 0.09913495903928289 0.11942155535925944 0.06294643882557997 0.08945927742154826 -0.014473801447699098 -0.06790376647272489 -0.16171743862783725
-0.06550532711307608 -0.36219661296988187 -0.6681225387985434 0.10335854090970123 0.44226998265052275 -0.04862746248994091 -0.18522204608277326 0.10506366252816259 -0.006872435596532866 -0.15315182364237406 0.024289579512374305 0.06451527375451492 -0.035753668786569937 -0.2727057387980745 0.1054554881974718 0.08073780239078858 0.04788288397814488 0.0973192226767131 0.005692584668810925 -0.105160254430491 -0.1405098008058124
-0.06794020346003508 -0.32618693524801123 -0.6734244821898387 0.06716924415241064 0.4298276966083587 -0.06342069440794673 -0.1769287019434106 0.09565437548387966 -0.02360597724434194 -0.12201676654771783 0.04275331148377957 0.08163502994862877 -0.04142229619745436 -0.3065180474160479 0.10818415155825338 0.13360186368452784 0.046569333306110315 0.10646124367249502 -0.012770772560671833 -0.10770584964212503 -0.16528830967463953
-0.06400893713102827 -0.3220344937240486 -0.6665734806021097 0.10249556455049721 0.4591823919613724 -0.07524606190574475 -0.18379006233095196 0.10374194308625709 -0.03929966637421752 -0.1452440408300245 0.055871708582997004 0.06740094721834056 -0.03771342024637544 -0.2881237119760924 0.09697471593528577 0.11974121398528932 0.04184782921578587 0.09098230574147341 -0.004663388604655571 -0.04679306250312948 -0.1599833106034988
-0.050057318596728156 -0.36793162242846644 -0.6668419011522427 0.10394413268722072 0.43803821989267105 -0.07330123606692075 -0.1812452571998217 0.0872998478998656 0.0021960863553322912 -0.1193029492288213 0.051115061571088534 0.05882712628134175 -0.030871975446401485 -0.28700334120652005 0.11488353891152461 0.08340688731813324 0.033725770842043895 0.10413631766082064 0.006082323063263808 -0.08177456250457617 -0.1625429737920265
-0.07024035921621956 -0.326150960694463 -0.663402992107321 0.05885915326471108 0.43121019362034596 -0.06513108779150323 -0.18376748434521217 0.0992921327576313 -0.013630253311991436 -0.1369661906577268 0.014295772295215203 0.0884687102248989 -0.02484792279329029 -0.32276551172828283 0.1076246396930703 0.10332853901464312 0.04688738011410404 0.09360740247120292 0.00496885802382843 -0.12347076413456977 -0.17620518747585162
-0.045285120323770994 -0.3100451724131296 -0.668337283895193 0.07362213994236746 0.45504563802083464 -0.05635212767117247 -0.17068194681115664 0.09906023934007692 -0.05893925912193624 -0.139003438862926 0.04866543129707238 0.10259975004718973 -0.03534342558204302 -0.30433142407137537 0.11400880261421174 0.12172005072738999 0.01792792953570332 0.06476419613009231 -0.0013333977830960234 -0.09104380515519693 -0.1742441128280492
-0.052544121849573557 -0.3772248882888547 -0.6563361011313334 0.06301030163427694 0.45114649367566245 -0.06492563985726303 -0.18893269959344108 0.06830548833965655 -0.04258613780973818 -0.14645219204643542 0.025173664594404354 0.060545802828920345 -0.02121519978680248 -0.2693927287165133 0.11384797245949195 0.10867351620841728 0.024088353235635022 0.07932965570852024 0.006934493594950341 -0.09407163867165644 -0.1759467682869977
-0.07902156150488124 -0.3458466208792064 -0.6584332931199349 0.09048313395174128 0.46356680937254824 -0.08658753073447165 -0.19060293909981843 0.10990834068045471 -0.00928904663501692 -0.11939656209393547 0.03314584826879482 0.07766959292372519 -0.024493022088641316 -0.28195599332493215 0.12054537803056777 0.09528090051063447 0.05804708469641161 0.05578926134834332 0.0002056715166972825 -0.10702270036866822 -0.13603537926741102
-0.05552191848649923 -0.3877835823179232 -0.6399812398089585 0.06685376682990239 0.4432107679582936 -0.05720548107673911 -0.20016962459782203 0.07928510138238197 -0.014628634528351406 -0.11656659821889027 0.0581641224778545 0.0637764604351157 -0.03806830582939158 -0.30580263988357426 0.12302085831114265 0.09810522181734366 0.0244679471587316 0.07513193829277172 0.010611980425089469 -0.11222093404085173 -0.1628140363244269
-0.06897400467335568 -0.3425349294333065 -0.6625657314750615 0.07162708528691213 0.4520069787107573 -0.07914527732807446 -0.1892239924734288 0.0968473108291225 -0.060843481395695856 -0.11986243948622917 0.036921497549302566 0.09150079129700842 -0.03570546823849176 -0.28549778458207725 0.110556043226429 0.10095252849075295 0.0237981416709881 0.08311155952410242 -0.03339313551293843 -0.08592566465896372 -0.17045400979009162
-0.07399874519413031 -0.3640750788662375 -0.6633984849648359 0.08980628743904683 0.4541774648106843 -0.08521628968724963 -0.19320447966321463 0.10356914997525703 -0.03566963403022756 -0.1461249364677723 0.026286903092032035 0.06726640394684508 -0.003960327598556817 -0.2643623339458464 0.07258731533947292 0.08739608291310762 0.04199237247313867 0.08867310594050144 -0.001959459796250742 -0.0533422115345017 -0.17056100498360333
-0.09952650315174262 -0.3410700311464014 -0.6563894606167738 0.07374384501718823 0.42986383292991 -0.07901060323832981 -0.20473057166298259 0.11647846463942763 -0.035041547579085716 -0.15021393820812715 0.030989663020947168 0.0920573030354953 -0.03861134116591361 -0.28224749396353827 0.11352137897260613 0.11581183619813594 0.023977003740492733 0.09901536074635889 0.009651090507455284 -0.07977757348444103 -0.18290829739252773
-0.09779530121089973 -0.3825434974574659 -0.6700007554381477 0.0931874491639759 0.42518934390388613 -0.057182258460731224 -0.15872388039597743 0.09601994486196799 -0.03770855796615362 -0.11627913692778276 0.0394444942860027 0.07275101284219822 -0.043353387316418385 -0.2828875972805648 0.09432739574671838 0.0763151672980924 0.0824515824316813 0.09896228621499896 0.013501443624714872 -0.09768390157879153 -0.15267153095680824
-0.03528577024036154 -0.3787810738213329 -0.6721924655444235 0.04946126942754313 0.45158290801374884 -0.05916186701446199 -0.15604398659688315 0.08583710793760428 -0.026857134762469197 -0.13901411748274836 0.005796782205560371 0.07064820555008401 -0.01752600141731361 -0.25853919106776196 0.10456335823622868 0.09722512618907846 0.027638611854219147 0.10811748778855887 0.009669178706878537 -0.09126938010158359 -0.16840999492919423
-0.04957182159439802 -0.34275600951081286 -0.6654963936616464 0.09197356548270069 0.4542690891129668 -0.06336451365355321 -0.17937175809939898 0.08903799529588484 -0.03570820070116495 -0.1329813215248706 0.03178503286795355 0.060302561840606596 -0.04265799184017865 -0.29452039086339526 0.0850126819775637 0.12089336126034933 0.043459065410077914 0.07171384693410073 0.0012390053125013814 -0.0904490593460234 -0.17033687907729653
-0.05191448043468223 -0.357350427150086 -0.684192436959072 0.1036282573120408 0.4384160980824133 -0.052514139255378636 -0.1884930470638195 0.07233730479183921 -0.031056327093448476 -0.13175892386349533 0.0028539466433651706 0.07703815045599466 -0.01587914696524465 -0.27173024606808616 0.10199316083145947 0.09471531455848693 0.030412617746194165 0.0798937325840862 0.003561177050215423 -0.0923848753151777 -0.14639721442109907
-0.07973717024563208 -0.354423197928139 -0.6515229531973261 0.0880808645115634 0.4741328216031463 -0.06566860262134261 -0.18356436639314483 0.08057575055809425 -0.04246212758206779 -0.10696900330757503 0.033778578944091926 0.08401694543923147 -0.030061663638352935 -0.2753728256288159 0.113436311687913 0.13458648130067197 -0.0031822605338250563 0.0787979688943782 -0.016228456167099115 -0.07732179247110688 -0.15767509040598673
-0.04632495182158327 -0.34882557154628485 -0.6684216267245183 0.10230885734687936 0.44371057900077554 -0.029921814787945387 -0.2158695633921275 0.07425394427632721 -0.025245303615629898 -0.14392526081423643 0.03556626891145072 0.08625205226391823 -0.031699911859962675 -0.2640938585912532 0.10311696542636974 0.11964758307228222 0.020561305009042113 0.0997063244593053 -0.013742522149658489 -0.08680351015759023 -0.15871145689691873
-0.08279584919910142 -0.3586319261510534 -0.6462286175371279 0.09852551157203407 0.4754966065604626 -0.05613364961153866 -0.17235443031546124 0.07390130854461746 -0.028322968476856 -0.1276352241646364 0.04546645895365067 0.06435860384312139 -0.02854309422663363 -0.291784906553311 0.10212710872482733 0.12114194886834101 0.047909361586684185 0.06043166111927301 0.009457541525370074 -0.07335089193825163 -0.16436576586382456
-0.06852326107024079 -0.31552768964960726 -0.6624240009815284 0.08148280429300446 0.4500111539566698 -0.08287765749538964 -0.1725887458300054 0.09563547365850276 -0.022394700134161834 -0.1485020627634909 0.03982335277253828 0.08262013153571442 -0.005181656610414091 -0.31032916382794584 0.1200796447742999 0.1223304903942163 0.05737804829547316 0.06091193004499399 -0.0250799268691062 -0.07207385924750569 -0.18022941950507274
-0.07786701623287354 -0.34815307442494076 -0.6778488991289788 0.06453950947318346 0.44273794807882155 -0.0727003090681791 -0.18374713531435716 0.057761065447831876 -0.016865918900672152 -0.1556880618310483 0.01869186134088564 0.06781910295861505 -0.016020094494805473 -0.28536810333280455 0.08348950045356004 0.1282971887155087 0.03786658770183846 0.06132812024523925 0.012977902288546802 -0.06787748225457547 -0.16160137215140918
-0.037617992795252 -0.35272702518617444 -0.671411148432696 0.10548429537035069 0.43745301451438684 -0.08449688386492078 -0.15687623847990667 0.08116007543649043 -0.011846522709167166 -0.13312522519268888 0.02346545764903367 0.09365868710320599 -0.05160328392845734 -0.27629526345657507 0.12145947252218461 0.1301824366815273 0.00688222454831812 0.09384345387469709 -0.030695245766238957 -0.09355129679794774 -0.16159085128741657
-0.03726642858146396 -0.3216586973510237 -0.697511789029931 0.07505853554225142 0.4406962331473149 -0.06677060310514048 -0.1907941437852387 0.06254252774955911 -0.015338864835281265 -0.10354510922925254 0.05251559075962413 0.07583030328263256 -0.028468681370491765 -0.28106727201069565 0.12534047722069305 0.11639521922858122 0.0028456531069207852 0.06132758845754271 -0.021459359677064378 -0.07461430664637969 -0.16023619404665168
-0.07245960730661372 -0.3637356081696485 -0.6605137881713321 0.10061162744337274 0.4530721473598984 -0.10340171973031138 -0.1854357731009158 0.09320999413558309 -0.016284181648276053 -0.15981689721043998 0.018479046996253187 0.07692467292289584 -0.017125817683160346 -0.25261218901142785 0.10197964024722075 0.11454683825155952 0.042905480758897524 0.0895244683828223 -0.005202888650463022 -0.07840410814258893 -0.14588254155695743
-0.07480637135291231 -0.34401317826992733 -0.6531433511994814 0.11299090950854454 0.4408687950699235 -0.05349904623539829 -0.19460829646690803 0.08456906590796083 -0.018434268027624188 -0.12353133914851104 0.029660650405814212 0.08427450345158329 -0.06288309054038663 -0.3117056763299197 0.12549251680928614 0.13691737066641013 0.014869152013707377 0.09344763013141345 -3.293600429764165e-05 -0.08266000540733953 -0.13952261436085917
-0.08063456798466094 -0.3565207542697148 -0.6383007150465997 0.0934234716958504 0.4655313656974139 -0.06482424651924883 -0.17921102558361118 0.09393754722386065 -0.045781005733090394 -0.14762676372745842 0.03176454023709072 0.08782265164776376 -0.02473050834375308 -0.2923841093633624 0.1017637730099835 0.11145640478053702 0.037969229794005965 0.0919734083395177 -0.03048486492707542 -0.07850558024034178 -0.1728864655617048
-0.0667755425698934 -0.36099195514061344 -0.66999978891101 0.10310660984699971 0.44776032458015025 -0.06651757688942282 -0.16304150698952652 0.08686356856671396 -0.04090848814637069 -0.11200721481223706 0.03006413033093168 0.08081382398195451 -0.039750935925365764 -0.29332596708947983 0.089125545393665 0.11829469011720921 0.032637025050902005 0.07367631178274109 -0.0038252616706203 -0.08394505135058451 -0.14794443071669497
-0.05833552909609099 -0.3377659517041468 -0.6748685809808783 0.1101930075655788 0.4526263406155076 -0.06597486985041089 -0.18728058270593845 0.0909305108167786 -0.06506361716540658 -0.15307549093200698 0.01354479302838056 0.08102672698124538 -0.03346249171677503 -0.24852775548398556 0.11101645624197183 0.10691547807450086 0.054409399261054966 0.07221959309653311 -0.018052471681459386 -0.09569413193528492 -0.1537547579363954
-0.06943369321836963 -0.32926642435993464 -0.6913127949540301 0.055344044180662064 0.4417163210462601 -0.07112219455166162 -0.1477507171819631 0.04517985730385517 -0.02360326770322606 -0.12703598448141698 0.015808976974559786 0.08021783160832656 -0.03160683701706969 -0.2947557783036672 0.10375328329512117 0.11488817127742798 0.05185913903049195 0.10938850408675761 0.004239883712433339 -0.08894329536150959 -0.15470906080975297
-0.042586794512452265 -0.35184012210422727 -0.6711218495411679 0.08737701569247515 0.4429560854735725 -0.03984393915859542 -0.1605864650895588 0.07923172164456398 -0.027001206441137345 -0.11127576327660937 0.018552337931858464 0.08149654895917713 -0.04765134659838277 -0.30520187655540404 0.09169834091643231 0.12427451843391761 0.034625153764925684 0.08369934854370994 0.027992946101299807 -0.12759471183840887 -0.14783432928652288
-0.036780285537056014 -0.3489477820271313 -0.6887629025585417 0.0685546757936513 0.435617084436803 -0.018017499377249162 -0.17860677646810158 0.09816883452951437 -0.026671474443634782 -0.14945794086172706 0.017611298068396668 0.08611046101302434 -0.0006002153418202994 -0.27550623129827945 0.08260182451524516 0.0929373350056971 0.05527178707892855 0.0848965332630016 -0.009670047244887759 -0.12206595476699952 -0.1370019562305826
-0.05536082859167848 -0.33851332613502266 -0.667103837836366 0.09362500135010161 0.43908123296928825 -0.05896826137307858 -0.1857892492390535 0.08245374756824297 -0.00938947487587824 -0.14591299424277498 0.05600048362404673 0.05918621309497081 -0.007317735365158067 -0.29813110818043054 0.08338769707729758 0.12756865138251536 0.078266061566414 0.08627604980635635 0.006100310238461578 -0.06651948138453204 -0.18097760777410424
-0.04870898772741419 -0.3654377351604291 -0.6663562277621817 0.07615252448825857 0.43267845302742036 -0.04366835004737524 -0.14905299768542224 0.07848580555978381 -0.033987599238351276 -0.15737484925905687 0.043945584181795845 0.06936628181445942 -0.024924950141017463 -0.2944410661322282 0.12132428115889318 0.13351088405938893 0.07561572712075511 0.06860562207840826 -0.009650292390251287 -0.0864728214484082 -0.1619781055529988
-0.05823577172198083 -0.3491284191809573 -0.6651686372348676 0.09203512742438988 0.4392606693849615 -0.05929771850856676 -0.18671209842064196 0.0791358439223813 -0.0012679516033817831 -0.13254211659539183 0.027221916526261325 0.07234851428655181 -0.04576987192819436 -0.29918867936887156 0.09875783441678376 0.13700225499179403 0.04152990308431165 0.091761322021326 0.015662359026260255 -0.05888823995153426 -0.16933479803708948
-0.0768827169483412 -0.33574299099167726 -0.6552480394484441 0.09340857189433761 0.476503104098548 -0.061333468696789 -0.16813105948693619 0.062022533233321964 -0.03856846953575328 -0.13924595907121895 0.025716969254485005 0.0659993320307778 -0.03225946718229971 -0.29353657366030494 0.1141868079049653 0.1079494569724692 0.04086426183355575 0.07243135711796082 -0.00012733590221613108 -0.0934364135938859 -0.16407856043713076
-0.06362023899092997 -0.3773615340958866 -0.645719485014853 0.10529672882172605 0.4579601243910988 -0.06399846380901869 -0.19887594923196045 0.09320365372311892 -0.02403111839046912 -0.10641270292218193 0.022826017425222632 0.07083571598717295 -0.06945159939363324 -0.28285860387565154 0.10469984398963496 0.10722809641661322 0.036945462898825145 0.08954316940686256 0.0464299150800592 -0.07108831038119787 -0.14873899531935741
-0.0848081303641327 -0.38344502013662857 -0.6442976055961883 0.08266282280976603 0.4375141671912021 -0.0778896255672749 -0.1820783692550302 0.07724058719797175 -0.020084549948293205 -0.0998755211778085 0.0353887918664363 0.08870578256473163 -0.05529229733303656 -0.29814254606949236 0.10620178081980397 0.15273071045454673 0.026358899603928055 0.04765572362044151 -0.005187650898050463 -0.10111605968620907 -0.16718954912085018
-0.073827040263363 -0.36100305832392354 -0.6770259947570139 0.0814005668433186 0.4439237179441449 -0.046496254895274015 -0.1736949933043579 0.0955569369088413 -0.02222353739150657 -0.11652351429654748 0.021175685751389877 0.07578674945664711 -0.0316001803660835 -0.28161319714360217 0.07635883909071861 0.09416673520665768 0.05715272965763995 0.08647729468792602 0.0010683908919215833 -0.09661963179805526 -0.1592398941313617
-0.07110444486053961 -0.35085700221883653 -0.6632154317114466 0.07547514610896999 0.46288088159432905 -0.05058917342808917 -0.1700730179027429 0.07475541962950791 -0.03874555470124848 -0.10450654753397245 0.02108135285436601 0.08954246245596724 -0.04947477589898748 -0.2992070049275574 0.09938119481493923 0.12458631889923882 0.040172174695783935 0.0909376407054826 -0.01487624349290842 -0.0756223743755724 -0.1445045377829636
-0.0553944556564636 -0.32478722573567137 -0.6593290056964911 0.08865438347473811 0.46839631323909114 -0.03746657281590661 -0.20835446659684415 0.07333194934126422 -0.007502020613805701 -0.1385692669580778 0.032007165849861866 0.0697241592988531 -0.04581909033795814 -0.29801160554374206 0.08495660739086935 0.10399010665399609 0.01785070859514716 0.08403704439528743 0.012974820597194762 -0.07886778040525143 -0.17727805262506194
-0.07898433781861963 -0.3853747707228735 -0.6647989932857763 0.08740861672017693 0.43336216744534073 -0.07563873897792449 -0.1828243308019844 0.09994898494810579 -0.03004063210629595 -0.1100267790622683 0.028539976222591527 0.08050974287391127 -0.04606694417829882 -0.26822804038739356 0.10975602746686042 0.1048616482353055 0.013457949600507625 0.10247864348826759 0.02176178126263018 -0.08664677844491792 -0.15043791280373608
-0.05889661323948997 -0.32796850044191395 -0.6889008256090959 0.07554278137672518 0.43636279856121385 -0.0784012531994119 -0.16896999274221314 0.07168829694327712 -0.03371930153890374 -0.1291995089354315 0.04027832115285033 0.08806787667281409 -0.03183451278287959 -0.2763030854544761 0.12100940796016199 0.11155582452744427 0.02297522398255858 0.07175912468620055 -0.0025812496973393537 -0.06329362386443411 -0.19257436595540897
-0.05846205433987575 -0.3617736979936694 -0.6766031925280022 0.09067982104182182 0.43229336282990166 -0.09823193776042645 -0.18502479882811723 0.06857397960039077 -0.038116417831670725 -0.12790671307237622 0.00021006868759223317 0.07506837970885026 -0.02173926543949437 -0.27027666926525823 0.1074526203814528 0.08884813262773085 0.06309336777256719 0.08305924964363212 0.002390845241668579 -0.0580513735641811 -0.18318821798111715
-0.06593033185335904 -0.34362680829646625 -0.6572699984815261 0.11227605130521964 0.4473720846759262 -0.09952752761656036 -0.20557588990121428 0.0692544260080238 -0.029394795746273742 -0.1423283082760031 0.04261306001535051 0.09090432962398397 -0.017445017252444753 -0.2871557227416451 0.11383711483328447 0.11133987764121218 0.03945859971273736 0.05815977395636223 -0.03029370141427712 -0.08352725241916298 -0.15396686530249148
-0.07653550248799462 -0.3398915891397138 -0.6762244972556838 0.0977549446385038 0.44226292716081866 -0.06867752792353078 -0.16640165813173 0.10431415115816353 -0.024334423875789567 -0.1356282798889227 0.053809373433189 0.07622397779596932 -0.06738860623672378 -0.2796536024180943 0.1320357065162674 0.11169917956901333 0.009252468310743384 0.05809677956474334 0.015439075622984806 -0.08028551444610743 -0.149670184563035
-0.053022427859201485 -0.3461179087755235 -0.6669200616740983 0.10104897034861444 0.4560519034414012 -0.04922642692615344 -0.18281222420971743 0.10276673717801414 -0.054383561177631864 -0.12132405885218649 0.046072403087390405 0.0737626195930687 -0.025362787170020593 -0.2748866275365795 0.11309589622492738 0.12474598556324265 0.04415115473045691 0.07314286257520256 0.001052770199158882 -0.07990036374127588 -0.15660977210304824
-0.09484191973320148 -0.3503864672333981 -0.6574935761599239 0.08654486911433638 0.4616595238677906 -0.04342665434256458 -0.18513072830390767 0.08154482918056993 -0.03235569646142771 -0.12984724777053866 0.0026293333080605118 0.08574427459608297 -0.012039081526001038 -0.2946862230250696 0.10487639571907934 0.1142841547463396 0.03741595615600903 0.09894969980424587 0.0020350265772047693 -0.08169701874552508 -0.13537950693392198
-0.06680185811860317 -0.3463046532108088 -0.670621002503317 0.09713969982598782 0.4489117257010711 -0.058834456954690514 -0.18696988165261844 0.07815508726236414 -0.060009341627648226 -0.11445340548165399 0.02626714693102391 0.10627532196892042 0.007649288776593564 -0.27426024203102134 0.10928146213940049 0.10170401354781891 0.04442514168778139 0.061440179591314543 -0.014193760154837332 -0.08779834843660032 -0.17460187667218818
-0.07173792787132512 -0.3782424584220475 -0.6659429537620215 0.08578285541551202 0.4513724433544147 -0.04843651318402987 -0.17332837658459593 0.07058783346248206 0.0026350005243369608 -0.12278281391787638 0.054479747748882056 0.05206893560787008 -0.039229079033292896 -0.2731401941118449 0.08619648763288297 0.11922905616965464 0.03102401595849401 0.08217600855243301 0.023200149154056073 -0.08570250565396366 -0.1602773504881057
-0.05218865026132215 -0.3996340153245156 -0.6476319252899831 0.0807976310844935 0.45065360991555303 -0.04357678965848404 -0.18704060615915155 0.06357714806046884 -0.06695853273340208 -0.1253757118231455 0.02669072484902653 0.0805294300542039 -0.028269037671863506 -0.2733065138355683 0.10215105558448126 0.10060681799885358 0.059373659884305846 0.0740275675217241 0.010914459508649681 -0.0892521997476586 -0.1644911121433848
-0.07543960992437224 -0.3647145070171157 -0.6592127513113702 0.08260102494913807 0.4530669598771273 -0.06087517130004983 -0.1533760239070279 0.07313118578054571 -0.022491627134916068 -0.1645816525782274 0.05050666324019482 0.0708319467051543 -0.02689393030344461 -0.2789705322197826 0.0799546267459704 0.10334978437180156 0.06541206885343756 0.09701260440197085 -0.018845396640335424 -0.1076111218544736 -0.16016132961863278
-0.03952998589283878 -0.3653470000527839 -0.6728528769164048 0.0984171146410318 0.4316593143984403 -0.08125676763288626 -0.18195277466056226 0.061677046125441407 -0.057234868803454186 -0.13590271694103004 0.01215225345622647 0.07892992554143315 -0.04139195607163472 -0.2868933274387772 0.12555653805203243 0.11000005865203072 0.04612857215079695 0.10233863449731324 -0.00833615689488068 -0.07259401655433637 -0.12144869490131815
-0.03362286682536321 -0.35028351937608265 -0.6635638410515858 0.09292135308703187 0.44490156587618424 -0.06608886971945162 -0.19870665023590592 0.07467835589042068 -0.05440448232809008 -0.10637449488902792 0.001764843501111879 0.1048759056058837 -0.05087841049573342 -0.2907384314035066 0.09022532788139993 0.13548938363802937 0.04207116191403812 0.08624274342924655 -0.017543697771081296 -0.10115645997795081 -0.14564405874667885
-0.0009087360055018284 -0.009743267064822016 -0.00134396135216479 0.03751495981636486 0.032589218435096386 0.0005117458142963403 -0.00975276272356088 -0.05780965826556161 0.15661376636538007 0.2968298092379188 0.004328985973749492 0.0016659672485527298 0.06621956165970802 0.781180392192044 0.01698231394494562 0.08297467217075023 0.5063841668257001 0.02670519536302454 -0.047239282951359124 0.012889968394822343 -0.0012352116091526434
-0.04096697510760665 -0.10251608242452681 0.17324687016818788 0.2487941693354459 -0.4040211664976627 0.13306980464989643 0.01507347648195926 0.24516916294689214 0.2291742222574673 -0.6238088774050716 0.23866566808136516 0.09218688350088801 0.24442273185434116 -0.21405308045134888 -0.03974820526561067 0.039269862641541656 -0.07272576244136474 -0.17043293309676164 -0.013101226542343705 -0.06530654714892718 -0.0070023762238818656
-0.06474448119412765 -0.3267290304514681 -0.681103127392091 0.07203590346918119 0.4569810820542133 -0.09456478979148555 -0.1731390350100395 0.09025162167234035 -0.045200710753552094 -0.13033723654043694 0.037579778112996294 0.09115160796868088 -0.017265706156043868 -0.26627530177823916 0.1194979608982244 0.10849780814595911 0.004062640938993837 0.07892827867731532 0.0003822591881188895 -0.08147421845314283 -0.15868414023588961
-0.01235087918037438 0.08598491491886441 -0.04984787577080457 0.007904986629477768 -0.00014364704022672622 -0.000354340733210131 0.0999857892107261 -0.6731435815692484 0.1828855355169798 -0.011698458731324256 -0.003922771811654211 0.1505060804993534 0.5839373557447833 -0.07867757945405397 -0.0032294196205587336 -0.30167882869519447 0.16968900593370884 0.004008076748175525 -0.05925556256197063 -0.004360534615649292 0.0012338646626986114
-0.011635321315079328 0.08987150231508506 -0.05010095741311262 0.006256283595527574 0.0014746267385436916 -0.0004043899116696283 0.10337349864740059 -0.670895370961382 0.18515050211455505 -0.0149356498739953 -0.0026398379073627742 0.14798123956756842 0.586129943587664 -0.07872784521262535 -0.0028384829037942667 -0.3006020556489784 0.16962181287139635 0.0028444538499000464 -0.05593416837575287 -0.0037832466758288778 0.0012800481721561266
-0.01224531021891512 0.08190684261567555 -0.04807773720283195 0.014277323306905438 0.0007522376273861644 -0.0005220689650470559 0.0967944652231016 -0.6759128696851523 0.1837258960536167 -0.0073683359635194805 -0.004568172091382335 0.15256504075376193 0.581144163254858 -0.07921141721900775 -0.007312884060683341 -0.30337946824540674 0.16741409327776693 0.0007692018707172748 -0.056213720496622994 -0.002507485389783101 0.0011966695128835185
-0.012314535624315306 0.08140359618900683 -0.04768000685263102 0.014279321177189502 0.0007349453975667476 -0.0005178284223515674 0.09665826019816803 -0.6762456580037848 0.18374130836719524 -0.0071958270248436975 -0.004252136700835437 0.15289433910676745 0.5814094758743719 -0.07921905146175283 -0.007346292767396309 -0.30257754935507875 0.16679886674480238 0.0013300879117086038 -0.055975251425485324 -0.0028476075940752437 0.0007432089794213082
-0.01225609064012877 0.08212169503319297 -0.047851923210677716 0.013886506758509446 0.00018480362617677928 -0.0003679768158703664 0.09673066689926764 -0.6759069062911454 0.1847298164120966 -0.006734979558766764 -0.0039919983112016826 0.15241479220112744 0.5812656309385067 -0.07953636760061623 -0.007943863157774032 -0.3024475359543931 0.16746194067546827 0.0016220704078140085 -0.05670679425333536 -0.0019776081968829774 0.0005271000095844613
-0.01277127953957323 0.08165798768254984 -0.048015645728364045 0.014671146397935523 0.0005748784726546643 -0.0004946733620495476 0.09707759097271781 -0.6764036091820598 0.18425819942645896 -0.00669100587823848 -0.004332103738667904 0.15220795761680947 0.580920354131012 -0.07968112384146427 -0.007858428784446843 -0.3024047929842597 0.1675313725570358 0.00119262061601059 -0.05585345854263617 -0.001920442612255301 0.0005745393660729426
-0.01289299676976817 0.0825327357769294 -0.047818914168366346 0.01343906647408061 0.0003573844645629505 -0.00046101110083040733 0.09651664468543367 -0.6761051994036127 0.1842916622195258 -0.006669638008432788 -0.0047475200229645026 0.1523698072750528 0.5807580244630319 -0.07996584516657344 -0.0076302503792662684 -0.30305861858767214 0.167684318896164 0.0015837629310204802 -0.05631359747318381 -0.0021448791423482848 0.0005406148168239764
-0.012272251693147877 0.08175093132218508 -0.047991409468016666 0.014460992695039584 0.000490735526123885 -0.000575052443829582 0.09722442521098362 -0.6756880313556951 0.18418646760185867 -0.00729713105979107 -0.005129364897177929 0.15263842331823158 0.5813996021032801 -0.07971550667138275 -0.006807806137206355 -0.30268340892184475 0.16778298819394707 0.0014182208130429 -0.0560374751376384 -0.002466971318638814 0.0007905884278615636
-0.01216157304656524 0.08138555009045963 -0.048176139125709255 0.014742831153398223 0.0007102004395438444 -0.0005323975850482621 0.09668063554728777 -0.6765064325012076 0.18380835134265064 -0.00803510253121663 -0.004370066247427712 0.1528706437144536 0.5807845890536403 -0.08039909742907747 -0.007923137381439353 -0.3027028859191526 0.16686082991058215 0.001112934509157569 -0.05592338203432055 -0.002146125036059503 0.0005777649240360078
-0.012650292499894095 0.08151389352065586 -0.04781440066475045 0.014477344500110774 0.00015291099086330495 -0.0004526211825514868 0.09626402079263724 -0.6757326009382877 0.1838441664815056 -0.006802398545725116 -0.004742675221776256 0.15245944267768377 0.5816471490090955 -0.08000687240347099 -0.007491308866737018 -0.3030863444405953 0.167177410083203 0.001280216250586517 -0.05585857801263222 -0.0019833145080166365 0.0008859900491760336
-0.012702102037360621 0.0819572046700246 -0.047852985550138234 0.014293803040579848 0.0011625281313826141 -0.000646301907804558 0.09688032339430126 -0.6763018895537647 0.1840926757038051 -0.007118541739697929 -0.004911521800598395 0.15249733856258868 0.5809385596688196 -0.07904266481249177 -0.0071769021619440855 -0.30283613114771185 0.1673785921845536 0.0009534057569091512 -0.055830487528513446 -0.0017061541021503289 0.0005022900821693647
-0.012181152982183122 0.08145800247094942 -0.048131093646983154 0.014214980949272616 0.0005365129322713652 -0.00047257077956857377 0.09706043458393279 -0.6760638506229849 0.18412848458958342 -0.006362386668784794 -0.004401329898427837 0.15233265603115007 0.5815140712742158 -0.07955331443189198 -0.00757568722924567 -0.30237941224128345 0.16710669647090468 0.0013743106770763467 -0.05599562397572983 -0.0022570514642187554 0.0006338802770288174
-0.011968802540863594 0.08240242271181356 -0.04795426362457929 0.014177702971652542 0.0007646683207759811 -0.0005415993284096865 0.096712047517451 -0.6764244850266017 0.1843430766213919 -0.00678968158929815 -0.004813049548948288 0.15298535765052412 0.5805646758424027 -0.07918785277457628 -0.007740773085055324 -0.3028817977310929 0.16732806510798592 0.001665080729142034 -0.05548121058074198 -0.001523599888509346 0.0005754609788571847
-0.012009338423908557 0.08170047341240444 -0.04778123368947394 0.014255597861080476 0.0002289330470309585 -0.000404270015063653 0.09670990331896376 -0.6762140266133636 0.18459487346055065 -0.00693175751661936 -0.004334422059079273 0.15229173320262182 0.5809245078003826 -0.07853430631192071 -0.007957953961996727 -0.3029133506988874 0.16757234808598417 0.001759107202150612 -0.056509472664257904 -0.0018271737667447153 0.000489685451269517
-0.012308574135966026 0.08157623986438876 -0.04777152177695246 0.014637153512765823 0.00048703835481762246 -0.0005402290603255307 0.09706224009245291 -0.6761119049992023 0.1837781398046459 -0.0069823385078123445 -0.0050040184735797725 0.15278736045621602 0.5812353313406898 -0.07937499351866785 -0.007684654107009441 -0.3023092503378053 0.16810063192143682 0.0013355258580268101 -0.05574009462261451 -0.0021761835218954465 0.0004730367794067941
-0.011470472327863279 0.0818508902477162 -0.0483270092162967 0.014724302806679298 0.0004808658444831226 -0.0005296116700726586 0.09746829421781363 -0.6760871666494379 0.18411456137963655 -0.0077833294429265525 -0.004805635668636974 0.15239559759709928 0.580988061365116 -0.07932297718336265 -0.007791796046509543 -0.30305886175487284 0.16719107870146147 0.0008905082410668051 -0.05581028497161296 -0.0015123823057349725 0.00069349670245795
-0.011889507317149255 0.0822296433561454 -0.047708345026859715 0.014401263422952726 0.0005459530625291506 -0.0005430737754235707 0.09626290190381813 -0.6755197863498053 0.18401069277229437 -0.006841015334673526 -0.005014918237283652 0.15268302817334867 0.581595142011108 -0.07977544175475819 -0.007322742590507542 -0.30312353478638226 0.16748323797238046 0.0018002625184365027 -0.05623998476925064 -0.0017308264800046866 0.0009964507073581077
-0.012657956200852648 0.08189130708306175 -0.04804958711227019 0.014287256510647117 0.0004561431113070442 -0.0004531724780368568 0.09743247728594623 -0.6766166236665878 0.1840580442143184 -0.007193898630688995 -0.004417023606867994 0.15179790731615095 0.5808211921610793 -0.0794330102785442 -0.006812103067468767 -0.30243973408741653 0.16721479399531863 0.0016206232221695322 -0.05637962005722379 -0.0020906801775728294 0.0006405028983045196
-0.012650374539939654 0.08246104686973134 -0.0480489698045997 0.014940641029751312 0.0002089161163959025 -0.00046771257786265547 0.0965067584854267 -0.6759413939540038 0.18389279196157335 -0.0071670360533785185 -0.004688434706295672 0.15210618956083538 0.5813275764226022 -0.07977073260814876 -0.007463558315828134 -0.30252350136795697 0.16795911999785676 0.0016847587700848073 -0.05632526192005542 -0.002007224460871278 0.0006855690101751072
-0.011769407553416567 0.0819404098489981 -0.04765332318969382 0.014577169400299352 0.00027611158156182577 -0.00043354935809350703 0.09708734625659006 -0.6756455988838347 0.1843418014678344 -0.006354899855311056 -0.004423621270838469 0.152525744430909 0.5812463303366668 -0.07951792490320612 -0.007246186915303319 -0.30337856428787446 0.16742121013924763 0.0013902889125894486 -0.05598323254614604 -0.002536017113247285 0.0009816426278829728
-0.012586196651255438 0.08143584609257985 -0.047718241771942026 0.013792019790787962 0.0005065205562127872 -0.0005359699196855368 0.09693035644103781 -0.6762396768878044 0.18403604115374533 -0.006838940358761942 -0.004992603885738284 0.1521139570318724 0.5809661669264565 -0.07958060811245364 -0.00708866433642538 -0.30322376565766695 0.1673102566230088 0.0013516981089624913 -0.055829321079887174 -0.0021968298552693883 0.0009135053447288857
-0.011287743889690519 0.08137766834834591 -0.04855330208040681 0.01464473211448786 0.00043621502516762113 -0.0004800264099390717 0.09690496703617545 -0.6762600157340592 0.18407341185525108 -0.006844459812565051 -0.004539992155895717 0.15256220176539206 0.5808569494533306 -0.07937907793136392 -0.00773916404374138 -0.3029458104097335 0.16725485128172524 0.0013436929544011524 -0.056760375331270534 -0.0020415212266955635 0.0005221255937489657
-0.012087098366672532 0.08199389842900824 -0.04877746495311498 0.015134253175859213 0.0008605216891569677 -0.0005904167606847683 0.09698924500355265 -0.6757284505532324 0.18437802037041565 -0.006730211714809117 -0.004671491741856448 0.15299839158618264 0.5814731028575225 -0.079421672321253 -0.007177598425469047 -0.3023573250119801 0.16724524236450555 0.0015994760596215439 -0.05628784979955703 -0.0016099145264710526 0.0003301059029572945
-0.011848537464044238 0.08177027971032859 -0.047726151267280345 0.014104467573614938 0.0003032285691606286 -0.00040778028938803237 0.09714652870268839 -0.6757298241833063 0.18448740786490567 -0.007271018546764038 -0.004182548488007236 0.15231122096903427 0.5813639196168676 -0.07914248977419353 -0.007122470368733491 -0.30277108745775655 0.16788178372588528 0.0012221695375025155 -0.05641108114320514 -0.002398317893601846 0.0009932789085199253
-0.012421201726092271 0.0819471164194514 -0.047957531095752556 0.014647712488548069 0.00043956929932357635 -0.00048370734389014655 0.09725041702455686 -0.6760598026741886 0.18363599009023393 -0.00730092029612732 -0.004573975037407185 0.15287838967685782 0.5809589197037269 -0.07993059198257386 -0.007462905012062595 -0.30323411956464297 0.16708001141491988 0.0009232300072507166 -0.05572297871433896 -0.0014977946153892055 0.0003224416785877262
-0.011858007779191753 0.08187456425565877 -0.04768016259013375 0.013029916621439376 0.0005247507068344153 -0.0004179728397742214 0.0969057668669978 -0.6759129080148275 0.18372603309365468 -0.00671658379343018 -0.0042070838701527185 0.15210812349865174 0.5815433507975698 -0.0800676005062293 -0.007547472355475033 -0.3028947982335108 0.16719538508514928 0.0013786433860435402 -0.056054225216987025 -0.0019229011082321635 0.0008351517837479995
-0.011833596735021244 0.08135458482126665 -0.048026468592511674 0.01442496891269972 0.0009517194839095655 -0.0006604733088712154 0.0969957292263092 -0.6759948408491229 0.18425661337496882 -0.006879980573543571 -0.005395885141056605 0.15213540586155427 0.5812622396511048 -0.07936093022296088 -0.007039266771243806 -0.30268624294914326 0.16771475925382986 0.0012891246320300758 -0.056653516258530656 -0.0019652003855473413 0.0005099990151358877
-0.012442721243294054 0.08224214175078924 -0.047504170829068576 0.014358944630133293 0.0004324619628600322 -0.0005301805005332525 0.09737426719672969 -0.6764521348198187 0.1840718079856227 -0.007219990983805732 -0.004996111856201614 0.15251080129523692 0.5808777057004035 -0.07978237770768083 -0.007246813679409158 -0.30251524251829554 0.16704250159767123 0.0013391523043001902 -0.05538800034653244 -0.0021512204769131103 0.00048794893578305704
-0.011641541669342222 0.08213065740960686 -0.04761393713452314 0.01499043312484304 0.0003047451151653771 -0.0004689145776891986 0.09670527308500072 -0.6761693945095452 0.1833456901211885 -0.006662720801249899 -0.004646180996009372 0.1516354589513491 0.5819023067481578 -0.07991098014018065 -0.00706119679144658 -0.302308918004857 0.16672168936525678 0.0011737092571426863 -0.05619108115782794 -0.0018123115590923066 0.0004476538631328878
-0.011970881588742623 0.08099718830782643 -0.04820958123017796 0.014315380861529052 0.0002106649666457574 -0.00041971955116533124 0.09671354213226033 -0.6766480685261717 0.1841935724532585 -0.006744729804301563 -0.0043354588921521425 0.15298565618337842 0.5808231646250867 -0.0788559140778405 -0.007445537729839317 -0.30245837989955543 0.16726982559339554 0.0015155386005523757 -0.05538613110971063 -0.0021655494467826613 0.0006592486792786392
-0.01234653195001207 0.08165048301657696 -0.04858834928752847 0.01367088469202722 0.001102294537457814 -0.0005823308192320516 0.09701473627758948 -0.6762177792996589 0.18402697844525892 -0.007007607324606814 -0.0049808022715593005 0.1533929569932084 0.5811821742950565 -0.07923934132841261 -0.0071141132384607755 -0.3021966666658036 0.16684655921218638 0.0013522440824432999 -0.056648003108539055 -0.0024095061159078424 0.0006826359383381717
-0.012639432093637975 0.0818602820431235 -0.0479594589896978 0.014609517350002424 0.00063187402867219 -0.000542982135199122 0.09672244764771114 -0.6762675280712765 0.18361215659665323 -0.00671364388746834 -0.004898989831950518 0.15218816294981632 0.5811208013521766 -0.07978317006476617 -0.007518114062246605 -0.3028952344574847 0.1674272206729007 0.0017674028189583449 -0.05549233694139049 -0.0021650407502482737 0.0005401760215515762
-0.01235166984911451 0.0819551131486397 -0.047613725087778926 0.014887482602927611 0.00019213908340948307 -0.0004459199469499314 0.09704619097898254 -0.6762174660195993 0.18406265013959688 -0.006490167277669956 -0.004587375275486753 0.15279974782662986 0.5808647263194665 -0.07983759870808292 -0.007066607617144898 -0.3027170007418287 0.16736100853405209 0.0009203901346468479 -0.056429913105684945 -0.0017715105168279084 0.0006507423083541267
-0.012034463409608313 0.0815735299608507 -0.048092256205399544 0.013875814368984683 0.0005300932103836558 -0.0004626951585837942 0.0966031105168275 -0.6763602402300612 0.18489764330066458 -0.006767502231903206 -0.0044008178915430456 0.15241805798422586 0.5807616824732855 -0.07914476627573769 -0.007335646051716365 -0.30252445723009064 0.1676351232807474 0.001668834249940122 -0.05643941189374712 -0.0017366235912185542 0.0007073544491080514
-0.012639119860407624 0.0808386329437422 -0.04797976422534641 0.014510467934042726 0.0006678570195680979 -0.0005258263335519896 0.09717523203251002 -0.6761950946323925 0.18435832337903202 -0.00736136796263914 -0.004463457788973528 0.15278105583352453 0.581081495073975 -0.07910570395471077 -0.007939379643121828 -0.3027927637071962 0.1670636526736474 0.0014610631283393622 -0.055922018916919114 -0.002228130965048603 0.0007102227039775048
-0.01208355842200633 0.08186561396936237 -0.0481363304858529 0.01384642714735405 0.0005809996822824678 -0.0005227267775734515 0.0964590866737608 -0.6758708850006042 0.18439016292558888 -0.006413942915493363 -0.0048647474993637465 0.15327815340320314 0.5812889196504192 -0.07916522156492786 -0.006949723100477884 -0.30291294293523036 0.1668647705112894 0.0011264599972909458 -0.05620327259334367 -0.0022480537504723087 0.0007473123542469032
-0.01268391804753788 0.08218637362706764 -0.048247908970862445 0.014182058053622184 0.00029027421242217797 -0.0004409851285351359 0.09636894405366442 -0.6760973807766395 0.18407129653963372 -0.0070659456471539135 -0.00448660713682372 0.15222668511743054 0.5812698651822995 -0.07932439917073168 -0.007347113268933896 -0.30257532558991973 0.16760577047824263 0.0020588167213859473 -0.056245959403217 -0.0014855930032834294 0.000878099879360553
-0.01233707178825358 0.08202163927881992 -0.048557983360155606 0.014639021196633673 0.00047078299257318043 -0.00047942168671046313 0.0968487819798165 -0.6758650800569107 0.18534156071925953 -0.007132395708314431 -0.0045473297518075365 0.1530124797131067 0.5808924606035865 -0.07932698807103132 -0.00769284685133474 -0.30257746588067674 0.167463820030691 0.0013378550598349198 -0.05611076491398154 -0.0017039359142820712 0.0003082638084449981
-0.012135357505002085 0.08203321486602999 -0.04856805585809951 0.01480022800601033 0.0008701981864952705 -0.0006923260471638036 0.09756203247903349 -0.6760121810827213 0.18447313861608033 -0.007250336079426376 -0.0055307737970875705 0.15323487799900098 0.5809948798453919 -0.07966562140330744 -0.007232299455598233 -0.30229978453941947 0.16717790374454897 0.0012584250628260125 -0.056071450657424186 -0.0023283579551593944 0.0005578656866713352
-0.012549593925656261 0.08112784877086852 -0.048233084399053536 0.014162675461005867 0.0006349201390184324 -0.0005506001850367919 0.09675620170434282 -0.6761952408135413 0.18389503151077294 -0.00715820231582103 -0.004906215950661959 0.1527827559302474 0.5810670698927655 -0.07944669816485674 -0.007950082988002692 -0.30304533847562515 0.16694630786476988 0.000807993810105317 -0.056303940294125436 -0.0018649195806466218 0.0005466378012963458
-0.012050326529704445 0.0824172907048223 -0.04820238132847397 0.013911667002071623 0.0005678810097628396 -0.00053591495299466 0.09700387460698989 -0.6758966735406791 0.18391923813146302 -0.006617525941448832 -0.004876298159455178 0.15198078140020127 0.581021392940221 -0.07993596892350162 -0.006701346116361159 -0.30314636018847924 0.1680511816987705 0.0013490287598120717 -0.05606095517566277 -0.0014599642980999896 0.0005132570071767602
-0.012686292548120297 0.08166789886725606 -0.04741980559585311 0.014677691929714649 0.0005069059467942642 -0.0005344861972417342 0.09635946060974938 -0.6763349326466909 0.18421207037244922 -0.006583595667544676 -0.004734786045405232 0.1522482467310385 0.5810478439570543 -0.07899830241451962 -0.006385975750696732 -0.30244166962989605 0.16805894472799598 0.0011032764430950785 -0.056499238515277383 -0.002156464899323264 0.0006476574249359655
-0.01186390900442587 0.08237139701933183 -0.04852311444588477 0.014084311820529506 0.0005809856675156258 -0.0005291144077077289 0.09624857025605797 -0.6762590531886428 0.18413466153096683 -0.0071943477694749475 -0.004995368194349165 0.15207984521508766 0.5811895915547454 -0.07945437293432529 -0.007767288289697839 -0.3024005009354938 0.16750792435213585 0.0011029239996807655 -0.05615246856027904 -0.0023625549462986703 0.0007267056709053414
-0.012403942891480751 0.08132419745123548 -0.04832487736983094 0.013737549868865192 0.0005348524131775711 -0.0004671072143565823 0.0970712505060069 -0.6758485718533204 0.18411811655067947 -0.006989861863917236 -0.004653356340850941 0.1518875298004285 0.581469694434234 -0.08020442749966318 -0.007989991268914021 -0.30277711726074574 0.16740318187743172 0.0006519184143925751 -0.056277815338793134 -0.0020475607805862045 0.000922426205834749
-0.012525179454818047 0.08148256069468089 -0.047627650303174354 0.013524552966802385 0.00041364895649164546 -0.000409395754539433 0.09689426591683283 -0.6765377005819823 0.1841491100662196 -0.007216266708063243 -0.0042540210166500765 0.15262464529271297 0.5810882844456273 -0.07937990328646449 -0.007763360755336025 -0.30253193901993203 0.16657138766074348 0.0014262942538664219 -0.05552474785755999 -0.0017327379472639594 0.0005391931538288254
-0.01272666236258312 0.08169747987152633 -0.047528064723037694 0.01404529606302541 0.00016452852937579225 -0.00043940340795448963 0.09674082956497616 -0.6761008984584679 0.18437296626483396 -0.007149021255507061 -0.0046246602315538525 0.15293798489492852 0.5811140521775415 -0.07915219789243326 -0.007845630793875749 -0.3027400538573956 0.167192396234639 0.0012343276733951046 -0.0560828891051285 -0.0026617695458864355 0.0010568495516830741
-0.011925634565947665 0.08189700755645199 -0.04734202719689156 0.014165416520286005 0.00041642134066428356 -0.0004659683479684444 0.09718715838474669 -0.6763174839421646 0.1838999204539212 -0.006386403777142333 -0.004587841277920698 0.1521974912551275 0.5811726255186526 -0.07906496660014431 -0.00710516737874941 -0.30262744322097573 0.16694639109564086 0.0015175787977877214 -0.05735226812576812 -0.0017065021841086503 0.0004797741934959507
-0.011979725177794082 0.08206944183620155 -0.048550305650134934 0.014129714844834775 0.0004409736646104091 -0.00047085261319921825 0.09762896455787605 -0.6759797296085719 0.18360016427083417 -0.006957832660719698 -0.004598566255509136 0.15247628589398868 0.5813908010194502 -0.07935778190546407 -0.0071611832680999665 -0.3025256307584097 0.1673348570426558 0.0007474660522458089 -0.056236628313389596 -0.002422030670019052 0.0006255216575824802
-0.01210819733830586 0.0819033733628768 -0.047636600082392615 0.013883011275919786 0.0004244748056706211 -0.00043747134317603884 0.09678735302540392 -0.6760141330369273 0.18454427603633228 -0.006717899908133776 -0.004393914147921205 0.15263137576457297 0.5814780062177706 -0.07926084107123386 -0.00770181684099045 -0.30208137801129664 0.16747458228308185 0.0013178624838079964 -0.05598409729796971 -0.002574115976649758 0.000929182403202676
-0.0124590345371086 0.08154995170594673 -0.04777284968594174 0.014319743386148387 0.00045160970588820017 -0.0005646039904329607 0.09657903331774216 -0.6763717977322622 0.1835247501780211 -0.006761197494628033 -0.005298030763540351 0.1525071952979312 0.5812894719415722 -0.07964426142035352 -0.007706819257975785 -0.30231708119269324 0.1673329827352166 0.0018403451203292305 -0.05643103518714452 -0.001643309000573079 0.00035719452195911376
-0.011856057224668821 0.0821001263464598 -0.047354165652232987 0.014462365605693158 0.0007248725541764751 -0.0005613345468627243 0.09703996864028488 -0.6762398825409544 0.1842001853403308 -0.007290132672307672 -0.00496830125736503 0.15290423461811295 0.5809472889066518 -0.07990381672627676 -0.006980602139771748 -0.3021165233781742 0.16784298348485557 0.0015380731840049348 -0.056341360808612816 -0.0024625225954056267 0.0008169476345821223
-0.012303615773358046 0.08167250822066908 -0.048769527890629966 0.014324622658160646 0.00019556730355315923 -0.0004082859256236945 0.09627956405865962 -0.6762868668280474 0.1844356989388103 -0.007144410437164978 -0.004396703200048243 0.15223412710370393 0.5807652991519373 -0.08017079439136136 -0.00812975683318566 -0.3027034081538047 0.16761888449477616 0.0017953347945663825 -0.05639782545371101 -0.0026539752555381083 0.0005812405234259747
-0.012627805107714721 0.08199779573916838 -0.04758031731376717 0.014175263828368985 0.0007424819200844277 -0.0005252942271601798 0.09660845471332362 -0.6763895430053645 0.18409068127300007 -0.007310424698223501 -0.004742425904487598 0.15240371898796828 0.580568709461727 -0.07967826018018828 -0.007384147503420855 -0.30298481902323465 0.16780078197831885 0.0019876023783418463 -0.05652398172316111 -0.0019351350745664855 0.0005470886406670055
-0.01174687325030124 0.08162409361373582 -0.04772580461732807 0.014302873237746027 0.0004250992082874846 -0.0004480798810397545 0.09677518745444484 -0.6760903817521947 0.18392040179342903 -0.007263509784801767 -0.004183462339806833 0.1523198292410165 0.5814788803809338 -0.0793847541826768 -0.007691530390904936 -0.30253986785916537 0.1672009183782344 0.0011703951495574492 -0.056421171327359784 -0.0020744152931664217 0.0007341597627712561
-0.012047796129406419 0.08145592068641294 -0.0477461336170617 0.013993619755546364 0.0006592069264772339 -0.0004924415077278819 0.0966195975351274 -0.6755652189568889 0.1844186585423458 -0.006532017175323223 -0.004443216609247853 0.15277778095344313 0.5817313316501447 -0.07929112204705291 -0.007410899754134756 -0.30273016711169354 0.16739448936393972 0.001368688134989361 -0.05641787726093264 -0.0011664959931720863 0.00039121378127859044
-0.012397614591706883 0.08148323199698204 -0.04814887897556466 0.013721089046810016 0.0006872142700766413 -0.0005196281376389206 0.0974707633735185 -0.6756649267740364 0.1836482622686771 -0.006535140215840509 -0.004884512698110176 0.15331330466088736 0.5813480630758683 -0.08016728103367857 -0.007397520115774883 -0.3031081686530072 0.16682513966159285 0.0009662899572197396 -0.05674245023125534 -0.002063777182823531 0.0006476479516221843
-0.012080664265950938 0.08201807301148616 -0.04769946647418437 0.01423439569850801 0.0004297784403324872 -0.0005276401579574147 0.09653474216363667 -0.6758784032937217 0.18445709856129122 -0.007032517040462651 -0.004911139892391703 0.1526164417506479 0.5813141670303454 -0.07907600615369374 -0.0073568636381235964 -0.30277756501767766 0.16761271134494266 0.001792774256049152 -0.0558506234867147 -0.002009984251459923 0.0005525872623934317
-0.012304221651181266 0.0811559463259186 -0.0482700628165181 0.014425835117828316 0.000394310606592011 -0.00048466556895464626 0.09761832360122659 -0.6763300607975707 0.18388198531585118 -0.006752510905241955 -0.004663221738151977 0.1532509884440295 0.5805805907206975 -0.07950260048847387 -0.007425028563845383 -0.3032212031826055 0.1666963647564579 0.00117841239427202 -0.05672913166704173 -0.0023454291660633124 0.0009312170419180916
-0.012422785302979073 0.08131317087497374 -0.048082013959450866 0.014320954896831448 0.00041038326254375275 -0.0004803123096817625 0.09674277847748675 -0.6767047609299086 0.1837408738377575 -0.007202925561756038 -0.0046390913772267625 0.15263714111891324 0.5810130413134085 -0.07962168831664825 -0.0070525747671093455 -0.30197740190857775 0.1672977191071881 0.0011509102277099852 -0.05608399107463617 -0.0020978432963666377 0.0004922161470243162
-0.012218455026996007 0.08151154129755381 -0.0476702314954237 0.013837575560553102 0.0009010646609127787 -0.0005951369055769502 0.09699382219118396 -0.6763248056915352 0.18368513775998108 -0.0074596985669395524 -0.004976549303083561 0.15273098397153978 0.5812586694612215 -0.07973600061621898 -0.007109346374410211 -0.30202524518381446 0.16767952255761548 0.0010533309536395893 -0.05617669307621378 -0.0028059057100705514 0.0007441381147994473
-0.012693421782685796 0.08137062312885844 -0.04808662124162061 0.014766723738200678 0.0004010754219606896 -0.0005015746234833627 0.0975019558728869 -0.675841145969688 0.1839519973488773 -0.00662886940623092 -0.00484634494507013 0.15209109416123506 0.5814274953912275 -0.07965177791918837 -0.007924932320285228 -0.3027803296202868 0.16748246640598177 0.001011139110395271 -0.0564337822736421 -0.0019737647189798486 0.0006454875842420767
-0.012402495791573303 0.08125086964854165 -0.047284297461490606 0.013720397976518195 0.0005327002736839513 -0.0004565811267016486 0.09739938668072498 -0.6764205344639244 0.18415816923817707 -0.0070920300314382435 -0.0042795027351188635 0.15207457006916242 0.580780712662864 -0.07962600838454523 -0.007711182218975489 -0.3028625452429825 0.16751735491410324 0.0014660753164378064 -0.056364563209400545 -0.002289365275464988 0.0009439097771428587
-0.01160595517256007 0.08194269382345114 -0.04689146606210395 0.014248269189520721 0.0003052739815741637 -0.00043014196845886853 0.09720387905077213 -0.6762358948882125 0.18445678048042344 -0.0072473802619719896 -0.004189743011958226 0.15270011236569092 0.5808146118745473 -0.07888065763633002 -0.007410788387392792 -0.30297654441122546 0.16741814012641393 0.0024564972763210253 -0.05599958215601826 -0.002139749448281083 0.0006572309791242538
-0.012459757208277425 0.0817948624213136 -0.04758742430612208 0.014054127411882302 0.0005070985327646234 -0.0004528999809920033 0.09654546240275197 -0.6762279576279396 0.1837459545458119 -0.006264144364099064 -0.004263786734020177 0.15211673574612064 0.5811801476180305 -0.07960363749133713 -0.007591794504403097 -0.30294005810561786 0.16718554721195994 0.0010558704142706653 -0.05683488723115928 -0.002598646237999301 0.0007355781272335952
-0.012464931746534175 0.08219688600182533 -0.04819573383973292 0.014447642422542812 0.0007610384442133809 -0.0005720099444739611 0.09751494913177051 -0.6759704676750715 0.18369255104669577 -0.007269724761173094 -0.005065572244996899 0.1523704509825704 0.581443742199361 -0.07963150187134493 -0.008094097633289818 -0.30205677980724754 0.16791177067900356 0.001213382517706334 -0.0561334844322175 -0.0018572828879594172 0.0005533392704470024
-0.012568644404103999 0.08202511336610885 -0.04816056260048194 0.014899845040039276 0.0003376753543309492 -0.0004790586622040516 0.0969352325878856 -0.6764764869647125 0.1836203907208954 -0.007305837752223335 -0.00446047644413967 0.15188878007668874 0.5808797390706343 -0.07910793575843819 -0.0071679595033117445 -0.3030627484324137 0.1672031819220411 0.0007103634714576358 -0.0561645023132622 -0.0022870592329202705 0.0006982093515406107
-0.012820059497024921 0.08129547290600357 -0.04855556277499114 0.013749067719013368 0.0007070566778440897 -0.000509680392040178 0.09649048038090347 -0.6760439088791548 0.18412210862523887 -0.006538699181899157 -0.004776977601230821 0.15221201036631773 0.5813281215530819 -0.07932272946166273 -0.007296520678186335 -0.3027456802116991 0.1675474605861184 0.0013443721433747697 -0.05636226508152372 -0.0021115400286034047 0.0008145325862223427
-0.012307673682774379 0.08193208157025335 -0.04795345583641498 0.013739833070811152 0.0005984588897487921 -0.0004785841396335411 0.09739494157266398 -0.6756330388867745 0.18440226842249485 -0.006762346321013742 -0.004433764473108895 0.15301679939944277 0.5811192467977526 -0.07989100051863827 -0.007077090837350759 -0.3029424282590853 0.16757495501328182 0.001141838557257756 -0.05660343069427069 -0.0019526316704915985 0.0006830620837599353
-0.012132013331214001 0.08219218097330434 -0.0479766259557402 0.015039770580474784 0.0006752606889741563 -0.0005576323689779725 0.09682860533486666 -0.6758567106803182 0.18414794924252206 -0.006792383217663242 -0.0050302926059663956 0.15250683717142458 0.5814327494294373 -0.07942070008218247 -0.008804112577839853 -0.3024702654530708 0.16743066779201088 0.0013930489440140846 -0.056514134202072165 -0.0018738093995442268 0.0006595906289182809
-0.012799354671901594 0.08222207876236438 -0.04841483878428853 0.013756422349072376 0.0003843744845567552 -0.0004609357574859134 0.09683369044361904 -0.6763019045100505 0.18385993054452202 -0.0068498986114680195 -0.004655844651578911 0.15257249892046035 0.5807621226299361 -0.07895861885769168 -0.00770656128169458 -0.3030108421276292 0.16741107882312475 0.0015022507017357475 -0.056576800421453535 -0.0022078739258460153 0.0010187943148288227
-0.01184692922749354 0.08205528093489484 -0.04728928366749786 0.014352119587506575 0.0007004870536096015 -0.0005245014388155033 0.09735821789604995 -0.676003012851421 0.18465118920776424 -0.00747483171645009 -0.004902879974735497 0.15286404896261543 0.5807413154842611 -0.07988594205132002 -0.008000790003826322 -0.3027389503566634 0.16775944039023596 0.002065695220496011 -0.056322029631545235 -0.0017580004640409415 0.0012596563238386975
-0.012657414884446489 0.08178009330184328 -0.04763346540281929 0.01471970627455933 0.00047252925167583074 -0.0004942717942618481 0.09687745985277317 -0.6762576387404737 0.18358326590070229 -0.006541543284839525 -0.004507598204942189 0.15197271904490836 0.5809820309678837 -0.07916662204894186 -0.007262517043348965 -0.30291930853312177 0.16795548521657896 0.001526235357050065 -0.057079596680982454 -0.00197974333958622 0.0008674188028178483
-0.01165991532906956 0.08198087779941361 -0.04763972252049026 0.014399066081240164 0.00041006523885824377 -0.0004640035296175416 0.09697922614534238 -0.67678210509344 0.18443465385524538 -0.006083503661841322 -0.004620674277892918 0.15192677619952732 0.5804256721188937 -0.079346633838085 -0.006889973477411189 -0.30259142557527724 0.1675708154884545 0.001150258316647019 -0.05644186275837313 -0.0019570533209830156 0.0009903467630565973
-0.0116619556621511 0.08169420078440114 -0.04767393179178379 0.013837718282935542 0.0008795532717419685 -0.0005634327506755302 0.09734737923113773 -0.6765729907227835 0.18414363093593963 -0.007395769123761041 -0.005022932841119328 0.15274511347658978 0.5807368810624419 -0.07911855221865495 -0.008094746313219306 -0.3022224429099688 0.1678244255588234 0.0012259265641312179 -0.05556223207145012 -0.002094764247595635 0.0004366361612177276
-0.012172232569120655 0.08107969274069385 -0.04772107094638813 0.013650150349272736 0.00017122866632273236 -0.0003684973369406041 0.09725642198879385 -0.6762462065230707 0.18425361450984493 -0.00750756695632754 -0.004066030301502745 0.15224382044505322 0.5812017016850536 -0.0793823392587093 -0.007690508882177804 -0.3028165913367945 0.16670255044168175 0.0012431070299931482 -0.05651234607728627 -0.002509460087227638 0.0008239411322567065
-0.01228526000253463 0.08225493807248441 -0.04778627720248857 0.014190868195447268 0.00029574630846377953 -0.00041143399277561926 0.0967629891207886 -0.6758658227309159 0.1846942187058551 -0.006883429768230375 -0.004092677737620518 0.15214569100935424 0.5811354317329839 -0.07880565065636674 -0.0075508692952039064 -0.3028283427350373 0.16799025330342646 0.0016014321453739172 -0.05654675764527665 -0.002032105740135374 0.0005016166637726466
-0.012981477538730786 0.0820209969271701 -0.04801276006994106 0.013562717627126793 0.00046755745362780216 -0.0004327086722690156 0.0968767101382394 -0.6759849824236038 0.1844034181887723 -0.006540253935426653 -0.004155445157043906 0.15301603935576585 0.5810658480383394 -0.07978312530611885 -0.006585197800856856 -0.30245933654376395 0.16769843567391143 0.0005203443212590017 -0.05604722670202394 -0.0016592056955590788 0.0003624914694290537
-0.012882091701554224 0.0821923995504246 -0.04776983001272383 0.014011873300211758 0.000601795948396333 -0.0005658503251107319 0.09681477735095446 -0.6761615048655222 0.1837508049345616 -0.00661759121364584 -0.005135521090632351 0.15192843809980958 0.5809843441050325 -0.07902902308240572 -0.007843339046776044 -0.30353702752492134 0.16706948553521558 0.0011450065096059758 -0.05666537949853758 -0.002316769662781659 0.0008583504352977511
-0.011924262708151293 0.08202423421301934 -0.048110990154079075 0.014452841446009041 0.000828798814421834 -0.0005787987692405458 0.09697088148004361 -0.6757564464496228 0.18484595572833917 -0.006922384830686668 -0.004786398166784687 0.15222512235523417 0.5812045270860824 -0.07958696921583563 -0.007539014047116115 -0.30278944547291636 0.16780823175840273 0.0013362669036448638 -0.05576683784332892 -0.0011497078907288243 0.0002621922518570511
-0.01252460720414924 0.08197762606262594 -0.04788969923932914 0.014427959765209586 0.0004403847375765302 -0.00046897047436493343 0.0972317328844595 -0.676477650946326 0.18383224303925166 -0.007146088589585009 -0.004633243018973316 0.15245790849915736 0.5803167080884348 -0.07957907434129463 -0.007647075045509598 -0.30333683217258883 0.16748651843676907 0.001732614671717371 -0.05657429550581779 -0.0025784411093785807 0.0006924036723173488
-0.011789025381639747 0.0813548164010882 -0.04886488773976015 0.014127797903143396 0.0008946985960584269 -0.0005517307853700325 0.09649783609050336 -0.6763461185875571 0.18420258039716375 -0.006824303130571309 -0.004456684110208262 0.15275756232659568 0.5810315659452305 -0.07931500597626495 -0.0070923615444531225 -0.3028820523907135 0.16662409465562347 0.0009818227892897915 -0.05585125623080552 -0.0022916266717267213 0.0007599140762476594
-0.011981328581582325 0.08159867174974732 -0.04825691477025602 0.014412879848692836 0.0006593161816166272 -0.0005357021427370326 0.09674228850812011 -0.676744980303057 0.1836873528438017 -0.007064613550116974 -0.004747217106747852 0.1525318038111758 0.5805298437981692 -0.07940365242183066 -0.0071300801983904885 -0.3028167755246563 0.16712862881035015 0.001435510125309358 -0.05684568212229001 -0.002019557763572198 0.0006457462451558496
-0.012082296479586157 0.08183926614654803 -0.04814798627183456 0.014665248716056739 7.142679058675953e-05 -0.00038473812626754983 0.09763150048411531 -0.6762412887239977 0.18388545441744683 -0.0071942099983049014 -0.004080929644928152 0.15275400957278842 0.580882781160361 -0.07957159541964735 -0.007726426176269121 -0.30295656405735727 0.16673343177258323 0.0007207026550990778 -0.05628546701926211 -0.002197394038117655 0.0006259983829558695
-0.01229365394900362 0.08157967345994441 -0.04808693542102741 0.014829633675209779 0.0006674446098283505 -0.0005545235339373129 0.09722414250281715 -0.676102671443105 0.1842054151246356 -0.007425530350411777 -0.00469290151878279 0.1523752872013688 0.580963411901578 -0.08010741682117131 -0.006727492879946327 -0.30284926618021785 0.16755086093982155 0.0017795114207614555 -0.05556982406781442 -0.0016878332735900494 0.0005331504273321079
-0.012785245119647702 0.08123836391413136 -0.04777915341213287 0.013965929681286697 0.0006361820943709281 -0.0005339688908185845 0.09684402263827326 -0.6760787260332378 0.1843703258813077 -0.007201836222568722 -0.004976317261539017 0.15275250751000186 0.5814553587015273 -0.07945145514056635 -0.007712690980975928 -0.30223559647007364 0.16727143620178297 0.0020822239611046896 -0.05563911794108781 -0.0023661660149601163 0.0007800048820570955
-0.012052930974131983 0.08141300278362287 -0.04755880433141552 0.014570275241101454 0.0003689531628856738 -0.0004551581256644837 0.09731518912252438 -0.676007321297243 0.18444959646415537 -0.006364118509542499 -0.004414435314817509 0.15217477781580374 0.5811253441596712 -0.07979991872460009 -0.007464115167463715 -0.30273936418751496 0.167481141961141 0.0007986021133232619 -0.056770791240744335 -0.001392954884920844 0.0005112209305402128
-0.011735731737091254 0.08099081919026133 -0.04777572832261891 0.014014100078778308 0.0005816573859824744 -0.0005302326758742039 0.0969481458278624 -0.6762663527515921 0.18405404363212718 -0.0067120270447051916 -0.004834235848311817 0.15192663166047624 0.5811997736367253 -0.07983995762623558 -0.0074815827058937545 -0.3025817859029717 0.16746388293704467 0.0010769019929810933 -0.05686664652967162 -0.001871386408815792 0.0003904048541075913
-0.012280059755750328 0.08187034086753305 -0.04797245688349615 0.013068028984238762 0.00040031075322456006 -0.00038823832677029307 0.09756797085476358 -0.6766428495557396 0.18396906276847888 -0.00694809464388534 -0.004164483491525607 0.152625161610671 0.5806515290944974 -0.07932561345455247 -0.007570848137504948 -0.30230683133557956 0.1674012709616629 0.0015526495754659482 -0.056374881601231 -0.0022018026212370775 0.0004648008028401014
-0.012192230050035916 0.0818833049526546 -0.04812917599438362 0.014174355009099953 0.0006419059667996135 -0.0005587525004401812 0.09665113844319725 -0.6765032661321613 0.18409299519539388 -0.007309518232147786 -0.004848338757391871 0.15253831240411883 0.5807370492675475 -0.079415142349661 -0.007454027493104839 -0.30264526043537393 0.16749176176480696 0.0009399051893643739 -0.0559125540989351 -0.0015707908796309422 0.00038576363766970183
-0.011890331576384758 0.08228015568896628 -0.047660140048930016 0.01381654180294996 0.00058318186472629 -0.00046490651777832446 0.09707278406205086 -0.6759282411341851 0.1847969916364452 -0.00587219959865811 -0.0045071143766856414 0.15287964330942141 0.581326029315241 -0.07943788443290034 -0.007170292849769143 -0.30224441073028485 0.16699473057191516 0.002081333373130975 -0.0565394945937443 -0.002167313722064245 0.00046978835758700277
-0.013174941303933877 0.08219798557526715 -0.048116217432721875 0.01424938775476455 0.0004133567881963043 -0.0004568334156986476 0.09691603065001334 -0.6762000776626138 0.18448575460181374 -0.0069279143141594566 -0.004406603162520228 0.1530895049863947 0.5807489050213728 -0.0789821769779139 -0.007404688504874004 -0.3029019547757483 0.16701736694370406 0.0013888246642919271 -0.056209466025455505 -0.002169201833315445 0.0006426104681851438
-0.01264141566771972 0.08205446783857707 -0.04839420031707193 0.014547910762868824 0.0005411375579764383 -0.0005211212210756984 0.09666008040813887 -0.6759257984293949 0.1838110176338564 -0.00767480833774304 -0.0048410742806421336 0.152324268463137 0.5813487617978953 -0.08007784337137012 -0.00773866700043912 -0.30284034659115117 0.1671379752125179 0.0012988514202061884 -0.05631304872834742 -0.0018372594513694058 0.0005960923885348585
-0.012156922213353199 0.08270139921916028 -0.04757471577671653 0.013674894242175202 0.0007385307604530924 -0.0005030049851099746 0.096864380623326 -0.6759611574130484 0.1839880308126753 -0.006588193075092653 -0.004359288448080901 0.15196556648442164 0.581332550448023 -0.07894742579402905 -0.007273105796141068 -0.30298588623286843 0.16739726492137386 0.001306312491200823 -0.056424780824074164 -0.0025518077102607267 0.0006387354746750009
-0.012543657676772936 0.08139283044094209 -0.047516622470589784 0.01403390280252505 0.0004892911833647486 -0.00045821755111133384 0.09720025061383666 -0.6759325430379861 0.18426634282230792 -0.006687963321755355 -0.004466313960264302 0.15280016152391732 0.5812120665487482 -0.07969057259114293 -0.006938617598062042 -0.30267457612378396 0.16735002996546125 0.001113370374231294 -0.0568764655801895 -0.001658416012901014 0.0004898527924596574
-0.012012175954128568 0.08198745846910364 -0.047417184126425045 0.014227176374262625 0.0002464287293018654 -0.0004269855954599974 0.09642616282860278 -0.6762635385706414 0.18415199650021843 -0.0070797783331424695 -0.004327497305473469 0.15287913114596705 0.5810151633134647 -0.08022943404878122 -0.007657740735976251 -0.30258831970839684 0.16713601499045105 0.0019479739714525623 -0.05588832024850464 -0.0019010666421022233 0.000654984368423735
-0.012140650442168645 0.08197483852074004 -0.0476097524022676 0.013581712236887237 0.0005703224953340141 -0.0004649888271079026 0.09732789351690985 -0.6761365668600187 0.18411514666035958 -0.007267620352016535 -0.004263939417743773 0.15269764642853767 0.5811190753796162 -0.07989800917713406 -0.007416350300432803 -0.30259445031408755 0.1670772491183611 0.0007617267617994206 -0.056039418009585694 -0.0018958740494873236 0.0009112291719497786
-0.0124155523426694 0.08150649364478427 -0.04814433993037961 0.014161572476317032 0.0008534762913429754 -0.0005970375866032137 0.09790595473852126 -0.6761771871411342 0.1836481799452498 -0.007586400902567092 -0.005246278738251665 0.15260382626670116 0.580548347661682 -0.07997103519303485 -0.007730824615159589 -0.30320475524478824 0.16772354567004713 0.001431543173662945 -0.05669495623872467 -0.0030227106836162704 0.0009372081403832547
-0.01233925526835078 0.08111211641390985 -0.04760366774332409 0.014238094751460744 0.0007586701609058628 -0.0005497273500533579 0.0975272180835529 -0.6759875047471238 0.18454800234577973 -0.007215957576643817 -0.004849011075501666 0.15265290935429598 0.581087399194725 -0.07905977266744356 -0.007715961978887404 -0.30290771731647415 0.16740811201322717 0.0016089326214822534 -0.055953910837994975 -0.002564698819725622 0.0007851502412550012
-0.011818657140291743 0.08183606259212141 -0.04823085875356346 0.014641653925829024 0.0006517380050881959 -0.0005284264547161256 0.09652021971365872 -0.676563065622376 0.18393288007287023 -0.006613946950502691 -0.004607677418627139 0.15255875537586067 0.5807412677399453 -0.07972335754226265 -0.007686454583302722 -0.30252701139020144 0.1675148787965734 0.0009745183477762717 -0.05597119402615749 -0.0021434697795965395 0.0004809745973413599
-0.012395747643351818 0.08114371954488299 -0.04776431425333608 0.013991001234958458 0.0001796759585375531 -0.00042532176654086067 0.09719117917289276 -0.6760973950892136 0.18368811245152264 -0.007441348380425674 -0.004475673472704154 0.1523318889193225 0.5815970889084277 -0.07919670995369824 -0.007505651174218728 -0.30265904661786563 0.16684428525430792 0.001622752037282896 -0.05635119412965063 -0.0027105476754482882 0.0007258822162316157
-0.012139735694828993 0.08162540556657882 -0.04744989307252494 0.01449338140733537 0.0005640342136501289 -0.0005482234810691892 0.0965063612243402 -0.6763859479653325 0.1846037611008793 -0.006695667212450255 -0.005059593198811538 0.15240537171116983 0.5809394126418258 -0.0796238013993938 -0.0074637067826673325 -0.3022169020289902 0.1676028289602109 0.001212767999640977 -0.05675909048382966 -0.0021000705115470373 0.0006690798294831207
-0.012152539827534925 0.08181281345912107 -0.048165599256604665 0.014746971835169922 0.0006721523777221342 -0.0005282023163253261 0.09710064724167469 -0.6756659615850401 0.1839359849848383 -0.0067097317449839435 -0.004739707070065515 0.15252827671417712 0.5814827224180922 -0.07925276312140105 -0.007489251240985538 -0.30289074635190816 0.16773863558942445 0.0010676165322679768 -0.05620365022778429 -0.002032126526019172 0.0007722863770753033
-0.011713845781366838 0.08160989107598912 -0.04802460511223969 0.014415254592343442 0.0006175795579623249 -0.0005117679677231426 0.09679316871650084 -0.6762082764330694 0.18427940213297728 -0.0067063859413644894 -0.0046238835675303834 0.1528769014025794 0.5810359600750966 -0.07943168701899792 -0.007356169118517956 -0.3024204724495863 0.16750177620128556 0.0014257969398427917 -0.0563379616434828 -0.002578628756200332 0.0008520518821390967
-0.01271250794782078 0.08256573011407467 -0.04760492885682116 0.014068958773103329 0.00033786120625191286 -0.00045962098114294656 0.09669412852279304 -0.6761014720031119 0.18371740217946012 -0.0069830265983428595 -0.00454719433625143 0.15235774446264033 0.5811388239540596 -0.07947783648580682 -0.007255601432207851 -0.30313645740546 0.16711912224038294 0.0010833348416539675 -0.05605808270272101 -0.0017632497633134 0.0006590039553622868
-0.011373630079877213 0.081720250427691 -0.04752677027617642 0.014621740073568387 0.000758373311044631 -0.0005632785726977428 0.0974168117720013 -0.6765039808384974 0.18343984539943164 -0.0069520620162535724 -0.004822492396181814 0.152650594775767 0.5809620522181954 -0.07902193219523022 -0.007383967956014673 -0.30268554913807383 0.1671530782707554 0.0012144287216673741 -0.05630333700766463 -0.00100237216643621 0.0004316289331139393
-0.011900325729836557 0.08206783230468458 -0.047684300409833166 0.01425521083062868 0.0004601661373552815 -0.0004812830955778725 0.09711603782300966 -0.6757887905249644 0.1837309922874642 -0.007098844738974105 -0.004636139544448945 0.15344126803985977 0.5811393167288618 -0.07972518173440231 -0.007452969578100413 -0.30298544141625755 0.16763595540431883 0.0015671696148166524 -0.055761407096973116 -0.0014833151187425835 0.0002560105113824802
-0.012210631836779349 0.0815603977467624 -0.04823073670579741 0.014540999530053696 0.0004587451853290971 -0.0005601629003093159 0.0965431698968284 -0.6762550058616337 0.18385154152327865 -0.0069475502517389 -0.005081089448358522 0.15226444094367342 0.5809831001030894 -0.07993621563519981 -0.006820378610268289 -0.3025398554052543 0.16803133970123318 0.0006670803731382283 -0.05667426741033381 -0.0019559534700741986 0.0006811717199117991
-0.011989813252838401 0.08280184396353323 -0.04777558700517039 0.013544156189807333 0.0009098354602798748 -0.0005507337262586667 0.09708664329097329 -0.6762145667258407 0.18404017481698065 -0.006658689609605316 -0.004649294942136224 0.15249265684538169 0.5811658738396508 -0.0786582996260554 -0.008040850329142372 -0.30231565142469624 0.16772004899238413 0.0006311953571826804 -0.05581200306813855 -0.002028799450022582 0.0007012112327300014
-0.012426923128472355 0.08183556731762345 -0.04805473736775588 0.013882751095715858 0.0005251756451820035 -0.00047801626148681 0.09643529777535122 -0.6759381182676684 0.18436606218832333 -0.007049597627838758 -0.004579507615465039 0.15215870995969882 0.5816428480143072 -0.07941649605710192 -0.008310236559911036 -0.3022144460634253 0.16747481726510347 0.0008156613209411591 -0.05627896271784516 -0.002379432966556119 0.0008053744419383835
-0.01249204322761296 0.08611014869093135 -0.05111419780422135 0.007189500625408214 2.8631137119148668e-05 -0.00030492441755784863 0.09827950876117314 -0.674930827169923 0.18318102071146727 -0.00946123988626919 -0.003817529169278424 0.1515244428041019 0.582337628006883 -0.07765270078626998 -0.003047064548529957 -0.30166825522801266 0.16817131550251327 0.00656600199868132 -0.058659459968764455 -0.0052422321486160816 0.001356271744057446
-0.01387087970248416 0.08653538097728732 -0.04991234479047191 0.005939266200445419 -0.0007406209182800998 -0.0002956144028312711 0.09927511428982609 -0.6754965897966175 0.18331314654216158 -0.011758505120434875 -0.003339882608728006 0.15221295267098098 0.5809197052703841 -0.07920134935984523 -0.004084770598600543 -0.30233440112798055 0.16776159516111466 0.006444285982992564 -0.0579410571126068 -0.0035286285864666238 0.0007351218221298645
-0.014076525693621706 0.08586498046934968 -0.05129936046776839 0.006022807738326922 -0.0007606172072097004 -0.0002682865041056118 0.0991784364114775 -0.6751095731239943 0.1838967861979474 -0.009931117734676738 -0.002973223853857939 0.1507712662279856 0.5817403204201086 -0.0798871411023372 -0.0044618952816096605 -0.3009113807539256 0.16939418797851072 0.006584726040474524 -0.058076042057521995 -0.0033771229888280075 0.0006596682429488635
-0.014640919474927856 0.08526899316075151 -0.05034161809317167 0.0060460863034634 -0.0005593744227325582 -0.0002515432773921644 0.09888088930117896 -0.675301048922679 0.18342579474804646 -0.009856350770733088 -0.0028972534205647126 0.14997934682166125 0.58225837151059 -0.07953592494892307 -0.003909193529415166 -0.3020394093669894 0.16713220243681193 0.0067536457645558205 -0.05748678160195257 -0.0035355780026081083 0.0006713881222882605
-0.26272162254197895 -0.0012326002590102789 0.07088494824704944 -0.02881917291140055 0.002904806091151753 0.00790960303031761 0.017982672586550383 -0.36011530852386786 0.18816597966932858 0.05002302041300008 0.002951196655243082 0.42453070898861733 -0.46201120442707655 -0.18956974746787889 0.06580183688865936 0.35079527310461794 0.3094063004343141 -0.16191464593501384 -0.17958120342937345 0.19485001051892806 -0.08919995779223826
-0.2577319965438346 -0.0010118845679181554 0.06609097598164404 -0.020369184762995218 0.0037368669246513114 -0.0037664426515815613 0.007031887971523945 -0.3675317405816605 0.18545809818276468 0.054541943577991414 -0.015537813535150095 0.41639678443446093 -0.4623804475165873 -0.18863068643897707 0.0561548498548217 0.3629330232138533 0.31087589301553104 -0.1523690439053817 -0.17645217552705708 0.19656576572832035 -0.09354828785402845
-0.2564611203461745 -0.010416402796654936 0.07351074976296527 -0.032134377659277256 -0.005355431494806524 0.021121136893226148 0.009335393877464734 -0.35449675383487605 0.1817599909697408 0.04714098756922969 -0.007902302494757074 0.4131502954034543 -0.4615824126330942 -0.19240822918951087 0.05818859821625932 0.36310433226627714 0.3165444813073226 -0.16628745261484626 -0.18549841522485772 0.199078057347624 -0.09074526278208649
-0.2710672452330396 -3.5640533820188083e-05 0.06866898997323347 -0.0320456206233018 -0.004103640043401889 0.011918240300702952 0.011690836015207836 -0.35251374226217036 0.17407861384839085 0.048488598110860905 0.0016354459625368576 0.4249494250161913 -0.4576591191571378 -0.1880079668935392 0.06385933278970274 0.3560233333532326 0.3160952292253583 -0.16008933313626458 -0.18677236772065198 0.19595355581118354 -0.09232283179066009
-0.2640400239628642 0.010664067045635115 0.06806860635574216 -0.03249854842513334 -0.006369629190409046 0.009542671240211272 0.013537167129759308 -0.34422390258494057 0.18677912903705543 0.043901700521853236 -0.0009173824592356226 0.42284947108863097 -0.47375972894837337 -0.18906706609875917 0.055751089990513536 0.3534454644169024 0.3097511559878437 -0.16263146681514318 -0.18192644456751994 0.19519984883735372 -0.0907570781746418
-0.269236191312381 0.00437464767196319 0.07893269391158743 -0.025694252785142764 -0.01137814772737958 0.00685593053758473 0.007766289622254911 -0.361262243495041 0.18044986686635117 0.047100451399209806 -0.009543873657926749 0.4174383352664209 -0.459410907395371 -0.18754732720368997 0.054850045130399226 0.3573882806936092 0.31054096608757736 -0.1620971058703447 -0.18148887488424573 0.1994472345448138 -0.091283393978435
-0.26630514984994696 -0.00017644638471590437 0.07062535974737168 -0.03248578853955856 -0.006690234697523659 0.015065038766227432 0.010853362462000053 -0.3592228209572041 0.17772778694458516 0.04223864257169397 -0.01100797768752032 0.413833957817824 -0.4634206692104673 -0.18991828492042517 0.05220343898235006 0.3629109035674021 0.31664814873560776 -0.15911772563139404 -0.18183141151392412 0.1933749679863179 -0.0869396215754397
-0.2742095908048198 -0.012622404343070898 0.0710804589419155 -0.025521494166101645 0.007406624857676615 0.014317754254881541 0.024923152636099764 -0.35185808313437134 0.18589943426116065 0.04754323120378421 -0.016693826755245847 0.4115840302868245 -0.45964536876273987 -0.1974123356375032 0.052391787979816314 0.36550877881151345 0.31264498229542836 -0.1543540210219553 -0.17970108278031655 0.19597310365599646 -0.09436505076329602
-0.5550802764271158 0.4239504244836512 -0.10306342667071791 -0.15364934156669943 0.14016168300321166 0.08845038786150036 0.2269774104279682 -0.10832076857422009 -0.25051313722384855 0.30582262455160575 0.2406605256800718 -0.0277590218276966 -0.13537028869199258 0.24595925445976388 0.2563276001176973 -0.023181378460619288 0.08812282634283486 0.13366167997872927 0.011997015855297163 0.037133513487438936 0.003504599629676592
0.39106093712580303 0.006563166069603385 -0.35660285398708885 0.4497802390108116 -0.028708548539681203 -0.08040411566261724 0.004928834042480657 -0.29500711557433273 0.5583189198209085 -0.04710812201041073 -0.1685396541128281 -0.06110023654970002 0.22889958118743822 -0.03150910508126577 -0.13834733613226272 0.031259553461356844 -0.007551431022579968 -0.05818808425591911 0.003827401082633681 -0.013264192053850607 0.001190708836479443
-0.09819467837302646 -0.1713035799288487 -0.17979279428352976 0.3931353567562122 0.057533459744507506 -0.09564789580282454 0.09196178371487547 0.19306441737050756 -0.6335796748686899 -0.12347456770504622 0.25706220562369375 -0.05181471770514598 0.3402564981094485 0.09948058593871817 -0.27610823314267136 -0.06089700851458918 -0.03562893585974867 0.14827816463949617 0.00470465584385908 -0.03995595582738728 0.004258689358139377
0.1794492660096048 -0.13525806834897003 0.10208776971063475 -0.2702495861899515 0.10282346382604511 -0.008729638089543789 -0.10053836675131336 0.15127506085099848 -0.6049108821428463 0.3079132635658277 -0.03245288192446781 0.05775655247361767 -0.44431565367082154 0.3394471575489526 -0.04717036834977935 -0.10972808521745361 0.1674853473246602 -0.034909411982013826 0.02980356380199611 -0.01491888213365785 -0.0013492253151281262
-0.5625356709745115 -0.41370314180682183 -0.3231282798770028 0.5603984792118528 0.1053945603751834 -0.08266020851681777 0.04502756433198957 0.0875862177308225 -0.23425057225087106 -0.07719147065562343 0.061828603082016736 0.0008929565456863967 -0.0050204431599658195 0.007150305155604888 0.009576642433572265 0.01922413206927029 0.00502789894651546 0.0016052176381840476 -0.01880408161883066 -0.02181731299811025 -0.015967298556061077
-0.0006324080140331354 0.27148729186596393 0.06151962384131854 -0.7056649797780058 0.2637541233346454 0.0673472714684474 -0.06769945201019174 -0.023002380897717948 0.5016709174544698 -0.25168490562328083 -0.0836078430272632 0.002413567761411078 -0.11633225571629856 0.08863975692195632 0.03958891994642358 0.009683447949454485 -0.012914445489855354 -0.00968370175368324 0.00027592943613687874 0.0022487483124524637 -0.0005146919966090375
0.2572914576510982 -0.015647390585894913 0.0031698540114015903 -0.006514882531390872 0.00679809435518299 -0.0023906545499702836 0.1854492572852583 -0.02917459072998003 0.000936188836589895 0.001839279237662304 -0.002225367699682579 0.23421222115444365 -0.05684226426096151 -0.020473427734029215 0.00918984590725833 0.331796329723409 0.1665113563843122 -0.01196639606520493 -0.6698828269757344 0.14537941708436847 -0.481428934392115
-0.1347985460778147 -0.24481906636528591 -0.035889125722018085 0.0052760771892684 0.001088720070397399 -0.00015134181427505118 -0.7762345334401383 -0.23533551685597323 0.04704445671835087 0.01928239052558639 0.0017141904311987772 -0.37337442935094123 0.1507675977529708 0.09243637914664554 0.007018705100056476 0.15798139627483512 0.19661553702182447 0.02084438498465786 0.1541499212823861 0.033048148291629095 0.02067313962637439
0.15401003293064366 0.02295806242253321 -0.031756974966752914 0.0897377595690621 -0.09133191163896855 0.024256005001858292 -0.02373456650736075 0.06480654496431706 -0.2754437612927125 0.3707657375968786 -0.12491790482406773 -0.03300822575968787 0.2818356845393421 -0.5665848912772002 0.2565817802755657 -0.09578418186087934 0.38745851773690204 -0.26263571194856106 -0.09875327063756001 0.13385862841924925 -0.0271713099047734
0.17325792381112196 -0.16380709025221538 -0.02516482505892711 0.0009062544427990725 0.09769325328377114 -0.11301349868289381 0.1906014149423054 -0.006342394134158794 -0.008938272609736155 -0.004401298497109251 -0.00910250692915539 0.2055390555685628 -0.13550688737106828 0.13759341015241805 0.10437232688450278 0.31410862296617564 0.27558949340193767 0.09719109343434708 -0.6381514933895811 0.22538865898898858 -0.3887368542872378
0.1385280352839716 -0.13909938651901815 -0.04024560771174024 0.052244658585519674 0.03912991259846057 -0.10566970739654798 0.10130656604749672 0.016052549990888402 -0.026292615050712075 -0.04800955604270259 0.08861293530531189 0.18466142252582735 -0.1399373318676383 0.22119345141235408 0.019525092916951942 0.232340516597923 0.22540556236653042 0.08737119495247994 -0.7261215074672888 0.21672719570407914 -0.36525199211042686
0.26320336063392075 -0.005322678696714086 -0.00180848779341011 0.006488177513970255 -0.002416037968051083 -0.009987301845930954 0.18315651251517626 -0.02006912103244686 -0.006282195188213764 0.009421642994049996 0.0021400117729848773 0.23360007838502486 -0.061639263646130836 -0.012771843491833114 0.008221299993712926 0.3387238406766838 0.16667088658180626 -0.010613408633952074 -0.6661075205876406 0.14731781078414075 -0.47941243013590135
0.2621254786261012 -0.005376861171285736 -0.0009115869837149624 0.0039023489436459 -0.0014255283520615697 -0.007218949528180712 0.1848700323769772 -0.0228251059404483 -0.003919989393008608 0.010991850505415185 0.004610710596348766 0.23697168472711078 -0.05680775630277144 -0.013175855294733531 0.007584918139251629 0.33958035474515524 0.1661416111281554 -0.011200897489309865 -0.664632821398846 0.1451940735171133 -0.48047945297111916
0.2642510877393512 -0.008594692161366204 -0.00021411654561944885 0.0025445466246191515 -0.0013326066169633782 -0.007378204965229581 0.18064379585259438 -0.02308829291813602 -0.0014044094167511526 0.008211795795567153 0.003125980238320378 0.23492209416704946 -0.05783623047253598 -0.01255093037546663 0.007481910253002303 0.34068402974513756 0.1679464815108133 -0.012352412405905153 -0.6662436266372165 0.14621270999696823 -0.47787076646333077
0.26142892496437825 -0.006237682270335807 -0.0012191706631400805 0.00551075658785758 -0.002036344111588134 -0.009757602758902017 0.18345755227772423 -0.02378506922793296 -0.004102214491853558 0.009347434813367153 0.0009661435234722884 0.2336089378977776 -0.06396041146002808 -0.014798789657433852 0.0084755158374337 0.3395116383959936 0.16619065352756746 -0.011188956269239492 -0.6654146907063446 0.1444000171876559 -0.4812084726632912
0.26553678657443996 -0.007725381344322271 -0.0005397039374463019 0.003068222792071316 -0.0017974691247497703 -0.006200051047720361 0.18199258067039056 -0.02222449066378068 -0.0027248884066464582 0.008737062131402287 0.002037689009666915 0.2337789925493305 -0.06584953090551121 -0.015358016845953771 0.009789198962149137 0.33870475766082747 0.16393613358115713 -0.011738762096133821 -0.6664800512087502 0.14135771989431137 -0.48004594541256423
0.2602196769531565 -0.0044795732023523195 -0.0003004810205837306 0.0037559069334926866 -0.004453843146731316 -0.004110310821741028 0.1819877099096085 -0.021581563530142407 -0.004265403148350546 0.009587870005962406 -2.7584010262815224e-05 0.2394346675775346 -0.06268896211711332 -0.012339394619456998 0.007578459397962438 0.34075613862287396 0.16646986121280843 -0.009640456573451908 -0.6630657332147554 0.14386111836841017 -0.4824714144591312
0.2612161222517051 -0.00785901514650967 -0.0005063931999102452 0.0038480359411645106 -0.004312967159748712 -0.005593658140131063 0.18029576680523535 -0.01863646720414941 -0.005117900214699846 0.010161779398772731 0.0026698960331282065 0.23948125182622146 -0.060736747901320394 -0.014084342012402792 0.010117082846491342 0.34071327724931666 0.16954438265457805 -0.011393380216671044 -0.6644958795817892 0.14494749078265418 -0.47935666748283984
0.2593655129612342 -0.010930729878582044 -0.0012835503662795998 0.004570856256511703 -0.0016378930623694654 -0.010372340271064833 0.18260487612443743 -0.019691590584176747 -0.005634796544863295 0.010217688097924161 0.00428388047793538 0.23693145099930096 -0.06115078270654656 -0.013809722811005518 0.01050311700448057 0.3371171681890142 0.1655145602289417 -0.009405545247452936 -0.6664300027102307 0.14277882316519122 -0.4824595565895859
0.2627925590198298 -0.007302925019883745 -0.002056930185446723 0.0042690298616649925 0.0006730583513785743 -0.006286141471500902 0.1826316425106397 -0.01669756785021883 -0.005322334176691223 0.005656047248327667 0.0013708224109793277 0.23596324479499536 -0.06406054141099823 -0.01442877658915066 0.009416085643766572 0.33989127216785775 0.16853711798168763 -0.009638284725990957 -0.6627504055754194 0.14688488883291495 -0.48188455964022875
0.2652150089486319 -0.005861862586785932 -0.0011398208705661798 0.004035505356888349 -0.0010629262355274832 -0.0077000942432002995 0.18379711429699366 -0.01988251646244023 -0.0020637804699672187 0.007727404236025463 0.001852962319687158 0.23562065321732514 -0.062363714816096184 -0.012839560632645772 0.009566784175665194 0.3424380524890483 0.16745194090457194 -0.011967301673677534 -0.6617644458150591 0.14667766262884704 -0.48036249106056195
0.2634050176572068 -0.00941523390365591 -0.001486787166606003 0.0040577629101498725 0.000727184614901549 -0.008762511942702018 0.1816658240789574 -0.02142232369514173 -0.004880309780824688 0.008291389563836571 0.004402942446389622 0.23816833470277496 -0.05836294404020669 -0.012481341973539166 0.009089680704806525 0.34207384751503384 0.16512543110158417 -0.00822044674256658 -0.6637752548257572 0.14594331882422518 -0.47983902341200463
0.26186870875416884 -0.0072210457624064806 -0.0009656882445994399 0.003079967256722751 -0.00013816810182758324 -0.005422586001765958 0.18137401076149728 -0.024502422298690117 -0.0049214688534391 0.0047471434313886415 0.005661482231845376 0.23106583824988 -0.0589612720776187 -0.012648767427805836 0.004864778706830807 0.3414422593137375 0.168684558772484 -0.011872414660958262 -0.6660917996374599 0.14793556203494518 -0.4795457296271425
0.2603174521699937 -0.009043932512847611 -0.0013445772053092163 0.003198786809521827 -6.544320076968591e-05 -0.00515120340489048 0.18320934578760795 -0.0207049374292471 -0.004934089884455331 0.005703070621558968 0.003791127551122616 0.23454459071910136 -0.06434292744498939 -0.012833887862011213 0.007922603884799814 0.33944024806101136 0.16431192026691993 -0.013049833681603517 -0.6636833939648956 0.14608877724295527 -0.4842150669993655
0.2624232581110822 -0.0037844492937404426 -0.0012008595197610813 0.0034261630074188983 -0.0009085771006558923 -0.005635092614163087 0.18329237599619505 -0.022317470887723564 -0.004984885525135822 0.007396583275673577 0.0030299721668160906 0.2344330821262703 -0.06044998127156758 -0.010551937506169827 0.00948485900956109 0.3372202147366669 0.16803219596678254 -0.008608882859778481 -0.6671572540818775 0.14456031051528867 -0.47963921967921447
0.26099637593230207 -0.003939952577866581 -0.0011586296873827746 0.0040639592805694095 -0.0016318407267589385 -0.005685100894555104 0.18307003254478 -0.020746954518984135 -0.005316356975468473 0.009157688765980634 -0.00046726067154864357 0.23476984171592002 -0.060265651907523775 -0.015190910801949316 0.01033673478628018 0.3365622181059667 0.17052356629463924 -0.010829234811015562 -0.6645318895684983 0.1446915077189279 -0.48338464946039994
0.2634743762914543 -0.00772614560823216 -0.0006519192190161022 0.00317924651809519 -0.0015891093953464734 -0.005153464595591208 0.18314134617408168 -0.023170386461561103 -0.004194104621236138 0.01058633670874975 0.00423783424244329 0.2365921536903694 -0.060537406435882186 -0.015463701782528481 0.014137303397471181 0.33921659164810475 0.16585107917383068 -0.010200088125941158 -0.6640200896016752 0.14252692012548637 -0.48193564821732426
0.2652051209732713 -0.006207657386051858 -0.0007338799593318698 0.003300335488674505 -0.0011667802027866352 -0.00662259191527248 0.1808387305936786 -0.0239566478838008 -0.0035020706218557257 0.00740883938486783 0.0037549672394341744 0.2359011664759051 -0.06107455198407877 -0.012495700958990757 0.008859168834829243 0.3387706783941212 0.16593932202758405 -0.01089035216849195 -0.6664491192869981 0.14278628643761399 -0.4792043024729927
0.26088040322856876 -0.009986509674457442 -0.0009162045021290339 0.004418484648407686 -0.002709549391580589 -0.008231555737450963 0.1810292067929869 -0.020192932886867944 -0.002714313429857356 0.006990755523363176 0.0019108036794251043 0.23288402385862558 -0.06081013028541766 -0.011089693205501606 0.007999779863873333 0.34217526949521127 0.16994860644628865 -0.011155866236004806 -0.6682656414530315 0.14689399259789537 -0.4755412458614213
0.26171158256369387 -0.00800243806443961 -0.0013536599753478467 0.00337603454464817 0.001911406547834203 -0.009577132233628662 0.18135381980067591 -0.018534710039759438 -0.004835755251294196 0.005880898999133281 0.003141086643296233 0.23492683961982289 -0.0615904046219757 -0.014913202270406323 0.01346007866573611 0.34161646311395144 0.16748699090734465 -0.00785809835952105 -0.6653221395881511 0.1431050926205595 -0.48031050617011734
0.2611980292393636 -0.007546794815067443 -0.0013364539307829085 0.0040865309104005446 -0.0013590963179816653 -0.008775764056194674 0.17993497837414157 -0.018181361446215027 -0.006309180993640338 0.009374828706926491 0.0074554027502015735 0.23441808744799322 -0.059732957901792755 -0.013716255058203793 0.009659557804142035 0.3438220690094327 0.16765285826337648 -0.013612984381465871 -0.6650032569278036 0.14177286422067117 -0.4807226425095501
0.25878088085614115 -0.0073422790715746205 -0.0007380454583572352 0.003095853149289225 0.0005790445903862967 -0.008428758201433009 0.1803311597302077 -0.024339206695616268 -0.0031440830072495315 0.008077353346045096 0.004287571287712947 0.24055339119342087 -0.06332576646300649 -0.013886852217756844 0.00885935082651813 0.34081274053757465 0.1673549284628987 -0.0098470054435752 -0.6651781809290537 0.14088152718947727 -0.48060046377405075
0.2618964115251061 -0.005764313847360832 -0.001750411119364512 0.004996811920386383 0.00016418142109521843 -0.009750891856691346 0.18297115916130352 -0.021505301177358938 -0.004214925085825725 0.008836494848824343 0.00017558079983145408 0.23952322822082522 -0.056791285006185084 -0.013363926927934353 0.01006241223321726 0.33915188359603937 0.16918653233653963 -0.011139531860164689 -0.663468841017819 0.1440700008031425 -0.48127059592977256
0.25946867623254116 -0.011691283751787556 -0.0010596650054506575 0.004007999098960119 -0.001002051627471962 -0.006657005193256733 0.18394308559094713 -0.023369161768171845 -0.004761522329879001 0.007017367935314056 0.004054172122065425 0.2385075895741616 -0.05677461175804401 -0.01367670289308872 0.007246530501557622 0.3372868925498092 0.1658826058015301 -0.011247740953001463 -0.6654816663663352 0.14578758904377567 -0.4818014381032947
0.26150631486867537 -0.004820784498712161 -0.0011198371435723858 0.0034676937222790027 -0.0010666814757232248 -0.004569541796865715 0.17914079306091255 -0.02265919242751865 -0.005961198538947636 0.009170850278361765 0.005748504208161332 0.23612571027000795 -0.06098526728757628 -0.014409811392567563 0.00812120592718188 0.33691039098141157 0.162885672350193 -0.012870442175514215 -0.6656510641199673 0.1452660122945521 -0.4844075302179389
0.26069964960375636 -0.0075269874306680635 -0.0015689862918861414 0.004529560179295747 -0.0005378146314203271 -0.00685239691238198 0.18273285003615547 -0.022475265487765742 -0.004870636087952487 0.009409047587759392 0.004370849871258195 0.23848594066498 -0.06546874471675228 -0.013704627842424858 0.008685726292679127 0.3399370982128315 0.16525210534192927 -0.009229670269899796 -0.6649220494755983 0.14368669189820932 -0.4803521541701811
0.2627508324021277 -0.0061370239751462035 -0.002071417749053999 0.004199906661958878 0.001815887560283802 -0.00974647267531948 0.1848590405410462 -0.018585875067925528 -0.003970011489374206 0.005763066365417684 0.003562660789273587 0.23449552997862413 -0.06500335188645884 -0.014178975286571945 0.007443153651932897 0.3417255479253001 0.16710441562474673 -0.010874275129124322 -0.6645284158487307 0.14171644891499477 -0.47984795871510016
0.2588089116240661 -0.005905584457189107 -8.25828935183201e-05 0.00183483797444941 -0.0024406085497868987 -0.005040610629804145 0.1804685301895383 -0.02090888475488098 -0.001295732737870012 0.006681072713150451 0.00462424226262437 0.23453554464375845 -0.060227786066321315 -0.011193874685131147 0.008612365240731449 0.3384197444002662 0.1652211447511341 -0.013021373765593675 -0.6658279037634542 0.14767929420810935 -0.4836417075073726
0.25989616091746165 -0.008704916104709502 -0.00300361370308406 0.005560658882125063 0.002305018532426105 -0.010908449260600363 0.18127400822065573 -0.02037635141109799 -0.004569525212907718 0.009526317581359517 -0.0024147496068555904 0.2380086072544493 -0.06085893106624563 -0.014440387192084441 0.0077387466919318715 0.3413284111092031 0.16691037985649823 -0.009866199953822038 -0.6664597282485153 0.14107865257697208 -0.47923632969080304
0.26245994057959765 -0.007071909218099951 -0.0013909971908913422 0.004505044702685285 -0.0015493720758934723 -0.0074905562526769295 0.18296195141975116 -0.01885800600608534 -0.00632282200690994 0.01107629917407314 0.0007740710210829128 0.23665252180726964 -0.058988845061428125 -0.014196649254480314 0.009936234731060922 0.33814762124948283 0.16650834558045863 -0.008358528427521234 -0.6652064815233255 0.14353999280986385 -0.4816259883448772
0.26153894823742174 -0.004188467114782542 -0.002029219574364166 0.004853937669354431 -7.339564984556807e-05 -0.006163617667292757 0.1845183722048852 -0.02323089899860676 -0.007447336280683464 0.010287053624820677 0.004369094589982642 0.23537606229226954 -0.05951889415311981 -0.016797318236705338 0.009486867744835302 0.3412984722796849 0.1666441210383765 -0.011206043780281064 -0.6637384456582517 0.1478064919236439 -0.48026510664802174
0.26508365041685633 -0.005970191618530512 -0.001858895906987195 0.003979890284654497 0.001564839765122392 -0.007295728561275228 0.18029766272621506 -0.023944929765996575 -0.006271798921873838 0.009664464562735493 0.0058048210414003275 0.23774264274526738 -0.06134149115627101 -0.014556172839751517 0.010353561820280384 0.33761453386757617 0.16655627123199376 -0.010575822028594544 -0.6649720846049201 0.14357651967531473 -0.4807609376335304
0.2601076141213051 -0.007987765787809171 -0.002301856361234481 0.004726303512074104 0.001179558987134561 -0.007950335692348083 0.18146321443860358 -0.02233207364176631 -0.0063213811057593475 0.010188673917902128 0.002150791436809315 0.23562277116807978 -0.06118525360609007 -0.014175548582381212 0.009991994609657065 0.3408395163756692 0.1635848675132431 -0.010026451678981961 -0.6648830745937336 0.14519844816516608 -0.4825611422300301
0.2617740332261803 -0.007329323308650988 -0.0016275601172586662 0.005274014550285517 -0.0024083021759404187 -0.008820898936244754 0.18466865704700522 -0.01892376525281857 -0.005031247778267089 0.010066391192145781 0.004212049054394934 0.23496284611585122 -0.06280357332561647 -0.014260866609041493 0.00917972096200103 0.3439795689826254 0.16966679087226771 -0.012095507525547515 -0.6616723782791085 0.14522815284261015 -0.48073430315358395
0.2629044074702801 -0.0076419214077378585 -0.001636594764830515 0.004452140720140535 0.0009099829928529624 -0.011883580111354248 0.1775311866427455 -0.020496334805853413 -0.0056490323975008526 0.008487233974665461 0.002386871452802687 0.2379769772821016 -0.06143171081279325 -0.012965484739098995 0.011231989731671282 0.34105252596953345 0.16679061838464707 -0.007716382325553332 -0.6635005340545815 0.14654146392229672 -0.481671325954453
0.26072256929096754 -0.005073539077152949 -0.0016980152206398501 0.0047243608787207025 -0.00116808254154249 -0.007276625323848632 0.1841946844691966 -0.019678479279859183 -0.006407062790290928 0.008208828469927036 0.0031739469409706443 0.23626609174795565 -0.06344416789699199 -0.012689361521960135 0.009150128514160949 0.3378244187629959 0.16357039662581027 -0.009932252446124602 -0.6666402564763515 0.1425854469285698 -0.4813256425812442
0.25997008013032874 -0.008289975886440057 -0.0013394333473912081 0.005721651956247175 -0.003211723227543944 -0.010566499551590416 0.18470675276248932 -0.02185124972769911 -0.005020713372881649 0.010835610469291197 -0.00014051109264116485 0.23792862230832046 -0.06071150016993055 -0.013505021699715953 0.01129425799466478 0.3408057511810322 0.16782782782140288 -0.010378351979389192 -0.6633528753517185 0.14502537717388322 -0.4809947277901662
0.25730970100105816 -0.0074250170531623095 -0.0007294917526382562 0.003364173518821321 -0.0017302453485675275 -0.0038550561458242623 0.18141484433635446 -0.021105369337191218 -0.005160897462996776 0.007980673032926183 0.00576423239154288 0.2377915245161346 -0.06240626480351422 -0.011598271629345324 0.006543805544474219 0.34325413913554964 0.16222706578730514 -0.013127336238845638 -0.6647972423900196 0.14496715602650673 -0.4820017148614668
0.2594703917861871 -0.008055704405001715 -0.00039228384781217745 0.002844198308592107 -0.0022749893607086533 -0.007753818615565986 0.17920905198698994 -0.021551255992401454 -0.002373683179970236 0.008012494285963843 0.0027912275005500527 0.23574825411247327 -0.06190121308291715 -0.011687671123570019 0.011385115890348364 0.3412484849853874 0.16816386736135125 -0.01271056761053036 -0.6644955523951163 0.1503130031487528 -0.4807951549667918
0.2596166883531479 -0.007761692072788303 -0.0008866946622113236 0.0024512597469845887 0.0023821208754387243 -0.008193587133493652 0.18398214663646406 -0.023394170407925758 -0.000679757171259803 0.0051929015201034705 -0.0003381480371731585 0.23503698533682343 -0.05830096936261913 -0.01198204115405582 0.005593607272040145 0.3414552012725321 0.16299659526154184 -0.010851314780019808 -0.6677436879937291 0.14045649178574499 -0.4799290229709439
0.26095621680806397 -0.007928520631575217 -0.001157259307734623 0.003942436710050216 0.00023120146247537367 -0.007214798970712011 0.18352929278155578 -0.020167947048630015 -0.00622575346562819 0.006688775654192391 0.0024379096215418113 0.2359634649137609 -0.05985748446361305 -0.012154159453474802 0.010617008207108702 0.33608153778456185 0.16406006628986503 -0.00835935595944598 -0.6649191927966375 0.14342615001157763 -0.4852254267388908
0.26249253321511895 -0.010908284875493158 -0.0005638757638013937 0.0023220705999594344 0.0020668160606738396 -0.010167373479658695 0.18141883424620325 -0.02256729848710546 -0.0005429324838406134 0.005718536156524093 0.0028640601543888336 0.23417457405971634 -0.05914191994105786 -0.012728512951017503 0.00863428409017676 0.3424358680513024 0.164131324971339 -0.010965244857938964 -0.6658023180946404 0.14222909072140624 -0.4806105383508235
0.26546819770992774 -0.010159179412602401 -0.0009809252792820264 0.003021062019366073 -0.0005828284669857965 -0.003969633901077023 0.17946138784381163 -0.020588261119067894 -0.004753411852190729 0.006963524909984475 0.002328313872811823 0.23410562500322238 -0.0631736646035116 -0.013839171497210702 0.009149746279681731 0.3404200497575656 0.1684924027435724 -0.010409219366345611 -0.6643684323333584 0.14241328622751506 -0.48121519253827477
0.2605963403549285 -0.008006884550214484 -0.001446584634789417 0.0050913441922086295 -0.002248343500634813 -0.007065605545102989 0.18547082362360165 -0.02159297969752146 -0.0037648235028004263 0.010585685412254464 0.004823527665456021 0.23482586570825023 -0.059800348638643565 -0.01184920838243836 0.007466372288912377 0.3409785561178631 0.1670355303725419 -0.011927049068412063 -0.6652699124717601 0.1464764749965696 -0.47923160639534335
0.2640812379755698 -0.006270271418058615 -0.0015602910778849555 0.00475266759221677 -0.0011562132768115222 -0.009704011804496331 0.18267903445266848 -0.019393207857458964 -0.004353888141773471 0.009136824815283391 0.0020130296714289263 0.23720184910854636 -0.06094657994424771 -0.014751112757404197 0.011100172883249595 0.3365189163116579 0.16542358033297055 -0.012844196796363273 -0.6655652661253134 0.1454092004127451 -0.480657002122057
0.2630022527405989 -0.0035017278431492887 -0.0020180665475513955 0.0041921220800636635 -0.000405581224039184 -0.004702571761862203 0.18467998894070917 -0.019407766929045486 -0.005871923726858332 0.007999620987065295 0.0006617677298350869 0.2329716712715998 -0.0623644896679518 -0.01192609009287101 0.009258707088538664 0.3418345734831529 0.1654916994105128 -0.009110285493788348 -0.6643792890495003 0.14218115184306354 -0.48152006923412266
0.2606452950631181 -0.008187157803279908 -0.0009665610197568351 0.00329034070272516 0.0007293751030750928 -0.009295333453970146 0.18599901152774204 -0.022338924173772513 -0.0029783209490087267 0.005525357169361545 0.003211316666413257 0.23718597440399897 -0.05967353204526783 -0.011089485127454987 0.01040985404191786 0.3398859902932133 0.16803007504524595 -0.011189475212880152 -0.6630795992713262 0.14288759215868047 -0.4824222818358288
0.26171521623576843 -0.007165389593476539 -0.0010774312175096455 0.0037417204933659813 -0.00048433324526322454 -0.007440501709094444 0.18020596193648789 -0.01929299894811767 -0.004847508505839628 0.006560202494987739 0.003810201062142714 0.23799641280302117 -0.06201697980954336 -0.011237712650089287 0.0092605826440827 0.34027282988638985 0.16736451398399996 -0.008867411850233322 -0.6649979916057166 0.14547277395130453 -0.48009933877536043
0.2622459774514957 -0.006587362821752047 -0.001525258897278303 0.0034550712980508562 0.0015781128873456319 -0.00756662948331452 0.17853144797034395 -0.018793043895449613 -0.005143868984423288 0.006829229543909904 0.002315380549153602 0.23915099368168954 -0.05873444570286603 -0.012282772346051239 0.005988572131525283 0.33794323801906095 0.1655505660234777 -0.009035687722521267 -0.6660595172555929 0.1476076515138888 -0.4804761213219425
0.2628372004320393 -0.008933808232638951 -0.0007187982759152774 0.00265892405392996 0.00018121873908161405 -0.006642409412118367 0.18208734239067398 -0.02229004427746079 -0.004152808623026661 0.007164131444313796 0.0035597415435928447 0.23848396061247623 -0.05915292949117917 -0.017948169400837433 0.010417805833515191 0.34082296502504333 0.16718744630962581 -0.012499289164734317 -0.6653724648654804 0.1403077308566796 -0.47913660181202455
0.26426734174745703 -0.008940009168285098 -0.0011552609747023544 0.003521499082374559 0.0008503642848212225 -0.008239564253290869 0.1809069404890473 -0.019595903887605313 -0.004875250823557281 0.00825020213476803 0.001656003179088037 0.23641399643696726 -0.06064041605241663 -0.016697383115698506 0.008414146451565395 0.33884734563311397 0.1618921469685666 -0.012619415779355873 -0.6663777036021665 0.1434690788567971 -0.48067421727587417
0.2591846838156315 -0.010061275023208338 -0.0014823848472206656 0.004536121379105882 -0.0017675726709777296 -0.007461261884298534 0.1807720995567101 -0.019836766685521624 -0.004037772345325677 0.008517054239425717 -0.00041503896881552266 0.2373493282475321 -0.059548683012700186 -0.011959210448029198 0.009650622833376258 0.341351190491729 0.16988817343293133 -0.009596420997422904 -0.6673848423464898 0.14507299595930617 -0.47690576634924553
0.26257495744260234 -0.006222312303822146 -1.1581127228075053e-05 0.0029302139585341783 -0.0024733502617720208 -0.005745344947168605 0.1830320802372379 -0.022339539545224475 -0.0036935759340537924 0.007371858979134038 0.0024930168425382425 0.2331742803471773 -0.05992941232705388 -0.01420491068489802 0.008987908139199021 0.338969573397836 0.16829737763407873 -0.01172747256214206 -0.6651097728029658 0.14319159413718585 -0.4820921756922475
0.26097910303606564 -0.006502249711387855 -0.001135248940507918 0.003986637360503495 -0.0006659722240182236 -0.00838444305885984 0.18533468467366626 -0.019400065596537782 -0.004437583374113476 0.0069686264825482135 0.004531011443917459 0.23493189794364996 -0.059883593408465954 -0.011114467922399413 0.009873294082649182 0.34128509462898765 0.16618400457338833 -0.01028775872402103 -0.6641231360953928 0.1423130726811203 -0.4821146437437528
0.26232144535351 -0.009539159400018843 -0.0009177823248636382 0.003971529623738326 -0.0029647211290066175 -0.004738909030576606 0.18195843940340078 -0.02129594897586341 -0.006222583011977005 0.011864871746435919 0.004062267852476792 0.23629269257081392 -0.06148004834081324 -0.012992578232839346 0.00827984117011785 0.3397598369935105 0.16506651314314363 -0.008513595009698841 -0.66508347276552 0.14627569918181996 -0.4805726054533358
0.264228135171914 -0.01025286140460233 -0.000301913710607037 0.0032787687109962 -0.0031288934545609564 -0.007861876998055288 0.1809849265107726 -0.022920161893054097 -0.003155697984152367 0.00943053985287 0.0032640031695315283 0.23418417998039232 -0.05979653389886117 -0.014408647291161494 0.009479752441198665 0.34186788779106425 0.1674372465239906 -0.010984301885698324 -0.6616531656309496 0.1459950736099386 -0.4834885350430286
0.26569099246972844 -0.008169068189217539 -0.0028277920881020395 0.005182971753651795 0.0005431685167352837 -0.005861783940143302 0.18189977583389214 -0.02069457836723249 -0.00715304010872127 0.010115621480511242 0.0003898122567403138 0.23554346249503882 -0.05750408151805161 -0.01628678898773649 0.008353480783762569 0.34115393543340866 0.16526796288288773 -0.010459033401926452 -0.6633653864533545 0.14635312627171249 -0.4808309012310185
0.26613804676637887 -0.008140524004309417 -0.001601013954477208 0.003949318261332536 -0.00021609347390537663 -0.005330304422943182 0.18440804481882983 -0.019302838988439413 -0.004954322263955611 0.00677160542592273 0.004311104195662353 0.23838022332758876 -0.060128582648970766 -0.014057068842990282 0.006794066851296014 0.34055094571787425 0.1686534034691521 -0.010320835990352382 -0.6650473543824156 0.14452096221196858 -0.4756108428585024
0.2602949111027071 -0.0058917776068211376 -0.00033256545814876166 0.003263265403626555 -0.002087777241416762 -0.009514208082577845 0.18229798869057592 -0.023026449907075686 -0.0020607851600437763 0.00781461756331639 0.0038980957599668827 0.2397143811534739 -0.062472653710415445 -0.01390985911600974 0.007813055343345218 0.3387581967950664 0.16498552364907682 -0.013404677098038494 -0.6634267466497025 0.14569680476689503 -0.48282807194265015
0.25840344289144684 -0.008676016318557172 -0.0003925685521099324 0.0033941956956780044 -0.0033146302109106542 -0.00884858724913488 0.18179274008626092 -0.021829387732936828 -0.0015631653202387076 0.00856341250769326 0.004273374733863402 0.24013706155432593 -0.0640168427405326 -0.010661046909008364 0.007808381659729368 0.33940406303506565 0.16489466427927274 -0.011886005049280174 -0.6667224496108373 0.14461347489666962 -0.47909826563383323
0.26272962033293684 -0.00908881686467315 -0.0006790730901793748 0.003446639347921186 -0.002862172882571952 -0.006409383927754673 0.1798435677242275 -0.01756279444903301 -0.000629959802991619 0.005455856807409672 0.0024871308082423603 0.2387129146750919 -0.06082839961637881 -0.010960966067057465 0.005764412000367731 0.33748356497606624 0.16663151851465532 -0.013331941073557464 -0.6643300825936513 0.1449842969109447 -0.48281386825180106
0.2618591469843798 -0.007585299133496253 -0.0004957866362816055 0.003933438993390599 -0.001125814418381303 -0.008154950686918025 0.18092717432600874 -0.024446416201337553 -0.005947602027071276 0.006151376389974031 0.007065452880904786 0.23937063098426725 -0.06418755382184566 -0.01468178464852376 0.00842606009799918 0.3412831317373227 0.16703809641262674 -0.008621590454173407 -0.6651853071179082 0.14328592386294794 -0.47820067090361074
0.26231804041731205 -0.0068636519364738335 -0.0003423540592589513 0.003037670799760019 -0.003786685704860384 -0.007604620009706032 0.18478463938086248 -0.01992577459547649 -0.0033987555772987624 0.00943488686696255 0.006560558632182872 0.23619869513584243 -0.05905994671712593 -0.013322267517530254 0.007367886233591 0.3397572919411821 0.166892811511947 -0.010423476217235286 -0.6641078789050836 0.14271570842039982 -0.48172712041632093
0.2619418989124064 -0.007118311923776653 -0.0013948884743999741 0.0033212652430735703 0.0020992960295584543 -0.008429419957071782 0.1817885223942907 -0.020755917686491782 -0.005400027384505932 0.008428614887506264 0.0016976913803759476 0.23790292006807381 -0.0627318739806161 -0.017062710888726823 0.010561997628020913 0.3402561971247788 0.1672003895516149 -0.011069602801076337 -0.6674026968324965 0.14174347271311113 -0.4768230661546719
0.2600984282966821 -0.006308977559258942 -0.0010819891591268558 0.004462237637727826 -0.001501269927339792 -0.0073567746699295675 0.1816551250499653 -0.025062996537734663 -0.002541979813569245 0.008445519217863684 0.002481643490290146 0.2366789980843365 -0.05913564836566956 -0.0134591015363416 0.004171441762577727 0.33958714356086644 0.1639688926373144 -0.012400345759695036 -0.6659271218054935 0.14763140095388413 -0.48082781017833753
0.2596675938781313 -0.0055746159141490045 -0.0009153066184311839 0.0032448387035350626 -0.0011960105474637863 -0.004065072340139895 0.1810702518985647 -0.021390869746780814 -0.0037230986410756108 0.007336975855143728 0.0036352988398740305 0.23584904567409745 -0.06043567907481991 -0.014576700942815777 0.005505600951475699 0.3404856821078961 0.16644419091207113 -0.011452683653116639 -0.6667473719103051 0.14449598885927295 -0.4800738611931868
0.26208697112575385 -0.011201478570668891 -0.0038641529216543883 0.007252916350347555 -0.0009397652298387501 -0.006319394144938903 0.18552734576557328 -0.01901156900943294 -0.006796236006283303 0.0110459205581082 0.0007855426124503841 0.2363395668154256 -0.060824959827243445 -0.016362516576698207 0.006028976282585034 0.335930469279689 0.16419680370787978 -0.013078637365580324 -0.6685731139656327 0.14426892854322024 -0.4779972146214307
0.26093098028769923 -0.007793727246311612 -0.00036182334786012097 0.0035354509539762833 -0.00497060680110533 -0.005163032941560759 0.1845148437542761 -0.021586923686203248 -0.0028524442191319313 0.011362799692069298 0.00234784967129045 0.2352150789814723 -0.06088655392728377 -0.012020118720123695 0.008652237426930273 0.34135570949302124 0.16806868956279947 -0.010876192054296558 -0.6631308861662035 0.147964772034425 -0.4809967875807519
0.258452461882899 -0.007290938766469601 -0.002587030471453146 0.007135801280966978 -0.0032516491346010878 -0.0077438181193652715 0.18199256009988182 -0.020670530531726336 -0.006874099278074862 0.010870089229305805 -3.6699194598595e-05 0.23802299042240826 -0.060916900683461145 -0.011340662005976644 0.008622329577839162 0.34160319887599605 0.1642722602709117 -0.008813672958756097 -0.6665890051244969 0.14223065007078692 -0.4800125095434759
0.2640476574685756 -0.0027799591797040934 -0.001446988675683256 0.003439372449788268 0.0014413748638066014 -0.008119089800926241 0.18257109750519385 -0.01838367165822705 -0.0033039076911133302 0.005468215707531707 0.00438423659777204 0.23600819896914604 -0.05838045050936584 -0.014472147951115483 0.008324426204836873 0.3361252224569405 0.16761201105090218 -0.012710915404390547 -0.6668054692794891 0.14231052461528093 -0.4805775257300054
0.2616988857540571 -0.009945634746075542 -0.0016255533132396838 0.005243489693361233 -0.001457223633781352 -0.009513067984993595 0.1850167887208962 -0.022655530119794706 -0.005438723765659357 0.01039713906461026 0.004428886449102776 0.2352426203471253 -0.05997343918004602 -0.013538317187716581 0.009794379718559839 0.3427562089147906 0.1628380272228923 -0.011947942677683815 -0.6651646016278978 0.145065505060378 -0.47910998279704387
0.26249719925759535 -0.009061428550256597 -0.0021050322532451737 0.00459706327298217 0.0016615110996236995 -0.009365166499353086 0.18563031265640714 -0.02206154604629133 -0.004423508921343784 0.007223599886996854 0.001705173202292796 0.23739408006148516 -0.06036525910766306 -0.014943650733264865 0.006238193134623531 0.33922634526606077 0.16620286282760813 -0.01092770970714956 -0.6649991408376046 0.14375256074782136 -0.4794882503572911
0.26474080795143456 -0.008041041350071622 -0.0020302598984746107 0.005250998450486332 -0.0008695099168496358 -0.006706196914558104 0.1813707403049142 -0.021376618193543865 -0.004605948278629264 0.008433640128912987 0.0035408397936885316 0.2363739868617804 -0.06231365986877407 -0.011303849925875171 0.007996919958147043 0.339705564439919 0.16548741717911541 -0.010768199685681108 -0.6617217839369381 0.14421983939602376 -0.4845499617613937
0.2628549125805916 -0.0003255955072968223 -0.0011439088496595386 0.005026109176148028 -0.00127117060502355 -0.011485111286613153 0.182750585666289 -0.022919505866713277 -0.004848844287444572 0.010657921132932225 0.003251509286394547 0.23150195208819 -0.06311827068675227 -0.015332112216812835 0.011253886779075798 0.33431797568222377 0.16882973332639623 -0.00952341496243442 -0.6652725568093337 0.14317983343097018 -0.48506373140169845
0.2636134421441167 -0.006472956777423496 -0.0012655822693323992 0.005384608672082635 -0.002408643704677853 -0.0114031570217449 0.18162270984597298 -0.020838053981662438 -0.00483248493904958 0.00933233642141688 0.004827503732551547 0.236734901859433 -0.057045196853296044 -0.012700891642159207 0.008659163146667334 0.3425527837556844 0.16873226066084354 -0.009910066698400223 -0.6617232873741876 0.144885258192047 -0.48211029577871356
0.26071144216690517 -0.005522704985546606 -0.000822641136943219 0.0034448775177573095 -0.0011339575580202798 -0.008375145597281995 0.1842812192487134 -0.02075827497565726 -0.003092423380574915 0.007065254966737121 0.005133673210882548 0.23578900568161565 -0.06528366800292118 -0.012701126485635017 0.009529146279669352 0.33913782701594436 0.1644807278128195 -0.011310772750268002 -0.6653992553700856 0.1447190213483117 -0.4810739574099175
0.26085716195949915 -0.00900153448573021 -0.0004963539732453556 0.0029796517622887294 -0.0003116804610216271 -0.006662296225350283 0.1874299804251305 -0.02258162326480444 -0.003022704530628522 0.007018347722596806 0.0018557724020989794 0.23693944882270584 -0.06132945638539348 -0.0152325180075086 0.009128494263624701 0.33960658637981317 0.16770502937140466 -0.010585074942187203 -0.6613443944832569 0.14404794824820705 -0.48394659100242315
0.2604140951134703 -0.011369228200782653 -0.0010108118962829555 0.0036265758990792017 -0.001676965359218028 -0.004007647367617661 0.18312797220117236 -0.02211306142637705 -0.006177729139099479 0.009984168608897342 0.0017988863872120116 0.23474709121371232 -0.06213705050679027 -0.012429995939352456 0.009709890609278004 0.3397639451247662 0.16461121442455856 -0.008919889379976849 -0.6670794431654185 0.14684360390784076 -0.47902639585759654
0.2598566349988389 -0.007226322202222819 -0.0008526964059368362 0.0047277743033627175 -0.0025503030281928745 -0.008547594019558636 0.1811116910192456 -0.019740757493563608 -0.005043806415399532 0.008389093276237741 0.004760227010575796 0.23695541545960613 -0.06286044505232581 -0.014197633300152597 0.008585135762590804 0.340893221172607 0.16683419944960637 -0.01452935961029329 -0.6660701328855404 0.14502739814441737 -0.4792704412080921
0.2590535255203371 -0.008584862571707881 -0.0009458431958603574 0.004180829428756969 -0.001821414289295911 -0.007714545376268402 0.18303942040135365 -0.023688434740905654 -0.0051282203380430234 0.008722139803117073 0.0029353511144796555 0.2345707778490978 -0.06199010513578109 -0.014138279751492318 0.009932991518371608 0.33922821027227357 0.16581886837310597 -0.009134856754524388 -0.6678991679725468 0.14273045221629388 -0.4798745910777042
0.26088608361563337 -0.007637359066708823 -0.001702429899479141 0.004630056688318421 -0.0006917855960198507 -0.007811990123278648 0.18317981971972563 -0.019510425936314458 -0.005556720076632285 0.009268322180068247 0.0013175965058118198 0.2366756042472135 -0.0589480166965891 -0.01596869582388686 0.009023267994084793 0.3426791543954894 0.16539253935369508 -0.010749949290607136 -0.665442167107676 0.14283483123340804 -0.4793738734601739
0.2641860665194041 -0.007182324620446854 -0.0006242578418667211 0.003153492705236543 -0.002303462353526769 -0.006331872220797896 0.18137352597195322 -0.02105316656812375 -0.003542433594467117 0.007782601570541722 0.0035117497658857773 0.2404561710118646 -0.05832780380325263 -0.012897237894855642 0.008495951920818985 0.34202844672012994 0.16444771173506123 -0.011576311976920186 -0.6623882791025216 0.1437912526508278 -0.48126797436185564
0.2653939180601235 -0.0061255473181351765 -0.0005668952098166046 0.0028510485361852734 -0.001636154890434564 -0.0059094126062922085 0.18040406063652584 -0.021463483134962436 -0.003137316224583899 0.008199667183791294 0.005620339638969342 0.2365648921080268 -0.061015525276947605 -0.010620222258604062 0.006354984643855207 0.33729118584596784 0.16218804009595747 -0.010707205372495752 -0.6659874754588448 0.14602815107445635 -0.4811237073033038
0.2590102934895784 -0.010731829016675217 -0.0013345150867427262 0.004025888015041497 -0.0004931090856990855 -0.007396936419098453 0.1843878620866564 -0.02201134934795206 -0.004958832041833619 0.007420974588863986 0.004747740914576417 0.23829689005764768 -0.06363494237395935 -0.014285932453267734 0.0066999742299793845 0.3417267999636566 0.1677765049040438 -0.010385741857079474 -0.6641567393303629 0.1410261846286237 -0.48065537410699777
0.26624769624924866 -0.006898451050450924 -0.0006528794889638128 0.003272070603619108 -0.001202115716913123 -0.006149507623266053 0.18641092821682176 -0.021448461677151087 -0.003406229213472042 0.008784725496087482 0.0008133087119900363 0.2340888848999086 -0.06049217240914544 -0.01448935641729494 0.009427668568490886 0.34261400628004823 0.16666441393804982 -0.011380894906788876 -0.6619092985913376 0.14559463385448662 -0.4799451199906431
0.26155565039824175 -0.008278657648031562 -0.0014132703965730577 0.00433862837759036 -0.0006009235416493811 -0.005774288055865363 0.1807487664318684 -0.018814444847539278 -0.007495239569594057 0.007433096503899278 0.0026521201292955287 0.2340445794477545 -0.057799886378892024 -0.014442841116681895 0.009960268262320602 0.3382293397465943 0.16631610228128502 -0.008506046192985426 -0.6669560728768246 0.14211432870476265 -0.48242942766295244
0.26434874602769504 -0.002043703704015045 -0.0018451180956177006 0.0045077849259500665 -0.0011084780295245542 -0.00499954311939506 0.18662466947871803 -0.019917385894540507 -0.006027936013106193 0.010836732382028948 0.001464578169006355 0.2363874423351521 -0.06270719731971607 -0.0132626467613205 0.010714944902636723 0.3401995219961527 0.16627295161383504 -0.011279050919723357 -0.6633564765537422 0.1471794130799493 -0.4789249268633236
0.26051537045086937 -0.0072580892778674995 -0.0008173722732431283 0.0030125955404557915 -0.0018217285969894116 -0.004683679556386538 0.18052290378586025 -0.02280309729849029 -0.006952991025578386 0.01047488588134869 0.00500019162936019 0.23457758570734571 -0.0558108546328749 -0.01607336765057684 0.007824961399912688 0.3420772186522055 0.16886148210151364 -0.012527760128552924 -0.6669945599154532 0.1431992682946361 -0.4787647366285986
0.26237949646491626 -0.008105116735292602 -0.0017417515121739614 0.004606663644875296 -0.00014938070712305925 -0.007919428989982451 0.18164435351540903 -0.02182020403645297 -0.006378927822471884 0.010004977848104042 0.002882038200598961 0.23558675547827182 -0.0617988809500633 -0.01613120987697415 0.008545588117724712 0.3403255111631535 0.16467293945741832 -0.010892444166659883 -0.6676233420646267 0.14481291193174856 -0.4774745825940452
0.2602615919853219 -0.006498699906196591 -0.001762452398103614 0.004489677018192961 -0.00042153653112673013 -0.006497007244558513 0.18653601364226646 -0.020054546086799838 -0.005768970964680043 0.010040863735968575 0.0019037665375401583 0.23633097348519558 -0.060604346813436884 -0.014257256010153072 0.011467879256008796 0.33626122217710935 0.16706758702267388 -0.008599135360484568 -0.6658390531027077 0.14639125290004257 -0.4807611158890773
0.2620352205129397 -0.005924223184096481 -0.0010125280874506409 0.004655766240660538 -0.0021557859416965297 -0.00926917616828371 0.18112286325334304 -0.02309339470001562 -0.0043003562425816735 0.008909480291678762 0.004315373283614386 0.23488433460865654 -0.0607221474384317 -0.012773792414572323 0.009812344314951269 0.34265535441426764 0.16561232234194684 -0.01205654157068481 -0.6654864986358918 0.14697050681857662 -0.47870502889883665
0.26189110122155373 -0.008139168544709592 -0.001132561822427849 0.0046742979572184234 -0.001029369273666713 -0.012804538708327413 0.18385547246792508 -0.020882796163780245 -0.0026370484091358974 0.006359808496261805 0.006148097826024401 0.2365449940132229 -0.06099727973786166 -0.012837475054459122 0.008168945791989905 0.3399034216131231 0.16859850406303067 -0.013049303332822388 -0.6641714074584635 0.14200325655693438 -0.4811550032965137
0.25953230978108244 -0.008316325081035136 -0.0009191054541157977 0.0041963660828787845 -0.0014054311231701938 -0.010035980217899313 0.1815671669104228 -0.022539170785702493 -0.002792919015695802 0.00850747413034881 0.0002923893933388556 0.23621433587339213 -0.0600107040312879 -0.012945733486030129 0.010623693474945904 0.33900768206911375 0.16614963358411797 -0.008489039601856839 -0.6682037297234399 0.14394547322496143 -0.4789554327405166
0.26118180530981117 -0.006273642336593191 -0.0007404071616277339 0.0042008400541537925 -0.0014308793643878226 -0.009125452711816048 0.18249548391455359 -0.024699190530727496 -0.002976346410275783 0.00900788043386908 0.0020674401007848833 0.235262565021048 -0.06366828933934461 -0.01352504982411883 0.009624022079606841 0.34133397762927625 0.1655382832964034 -0.011371099485719087 -0.6641004101744363 0.14397420577263104 -0.48182523015919504
0.26582097272365396 -0.00602157826167853 -0.0005384295794336334 0.003465273722971652 -0.0023580410391023567 -0.0068988897612435734 0.1847239296268948 -0.022493201728164807 -0.003218959834366549 0.012123906445773372 0.00496213500709969 0.23632902281030121 -0.06164528112218599 -0.014681818544173374 0.010140134565878978 0.33996495704159163 0.1681977711918412 -0.01179208995129328 -0.6620880156764829 0.1469397468719519 -0.48010330025357395
0.2666029986870483 -0.00884943226907066 -0.00184305369168349 0.003758837104136107 0.0015683380031712628 -0.008822306399742729 0.18270989629551412 -0.01853065692342099 -0.005559718855527069 0.007402631907766907 0.0031923924232889803 0.23451157847554532 -0.0602664089903192 -0.015280798932092257 0.01012075299546301 0.34131435713839703 0.1643486096083176 -0.010878609934165997 -0.6637348548392477 0.14674076770472608 -0.47985388870192347
0.26225012275705495 -0.007763654143602647 -0.002079565298482439 0.005457831421095133 -0.0012668347043052366 -0.006283412722510149 0.18355820447539073 -0.019486786354658624 -0.006559984596584553 0.010554647832236495 0.0016536674500884274 0.23604591129185354 -0.061912246858217244 -0.018047587378379602 0.00846151152476854 0.3401177732954042 0.16619283293753642 -0.012388197064763478 -0.665005143114395 0.14447044624838587 -0.47995166011575974
0.2607732063528419 -0.008834856164802823 -0.002061605713312859 0.005398986682006266 -0.001518467157982333 -0.006649274135458464 0.18031185723871476 -0.01987380593661038 -0.00826052675656183 0.0107139193275853 0.003199997199116085 0.23526997369879937 -0.05828888772670722 -0.017589753705998756 0.008758730618930104 0.3413376809275061 0.1666185608881567 -0.012133113745009805 -0.6645336379137786 0.14961112566105833 -0.4808266627678395
0.2616711096396142 -0.009234915235238825 -0.00028101020574894175 0.003538754703789999 -0.003638400549590057 -0.010306351786699506 0.18045042464671993 -0.02143152042011538 -0.0023856698250728325 0.009098620583761886 0.0072094557028376 0.23343150830066897 -0.06310826436811158 -0.013144345549351387 0.008925371951081944 0.34332288763271446 0.16537866308712668 -0.01254493545737453 -0.6637067393942914 0.14587373937553835 -0.48193313126319454
0.2628999290896079 -0.009490223990407528 -0.00124242652222187 0.00456575635015609 -0.0009345437665419098 -0.010117508697235714 0.18284020292265485 -0.02120515687685923 -0.003274270820961142 0.0070634845548244955 0.003068253006762475 0.2332686456011141 -0.05664346221680295 -0.011693076433216498 0.006670062241237318 0.3392005121875686 0.16510046924358857 -0.0110698809340039 -0.6650358988897639 0.1435942081409132 -0.48330529771738845
0.2628225817300921 -0.005769548216617649 -0.001591826377573262 0.005732321565058348 -0.0015380710353476797 -0.00825794084116205 0.18198302119860438 -0.019154327213904494 -0.0074673230927871 0.00759755446665968 0.004414511668122904 0.23683795985627656 -0.06479694981807523 -0.013619244975387041 0.008649258505323424 0.33889544336435173 0.1672021033282945 -0.008519306559834369 -0.663014304813762 0.14255690229940468 -0.4835561296905967
0.2627000829189681 -0.0075921624049895805 -0.002517603575517152 0.006279172437234375 -0.0009416843654782583 -0.008656615901932136 0.18179332867485698 -0.02176379969106043 -0.006567480440533459 0.010212274919754447 0.0031173338363444042 0.24208889993662636 -0.05837467338864593 -0.012818522959929636 0.005885680650747473 0.3411475514185236 0.16551063924466072 -0.008630496378873127 -0.6626296516551888 0.14476348796808594 -0.48065766664125426
0.26124219247881125 -0.011033133011558824 -0.0010592371070808234 0.004404801712033734 -0.0026234801135995283 -0.008131743470280358 0.18069506669287638 -0.021728659999875184 -0.00465541445299256 0.010700650819379029 0.0014498410472490316 0.2329871229718246 -0.06222388885985785 -0.013043641996426082 0.008835270359298208 0.3423218550538522 0.16731204300380156 -0.009317874222738288 -0.6662111625512582 0.14624119729652987 -0.47894146591178766
0.26155701256453523 -0.006135185195118936 -0.001596563352507158 0.0037501857747667734 0.0018366883697809055 -0.009281584900139193 0.18472534501552326 -0.020650398064205027 -0.002866450185216843 0.006974107821964808 0.0018654290483644121 0.23618162389488254 -0.059567355712988226 -0.013532735634283715 0.008170529206044068 0.3378712052469873 0.16772401390989733 -0.01183709860501994 -0.6656329491490862 0.14755485125089832 -0.47956848931369234
0.26250462992663315 -0.0056149238207303595 -0.0008849132279025424 0.004283728396034227 -0.0035012723342224094 -0.004735609669016112 0.1820797133186756 -0.020760125513628963 -0.004283428743590205 0.008506439868981424 0.0015792461814648393 0.24109065166478671 -0.06210322234897523 -0.01340641915650238 0.006615558068146965 0.3383846302651574 0.16602687113732367 -0.01236109079978205 -0.6640601183164122 0.1440526803273993 -0.48080647384861386
0.26687991655042304 -0.009415961281634704 -0.0008072828464008292 0.0037344081770934825 -0.0018293307971320213 -0.007373987679217619 0.18120804748627742 -0.02185014285986933 -0.004417462307454604 0.009662815431714575 0.005256948121681908 0.2359692612915207 -0.06304081056050777 -0.011374840454808433 0.0106318037741423 0.3393593575708873 0.16540532066242783 -0.011405856701271607 -0.665956987840899 0.14339623913874563 -0.47806567420374385
0.2616180383994225 -0.005977542049980622 -0.001680472804104851 0.00409868420991742 0.00022892710374097317 -0.007738845971689703 0.18109994459799875 -0.02215818594875787 -0.006496456675254443 0.007450311172522615 0.004635309072248796 0.23790561486503026 -0.05979323616199854 -0.014139409443870257 0.00850805597129566 0.3398026835020837 0.1658412299991464 -0.011995772075367955 -0.6650573491947652 0.14296161533197158 -0.48138792435795924
0.26383292625959903 -0.006774031119863568 -0.002333701174190203 0.00440115694385448 0.0004717749738298435 -0.0055395333294672965 0.18142175339057914 -0.019763918174369184 -0.006222189793928775 0.00827828040023913 0.0033500901609328925 0.23540097202787807 -0.06151275904971489 -0.013721378860614277 0.007434579895575034 0.34192831074093744 0.16690089331867863 -0.009594789751742357 -0.6635919818958819 0.143679796169645 -0.48121254548600384
0.2616436793056028 -0.006491619342212519 -0.001324691338700526 0.003755092820493732 0.001899996522874834 -0.01192964597580341 0.17981266745129262 -0.020498837045573218 -0.005247816722003879 0.007473283404586918 0.005509599371991515 0.2382625006864084 -0.06072930194307964 -0.01518728491789442 0.01116964981093421 0.34029974863402984 0.16656261849834034 -0.012584666300341442 -0.6645973108466309 0.14107043278912182 -0.482041269804691
0.26144305982006083 -0.007398244077032218 -0.0009568705519916347 0.0033969035217677915 0.0007797956686857086 -0.009345567478447083 0.1853418986481176 -0.02271368823428996 -0.0015772740258002602 0.00831759206755536 -0.0018175594456860474 0.23460682164019114 -0.05960304156000286 -0.013538460250807785 0.010173395547100719 0.3399783723624352 0.16661677700014166 -0.008960257691310133 -0.6656122924039584 0.14287827633934144 -0.4804056186000897
0.264638533301874 -0.007765133110395471 -0.001382905281772699 0.0044289087917330165 -0.001569287676052637 -0.005661471094079413 0.18131933105647663 -0.022932734663081794 -0.0036191193626340192 0.006982502754144055 0.002300961483445096 0.2381361073977377 -0.0615046632953437 -0.013078075544015686 0.0058373467335128045 0.34289716545670884 0.16602776259150887 -0.011172052758843492 -0.6628316782282985 0.1431326561275066 -0.48018987833740984
0.26175263520786063 -0.006136473549531156 -0.0008851833902459242 0.004651975813339962 -0.000999667275579391 -0.009108876173679108 0.18002441827004714 -0.022948988577560114 -0.00431073668695129 0.006918441687201241 0.006010968314254495 0.2314362585489761 -0.06311999696631214 -0.01778234323802079 0.005332802488884355 0.34161627581681686 0.1656693614439362 -0.014467378144803665 -0.6654577730202288 0.1421350189359684 -0.4827196082117658
0.2600056026698781 -0.00908253574253971 -0.0016239962557182085 0.004222091990005298 0.0004769636428796213 -0.009037699851299427 0.1786384163610262 -0.023571416228090867 -0.004150947959039876 0.0068566818406150185 0.0023647439474642784 0.2359008295607116 -0.06121029568647383 -0.013049728621392939 0.011055716328781285 0.34258808920529127 0.16421195865252763 -0.011531957835334138 -0.666136702266867 0.14382007510347575 -0.48072777421146684
0.26342539722740854 -0.010296390926588192 -0.00142652546160094 0.004396646727112991 -0.0003273096565570117 -0.008806494938237588 0.18273474425989297 -0.02023317330930753 -0.004748615199899945 0.007009644581769188 0.006761041525051629 0.2372147956306676 -0.06211358503919871 -0.012012672059713708 0.006291574151886071 0.3378934693588935 0.1641657542952526 -0.012733282592731498 -0.6663878058062707 0.14714746277922158 -0.47870742298165964
0.2580701530272712 -0.010352236207053668 -0.0018048272684858381 0.005081581526519697 -0.0010362291763521348 -0.009483935997949527 0.18183497084564992 -0.019952136388524302 -0.004371616622332404 0.007906319739878329 0.002458314304846219 0.23731747652274654 -0.06191895092015718 -0.012396393066323588 0.007839490117129233 0.3412337769647701 0.1652981633252019 -0.008297014934779837 -0.6628721153292899 0.14424814225482455 -0.48498904018561906
0.2640647268615392 -0.007971608401787492 -0.0005125545835451345 0.0033711928163846446 -0.0025905802375377966 -0.00657822863158134 0.17859108837341908 -0.02357352153004321 -0.003219729078608969 0.008651188659673252 0.0022344840511194027 0.2358657613326178 -0.06364536489116042 -0.01394415592687474 0.009031840103531755 0.3419367153820162 0.16767606425011758 -0.01265551547464423 -0.6648952085387443 0.1440288300601758 -0.47918522892977444
0.26331490452314105 -0.009078294734036207 -0.0009603601496811623 0.0036550756014463977 -0.0024677646528309502 -0.005573419333186458 0.18325788151405176 -0.020094476551641045 -0.0055882273001374005 0.009928762099843658 0.0042531688635699914 0.23607280761480307 -0.05889655773311341 -0.015297686445958919 0.0077984505069387386 0.3390377373612068 0.16572995041328728 -0.011799240582868494 -0.6664149986165305 0.14246981610651385 -0.47952417966753325
0.2629156127048723 -0.010804661782134883 -0.0007761403609010341 0.0032088667515774035 0.0002918063284973371 -0.011483177423160334 0.18210141563254842 -0.02129063852413955 -0.0032681983430990578 0.007214107641869405 0.0035167527140187896 0.2356479420175364 -0.058898662527307716 -0.013726120499713668 0.008400965309881287 0.33953489337553916 0.17095414905081102 -0.010016063743774496 -0.665227102126024 0.14546290763961128 -0.47892833942391483
0.26445097906754506 -0.006996677987860312 -0.001680323819138807 0.0018542340913720715 0.0037868131154099767 -0.006015196104781385 0.1809618252028589 -0.022262252755431682 -0.003053424530215029 0.004724344462727315 0.0025081751082398963 0.2358200265178421 -0.05918141173840758 -0.013083003848238638 0.007728186603781088 0.3374417006263915 0.16605865192554872 -0.010126315979141891 -0.6695097998211287 0.14365105729429697 -0.4763516411747658
0.2644784817537948 -0.008033895131911167 -0.002116096200416852 0.004257272376307374 0.0010946647272322596 -0.007544682708732779 0.18157617670759876 -0.01660676471493854 -0.006136430421852826 0.009443802596270093 0.002159807750892526 0.237699959680459 -0.06078044285494538 -0.01556126650486622 0.010553839463459776 0.34161432997983265 0.1637492986892231 -0.01077631502526076 -0.6652177014393553 0.14253427588499434 -0.47908107452557364
0.2648228527687634 -0.008420729058924931 -0.0005796185449352197 0.003855621853124454 -0.002899001620165424 -0.006219525166854947 0.18197163993398782 -0.020501391913769214 -0.004075294859371011 0.010050098667546411 0.002204553986582724 0.23530991757594014 -0.058978017210630757 -0.017688416821825925 0.010388906086906811 0.3363833579472397 0.165858392897756 -0.014181383293827279 -0.6646382297330945 0.1438765459727166 -0.4832193190410597
0.26296404407677326 -0.0052062139009265915 -0.0017669330716789493 0.004660755430150981 -0.0016639984277433352 -0.005562949388632469 0.1836931425085498 -0.020825627521624066 -0.005930711045510892 0.008949671715589445 0.0018667106746234525 0.237878754088411 -0.06261913781292522 -0.01197190444524722 0.01107138248880947 0.33796029831371854 0.16946309364356324 -0.00910353646131991 -0.6668269035602566 0.14217533626433457 -0.47728977737873907
0.26144352247854175 -0.008408944541081162 -0.0002049193933335421 0.002868855507649318 -0.0013446993077840975 -0.006140095334580317 0.18294367216574 -0.021343336264278416 -0.00296701896495118 0.005504318648853344 0.0043681198747869115 0.234147892043737 -0.06076315233860028 -0.013452868638210385 0.006165372370136241 0.3377566908812225 0.16586673029058557 -0.014204045303703719 -0.6663524586080211 0.14413965512012014 -0.48188727972610296
0.2629679586251577 -0.006502922290136876 -0.00111618016166051 0.004836199035574705 -0.002091282502133716 -0.008259646701522667 0.17985848621468117 -0.019341466617246096 -0.005151738930470173 0.009366540837264717 0.0016087913583942009 0.23896179401902487 -0.058070622266350326 -0.01506921604501521 0.009387235242350746 0.3395842189704789 0.16623453822235748 -0.011942682444131889 -0.6636873010170232 0.14469978973907255 -0.48225026208506994
0.2638320661306451 -0.008934890801996623 -0.0006027426778114419 0.0033497201391247825 -0.0018373336151770241 -0.007262913764400602 0.18513449658732753 -0.02129950230839541 -0.003696501448489149 0.009353399414889807 0.005175134299522224 0.23342396723340897 -0.06199104899592245 -0.014954040263078047 0.010242835148910182 0.33673316406837445 0.16532978210111218 -0.012209889182004127 -0.6644050272818166 0.14453559233298222 -0.4832532656349595
0.26367918202466045 -0.013156329033347895 -0.00038658000360300513 0.0031241924306903 -0.004637543113881718 -0.006427112437342904 0.18342991772909395 -0.023710073536094816 -0.004411631313322368 0.01120584054162924 0.004146159305564226 0.23442450818723481 -0.062393509158556945 -0.012526039443003836 0.010354501707183385 0.3376256586048788 0.1657272741693767 -0.010091619980012265 -0.6644035870097137 0.1435460585890943 -0.4828546145246225
0.2640180177511727 -0.007285229841773585 -0.00180375168485693 0.005742592716456443 -0.0014186006513705472 -0.007982829078269449 0.18590846087904123 -0.020092625119367404 -0.006464079050470141 0.008882192059457969 0.0020594778684580365 0.23350886563549486 -0.05971037302440988 -0.014124942202615107 0.006987082018567954 0.34121319401522743 0.1669850496496404 -0.008447742949928241 -0.6642423640851909 0.14482954091389957 -0.4797222873158199
0.2619432621032777 -0.006840800881159051 -0.000542954375688363 0.004582696363412812 -0.0030043772429815983 -0.00929746975030402 0.1830020773486566 -0.01999990585971617 -0.0055955201319862966 0.008336074213200402 0.004098060116566328 0.23699663057373005 -0.06323470305417862 -0.014080172172731508 0.009370503261690206 0.3406301381305535 0.1644014041490424 -0.010379985260819959 -0.6652394665062886 0.1447426409661087 -0.47969187014003445
0.2622805046104744 -0.007464810032182053 -0.0016415780006176482 0.004123539801575004 0.0014447836412087227 -0.010756531663879155 0.1849420267781752 -0.019530195351067387 -0.003923857968582978 0.009290579740702036 0.0003720609202456771 0.23488530883045558 -0.06237614168499599 -0.01601435758275651 0.009189852446167391 0.34116171855180477 0.1670088444668551 -0.01158448156361435 -0.6633761866404215 0.14518573509121022 -0.48100078316137845
0.26025824890920424 -0.010671002351083234 -0.0008084180567471377 0.003520325734498589 0.00023752801813184458 -0.007668877867632683 0.18528773355659509 -0.020865229300612013 -0.003809926461537213 0.0054486744081049705 0.0013760943573157363 0.23784787186663506 -0.059259786075904916 -0.014859891703898634 0.008434913755648855 0.34126277580299885 0.16778869419136158 -0.010445596541599388 -0.6631266886686741 0.14643076940682118 -0.48061434589275753
0.26414856904337564 -0.007320542977260039 -0.0015919049496464774 0.003512968464299341 0.0010032003550701396 -0.006084109406776391 0.18244848537847266 -0.025241969538145368 -0.005671943390545089 0.008563053564826584 0.0018598012631721183 0.23453416673998123 -0.06182174435218814 -0.016279889291757128 0.012550880360129925 0.34281040470891505 0.16581847305494524 -0.009842863963429491 -0.6625583125597392 0.14414050662520236 -0.4816254718153638
0.26201236645513515 -0.008536551120689389 -0.0017694600769009895 0.005585444060038636 -0.0019069393516698491 -0.007794517504854566 0.18352251989149457 -0.019011140829908697 -0.007776231822223426 0.009740626032663924 0.003163671313605132 0.2359763431739995 -0.05856491747092438 -0.015078603441946054 0.010584856767023202 0.339725393757952 0.16636668614049047 -0.010270096086582265 -0.6650441157387229 0.14377517780583135 -0.4810040263354461
0.2632908221387045 -0.00563746832424803 -0.00045539391375226256 0.002806371575293462 -0.001702489358835192 -0.006317193302503741 0.18569666676482327 -0.0224719152106412 -0.0029063679677852 0.00794724298646856 0.001749635205913908 0.2325088262641434 -0.05944642976963086 -0.01384923079970745 0.00972823652038704 0.3422557545244861 0.16676441592196542 -0.010004119724327713 -0.6655050749513032 0.14524244550135285 -0.47813164333056224
0.2646519555114988 -0.00964383890182252 -0.0005910256128032421 0.003496202812590062 -0.0009905744747580705 -0.00818574816023944 0.18257964785044606 -0.023049512465138887 -0.0020486435429363683 0.006198074166249258 0.002044127698753867 0.23494088163124818 -0.05627530677566011 -0.011631649617023364 0.00939798316952987 0.3370113976025903 0.16865268684463353 -0.010675341129292968 -0.664827683742434 0.14298827964824784 -0.48239896625001594
0.2619163547206541 -0.010768276648399203 -0.0003354613237110517 0.003819394871589288 -0.0022486398558516237 -0.006863439959120344 0.18358419962725575 -0.024774243476089527 -0.0041204831780251305 0.007898113702206114 0.0027577732079392897 0.23568984056830683 -0.06583180020287926 -0.011290863838335816 0.009053797629277341 0.3414503076402995 0.1662066860557149 -0.008782696489324686 -0.6663337638956174 0.14312848943064296 -0.4774343687964702
0.2626299358487928 -0.007100915518138113 -0.0013323011453964758 0.004119253253385618 -0.0003967310030523197 -0.008293405892741808 0.18281514819500094 -0.0236981705086656 -0.003699666193248322 0.0077670403417476625 0.0031700591505110084 0.23731386997595963 -0.05938375798784116 -0.013083815796426443 0.008811066836922595 0.34571599003572384 0.16669853230294987 -0.013137343436357439 -0.6612435745740562 0.144376363672697 -0.48079008607152407
0.2624445288921444 -0.011790820267023498 -0.0029273120128451985 0.005064032894203122 0.0007217720207987023 -0.005589542784326557 0.18270364922131596 -0.022298281927540114 -0.004736039350978559 0.00775701398834819 -0.000651818982565137 0.23275876884750066 -0.06070968705949727 -0.013212957433540687 0.007086315951808133 0.34467170465158486 0.16729120536025768 -0.011998277039626118 -0.6633555039365677 0.14818863959927125 -0.4795212289667426
0.26114421875595767 -0.007661095250052269 -0.00030702760389043215 0.002896565935042889 -0.0028497255031636392 -0.007084770336072128 0.18433898899802523 -0.019891603180429988 -0.0023608911444809753 0.009973945897495054 0.00838194700358719 0.23669119763722926 -0.05960051087570843 -0.013201317413596475 0.008942248057372997 0.3410171948901678 0.16529230484433927 -0.015334403557166629 -0.6662273210300629 0.14501690931076053 -0.4780784550762348
0.26168728715739503 -0.009274140152604025 -0.0013584543010046373 0.0034800046351148527 0.0006819520195145666 -0.005514230566179587 0.18319195390286425 -0.020963324583203866 -0.0046698910573366665 0.008591090149630312 -0.0022813821427874886 0.2319671479341943 -0.06278557028042693 -0.016171025639333623 0.007886059106699952 0.3387004831621907 0.1645544814083426 -0.010909836182866223 -0.6674807088004925 0.14405062229899634 -0.48064392114762544
0.2634324098581755 -0.00676839338263128 -0.001041815751989486 0.004698390395066349 -0.0020138580491157604 -0.008925025277116902 0.18282510920526587 -0.023925315821348412 -0.003544847266258213 0.008763166866059489 0.003082781680409666 0.2382877426839122 -0.06263227241952284 -0.015177486345555666 0.0071988151752233834 0.33934367213683225 0.16779281652411251 -0.011660603160789105 -0.6632830425624067 0.1446473142860384 -0.48068345376754656
0.2616037782953164 -0.003358361713129178 -0.0003865508532312323 0.0026108307937505433 -0.001098243997975429 -0.003780957271611445 0.18091123179231905 -0.0235390590501165 -0.002886623365186047 0.008457780842056119 0.0020965883706931983 0.23307349563234225 -0.06024329676826487 -0.016677748882665957 0.008911459148367246 0.33949027431906487 0.16921761592155893 -0.013438503245549351 -0.6654595300867768 0.14434063842269515 -0.4817810452847265
0.2612992308853641 -0.006885969657790474 -0.0027091623402898017 0.004736127953575455 0.0002999343871481712 -0.005586213928644224 0.18462940457171462 -0.020927235036562603 -0.007685015763381289 0.006805301649971346 0.00295719361841772 0.235626733127417 -0.05882882390497852 -0.012356832877560309 0.008768431306290255 0.34011594346320617 0.1656186661925512 -0.012512968661073287 -0.6653065597767591 0.14996988025288843 -0.4789311289975815
0.25859847250178225 -0.0059477675894049785 -0.0005380313670750465 0.0034444281276076513 -0.0016078377236221247 -0.008909300648176247 0.17903998701865834 -0.024426436098172768 -0.002488579583561001 0.007958720702388695 0.001894939292222586 0.23724330280564304 -0.05827071628785771 -0.011889047308358077 0.008651372156138731 0.3369946845173061 0.16749352439431636 -0.009362911166936726 -0.6666990366786261 0.14565768259296422 -0.4826647510838739
0.2611947474035071 -0.007635792915658165 -0.0005038936283243921 0.001618256221729722 0.002155562823609005 -0.005741354909898859 0.1864661402133712 -0.02546222207211754 -0.0015851361886375732 0.005599918701596007 0.0021149769811992757 0.23794801044850972 -0.06076172863753344 -0.013424667292659564 0.007959330318098862 0.34008319211077015 0.16587718040737454 -0.01034067874746319 -0.6639404525963862 0.14686028902895007 -0.47958710785237924
0.2618188192082946 -0.008166691407091914 -0.0008627633119536324 0.0035965685849708136 -0.0013266287975475957 -0.007848709734757429 0.18486621368270212 -0.019380030025204695 -0.004576465417595475 0.008355877688085876 0.0055692646513160905 0.23553530236018205 -0.0631998038291829 -0.015944456754181827 0.012549510875258978 0.3366184739026695 0.16868224007112811 -0.011599995872418365 -0.664478004175451 0.1445033804034984 -0.4821192544216543
0.26249190246509296 -0.006990748206091598 -0.0009997940259738782 0.004423183404047901 -0.0010883165583928335 -0.010176260680627042 0.18306136723444175 -0.019939828408935593 -0.004177056782566289 0.007862547867134547 0.0036683645036007548 0.23414463400836974 -0.05989643070910366 -0.013731114162461918 0.010970219809591703 0.3419561714907546 0.16594195849388546 -0.010865731830420647 -0.6654561814026894 0.14423557491984862 -0.47955938922324004
0.2617919181188722 -0.006721119279679895 -0.001103453556123091 0.003963921436313837 -0.0005537561341429588 -0.00902917501602571 0.18348234392779178 -0.01990472347378565 -0.0032947735860936805 0.007882245785708829 0.0021004988899760066 0.23646984670927867 -0.05910500217945079 -0.015007098018936946 0.008647285997974026 0.3414010523231786 0.16602750400927743 -0.012847978065163019 -0.664617120179545 0.1425250916255561 -0.4807869712156346
0.2619292909176931 -0.008092940862421008 -0.0010560741513479023 0.004627932275832743 -0.003047777840771241 -0.009984503233570845 0.18102359340086535 -0.02051817222618254 -0.005195515916734191 0.012107141787223314 0.0054094037218528415 0.23590688139522414 -0.05773886998735912 -0.011096703113192953 0.010743426881880874 0.34146211334709925 0.16845465139598736 -0.01140985298270634 -0.6636888433275271 0.14705646746844686 -0.4810054651394304
0.25925019038863567 -0.008699431512002857 -0.000913121401750242 0.00365479894883735 -0.00027459154794563085 -0.009941710055168975 0.18648362686354142 -0.022091046227021852 -0.00230601669564649 0.006851198051101845 0.00280419396060516 0.23543176504925384 -0.059279053139704684 -0.013383802283420098 0.008099071190074872 0.3408434744109346 0.1667845244118898 -0.010357512165288404 -0.6637755875180281 0.1461720481520626 -0.4816912969914964
0.26173505707783745 -0.0044541262799746035 -2.420489186164133e-05 0.0030568824321556536 -0.003975125273430436 -0.0065237900694646534 0.18637083529584364 -0.024178707817155292 -0.002299584243721182 0.008212160878348342 0.003152065787007287 0.23935507911956092 -0.06172937334908688 -0.012039543311824514 0.007349458621759994 0.3425065745804705 0.1677468887491432 -0.009844527681962395 -0.6627866156669306 0.14463166931254334 -0.4784918112489161
0.2607298698674486 -0.006599757756072494 -0.0015235344244982866 0.003547563599211658 0.0021192542911545797 -0.00936719567868622 0.18479439943366413 -0.02043110435368614 -0.002600659706625082 0.005802609395354446 0.001626792607123179 0.2362893707643826 -0.0593082652804464 -0.012456304885404192 0.008124900363170302 0.3376941086055814 0.1684443267126213 -0.011120942811181322 -0.6662645944969753 0.14795200638973227 -0.4789109120843579
0.26057358507942013 -0.005847126197857143 -0.0018416338058724136 0.004102834298416417 0.0017870124895946282 -0.008869270014706842 0.18496237852271918 -0.021115572825088993 -0.003057357571869329 0.006777895469811281 0.0008156246412691806 0.23652785293709483 -0.060133349230215856 -0.014214217284526792 0.00827750861190409 0.3382372840120248 0.16759178471401978 -0.012200589785953887 -0.6657844020743713 0.1480876743276637 -0.47914619675492465
0.26223403168165577 -0.006216749743726209 -0.00181865771047764 0.004350652322234715 0.0014897770091413924 -0.009254258213798959 0.18386925911598812 -0.02092825346368416 -0.003144143802252806 0.0065055574133047024 0.001359050315942525 0.23535857740034866 -0.059560676969735764 -0.013713048717167385 0.00726669688891771 0.3374942228590129 0.16719626449716318 -0.011637104657258958 -0.6666266150622139 0.14750514830443354 -0.4790213503081836
0.2625900115865146 -0.006548176126956771 -0.001421816289739812 0.003743233586094901 0.00154524515562871 -0.009292962284352014 0.18396995979802153 -0.02007682699925927 -0.0034050797994866744 0.006340432263395731 0.0022769368085750097 0.2362503687919155 -0.05957127564330914 -0.013150011500914754 0.008714950436784587 0.33828052949803766 0.16683854988062935 -0.012044834940510313 -0.6655263630279011 0.14760725266261074 -0.47943178617738436
0.2612902720589791 -0.00663327367072538 -0.0010867378610047872 0.0029798670692936253 0.0018494161536475914 -0.009769169081620923 0.18500887291858664 -0.020837090473222783 -0.0019856543526954305 0.0064118257723145555 0.002483467317124754 0.23645330925566513 -0.06076686897259127 -0.01329818338711153 0.008602728492046569 0.33908811162615593 0.16725568389643047 -0.011334947910177993 -0.6653965375208819 0.1468986385082233 -0.47915728481094294
0.2620418449203952 -0.005649596436573777 -0.0012319681319476956 0.0030552310204830643 0.002001154649993444 -0.00857572465966191 0.18387843442989257 -0.02047279559922058 -0.0034454200868871856 0.006398320825882135 0.0017732892964376073 0.23575319676520995 -0.05923583121522015 -0.014550478241081723 0.009081040038009879 0.33815167494271864 0.16788925630727583 -0.011203868199981478 -0.6652259446795414 0.14693775839034198 -0.48038484978741264
0.2611563907322076 -0.006126494056891552 -0.0012775600518002523 0.003332521157588906 0.0013529558060322421 -0.009065775505030549 0.18418014364036042 -0.020081495997850456 -0.002698847058013789 0.006590111167717647 0.0020902990859445335 0.23594273588203812 -0.0600409854032022 -0.013509986005806914 0.008288601134999407 0.3379094362416517 0.16864688260113922 -0.011423142399576263 -0.6659641961450293 0.14773169357767044 -0.4792381967574563
0.26161722821627603 -0.006706031873105117 -0.0016277139234542875 0.004102860550682667 0.001479141220675951 -0.009323228950522108 0.1844462661413246 -0.021082327389965395 -0.0034188427929959238 0.006160644318083615 0.003128923710483272 0.23620797910553004 -0.060350765065978286 -0.013929943549272244 0.00781762277168902 0.3377432924456055 0.16811165920937346 -0.012151224398702438 -0.6657743370874745 0.1479640150038737 -0.4791225580099759
0.2619977838148516 -0.005721052012555339 -0.0011398693662257762 0.0032351835361475317 0.0015452928027244889 -0.0094096050601599 0.18385264251447703 -0.019607235912857963 -0.0028361930481191275 0.006235707681432536 0.002949653362403484 0.23686654379048624 -0.05964180070901662 -0.01353462707202964 0.008251791538598617 0.33778431171852347 0.16745896543353042 -0.011266164909169077 -0.6655494287114818 0.14710064507498846 -0.4797951368665827
0.2623486678346624 -0.004359213931020895 -0.0007862643984359366 0.0029640419258343976 0.0006495697605588235 -0.009942466121776726 0.1844706422413718 -0.020902262665194703 -0.002367776514032873 0.00613543096258695 0.002318658791373732 0.23632105009252302 -0.059291214729331555 -0.014773870243521671 0.008586442006364797 0.33702944741477026 0.1672334980020939 -0.011513083593489489 -0.6659677525856716 0.14840436408381125 -0.47921823910814293
0.26149365249139894 -0.005963765014486507 -0.0012808910546403993 0.0034841262927856618 0.0009973293167004863 -0.009006561176003607 0.18419662333023754 -0.020128540663002605 -0.003392246674863714 0.007203552008986075 0.0021341241576836754 0.23552204670790228 -0.05940812410427896 -0.013275223113758833 0.00810389780014838 0.3389322313524682 0.16821928613003514 -0.012029563679066957 -0.665407998972381 0.14741202802523987 -0.47961508714900597
0.26124293154194483 -0.005959256991114632 -0.0015775323240877904 0.003617059490488766 0.001653257908024672 -0.008781397666999247 0.18556521377422625 -0.019817875802180848 -0.0034682761520821418 0.0062700311734726144 0.0023097777993950274 0.23532500981591847 -0.05879143679689165 -0.013573097693569595 0.008334873496549969 0.33815110847129903 0.16869146761702708 -0.010899676027119703 -0.6657562123936861 0.14714015343908743 -0.479422556989888
0.262239657823032 -0.0058485827575074 -0.0014919344100026734 0.003591301610727166 0.0017405664443993739 -0.009017199795579767 0.1845983404535957 -0.019905959566867568 -0.0032666011127573456 0.006286437672965797 0.0022647103101846983 0.23659713040331706 -0.05938518569091325 -0.013348330229469843 0.008376952714794775 0.3374073902573119 0.16742410276906455 -0.011800063782450751 -0.6657142140441293 0.1477928934647058 -0.47935733358599136
0.26127782349309425 -0.00580321963247323 -0.000997697274018625 0.0031271989894698198 0.001789435909889401 -0.009598201184343727 0.18411400055529334 -0.021243647407531683 -0.0029607235860816196 0.006002834285856606 0.0024256835661338205 0.2359954385492399 -0.05951341134035925 -0.013415050033345352 0.008315337418022166 0.3379330675154041 0.16766859864816935 -0.011653308010031256 -0.6663933554917909 0.14732002437923664 -0.479039419688897
0.2619249981632642 -0.006367308481278508 -0.0013871107109024174 0.0038485804786785476 0.0011005369826650048 -0.009480188238948615 0.1855051426911783 -0.02018360254852855 -0.002596230180654713 0.005867517320230714 0.0007457336206840527 0.23670000165806562 -0.05919695094954037 -0.013419423357689354 0.007990009035633858 0.3384688227577705 0.1683024475490664 -0.011902656733425544 -0.6655630985426877 0.14735832389824802 -0.4784279842043837
0.2604312072669916 -0.00663318778267817 -0.001795799782571121 0.00400400290506881 0.0016054286005812385 -0.008870731059603901 0.1849322401658825 -0.022059468192529366 -0.003079585711318943 0.006337142589081475 0.001483972115250196 0.23609067011287252 -0.059605445534247715 -0.013649849529628296 0.008043383016385752 0.3373668419229966 0.16849385670378622 -0.011704637862965328 -0.6662041928193837 0.14738137130952678 -0.47943422530147506
0.26158439872266703 -0.006352060164358417 -0.0012826850233352625 0.0034725371025351908 0.0016389220053796797 -0.00983354182238745 0.18439585535568437 -0.020517821216751934 -0.0033904411928416776 0.00727674985122459 0.0019171932206050728 0.23607047947037718 -0.060178092567565684 -0.013183583879603318 0.00802396657244059 0.3372854268999039 0.16782695156049274 -0.011742838158891425 -0.665242172349194 0.14852344881244708 -0.4802798810485451
0.26081286828725075 -0.0062427281391419735 -0.0012194614203594994 0.0030474884699403988 0.0020393326495764734 -0.008961721902219682 0.18454658373309937 -0.020735747527653826 -0.002550241496546407 0.006406285845513858 0.0023342095427171246 0.23602683433724697 -0.059020496522042665 -0.014324913351362174 0.00823169966776152 0.33802663184137094 0.16847577360355612 -0.012586253902601036 -0.6663224990501562 0.14758046340821712 -0.47881813407893514
0.2618826940169912 -0.0063766232593900265 -0.0016628337207990752 0.003599947979947648 0.0018163524486353732 -0.008711526840920797 0.1844399189130101 -0.01995881425805949 -0.00297015321997797 0.0069189830825446335 0.0015993669574315527 0.23565222321905496 -0.06010465073993849 -0.013497922557394106 0.009072165207508571 0.3381708741586581 0.1671923749716839 -0.011759064865870717 -0.6657721654858324 0.14735176785435544 -0.4795632653281762
0.26205397168515193 -0.006209320715650271 -0.0015601821389304902 0.00422275159668783 0.0007244677738433512 -0.009060972319837919 0.18477396230372675 -0.02086592462381968 -0.0025767506101412605 0.006765576338674793 0.002009236505786281 0.23650934647487568 -0.060554846664521066 -0.013283814165742232 0.00844070103698146 0.33721326548173186 0.16835893256971257 -0.011418566084392928 -0.6651388508150937 0.14736050296862593 -0.4799885834199939
0.2617585982369039 -0.005643297210693155 -0.0015016439835598987 0.0036015193865994 0.0016768692746988792 -0.009371459950107762 0.1838964840081903 -0.020276590510497315 -0.0036649044160552446 0.006684459591239335 0.003107620643035182 0.2357939988726516 -0.059543393449378056 -0.014123604382662355 0.008095247569649975 0.3381643502229039 0.16735029738259002 -0.012124140768467389 -0.6656545059278184 0.14774187124966737 -0.47979874783487564
0.261604764314295 -0.005872125512701674 -0.0011146015488864797 0.003319416372873393 0.001229726848887534 -0.010050568418972514 0.18554771307623505 -0.02027594686827551 -0.003882828484594933 0.006494942451427583 0.0027093461035546484 0.2355818868409633 -0.05817852328698964 -0.01345369860025364 0.008422443218682251 0.3382065378482842 0.16830210802302134 -0.011792192542362094 -0.665805915334449 0.1471418029688688 -0.4791429422948014
0.2626577427363955 -0.005608458573339957 -0.0014629638730576774 0.003264172009095321 0.002254800617099718 -0.008882291947664009 0.18465945125986397 -0.020588963040519805 -0.0033199619818301777 0.006966775495857419 0.0026113276364471616 0.23630791599029266 -0.05952151241389752 -0.01359916512686173 0.00901126897766408 0.33824876189712844 0.16749811838576786 -0.011488790987653687 -0.665070385681043 0.14752859690933243 -0.4795411994742756
0.26125412468857817 -0.00711809560661334 -0.0011820924231982922 0.0031280713965901566 0.0019464072046435582 -0.009366547019714414 0.18454438503986323 -0.021424452929703266 -0.0036166494541746337 0.006489977737415016 0.00217802253949589 0.2364062291439461 -0.059509653571394226 -0.014250579364163718 0.008318297953914982 0.3382230576133377 0.16715022907143082 -0.012161783987989687 -0.6662361830422305 0.14756808225574083 -0.4787346016186713
0.26171172619744665 -0.006613415445851943 -0.0013720215414051555 0.0038372803407802536 0.0004785503782295773 -0.008945992540010076 0.18408327596206217 -0.020949056239489505 -0.003461821594820732 0.0068804335403999245 0.001846950799724139 0.23626371978321553 -0.059964367873134625 -0.013889879102496517 0.008697982871644541 0.3378036451779871 0.1676403169526949 -0.01213406600723484 -0.6655492850305832 0.14754223746068068 -0.47979879719903706
0.26138163122232555 -0.006039790995773499 -0.0017774526197404132 0.0037950869441264416 0.0019260167760664151 -0.008797682403743864 0.18520829215014734 -0.021117482431232806 -0.003984538683310113 0.006867430725191245 0.001333627117650825 0.23503414239678214 -0.0599047705655296 -0.013378972693938082 0.008549728531681098 0.3380819531935158 0.16829167232202308 -0.012236478464110714 -0.6652752798932453 0.14781743845701295 -0.4800390335649256
0.2618952665240572 -0.005841379778037156 -0.0014580488928837968 0.003792865821531309 0.0016407585648489647 -0.009499086255452354 0.18465363459090076 -0.020376251347953494 -0.0037596368944853393 0.006054550053980558 0.0021208507305137225 0.23587308712819188 -0.05951065856154799 -0.013315305783282097 0.008334713196195387 0.33761160070750795 0.16761078955103495 -0.011397121016132335 -0.6653785308548964 0.14820673103926404 -0.4799758111619001
0.2620414776358538 -0.005814742283387183 -0.0012117095479123004 0.0038209818689947596 0.0008450567062369719 -0.010228153306927664 0.18500563601667402 -0.02058912901881599 -0.0021356646093770065 0.006340914898095116 0.0025230277941101515 0.2361585664008432 -0.060389527487629685 -0.013976599079643033 0.006926029581824141 0.3380748876865789 0.16824060998438148 -0.01154744130372788 -0.6650900013807783 0.14812682175585898 -0.47937115468693087
0.26103099953762193 -0.00638331362461013 -0.0012502440948095306 0.003125752282555202 0.0019745418338012175 -0.008737453823647729 0.1851958338695027 -0.020617625964617643 -0.0030260539689403025 0.00683468345525705 0.0014840502959635943 0.23532689565633608 -0.060264977370109024 -0.013172367472985799 0.00785230686669671 0.3372190324221819 0.16658804609609199 -0.011768249841593787 -0.6666420622642432 0.14687460265049182 -0.4797014921008476
0.2607482065640908 -0.0050185797022941755 -0.0011757966071522373 0.00336927915433585 0.0015263938254564886 -0.009013471755331395 0.1849637928616236 -0.02111327960135768 -0.003315604707764608 0.006981385632602694 0.0013181093801687511 0.23639329746947862 -0.059888724510788506 -0.013186089776813988 0.008356370237620842 0.3392683714380462 0.16760471275265035 -0.011849067973331462 -0.6649587475277907 0.147411270478161 -0.47981548017869374
0.2619701378118803 -0.004866184727038974 -0.001121364795853062 0.0031649219084651076 0.0012237243457976603 -0.00838507480296017 0.1851279093608022 -0.018972905736078318 -0.0037666161065870083 0.005691166617043209 0.0022256093135896997 0.23630156113366693 -0.05860224957102952 -0.013990163947963706 0.008359941237006221 0.3383542778663665 0.1681096311125247 -0.011883602421426902 -0.6651787409078175 0.147273051939331 -0.47958834693546176
0.2619710216915705 -0.005467570579675267 -0.001503011946519206 0.003753751119499916 0.0011194023985267132 -0.008811025025158384 0.1841734604703025 -0.020472020310110948 -0.002986879456794131 0.006395757393130892 0.0018669747405458462 0.23685732878967145 -0.060239332303070145 -0.01255393383554654 0.00799537165956441 0.33840891836717796 0.16826717777080122 -0.011152338086080503 -0.6651990147455642 0.14817037432097804 -0.4790606133057213
0.26248082852430743 -0.0054982221897440405 -0.001321115131627133 0.003425140867151734 0.0015268430780385441 -0.008968450675321553 0.1837474210491632 -0.020652307439602387 -0.0029179255418602095 0.007283665635778807 0.0012124309238652287 0.23661646359512659 -0.060143033159725946 -0.013084713753193051 0.007574695645301646 0.33823558081007205 0.16753356061737706 -0.01156817297098384 -0.6650731312903548 0.14774053191041883 -0.479726373947556
0.26185309626397724 -0.0066874553030756454 -0.001786537903022293 0.004008783161536023 0.0017188741162965627 -0.009114689156838869 0.18431761103991431 -0.020057949475599513 -0.003142027958166288 0.005510737904436636 0.0026657995043894403 0.2362670595266908 -0.06005296864155284 -0.013425599967816029 0.008196405550230107 0.33805153589090237 0.16825633380182464 -0.011938750548945193 -0.6649727725279486 0.14766916408655253 -0.48006024684916837
0.26132789287404895 -0.005756254340857206 -0.0021862101126693544 0.004486508463293277 0.002118668415396034 -0.009836856922257832 0.1845536063228358 -0.021140753750506412 -0.0036246127471302493 0.006595923082536841 0.00280738887801674 0.2357234422220047 -0.058972960828006425 -0.013197852736677626 0.0076042806466242825 0.33781235442194396 0.16710126954740007 -0.011761814611843524 -0.6665385946594579 0.14698684915669277 -0.4792122635599106
0.26165033992797915 -0.00640407687783827 -0.0010658648104609715 0.0032704630388811417 0.001273937856170741 -0.009187338658095687 0.18515611292243625 -0.02090485487198096 -0.0034846880390057497 0.006950088512895591 0.0018343740335971072 0.2361218311706676 -0.0594825145189353 -0.013944693740353353 0.008545214075526136 0.3381838544528786 0.1675666189072878 -0.011466075176164723 -0.6660021834259663 0.14717164157253548 -0.4788117460532405
-0.10174588311852413 -0.38015747240749714 -0.4211188328744515 0.16475298505015823 0.5244525538272284 0.18053531118865213 0.08201271541691489 -0.013467983488717184 -0.2237252245518799 -0.18190409960634113 -0.14633621245685227 0.126025971607724 -0.17616738396652895 -0.3007823827638548 -0.01147514936814624 0.23631131686106996 -0.026425097593574615 0.04140944250709594 0.1599811651500793 -0.012882999183753359 0.0009554415533041662
-0.10028164265934883 -0.3827670262168789 -0.4311251710425538 0.16923285502308838 0.5129926031910235 0.17620947906511672 0.07779014928695557 -0.03208507629100285 -0.22058033187476922 -0.19455594695084977 -0.1396453776898113 0.1280114039900339 -0.1808559741047601 -0.3004778886031091 -0.01603793547019752 0.2278064894491468 -0.02294483979932232 0.043449265672543064 0.16586397646344794 -0.012753924709805015 0.0004895353146271616
-0.09116658649636525 -0.3799909228657877 -0.4346272757503914 0.18383926260407132 0.5126328301009626 0.1666259106559572 0.08140196020550497 -0.037834631480802135 -0.2440482078936424 -0.15922364260574562 -0.1336542914073556 0.1170452605998869 -0.19557992685270675 -0.30902619252385366 -0.02237926052854706 0.21995102222845705 -0.037669260350308806 0.03719080788006458 0.1547486040635334 0.003978186230432332 -0.010753333160576058
0.009657297570409428 0.0035439118605708024 -0.09814696444796502 -0.10409541781370324 0.0412583748897015 0.04543291326435038 -0.10163160338049079 0.16508736163189563 0.3278062548171055 -0.2564305485619802 -0.12228996598500948 0.31050964717782065 -0.6122990259448162 0.2062258686484529 0.002992193375881099 -0.32510697793101306 0.33737399065719414 0.08544806273977708 0.07549391917204014 0.05771976171900214 0.013979912352123185
-0.17713910036405034 -0.2905149054247248 -0.39664300580641854 0.09568121209929224 0.4889061978709578 0.1775947320132746 0.07738876621939338 -0.14709916507245213 -0.21062852277747474 -0.1960385067394549 -0.13042688303474387 0.09163515083286576 -0.12912177832046234 -0.37786020944891224 -0.012109074807202762 0.266368028587831 -0.05158814321238121 0.001859904691349814 0.27551053883857685 -0.032513710351786115 0.03413136919450998
-0.03838316451512497 -0.0209983222982259 0.1273270608719376 -0.21545085127073058 0.03815331928154176 0.1389335542698232 0.10688230398121146 0.1573933641575711 -0.40595172343475483 -0.07447592052761631 0.42362167703916587 -0.3088077347897737 -0.4259268661756259 0.15408117166818266 0.09781561045610214 0.33842374607284254 0.17767990321735466 -0.20596056795133338 -0.059282936728489125 0.1518414068737734 -0.059375323018073765
-0.09709359671426178 -0.3916182109642944 -0.4427683543152014 0.18486478321835226 0.5132736090802834 0.16517454533264436 0.06973006289141939 -0.028740661580436894 -0.20661775771356625 -0.1653380432380267 -0.141724281942789 0.12193625036037965 -0.18587849715548355 -0.2957415747947096 -0.021362606326551337 0.23630459987708136 -0.03022567749567743 0.044946886169299344 0.1556929024438084 0.0012474136413753618 -0.010045589168915316
-0.10388709957182408 -0.37735041649929135 -0.4454809601645113 0.17576541191241737 0.512907712166423 0.15773201328225592 0.06252954416127454 -0.016818225816932948 -0.22066399011744073 -0.15776297286287705 -0.1378135386745321 0.13307778293048328 -0.1620569844071362 -0.32311172319953163 -0.02337202570161011 0.24130538965350856 -0.03350263267577991 0.05277820890559795 0.14698103686540778 -0.004174543683403214 -0.008356424320370974
-0.09886123598716572 -0.4015412160734569 -0.4190371351907431 0.1648763354962477 0.51324462009943 0.17857938088188416 0.07690524424879659 -0.029500672586031947 -0.23638108893556486 -0.17496365450640233 -0.14388839270813808 0.1233420849517617 -0.16604939804757224 -0.30423784099434814 -0.01314716114883182 0.23372799148636292 -0.02205361880850187 0.028907257248405087 0.15945318670071734 -0.0016371234208982341 -0.005414938780194403
-0.09102378975080758 -0.3933418015789255 -0.4365304904097184 0.16655873711591396 0.5084260650534469 0.1708487087509373 0.05799842938936983 -0.01681614365079284 -0.23176304812670256 -0.16803860861905343 -0.14081431477242265 0.1384844430168542 -0.1743957310311087 -0.30675355362858686 -0.01820077094139403 0.23249873804096072 -0.027593096857851277 0.03561411235518037 0.15951341037404343 -0.003017350861308678 -0.004863268740202899
-0.10398579644076884 -0.38586613694406185 -0.4218082135331843 0.1813034088175604 0.5161305982972079 0.17645423747431443 0.07601608764840954 -0.02027212618868225 -0.21969362437754386 -0.16545203769570352 -0.13815273963489402 0.14339017345078256 -0.17519675298305137 -0.30875156162056716 -0.028710967413499634 0.23372759763820403 -0.03187698136277343 0.04612043587792391 0.1606918712919491 -0.0013159337569960965 -0.0075574683704110164
-0.10037396414155916 -0.3848305490927059 -0.4435046405032008 0.1607645179228778 0.5155811752974474 0.17441134866075125 0.06471259854375731 -0.03580914914877473 -0.2052495538065751 -0.16135843414644183 -0.14935036150827583 0.13311427638129217 -0.18032709174102693 -0.31471212100765245 -0.010881992181219113 0.2260993252762652 -0.02100473522025103 0.04306675144641616 0.155666375275792 -0.0026058554186824774 -0.00714952507456068
-0.09252030306297171 -0.3716148063717508 -0.42918582003452727 0.16927154133900837 0.519118283513351 0.17623109644310858 0.08169846667777728 -0.007477792928299455 -0.23164248542278315 -0.17478958316089147 -0.1422759150053262 0.14237255693761838 -0.17897583520380533 -0.3005698474165698 -0.018991725576464315 0.24201301179289292 -0.029787299177858904 0.0376973284470335 0.15747090915333392 -0.00886075990465608 -0.0024081466157899172
-0.09372281506112383 -0.3693463623420324 -0.4199575679581433 0.1869027759679732 0.5164474407487847 0.1691201629103421 0.0835936300084974 -0.0021323791610804517 -0.22320001165239742 -0.18734286573364556 -0.15276298383213238 0.14804541935641288 -0.17846775262587541 -0.316158720542357 -0.008286346987824777 0.2333103147565181 -0.02272513183969548 0.037391288239835084 0.1508066464226414 -0.0008625003613528288 -0.007302128701958735
-0.08773018868482724 -0.38536823521720937 -0.4308510173066437 0.154114758234392 0.5162207122782599 0.17863364539187096 0.08613471308985407 -0.025641687389704317 -0.22948406374123756 -0.17167269423421527 -0.15456658268175294 0.1406263213114247 -0.17569822583755315 -0.29665802298555527 -0.003866161968404589 0.23376803578964406 -0.05330981996834608 0.03689135057709617 0.15601918358201158 0.0010321911989610944 -0.007416242055590671
-0.07254041309182326 -0.3799451470600974 -0.4231437159602289 0.16747994174487338 0.5262949292365975 0.18158074503602736 0.07791325553047641 -0.03575109772131469 -0.2316581513598217 -0.14961166702900716 -0.13886441012869036 0.13840872279450359 -0.16679165995786885 -0.3097509005802445 -0.006892007744111105 0.24219306311863695 -0.03568765385672313 0.03322287706996334 0.16309846249080803 -0.0037372400753256704 -0.004577352293835095
-0.090680183964305 -0.4010279238328075 -0.43160485294367656 0.16801293217905391 0.514329691563275 0.16596088785558638 0.0798041219019063 -0.028614215772758175 -0.22629143670075 -0.17114741314636187 -0.14341143784157304 0.12070957417386136 -0.17570802089920745 -0.3010742649961473 -0.008685060398141735 0.23768250672277597 -0.016692921233541415 0.031249873282812906 0.14889821414058632 -0.0026350179124514945 -0.004466113300357618
-0.09345357222927742 -0.37624247218549894 -0.43396024457656723 0.1804431564969395 0.5244791604869609 0.17715931369698695 0.08739024992632222 -0.019398757603495194 -0.21878884724702402 -0.16451051846047518 -0.14318126252350297 0.1358519503505093 -0.17589861125499043 -0.2950589128960931 -0.014815053953492717 0.23598757161377482 -0.014994292741153848 0.04223273482767558 0.1553833307748914 -0.019765620729733455 0.00281666480947755
-0.10860126543894082 -0.38728898299037817 -0.43336011564118027 0.16121836368118178 0.503871093968998 0.17303464729426893 0.08139250277272109 -0.029934535082582824 -0.2172013281750348 -0.1759727120927067 -0.14523813997428514 0.14063721659304146 -0.1826079279871271 -0.3071543182913431 -0.01400121324769365 0.23474202039982892 -0.019820808747663024 0.03691878300938535 0.1706420543436976 -0.013447767207984022 0.0035103492552916284
-0.0953862052861839 -0.3827510153388959 -0.42456427006512465 0.17659141185444568 0.5140560003831013 0.16534573800658517 0.07910081611277357 -0.016519482724801055 -0.23715253390906396 -0.16977556766305038 -0.1337124380595804 0.12008534529719231 -0.18013597958240374 -0.3155665452858582 -0.014736992721242617 0.23708557726888163 -0.01765782723575148 0.03807720151022726 0.16389107520871035 -0.01964224508943702 0.0032946841671603606
-0.08386569685906921 -0.38652687241305034 -0.4306702376403533 0.16045445761096727 0.5201895841679971 0.17722059478608287 0.07677294240865622 -0.025282190431413464 -0.22348183738107621 -0.1734182388171809 -0.13690462326333533 0.13091603915630465 -0.1768947125780078 -0.3028882927107371 -0.014554662428175219 0.24593018822804008 -0.01896851254007385 0.04264443659295231 0.14804151216506875 -0.0012286370622311591 -0.008989557177768292
-0.07445800817093651 -0.3945234959986777 -0.43693837056609103 0.16439818655802496 0.5254604395003338 0.16441755004519745 0.08517480764104227 -0.01783317140656821 -0.22204708677649695 -0.17235680231396197 -0.13191227479991027 0.12378753940675183 -0.18210072686311854 -0.2989427293592455 -0.013458484846167164 0.2242595538913607 -0.025777400781929867 0.03960166078641804 0.15204964328504336 -0.00021725640762082737 -0.00787043597457995
-0.1049817959989908 -0.3832268211836307 -0.43239943656802976 0.16995452591101762 0.5121626544472758 0.16184203635238373 0.07977996551950463 -0.038649030963575755 -0.22417644760086575 -0.16757105867878289 -0.1466622299886344 0.14905473098019725 -0.1593823946028624 -0.30791251355848503 -0.01996236679552211 0.24288385690543152 -0.021316787195105703 0.05518174821836662 0.15686998958827436 -0.0007241769643921189 -0.011218471950915857
-0.0937560876145676 -0.3955340718299746 -0.4294482410830765 0.15185241682805467 0.5101503670436535 0.17847370830529105 0.09985706681453278 -0.029417130619841678 -0.22213188715876367 -0.1655415614194502 -0.13182260631813777 0.13738640041116892 -0.15860781399792948 -0.3216991144259957 -0.018409677548803762 0.22346079434981142 -0.01887444127530961 0.0300572485462811 0.17602504661585647 -0.012821307058647324 0.00254736567135371
-0.10109691836807845 -0.38720286300966333 -0.4264764871443255 0.1607189720515827 0.5315954071208067 0.1747375988931396 0.08412832013870274 -0.020147919450310647 -0.23057340880938398 -0.16772352514566113 -0.14661866723829695 0.12798935643278028 -0.1598895770736214 -0.30624967641308426 -0.007409794537029708 0.22089362761952466 -0.026863616679357598 0.0336439528983429 0.14917532315919807 0.00010630938475606589 -0.006875335328091445
-0.09542257919635694 -0.3835856244445457 -0.4397124780551751 0.15004181922998552 0.5162387902854856 0.17134538733118396 0.06961821018905094 -0.010608508519885292 -0.21694306904457092 -0.1768842375219643 -0.1341269578950228 0.13132031385635798 -0.18715331558833734 -0.30569110798941834 -0.01660923053141552 0.2437692085390966 -0.020153943010978486 0.033060225374154366 0.1542356469036778 -0.0021212657213273887 -0.004860431577855021
-0.09329214751114345 -0.3774778918283408 -0.4401797947979676 0.17538059928135424 0.5138909308799542 0.17344655959490135 0.06931613148700475 -0.00915358828382705 -0.2321780294980646 -0.19234058764641396 -0.13286240145553121 0.1425370971625571 -0.17281585032127766 -0.2974301496818199 -0.020517785028757535 0.22843861594895568 -0.023834087187827167 0.04125242417340281 0.1519988974824467 -0.0027038464288261627 -0.006893650810607125
-0.07827742802833336 -0.3851704110883959 -0.43921314868053135 0.16315465931960846 0.5158336066695807 0.16183589054979133 0.09596388793044024 -0.028438857912981955 -0.2302281241743439 -0.16723855419755546 -0.13837938657510443 0.13177781593361626 -0.17154244105014288 -0.31013438175103325 -0.022570793613303046 0.23800181328543846 -0.02068967266517786 0.04912751984675439 0.14323861079781308 -0.00399668224300316 -0.008276296464822242
-0.09901710792716739 -0.39657338457853786 -0.43198291697887764 0.1800002701222717 0.5081494738372017 0.15740016684926603 0.07571242296700921 -0.022966341442509936 -0.2222427148142092 -0.18717006751742005 -0.1418016635657606 0.13523530595820682 -0.18151736576256627 -0.29168695549034085 0.003758461985164021 0.2349553054094185 -0.04135101975141717 0.02899958163192112 0.15988977222256173 -0.021065980551092812 0.006098344816940415
-0.10083263331241178 -0.3737735841930637 -0.4220430912229975 0.18188310572769772 0.5154454660446958 0.1709256570297033 0.07691519339081203 -0.012572482558497184 -0.23779004854974614 -0.1800882780197393 -0.1379644517282638 0.13504026568569846 -0.16735489183105584 -0.3159397567011691 -0.007318536028194413 0.23746373454962535 -0.0058029751283155545 0.026011479497917427 0.16232109598637945 -0.016852507726017485 0.009699421630986435
-0.08864466303137249 -0.3608191374516709 -0.42470207765741025 0.18403446248320202 0.5218124065687911 0.16784112398507792 0.08388000155749224 -0.017952476429242647 -0.23550646370318312 -0.1755906506056265 -0.1459126394068201 0.152334535369024 -0.1646225308975687 -0.31752811705586786 -0.007539971911135306 0.23095292584582616 -0.014130966011474306 0.03976919756653479 0.16001357908775626 -0.01953776245948711 0.0037878888167358024
-0.08435299392823262 -0.38846968981644814 -0.42867542549752274 0.16413081093271006 0.5100258079114559 0.16486211469526177 0.07726143786524382 -0.03161591203577363 -0.2226240649663753 -0.18478876275179038 -0.14655745866016207 0.14319709054163526 -0.18793783227187097 -0.3123346164253058 -0.02255363487353999 0.2283443095727827 -0.009233580329624269 0.05107340757479498 0.15166105131405752 -0.006381104942721747 -0.0069179920570862025
-0.08972242885579919 -0.3765899281985729 -0.4294428818420135 0.164793171778618 0.5192111204840018 0.17862726919817193 0.0863859945162997 -0.017268845775961824 -0.22849427365899733 -0.17547006128568632 -0.14512960635975283 0.12291562770936006 -0.19449958174824356 -0.2973147070599584 -0.01033839266536334 0.237799506996061 -0.023967479858643694 0.027457570387606135 0.16095540976198075 -0.003968645918060268 0.0008362071214897961
-0.09782072419112328 -0.3930619888302017 -0.44126786120059525 0.15770190332128683 0.5151234519202549 0.16206524488034052 0.08225821735863624 -0.026346539674847052 -0.22685857350249014 -0.17970028066881139 -0.13898032161650017 0.1320123154736053 -0.17363426428339454 -0.3026288461385481 -0.00531629492971908 0.22596171627574502 -0.029102741186795386 0.039827259682943685 0.14641650305633394 -0.008144708426970789 -0.0033413594227582615
-0.08769380620694948 -0.3859906898811164 -0.4442682896665938 0.16845032021521972 0.5115644371955145 0.17096304279439345 0.08078582777058521 -0.014556341608635818 -0.22122872233334012 -0.16786062909187907 -0.14111565648876853 0.13275157017933295 -0.18357456183823664 -0.3167699697459418 -0.02346054214836592 0.22926962181732669 -0.017980575672274866 0.04394081373651712 0.12567265763628027 -0.003685212773652184 -0.005599773850354733
-0.09933987945731718 -0.3794645239172763 -0.44254236149266785 0.18691643604313415 0.5263275901530756 0.1678590629775218 0.07779218721781977 -0.018110910559889226 -0.21712600609733126 -0.1601661099653601 -0.13539344784336477 0.12888630544478838 -0.1639126527485136 -0.2949414052643531 -0.02004540432283968 0.23100647438577945 -0.012407874964433288 0.04759614622135847 0.16031754752813793 -0.01712458886813607 -0.0013691061600729854
-0.10573479564089949 -0.37047092412965765 -0.4322730857405847 0.17196998059996688 0.5107664468283661 0.1702816479757582 0.09789963443900694 -0.021266093322839272 -0.22297056439740431 -0.16945567490411292 -0.14534102228141693 0.13799474038602355 -0.1558279531123718 -0.31670325294643553 -0.023180123432638488 0.24543215476900426 -0.043473152684613096 0.04707880544699595 0.1644933913505022 -3.8182799134516876e-05 -0.010165466840693175
-0.08251310082389825 -0.37747511954779317 -0.44299374644934747 0.1724743715921693 0.5128388565149676 0.17251742459377442 0.07855342461085947 -0.037116341043165885 -0.2292462007276667 -0.1706564845975365 -0.1488557184259365 0.13660773115048302 -0.17317096985839056 -0.3050376338612526 -0.022941197591346517 0.23435372865921444 -0.02836528555495048 0.047866718857242925 0.1423662263347 -0.0031346799770561825 -0.00663253032871189
-0.08694609850344644 -0.38667443165182525 -0.4382493273293167 0.17159026979111527 0.5230102446369451 0.15496720724497778 0.0948192301963495 -0.017048277417600236 -0.21647644292867982 -0.16743398751005023 -0.1455865962891707 0.12282321701162016 -0.17353063578983935 -0.31103210467210324 0.0012761723686350792 0.2231398550900381 -0.015591430003737751 0.031827546347316396 0.1595317812550634 -0.006382040156144391 -0.0032271194739422198
-0.11162771076259541 -0.37810599709052656 -0.4343741296039573 0.1615803875075937 0.5160054853561766 0.16304974993591695 0.09715627306586641 -0.014391814026442 -0.22301508184157218 -0.16811560599224565 -0.1381776599151554 0.14391467112744138 -0.16672474098007717 -0.3091831010206892 -0.010742497651295622 0.2421072436612187 -0.02095596912264837 0.04096855622651258 0.1579854373948953 -0.01694756507272779 0.0016528684375619758
-0.10070118203128434 -0.3762897824450339 -0.4263103624921796 0.17953565663421453 0.5158301594805668 0.1778707583886047 0.08037855267958026 -0.032155236904509714 -0.23051476727387718 -0.17576497737056054 -0.13574276513478442 0.13880815148642878 -0.18174357396067564 -0.30618524213273496 -0.01533891572088275 0.23380639001722003 -0.024850265218039902 0.029944653437808225 0.15533190884081774 -0.005515667682136808 -0.0007713019762295271
-0.0969968663669452 -0.39199360648064585 -0.4377737167210141 0.15944767465767543 0.5051262138168119 0.16098488876016376 0.055168193602912904 -0.02490752349756368 -0.21373126682743762 -0.1741756896913869 -0.14523175426966325 0.13750221374903093 -0.16857206442815117 -0.3285846322725976 -0.01476024126328822 0.2399932182949123 -0.02686026521634106 0.03493649120858335 0.15142725303891316 0.0013837889061853264 -0.006338306338830185
-0.08100475301293614 -0.38096876691128084 -0.43435174466321375 0.15694695466521252 0.5063798819862906 0.17200859433996385 0.09571357890848652 -0.022909568629902538 -0.21494935317728595 -0.17277917790407438 -0.15529718337203158 0.14146401326763688 -0.1669555311922554 -0.3234585891474346 -0.019190036593741515 0.23849274234421594 -0.036115424665394 0.04501802304863348 0.16116478811244675 -0.008732120838475566 -0.0008215605206858419
-0.09943142571311608 -0.3745108760875696 -0.41780121778578294 0.1718767865868645 0.5303247716217029 0.17345091477201793 0.07840485671990102 -0.031071548359760108 -0.22107945704519777 -0.17531165086032843 -0.1338558903096557 0.13672547845333508 -0.18226951086313278 -0.305646088969592 -0.015612188801604001 0.24477198431746955 -0.020542074676675015 0.031928250294328046 0.15104219328541083 -0.0043849178630707445 -0.00429793417986162
-0.10821814768845606 -0.4039999935832379 -0.4176041997012001 0.16931203647059362 0.5102421032720018 0.1745142238766688 0.07624739677438216 -0.029977565868313964 -0.21012647326766243 -0.16795269456115014 -0.1466154786323286 0.12719447104578 -0.17378073131327146 -0.309300832475339 -0.005882484004924288 0.24526544054679886 -0.020859403820195056 0.02242291172684588 0.16571860310102815 -0.0023630339933045632 0.00025137112597184875
-0.09451046705298825 -0.3917521085882485 -0.42656155926613837 0.1650315376280217 0.5245045540524301 0.1795752199237135 0.06917811102141642 -0.021410218491077326 -0.22196000842808386 -0.16494544430880168 -0.1474769941622762 0.12743131600337176 -0.1638251564874546 -0.3111196595925282 -0.003451671272106167 0.22517361086041102 -0.02539753420556428 0.02632718073087021 0.16011471396840166 -0.0031785720246290464 -0.003995837456040942
-0.08962863418028606 -0.3849445205243023 -0.42336607041314617 0.17759807431753805 0.5178024028840374 0.17260309718843397 0.09330291354877417 -0.003655804391161688 -0.22423184050347678 -0.17060786357289975 -0.1395037202505911 0.14389251143820295 -0.17077008249391348 -0.312125643429651 -0.017173106544983455 0.23195443387981002 -0.029695907976340565 0.03279485638883017 0.15506836398613671 -0.010815153562687217 0.004257948149770541
-0.07354832734244562 -0.38690498210674007 -0.42114632357535087 0.15784500621049435 0.5208921865822377 0.18705545975368432 0.0641232607359696 -0.013888568033136064 -0.21237781409641598 -0.16634052166936444 -0.15013281285210214 0.1444759040486169 -0.17486452715719739 -0.31954876970765655 -0.012821702410619033 0.23916877683529497 -0.01876967593775973 0.035741513515642157 0.15478215766116185 -0.012506789972046996 0.0027095303626662862
-0.098435353478015 -0.37432014844005457 -0.43969377627630424 0.1878707021923893 0.5136689671566727 0.1704693145818122 0.08014373410105632 -0.03213049083490763 -0.20619494838841648 -0.17957971834104056 -0.13367717590518416 0.13371546483900645 -0.17582971936408665 -0.3130802937775288 -0.022915616966827815 0.2351423725091794 -0.028810988272854145 0.03452625464854096 0.1541542231758598 -0.011720751576365538 0.0027939744854913007
-0.08666485661192007 -0.3687862451142394 -0.42737638416198653 0.155356274192581 0.5162085285057597 0.1809503433147983 0.0732525203209551 -0.023495949997870143 -0.21972093419000394 -0.17718878616612332 -0.14933210507804964 0.1329965999779806 -0.18674925151257754 -0.32552951152953014 -0.008822213532751125 0.23953088641927275 -0.027953453053437143 0.03148218806257333 0.15623984097687232 -0.018970907881248028 0.008077219403197233
-0.10488768220229676 -0.3898178143602514 -0.42729807781255025 0.16355497500281033 0.521601863203759 0.1706258022090452 0.08838726199485891 -0.010693213904410383 -0.2166978641996302 -0.17481770581721337 -0.12770440209810646 0.1353194631767377 -0.18399926478457382 -0.3141301557216884 -0.012573245618697305 0.225129252743487 -0.028606189201402097 0.02706647176635126 0.1463609963207363 -0.010572972759002349 0.0007024793580370872
-0.08851788492999565 -0.38338213469987076 -0.4285358089567243 0.17075163922535405 0.5196637631341343 0.16858202732396785 0.08200529587267077 -0.014913977215295627 -0.22581505995466947 -0.18085688001626163 -0.14361364770535992 0.13411554326123545 -0.17225332476468028 -0.3065643621273565 -0.016006840664807637 0.2301729810080103 -0.0273575417473388 0.03803465156589906 0.15953442005909999 -0.01044636901263291 0.0028920908727906054
-0.09376331126102172 -0.3796921222272221 -0.43371734295610237 0.17167932627290713 0.5118828555138729 0.16855250326067697 0.06886467776131583 -0.027962455590036156 -0.21880416042458586 -0.1740168364283872 -0.15393257344143735 0.13461819948439935 -0.16735026408866213 -0.3252614713844171 -0.022630066868939123 0.23318573492704575 -0.02295785357451247 0.04518163902098351 0.14868251128146384 0.007646179984451397 -0.010144265795966095
-0.08993382263854183 -0.386573100443297 -0.4360413711801736 0.1683569364128635 0.5254235846002905 0.16602730784642128 0.09457840331943229 -0.02853961735101779 -0.2228248262255349 -0.16259141870885993 -0.13560270671504998 0.13002202025339804 -0.1679632622963598 -0.3080131902667642 -0.009147322967733977 0.2326987108889504 -0.016682898656049758 0.03275834887820563 0.14303704190767266 -0.009691864825921994 -0.0007879125594478931
-0.10406596190060419 -0.3805208226968693 -0.4297469586643179 0.17416413782433526 0.5064597591567701 0.17231013172782986 0.08293926469895377 -0.016506844611063436 -0.2110892129805894 -0.1728877580095809 -0.14401835094075865 0.14565490806435058 -0.17042937596519558 -0.31870606326939377 -0.021315222990338514 0.24945570457950383 -0.026931700798856602 0.04842198473720812 0.151728061252268 -0.014690904823540712 -5.614892737201679e-06
-0.09387114766791832 -0.38389844404835577 -0.422115400507182 0.17596446759326795 0.5193844735818973 0.1811256263652011 0.07272861703420484 -0.01955390593109344 -0.23414160948911353 -0.17432578636864102 -0.1398197159967618 0.1314494095324057 -0.17310490072709303 -0.3108860939021267 -0.023612626013773858 0.2264669060193529 -0.03902720997832815 0.02987374136102987 0.15317546168923543 0.00424112617596042 -0.00547032327693204
-0.08525956385982197 -0.38317034611142076 -0.44199310408687015 0.16996917399474168 0.5181537529446892 0.17995999388827294 0.07560405385251137 -0.03262776526693152 -0.22040454125191825 -0.16134109179088935 -0.13862882683505168 0.1372588340663372 -0.17285631643628024 -0.30289988836261816 -0.02131278241357199 0.23418135464289455 -0.01613418006865694 0.03918990529985278 0.14981238314868345 -0.013544891412391454 0.0010953319546233478
-0.07929060281628954 -0.38924622298391687 -0.43564824800593505 0.1699798519866868 0.506327837733319 0.17940553102523582 0.08073716027548815 -0.018165525960241194 -0.21323816821267377 -0.18263023149960694 -0.1461835930339942 0.1378270454140951 -0.1805197813275174 -0.30773332092797095 -0.026545029179052944 0.23414663326183235 -0.025176152836968006 0.043478059393657446 0.1533634695647054 -0.006772746300608687 -0.004242740278527074
-0.1042555765475 -0.3794018087675493 -0.4339926637082861 0.17059956647043786 0.5219077058769065 0.17787955270484224 0.07393208345154116 -0.01085395076236725 -0.23334184685742554 -0.16688234632217447 -0.14042962083607055 0.1332534702722985 -0.1592297130347071 -0.3094260830014433 -0.030818028464792403 0.22739584904247084 -0.031249400121545604 0.03977479077451617 0.14836803579192037 0.00041935480536893624 -0.0038095999112889934
-0.09608986781914329 -0.3604649022246795 -0.4307909955530343 0.15749918295369406 0.5190263182945672 0.17746851712377437 0.07874736087781004 -0.030744225413229388 -0.23255932370582855 -0.1919384580911846 -0.14659699047757818 0.14837866197914076 -0.1543585697195413 -0.30756519141822114 -0.013336960987226865 0.2502461154192434 -0.03234363718999187 0.039492868636590635 0.15404151702754254 -0.02005975725158964 0.004813035373357711
-0.0970215646815066 -0.3825471793468451 -0.44453406404003176 0.16151146306621061 0.5149774700795329 0.17924306594280012 0.09180299209638446 -0.01466727643145011 -0.21795206070169487 -0.16805024770755986 -0.1354982682095435 0.12468341936530432 -0.16456702443203408 -0.30211775039612865 -0.027513654061001373 0.23890494536165235 -0.017752010455357743 0.045133059823912726 0.16196763113125323 -0.012229525512869236 0.0005062174896756861
-0.08497432713197711 -0.38140267928284255 -0.43042904104401264 0.16591346897468637 0.5198410100710708 0.1859209333997709 0.09381783874561173 -0.01963824022894854 -0.22100795419734384 -0.16927237577570053 -0.13731577253083285 0.13369930481089826 -0.17197385048467978 -0.3073813244620467 -0.02266119013930753 0.23362439273170812 -0.020216502430747216 0.036939987018744985 0.1586441718635614 -0.01401213489353416 0.002770057513167781
-0.10405825932264669 -0.3708095390614885 -0.4200142627069002 0.15474740844718854 0.5323502988736749 0.18850651956591682 0.08153332348266662 -0.0436137225266781 -0.2150966259210027 -0.15615191667065523 -0.1328647919407421 0.143460419007358 -0.17775617288687773 -0.31918735846561674 -0.01578928548956281 0.23936466333178388 -0.01530576294930837 0.0276168227479291 0.1507496558099865 -0.013872273905543 0.0032689672690055156
-0.08326520588726771 -0.3959496209451969 -0.41959694665105624 0.18049250260218483 0.5255759397940033 0.18530475498932095 0.07632951478846849 -0.03163278074243561 -0.20998709174755564 -0.1699371634334738 -0.14102408401306157 0.13440401754971926 -0.17124631152824427 -0.29903486669141255 -0.03038993022122133 0.23352932526915285 -0.020242887781682126 0.04366208994564824 0.15069079361718898 0.003438361464390379 -0.009440800020937418
-0.10263618226183582 -0.39434414848099936 -0.4229405483333254 0.1786830991639266 0.5136900807347835 0.18420029939763008 0.08959711855303612 -0.030164159696906737 -0.1971964615100457 -0.17328217870151286 -0.15215302657181595 0.13617330768201497 -0.18068458715238891 -0.3128544956790159 -0.021149633904798657 0.22449630916815952 -0.024817951839104783 0.04082320759713504 0.1485377723150377 -0.009048269647513431 -0.0013954635287934405
-0.09093726242385217 -0.389615652043086 -0.43465919694791605 0.16687966702939977 0.5172801148169124 0.16295797290931768 0.08608083329211094 -0.0024370221968304092 -0.20818327725751018 -0.1718894379762453 -0.12981037385430944 0.1290931460708016 -0.17255459290388386 -0.31659894268636013 -0.007989486839502999 0.24281987346387898 -0.01661806702881113 0.02682554546852191 0.15807558812368774 -0.013356911809774264 0.0018306400087349094
-0.09084909101947801 -0.375787865230805 -0.4236309732257239 0.17452950908398018 0.5169095678407101 0.1740899318207527 0.08427970244390862 -0.02849977807558902 -0.2245696418407664 -0.17902136776713506 -0.13293183386398513 0.13547510915081348 -0.17806956383892475 -0.32201803804757445 -0.01222754395343433 0.23424666474119796 -0.013887163827526954 0.02531563111579581 0.15930064926815488 -0.0065554939294519355 0.002168842357245781
-0.10197116981772794 -0.38344201090475816 -0.4415576920130162 0.16322715192350398 0.5217684221863976 0.1671571489250696 0.08150673521949384 -0.02341597936866622 -0.2233815212705459 -0.16934851703967735 -0.13072773274393626 0.14106857153011618 -0.16073006736569342 -0.30861613108361696 -0.017921158536875426 0.22743198020627697 -0.01813070526598409 0.028165723318901045 0.15412213303948039 -0.00013091390439129387 -0.0037177016238562496
-0.08194128452342762 -0.3691553576126274 -0.44866875907678566 0.17648159912945566 0.5178152947540828 0.16383037429119052 0.09012980267151768 -0.013835202132188428 -0.21560275464339626 -0.1768464069463852 -0.13321375417584647 0.1417997995729092 -0.18530725186746036 -0.3073841584377254 -0.026398669931829204 0.2309197641588955 -0.0320960939299864 0.04866985274150167 0.13801239333685109 -0.019064073646511106 0.002446713659981422
-0.0946673032445946 -0.3897241967830753 -0.42138592242292644 0.17967099927604419 0.512776192963274 0.18139652216641972 0.08003172681438778 -0.030733319054476318 -0.20475734598247383 -0.17405241160517612 -0.13619159113350215 0.1438625468356175 -0.17603308492629538 -0.31251214460605437 -0.016013235460584127 0.24923175160633526 -0.018557104856226164 0.029695733934268605 0.1495456739347852 -0.002689993355449271 -0.005052996956195169
-0.10901772215464006 -0.3915099724699681 -0.4166043240580775 0.17997503618180002 0.5217011990723802 0.164590951284058 0.07434700028725034 -0.009775215326876951 -0.23579356454206493 -0.1733493722052317 -0.13825466582500898 0.14162549517771322 -0.17552188788917883 -0.29909673408286735 -0.016547815839605334 0.2369632389871266 -0.011563809760668266 0.03374287234820022 0.1454314241332068 0.004094906351151155 -0.006872942900029437
-0.10053734289370313 -0.3723610086872366 -0.43425300753446333 0.17512457055304895 0.5200906971390084 0.18392415642468282 0.07958004794696373 -0.03249164056639731 -0.2150852415181783 -0.17775798655926786 -0.15071281112765217 0.12787334574099923 -0.17090550002999308 -0.3048771743854838 -0.01513723415621006 0.2311689840730544 -0.030688741750516828 0.04065643425007288 0.15774113545573715 -0.00316070126497432 -0.006677507774635201
-0.09853980650129407 -0.38287068308268357 -0.4228425119629646 0.16366125366930592 0.5223006724410126 0.17554068982264207 0.08271688311684433 -0.02165002559860942 -0.22125431867545767 -0.18230063578464614 -0.14131644612374855 0.13497807094838718 -0.17843487165518807 -0.29789541539565284 -0.01727559510289459 0.23831725087252115 -0.025198205011500663 0.03898987462603838 0.163767718116532 -0.012771320188013642 0.002651986884220834
-0.08117562313919766 -0.3802341898477775 -0.42093046505886406 0.1684568871666491 0.5307896695466396 0.1798966839614361 0.0879942632053585 -0.019898501766796202 -0.21012287077011485 -0.17309844010446085 -0.14338359350378765 0.13703101139838073 -0.17059567971833522 -0.297048859372477 -0.014448802679500626 0.24954326780811442 -0.02394628600268184 0.03320182699409158 0.16136948194120843 0.001478278112212112 -0.00649792329614356
-0.09783396110936265 -0.4002428768741014 -0.4261266524661222 0.16710230260902845 0.5078121856157809 0.1830476670220711 0.08197081253622263 -0.012027804461628776 -0.20967924352463033 -0.17454640020445278 -0.13914431326517818 0.132884498935344 -0.1833038630115261 -0.3035144455059841 -0.026087049770176028 0.2378113008677625 -0.029761070404036215 0.033591390395607316 0.16120422022431824 0.004518825955306221 -0.00740591903791301
-0.08786541735404506 -0.38076020505639246 -0.4330838115315597 0.15959789532037064 0.5192509640847239 0.17245344747112032 0.07897227036568472 -0.026821956889478006 -0.218147152344113 -0.16211728973416104 -0.1452250048659369 0.14074381762841792 -0.19009627707249602 -0.3064385016418234 -0.016066413624315802 0.24578272603894893 -0.018294131593430015 0.04046945728833787 0.1429409553070455 -0.0014213976621704433 -0.008131999473643082
-0.08799434812072429 -0.3846386276747399 -0.4364299396750529 0.1686813411251586 0.5070690304294393 0.17744256266349104 0.07428110831249822 -0.03826977040280804 -0.231026793317222 -0.17913869479279185 -0.1435352840018678 0.1535014926013821 -0.17336760606041415 -0.2930780740488781 -0.010618227948159415 0.23494806902946147 -0.028039114075182097 0.032181055584867634 0.1643991001425165 -0.005359943507763408 -0.00522894600645817
-0.09946033503408105 -0.39069074909457 -0.4364655153612437 0.176725772603442 0.5216059670682406 0.16787821940117723 0.07138735649963382 -0.015267941950526543 -0.21842233470468367 -0.15625285615249096 -0.14666507172789442 0.1292626651117914 -0.17658298571926412 -0.2896086816222463 -0.0041759814278641266 0.2394192942563423 -0.019526022144296707 0.035853923958265574 0.1600457346091668 -0.011446532198573636 0.0003631736892519595
-0.0767848111386026 -0.38505276220860946 -0.4381621466010907 0.17136866100836715 0.5158221486685223 0.1680910808820416 0.0675137464677059 -0.026201863619508076 -0.2170626973305477 -0.1658726548273577 -0.14323460140541172 0.14428889043711157 -0.1634909931586293 -0.3202228753058204 -0.017344057993136354 0.2253577333379874 -0.038841971414597054 0.039659632341428955 0.1596402199917823 -0.003963984165484996 -0.002613406614734397
-0.09330923598215082 -0.371642980084483 -0.43977615395583314 0.16865212642332159 0.5204066961692371 0.17794418314038266 0.06244086909254178 -0.03669436820949421 -0.2200234379961397 -0.18023437009670243 -0.1374772803087301 0.13529403338629015 -0.1788096696440773 -0.300705023152255 -0.021304679265617153 0.2310304205877443 -0.03283967279576342 0.03241005940827194 0.16456679517253553 -0.007526512530892572 0.0018353327878651206
-0.08877319212108484 -0.37338471654019045 -0.44766197148356685 0.177008354153956 0.5205923726737537 0.16748338626490475 0.07891241860136139 -0.026203790420642605 -0.2103448400945409 -0.17048272346935853 -0.14659966463993437 0.13235020678650847 -0.18253493988656253 -0.30674471766692096 -0.004882907569870587 0.22419071563276782 -0.024403981115090134 0.03209312895439372 0.15264135048148675 -0.006103584980514964 -0.003593005611018813
-0.08993007113167022 -0.37647951840454347 -0.43025571364353926 0.1738054934836679 0.5108987499051526 0.17164004564920676 0.07155018466657503 -0.014578606326596568 -0.23703602229673595 -0.19503816822648185 -0.1468258022075658 0.14036456084628143 -0.17430512596757225 -0.3053243055229886 -0.027512962192136628 0.2286159816836538 -0.03784732779020476 0.049018823890686965 0.15174092782762957 -0.0030203708296310736 -0.0073823014057370325
-0.09901003969832131 -0.3881707714172977 -0.43550308596454157 0.1693042093633 0.5112368739730655 0.1724127763080615 0.06230791275658674 -0.02287883860645103 -0.218968547778593 -0.17928304881421148 -0.14238624516454443 0.14032664216179866 -0.17103255298320436 -0.3125747716938048 -0.01820740105720541 0.23017026602107266 -0.02397657064759214 0.03807648784229381 0.15277060125912403 -0.0023736750160007827 -0.0030614619243429712
-0.09502420607357544 -0.37373625482838174 -0.4313974400407341 0.16043700689180337 0.5191200346281702 0.18040311396197223 0.07905729862964127 -0.03652226894176459 -0.2378155070048983 -0.18340435540935862 -0.14822109903770786 0.14389231694389126 -0.1621981698826604 -0.2998748492062366 -0.005610468017499486 0.2355563058497914 -0.03164369814223207 0.02892569096857229 0.15140866575543452 -0.01955609413974363 0.008286672239395464
-0.0876892996069198 -0.3824434392178614 -0.4251652287254263 0.16581104495621918 0.5191815573817897 0.18545360384020632 0.06908322396161172 -0.013623362804126472 -0.2248683165665072 -0.17101499820526012 -0.13876071420510366 0.14461771362008677 -0.17254863565536344 -0.3118195877803474 -0.015096276841052953 0.23757106311980333 -0.01865968511170769 0.03429368164964838 0.1534766537601156 -0.012479479026567979 -0.00021826407825276724
-0.08640540186679888 -0.38328549668791595 -0.4366616744526047 0.17381402174187155 0.5179075814478676 0.1722867970634872 0.0799832702460845 -0.022937889700255582 -0.20866339780792945 -0.1778975734027283 -0.14416251064383442 0.13543213911600818 -0.18438770895905013 -0.30426852456081466 -0.021009787838791382 0.23339704811958337 -0.005322899931511079 0.04989417341426491 0.14571004967567858 -0.018391809939952018 0.003644207607331458
-0.08572083154906085 -0.38548436982337797 -0.4311962651843264 0.16113377548206173 0.507512335622954 0.17730274721379702 0.08024215370273992 -0.022770503737624008 -0.2380961338249531 -0.17376939402921965 -0.14228459830078666 0.14093896135698772 -0.17018937540389178 -0.3132562878790192 -0.024953790459385942 0.22906817404972418 -0.03650975431331203 0.04543238463897616 0.1597188882670027 -0.010294982407212813 -0.0008971240080398575
-0.10332247469989331 -0.37721609194673394 -0.4263617351584695 0.17894201463540718 0.535415235769152 0.1843490632104202 0.06933167555349228 -0.029764006727889248 -0.2102062120273736 -0.17209929822012782 -0.14171699601081603 0.13396384364544509 -0.16302582501818388 -0.3102251738195795 -0.029241263902342447 0.21299364171502658 -0.033590311352588706 0.04469352300602571 0.15107038593439642 -0.003149674006225653 -0.007058461869026144
-0.09214147282227335 -0.3829790439376033 -0.4319312320511907 0.1682696522104576 0.5158057670493833 0.16929432656066057 0.06729814619192823 -0.01736404872890512 -0.2279922394203882 -0.1759634533826232 -0.1451644225555638 0.15279446765682292 -0.17849183910454294 -0.3118696304717455 -0.00593594350321673 0.23237878719669736 -0.021813518837291473 0.028866734113006335 0.13620145570573647 0.0019795141838252297 -0.005249531091559517
-0.10346585750180146 -0.38301614950216684 -0.42734500914333146 0.16847031687092082 0.5182377556599215 0.17312253878273073 0.07114503431394134 -0.02396828740031533 -0.22818765589709353 -0.16425161300076038 -0.14831207315035388 0.1380647335049615 -0.17612304717645194 -0.3142968441010953 -0.002479280606555237 0.22936440812785766 -0.022055033061754457 0.03264150496034754 0.15191142588159 -0.015650054992168434 0.003620881553585477
-0.10063915902105779 -0.38410991394505317 -0.45549990512225386 0.17336316519903505 0.4982032720590727 0.16586143365336867 0.09224621457698128 -0.010386344076992945 -0.213985564348326 -0.17154852814064223 -0.1249928266498543 0.14408087246978632 -0.1670301473635253 -0.31433276345503075 -0.017576439562592684 0.2363990614432947 -0.013767384770002942 0.02987854215353025 0.15752217941881214 -0.00791135698330035 -0.0023885229482312562
-0.09229222857483514 -0.37548621858181935 -0.42958596663623705 0.15820020107598942 0.5234859140811875 0.18310498529543298 0.08239262101224303 -0.020391121761037016 -0.2201025694092091 -0.15791897590971787 -0.14107183896186853 0.13794732329448758 -0.1790492313664517 -0.3123816215630523 -0.011701858488326541 0.2382049598738752 -0.032592922407490774 0.02446912901711861 0.16012396729476994 -0.003612391588618132 -0.0020184333133567035
-0.09411645255783961 -0.3738789407618811 -0.4456631821955385 0.1734560365886953 0.5198887394988044 0.17921736390611043 0.070785670396921 -0.03481648334153748 -0.22020756697918661 -0.18089901671067932 -0.13516062614107224 0.14801685304870052 -0.178328693102597 -0.29036666604150413 -0.025881334766231976 0.22747318223348414 -0.016958253008582853 0.033126307435418854 0.15066525059569233 0.0008125688393496115 -0.0046216979515745485
-0.08313800613674588 -0.3968924869802953 -0.4281795715835137 0.1714340240832355 0.5148572427811314 0.17420155935501344 0.08756028559988431 -0.02542223404799594 -0.22614534216722582 -0.17534330090083083 -0.1372579430333117 0.1299818883722891 -0.1664568626513456 -0.31059118739691327 -0.03528354432325713 0.22228108859726312 -0.0328587020822064 0.04099402332447218 0.15443926399144917 0.0033641494140260954 -0.005116971287933983
-0.09697053082100443 -0.36996357067606017 -0.43512074665152706 0.16980429526688043 0.5214179862366602 0.17384313454220512 0.08035103866117908 -0.030007234216421378 -0.22668043413625868 -0.1628709208105754 -0.1401395100033085 0.14032062965408182 -0.16815626742032003 -0.3117156837534572 -0.004120661132525216 0.23526680387464202 -0.02274938465015507 0.03662472461594573 0.16170526860347093 -0.0033505988632405942 -0.005995408816508763
-0.09367513217644012 -0.3850652156544214 -0.4323443858768215 0.16461941675682693 0.5221846108384928 0.16606723496261416 0.09471695077205247 -0.011689085404272997 -0.22135676021964856 -0.1799062581042875 -0.1434368228989454 0.14535196580571458 -0.1597522257878005 -0.29885093123520223 -0.006502586718998209 0.2345912438046785 -0.028255879536366883 0.034488267822333336 0.15657494081975457 -0.009336013712373206 0.0006398130414131981
-0.1038040744291498 -0.3775888257535441 -0.4154754784812824 0.17295728799346988 0.5200947183947172 0.1822135147211348 0.08598071006519686 -0.011657072901219824 -0.22682924741426203 -0.1806113475937766 -0.1527395633397542 0.13794442480590846 -0.17793625342848995 -0.31467088199315724 -0.023040059214240086 0.23574150900864677 -0.01837584138599564 0.041115444261489616 0.1326778142402332 -0.004192632163340739 -0.005032969791751521
-0.09905316867008042 -0.3882778169642081 -0.43656038969060934 0.16606354033476647 0.5103608023019613 0.17557033298214533 0.07507586201518601 -0.014686904905993923 -0.22604850755769518 -0.17109242773922373 -0.14922657828719352 0.13579475824680237 -0.1731699171445013 -0.2902718394094925 -0.020051411826161457 0.24147644799241053 -0.03820959775858731 0.04840707518355039 0.16186314830069742 -0.004050673475044943 -0.008026089149941419
-0.08562053161056583 -0.38636512903586673 -0.4288432652000318 0.18229087094452287 0.5193198319968371 0.17145803545980579 0.08414595241571636 -0.016182185751609467 -0.22577699674202872 -0.17901497628018753 -0.13100876150112428 0.12642279031048953 -0.18319558515365097 -0.297890096080123 -0.02041216711645467 0.23564092217090649 -0.030245729283931558 0.03997033562501077 0.150333276636768 -0.017041017848626397 0.0028753048130069807
-0.1108960334678719 -0.3757578445352196 -0.42443082850531616 0.17527959925724015 0.520755755291683 0.17672348600142404 0.07099551527067834 -0.01734935337318747 -0.22153757202457197 -0.17633798160998856 -0.14950191165610738 0.14489966318854328 -0.18122827900504748 -0.2980899544971361 -0.018995878482837958 0.2386968961396693 -0.02571318026095148 0.048013628427763445 0.14920715454767094 0.001071105811914068 -0.009749966565526843
-0.10249616665887154 -0.3855622091450275 -0.4216895304542877 0.1731478888571298 0.5245896422001618 0.17339788174251572 0.0801330462684227 -0.038462548783089794 -0.22522730660608045 -0.17257764899970615 -0.14181358315479467 0.1265118257645248 -0.17674663771079513 -0.3001957035607677 -0.013049010073780282 0.2373425747775346 -0.005125258314011794 0.030508796031660998 0.15620451736108631 0.0010632632655340217 -0.005376969721019743
-0.10045848519988984 -0.37460794495848104 -0.42392064837453847 0.17482308147632405 0.5150330005846486 0.17702087869677421 0.07444244255840521 -0.02640882786261752 -0.2377369839121932 -0.16968560501235375 -0.14295703337216217 0.14051761084435968 -0.17685446422299117 -0.3179063991739128 -0.02917384426392151 0.2307913246826797 -0.026148503419317782 0.040951410440737294 0.14881749725644983 -0.002768909510040875 -0.00196770379263442
-0.10300393056074351 -0.3888450872243782 -0.42541366949917087 0.17132655566190674 0.5122697491531927 0.1634994671285846 0.07671686097961898 -0.0412059529668712 -0.22324527505282604 -0.1789729956486741 -0.13811159912344206 0.12972156107492092 -0.1747544534837996 -0.31837628963739123 -0.00752529623882289 0.23688843526217707 -0.026589328744736136 0.033648948086573004 0.15292221570785838 -0.005945672058391706 -0.004111754210346026
-0.08254158510652912 -0.37037888800227803 -0.4372396362386935 0.16128877782212653 0.5169722743000763 0.17449021403255666 0.08368594631136059 -0.02923741177220209 -0.2259945762131976 -0.17190016560758506 -0.13384656745416593 0.12983415272214938 -0.18472001815231892 -0.3128999633712997 -0.013262939643771902 0.23971038754575275 -0.006263953420374589 0.035916755131788075 0.163736142844404 -0.0055396776520985356 -0.0043736536771672736
-0.11016225655776814 -0.3792222738444337 -0.4330165577472385 0.16963908967325733 0.524683234676904 0.17063528453038987 0.08028630925723267 -0.01792112821080269 -0.22279207528433467 -0.16920356384241034 -0.14194827261089937 0.14167847895840902 -0.16114713297166058 -0.3177161088018344 -0.012108980009362615 0.2210346650035856 -0.02927915553970111 0.031640893947561595 0.142311993571065 -0.009141978576813571 0.00044870626083962155
-0.0952248331573405 -0.38472587757776483 -0.44042833002411313 0.153585481555776 0.5138851628640122 0.18775112135478406 0.06560072038963194 -0.019372142660092396 -0.22891144589039328 -0.1840517472014326 -0.14426218610360522 0.13978462377980788 -0.16817020750811063 -0.3012898572234959 -0.014859631835844971 0.22435478672423764 -0.03174978695106547 0.03120743335946722 0.15167274795720428 -0.010920158752166741 -0.00034869323704065
-0.0992990625372985 -0.3931544944032466 -0.4179955134825992 0.17307814050467707 0.5144956274804988 0.1804071566129186 0.07964473340850027 -0.02791658554525789 -0.22440283251673243 -0.17250664982254896 -0.15087636428326417 0.13544921758268555 -0.17585030427477227 -0.30634501506336226 -0.026156257600898337 0.23349223555260204 -0.025705757852874923 0.04933222942201773 0.148844496967679 -0.008023008657508351 -0.0023691313366648132
-0.07703408015525456 -0.37818341486233287 -0.43830371743042634 0.1662993611011439 0.5222201714354386 0.18300847863610056 0.09054982945193556 -0.023933208688282442 -0.22583026114258942 -0.16795182597163477 -0.13963056355837772 0.1277538697847644 -0.17331565613754782 -0.307192144411356 -0.020646958404167217 0.22604073316106357 -0.0245546463094093 0.02801120487463316 0.15457377396691493 -0.006765280835906678 0.004696905010321982
-0.08781307260020814 -0.383464590519193 -0.435443119380071 0.17620327672686964 0.5229838643460869 0.17249538417331106 0.07993211973586609 -0.02874943203046758 -0.21156812000688052 -0.1497294128410831 -0.14087751483343805 0.12968750519208921 -0.1765960044092678 -0.3099554501884397 -0.01779669394058774 0.23811234449456634 -0.02179114282469859 0.042827634222283556 0.15326285999241865 -0.013653213737421163 9.22458290644793e-05
-0.1055751634456958 -0.37558124000973564 -0.4314670125677479 0.16498005763689813 0.5188755631537015 0.17349515206107857 0.07616748388937979 -0.023794276450163375 -0.22918168792318358 -0.17200183308760736 -0.1459037522331925 0.1401427400206358 -0.155654351099441 -0.3091733774648034 -0.021523740200751363 0.2415397713824363 -0.02871515378244091 0.0479365846113402 0.15445202504580088 -0.00500012692317694 -0.007034349343719374
-0.10001088703463927 -0.38191391320492324 -0.43312097181979287 0.16987454683952252 0.510043497749658 0.1647913231962187 0.07355062609002065 -0.024679517638077273 -0.23833420732281468 -0.1619506287913828 -0.14174595283731717 0.13384748782939757 -0.17498721164304823 -0.3135942285793635 -0.013134551242578655 0.23511323198249473 -0.02019970267909765 0.03673250118457489 0.16430304150841585 -0.012136728452647244 0.004260495251036649
-0.09493015985333327 -0.37440341772505337 -0.4310358643626675 0.16704332402157868 0.5197690596557074 0.1847412068079103 0.07415942415560751 -0.030101333268810534 -0.22378146645783464 -0.16914353773103347 -0.14333895108954278 0.13729077886674704 -0.17963343383255784 -0.30289670789056444 -0.008497928614475674 0.24826185556924946 -0.011627736105448686 0.03141441824965326 0.1463194002082752 -0.009083808724322361 -0.0016915985419300647
-0.09374402710976606 -0.39263550234605 -0.43358149470303603 0.18303550998205873 0.5115785050664651 0.17099042262332098 0.07884029636807789 -0.02472887803627279 -0.21983370256586005 -0.1717019082643553 -0.13585899780740854 0.13280073898038502 -0.1651078275652125 -0.3001083366052553 -0.025773023133159077 0.23891348253860392 -0.03084896229648638 0.048452504198059146 0.1587162847513858 -0.017704382350219483 0.0012981659250375325
-0.09255396703603441 -0.37754693376983367 -0.42490635022724127 0.1757879948629651 0.5255237580347848 0.172335161885328 0.08439237613772589 -0.024133513254787468 -0.2211460367012238 -0.16253433228220043 -0.14460261381538736 0.1242918286199227 -0.18229200103852589 -0.3180795986496847 -0.013812867764526664 0.22568472240133283 -0.02271636513157128 0.036368795751433626 0.15734808940196185 -0.007561930631800891 -0.001024034043063908
-0.08533218229161889 -0.38911032968270626 -0.4413074183836382 0.16220558105306365 0.5132467713072433 0.17450412252054376 0.06620102372375501 -0.03545307852273957 -0.2292227473194847 -0.18016646230422492 -0.14979256272792185 0.14096249762969876 -0.17459100321057222 -0.29379829359038906 -0.011806469364424137 0.22641137931239116 -0.027499191394627913 0.03681154122192624 0.15186715760666908 -0.006845626084821704 -0.0011120327632607244
-0.10143072009846338 -0.3820233477246475 -0.4301153551339777 0.17634200139503445 0.5230123568204271 0.1759870640240606 0.08112379838260286 -0.00913815887732166 -0.21696289586737752 -0.18495404297394344 -0.13495265811897475 0.1478682505758964 -0.16959647446673456 -0.28803826489925555 -0.013495981876613142 0.245924926051352 -0.026488038931287965 0.03220217520245667 0.14449705786874062 -0.01138607739192158 0.0005572366321964078
-0.09341475495366111 -0.38279038318414466 -0.4373527062926374 0.16903980246058192 0.522077073679647 0.1838824739863569 0.08496767066576683 -0.02624293885634194 -0.20757746241498334 -0.16669215801039838 -0.14123082075682647 0.1400923452358861 -0.17486860129384718 -0.30811620584582255 -0.015530780611138573 0.22331025894185202 -0.02624484266112243 0.03220079471689239 0.1500157383919686 -0.016304996195144993 0.006456212544763255
-0.10070199769127393 -0.38229694020164545 -0.42289329126519815 0.16558213999139756 0.5369312037313607 0.18019006913395388 0.06862457272359611 -0.013054048142886729 -0.22089401836659675 -0.17539133809728485 -0.15539639463753235 0.1323339319184708 -0.17215354316966708 -0.30407969516907735 -0.004377621425743158 0.2185161346189099 -0.01276663339256076 0.035387949933434165 0.1379300132243369 -0.01610286912219955 0.00479653844031921
-0.0899828360703573 -0.37875968358040873 -0.4288921154421237 0.17303016505638968 0.5127352080232455 0.17070168626851925 0.08895988254495997 -0.008130110900319931 -0.22876791946672237 -0.1815204848947919 -0.14804536131363072 0.13871673780332477 -0.18210447652981407 -0.30968511312193436 -0.013220458342071768 0.2312694007818913 -0.02686715905699289 0.03282029549908452 0.1534881195314861 -0.002778914102717949 -0.001763812119438274
-0.09078345817827835 -0.3837937744657638 -0.42499742272708874 0.15377478711411097 0.5216117317066132 0.17718849821025384 0.08992154536767953 -0.007810911550662097 -0.21977786302135344 -0.1753461343288547 -0.14812430106312013 0.13965403696333573 -0.1733762640464561 -0.31215761791669344 -0.022992761864463373 0.24030585632034526 -0.033766382409219226 0.03767599552966453 0.1403918634135124 -0.005494238489306263 -0.0003549391816932188
-0.09779749762158843 -0.38760322204869874 -0.42071275322105345 0.17970941547603236 0.5052976211863268 0.17063188749574712 0.07863430560568707 -0.030762063485933726 -0.22598216139905342 -0.18137245797972362 -0.14548038098220178 0.15326664002379287 -0.19171191325066028 -0.30776130657560996 -0.022610901038206784 0.232732624461167 -0.013889333022787794 0.044216475411837465 0.1494515718621369 0.002521935568207995 -0.008868586493061227
-0.10728194558155422 -0.39178453182024353 -0.4176043884490241 0.17631481614273628 0.5176481253732281 0.17121040993236109 0.07550928768279425 -0.01842555731518386 -0.22941121663126635 -0.1785017619670152 -0.13755336101265625 0.11924652055614329 -0.17350208676933562 -0.313966361233956 -0.01590851302780036 0.23230528304967774 -0.009216225502667834 0.03678349718401788 0.15537983902009542 -0.009101593535029913 -0.002822563905873356
-0.10434284375578934 -0.3671794739415921 -0.4322971893182663 0.18163851561543398 0.5210969669102711 0.17761857272017112 0.07506648972970197 -0.014811382861623564 -0.219631350507807 -0.18379765489675248 -0.14368766914809739 0.1485676557487134 -0.1704230028529096 -0.30996749436914345 -0.0159900133162329 0.2295730029323394 -0.030599511723643887 0.03387111754717522 0.14329065996166163 -0.005562320320817362 -0.0023672101699124706
-0.07990527218079051 -0.3784754731362011 -0.42571931074113584 0.16633168183244443 0.5206686167655586 0.18773593843266764 0.07275696175223587 -0.018630541527889757 -0.22923635412787813 -0.17807933291949155 -0.14415422978610082 0.13727528182572846 -0.17303060656256303 -0.3080587175759023 -0.018776350647737427 0.2348970772968661 -0.02026446951699252 0.03199522108133301 0.15417751197429486 -0.00511940256479934 -0.0005756817300676845
-0.08964198345767821 -0.38845083133314945 -0.42130223496212377 0.16961641360184032 0.5181271874334489 0.18097688885770893 0.06885898226554514 -0.02650125602766525 -0.2298750976170965 -0.18216852109489187 -0.15026598806667193 0.13524630028655696 -0.17200394829051727 -0.3043882328275059 -0.023477653201110248 0.23756858963540103 -0.02640815156464443 0.04621759155517826 0.13831343509157562 -0.005917497533287892 -0.005161830608039298
-0.11058281143747417 -0.383588546639604 -0.427293522873882 0.15941673494855033 0.5252029777410157 0.18040136362445922 0.10247687661983747 0.0019951739293283125 -0.20960024257218732 -0.163453708193885 -0.1582858330514651 0.12493097437642767 -0.16538585908884285 -0.2920988557150825 -0.0048782585501748 0.24808331131689085 -0.028199128699860222 0.04442409426835668 0.15883068006350495 -0.013884565930797439 -0.0024434325961712284
-0.10106638227315232 -0.3833882167164063 -0.43423970669346135 0.16783842391843226 0.5141787982989318 0.17348691610093178 0.07946958530703421 -0.0234498646773547 -0.2281322932046091 -0.17072192477374312 -0.12863485582201617 0.14816178555070067 -0.16118124983050244 -0.3162847613644125 -0.0207057901998303 0.22804148874250085 -0.028074934732880395 0.036941953103860704 0.15572696263034472 -0.013501138099809948 0.00010681481484193841
-0.1088442055298308 -0.3819921880333133 -0.4255289237884078 0.17241289147886016 0.5197088909744296 0.17337934058303714 0.09170383709585869 -0.002631473245950135 -0.2202131062996313 -0.1802413956953224 -0.13596636063092754 0.14623687466382193 -0.1589408974392909 -0.31282081819200763 -0.014279304295759939 0.2244288863550878 -0.029271678356443863 0.03800262835913128 0.16100294369486196 0.0021911568561248738 -0.009363078895059395
-0.08722017217521381 -0.36762243740916783 -0.4307132492462868 0.17589083669031572 0.5252671767258943 0.1713734384484672 0.08340782724126089 -0.020409246529428778 -0.23014766687396987 -0.1663376393330797 -0.142918783158608 0.1351634118015032 -0.1830459494864158 -0.3103590904061198 -0.016473116064250625 0.23310014312203925 -0.024967698119331822 0.04322729216833427 0.14763194818781084 -0.009604566935451104 -0.0009462918697458815
-0.10416704252411654 -0.38100681141732196 -0.43053147348887805 0.17915928740146475 0.5165425215760737 0.1778675642566605 0.07840629452481597 -0.007449843574620227 -0.21180171538931872 -0.1895865671781021 -0.12977287340608995 0.13359311411060223 -0.17318716449311775 -0.3100958909588371 -0.026110959294817472 0.23540669432203717 -0.012717933251509623 0.02996830775818615 0.15177054528457115 -0.005468710716278007 0.0022340324166695716
-0.08371388546627637 -0.3716710777481464 -0.416233551637593 0.16193052116734558 0.5210754707914066 0.18253437974436282 0.08262945512674062 -0.011412368240376426 -0.21804034285598003 -0.17567567794881325 -0.16055767314124628 0.13376518560071538 -0.18357912106822188 -0.3103834169865018 -0.014133300197220993 0.2458495644377472 -0.03238937296075376 0.05225025207646772 0.16374571920514575 -0.015370344865229963 -6.896868040297e-05
-0.08923796425997255 -0.3637585725062734 -0.42480655542050777 0.16675019436373403 0.5269007952886227 0.17190218746689054 0.0852741618937476 -0.022232733329306323 -0.22458357426444583 -0.17696808488829802 -0.13868695709374781 0.1184281319173906 -0.1754708512156141 -0.3304575787707023 -0.009791763691346444 0.22879979691135172 -0.04187070381116601 0.02859911593136352 0.16159092855991136 -0.01844471592422771 0.005841700491865441
-0.10999734895861293 -0.38456053928156786 -0.4258269261964601 0.16144584781335033 0.51544352612099 0.17545819279597774 0.09342702156329187 -0.016483853260382333 -0.2255504319814031 -0.17800625465488565 -0.14113331806887036 0.13446753176874987 -0.1641790731943795 -0.3080913612308427 -0.02323619677841943 0.23846568414642472 -0.030882253993122114 0.042296146257215145 0.1565713275420785 -0.006834385576295992 -0.0028862121764076268
-0.09380821614244603 -0.37529005484405015 -0.43364069267556377 0.17297897067790408 0.5216186453444546 0.17754896521299077 0.07958626676727486 -0.022685436029273635 -0.22583856672485061 -0.16791671953218046 -0.13778069348104932 0.14087784676221585 -0.17587739477010172 -0.3119825793170331 -0.02071927081974019 0.23352179211449822 -0.028080973926387115 0.02860784451685769 0.13787004125315055 -0.006882835281982711 0.0037181372806970657
-0.08492370268671863 -0.3854914737082712 -0.43229723079777393 0.15573138896702973 0.5098188049342992 0.17122763074078665 0.08417320026662752 -0.027844980850875844 -0.22387776549230257 -0.18092694075311572 -0.1471535618316687 0.13511150595737073 -0.1781724053035997 -0.32771697827121665 -0.018562714273268926 0.22369283418073413 -0.029214982922790244 0.031288236982916495 0.1477341635306677 -0.002411899580834531 -0.0009423202981075026
-0.08999939973905735 -0.38736802970414513 -0.43825623846129363 0.1627748603448769 0.5089670647546554 0.1644759594404352 0.0727366636361291 -0.01541687539418784 -0.22971887928269974 -0.1800968649501785 -0.15018091049496388 0.13053283709435143 -0.17176295607684963 -0.3196045722041012 -0.007664339363768396 0.22539182866358834 -0.018494035213022352 0.045016963580195336 0.14797880714702927 -0.006605792291661397 -0.005942162118520272
-0.08620513491699257 -0.3915027020361655 -0.4303135912090447 0.16986914638044442 0.5253430061594321 0.1829024424354849 0.08356964919174213 -0.024302479838240392 -0.20464200123924048 -0.16443601286627257 -0.1445454984556451 0.13360061422861322 -0.18140277894582507 -0.2952325613665259 -0.00851387881803682 0.23417452757800886 -0.01953739581471311 0.03113325346490318 0.155203904640475 -0.012579016194960418 0.0043523286664275814
-0.1070607074962345 -0.36806714573851895 -0.4301503541584897 0.18472249828447068 0.5162998266967702 0.17086199461446344 0.08002724306373829 -0.018486193150891207 -0.21894887659649856 -0.16650025997990509 -0.1376377653202577 0.1387273887860652 -0.18142898208369224 -0.327374756907063 -0.02298738760779013 0.22477408076588626 -0.028146240100327385 0.035207427428037674 0.15609443098658898 -0.003162546585846775 -0.002696321188170782
-0.11082410204006202 -0.37590769145561814 -0.4380594832498479 0.17169874683357805 0.5120515555204009 0.1736354919316521 0.07030661329111074 -0.015080783710731377 -0.21823565306501544 -0.18557858725112006 -0.14314287598806183 0.13009832634899093 -0.18844303630267908 -0.30802788255748115 -0.004837295990486933 0.2324399424583793 -0.014065795595232392 0.028721887544372472 0.15019335263803815 -0.002690578340810482 -0.0022135172738684335
-0.0901242514810374 -0.37494600454303323 -0.4380279476795652 0.18114821990630392 0.524107382287447 0.16570844777444954 0.07973780446836057 -0.021873939362123215 -0.21641303684045546 -0.1792013022443207 -0.13235550723699946 0.1476967065152166 -0.1730155916615895 -0.3043267309743847 -0.012555852102522597 0.2345623083769714 -0.018927858430013513 0.02987762681714591 0.14251820261846243 0.004203026962246962 -0.006261092638419283
-0.10237715641862434 -0.3707640833698289 -0.41957367872317375 0.17318749103540113 0.5133408578692633 0.18417256791391104 0.07396293285208712 -0.033814327535978614 -0.2192798758065068 -0.18570512013398552 -0.13323958920509688 0.1295026952049288 -0.1872306128155487 -0.32586119523943124 -0.015542829948927289 0.2377550317579999 -0.012449980305259383 0.02443457676206148 0.16081807617407623 -0.013453951742541452 0.008091828632422466
-0.0978706764814653 -0.3963861806844683 -0.43136116523859136 0.15269804499324796 0.5090046803466368 0.16865734831191054 0.07986406044442261 -0.018173469058417498 -0.22055236767124145 -0.17431430021080288 -0.14315544824838272 0.13561279323457948 -0.1856132940998774 -0.31602213374860405 -0.013908635057798675 0.22252850971712246 -0.025547312317333887 0.03885910226724522 0.15968627074944514 -0.007073085396999306 -0.0032148434302809266
-0.08829573049561139 -0.3876543613992738 -0.42659252591165353 0.1723077881362231 0.5146216486100798 0.18057191804309233 0.07515318558100875 -0.027450225310942603 -0.22413753661066635 -0.17679798315107323 -0.13896829444904477 0.13595527255524534 -0.16671159005324893 -0.3004582403810495 -0.021254584766382253 0.23996445397696897 -0.03440677136025522 0.034999467297914574 0.16903382993195942 -0.006178356329720839 0.0006644681682766853
-0.08832317798158866 -0.3851613341044606 -0.43559439550583223 0.15708593598495635 0.5296134228564271 0.17283964678129066 0.07278307045672233 -0.03006925644349701 -0.2220280207310058 -0.17184280990769504 -0.14448053572288555 0.1262965457678017 -0.17040269508178466 -0.2964459855974023 -0.0163505584855634 0.23230275400633094 -0.02573835981513907 0.04643926134834584 0.15224218321509098 -0.005573063924898346 -0.006081190690110765
-0.10807461542055953 -0.37840057991750714 -0.4395293799847128 0.15508866679318722 0.517289461300554 0.1572343193256582 0.08310260412040689 -0.005632457878517227 -0.2214121507282614 -0.1687942669008997 -0.15136508861880377 0.14111692534490797 -0.16537275122837367 -0.31006442303025555 0.005143851911084206 0.24192920368624873 -0.03650956554270009 0.034758894956552926 0.1532388684614574 -0.015317960851928741 0.001757603222458691
-0.10780292137659131 -0.3785552184338961 -0.43654826513351896 0.16771731412402946 0.5221672546960436 0.16747994893037293 0.07051584480303788 -0.01463144778824456 -0.22860565084759416 -0.17860811728625023 -0.140201301543898 0.12734106087817568 -0.176427337889869 -0.29525694095591204 -0.01788675872328785 0.2339677407094625 -0.027914916258229137 0.04305854886751696 0.15586719346000352 -0.012262213783455532 0.0006059336578053804
-0.0762138195196903 -0.3759424547499921 -0.4335625354927663 0.1753961096087429 0.5298808453842998 0.17759701223992136 0.07789248410710428 -0.020349245638051152 -0.2072095927407622 -0.17510449166926484 -0.14539233762276307 0.13202058779485246 -0.17156787119132602 -0.3077036124032526 -0.007138063958121207 0.23076993475107055 -0.035566083425937825 0.028576681783448327 0.1535224057421237 -0.008855090345149494 0.002252620490942522
-0.12018162962444623 -0.3756679330080972 -0.4337562666467538 0.17195532144747455 0.5081261632851256 0.17464309986228144 0.09246934090416656 -0.01962577300013118 -0.22486739334762887 -0.17780761682479398 -0.1465122975847923 0.15519986528501425 -0.18180878837644232 -0.3014633991611643 -0.018522242460173206 0.23361523624450514 -0.021031820669125265 0.0373467606095239 0.14350191675461701 0.0006860074876233918 -0.008413464218149374
-0.08145581645359416 -0.3724819045365149 -0.44081686320852304 0.16957848336746617 0.5196495287489526 0.1634820117261994 0.07138486077841995 -0.009561980664462448 -0.21735540223512123 -0.17860101360876698 -0.13963902325695282 0.13836245053578963 -0.16602862301462293 -0.31496472788683494 -0.012029449053395484 0.2360534535571503 -0.03620584333734617 0.03160404455677832 0.16376253069235108 0.0021884865512413585 -0.006693650093754411
-0.08165733978256935 -0.37279466941534584 -0.4428094300755854 0.1661629452602694 0.517642126629737 0.16688882505855 0.07609169986112509 -0.026992481497150868 -0.21850246263725565 -0.18526757207325645 -0.13445077002362085 0.14759401562267607 -0.17834097132753968 -0.3020196246842538 -0.0120566481037772 0.23280175109959925 -0.027679064558292565 0.02996819190186622 0.165242780303645 -0.008779320886713987 0.001962957960287115
-0.08163773115126327 -0.38404485666123905 -0.41985928792930227 0.1674513856259874 0.518986585455184 0.18655675462002844 0.08655246000971456 -0.04156099284615556 -0.21906827030780598 -0.16986703996126942 -0.13854620764013334 0.1428323387832254 -0.17201439013346798 -0.31791774609234275 -0.016016471975011267 0.23777772338091396 -0.024184393531509946 0.02584290187549341 0.15162246815574373 0.0010105739190758912 -0.0036741425112045262
-0.09159925163352857 -0.3993759000561987 -0.40609702338064 0.1687822258354623 0.5131786452883736 0.17440038319710233 0.07379155373650903 -0.021025312938579167 -0.2306408421097916 -0.1775162764224348 -0.14613737059936194 0.12075330295803922 -0.19001045895184263 -0.31702000990410145 -0.017623439856250287 0.22884567489881075 -0.04105483251093589 0.036878205951101785 0.16131216404925097 -0.007111078184160971 -0.0014737957071694827
-0.10172245217618822 -0.38061417908944456 -0.43474726052209617 0.160247047506261 0.5255773844320618 0.16270057419151318 0.07863018497827931 -0.023426359706530023 -0.22305741132699197 -0.1905189937990722 -0.14072040423295706 0.12036653717109391 -0.17092484194694685 -0.30131019353905486 -0.015124961970988482 0.23115567890589725 -0.03369016644161413 0.03996077445381647 0.15449827122422408 -0.0039031323843341467 -0.006512258288956244
-0.10101597778463813 -0.3755638536576076 -0.43571121223390863 0.1549061701910585 0.5133614265487242 0.1944617051972354 0.08845283536541451 -0.035123034207858686 -0.21573306451500737 -0.17410425271217986 -0.13242221762937784 0.14140651864535764 -0.1743085949737239 -0.3070986903550409 -0.01781988584638554 0.24131808125318774 -0.00596494394021941 0.038447689707565555 0.1589413129257557 -0.008868898155201452 -0.003191849191989692
-0.09260474914369936 -0.388032870668071 -0.42239745028189446 0.16847436974888638 0.515643031306544 0.16620253327385748 0.09176278772932897 -0.018193956698150094 -0.23066533857425 -0.17424935712777653 -0.14761106009335345 0.12588466438773016 -0.1763667676364427 -0.3101186990443101 -0.0117969459846662 0.22993448181480208 -0.03620394129156265 0.042571163252098275 0.16424280242866093 0.005666614101748082 -0.012851406588323604
-0.0824772039352675 -0.38292946906146846 -0.45071014368662227 0.17527389220130685 0.5107995968020353 0.16794724627105342 0.08938188672741748 -0.026295616645488743 -0.22544456080981257 -0.17544536015450554 -0.13260798631653192 0.1266784856518286 -0.17191562900727653 -0.30889422638278013 -0.017464823520040564 0.21643354165729733 -0.03326018710902762 0.03764309916805797 0.15785491278793123 -0.009594873745841887 -0.002762439704688583
-0.09014477541884743 -0.36896608404346787 -0.44652710562226905 0.17869450149754923 0.5013154863013871 0.17115962725852174 0.07372822423595729 -0.023884905632813706 -0.22284051275000336 -0.17750283486271234 -0.13901658936500502 0.15106308387897172 -0.18237177383627196 -0.313280286608321 -0.02016710649690471 0.235261592558063 -0.03206275833695386 0.03800995138699141 0.1570746757694091 -0.013344619780627901 0.0027810697683649664
-0.10420937665920171 -0.3880251618294264 -0.43772424633266516 0.16364499591993503 0.511504905949639 0.18223216748445453 0.08191474678912514 -0.02189817854022804 -0.22167773398859447 -0.18012705612780375 -0.14181539467012183 0.13210758124941163 -0.17467124281415358 -0.2974533701895612 -0.029189034172170707 0.2310947733016694 -0.012568334215328394 0.04492582818023435 0.15343986590487213 -0.0043880481592798734 -0.0048798786328429775
-0.09739347192138115 -0.37927510391805214 -0.43866669273213516 0.1777939819668831 0.514482564113773 0.16929019453061567 0.0699799211421961 -0.014502969565617719 -0.21519032116929618 -0.1747958827198898 -0.1432393446559097 0.14516424047997917 -0.17194323632279143 -0.3109170381656753 -0.011377971893245551 0.23546045748523356 -0.023018563874865467 0.029300484440285827 0.14985317282170785 -0.007502693943342835 0.0032390092703629423
-0.10084162083724384 -0.3848740841774937 -0.4167416488768914 0.18097713959554185 0.5100933700679784 0.17667684921418067 0.08970765886771737 -0.018033089397367343 -0.21820266855657156 -0.17251481607281238 -0.133347575524285 0.1478343003457118 -0.17763233179179888 -0.31899605670139786 -0.02235032252991283 0.23822888249383836 -0.01449096305353474 0.03696268478510997 0.16202042500967462 -0.009474238580333447 0.001664758709798519
-0.09596475898793595 -0.3730674089122266 -0.43219733385463077 0.16634752078600276 0.5338306974678898 0.17810062741463573 0.07143815156521995 -0.024329514338016243 -0.20960680880028187 -0.1588478079765139 -0.140050094251762 0.1451903616939099 -0.17141820937123514 -0.30956393404615307 -0.02031094461145675 0.23300693030807618 -0.022923014006783187 0.03883501975113617 0.15129993504651243 -0.002744575568141154 -0.006444064201949744
-0.10186889950729178 -0.38884483897593425 -0.4289976838611583 0.17299895273755758 0.5082681225596704 0.16658362967420443 0.08725057817249793 -0.042941479054707396 -0.23374910570003601 -0.17194667491920831 -0.1523769047320361 0.13682604359589984 -0.1732717235530858 -0.31350611016019914 -0.01611916972213145 0.21999294393134267 -0.02018394452071334 0.05667857084862217 0.14827944805778884 -0.013149733342155833 -0.004657977947592047
-0.09418376041193968 -0.38460396596341806 -0.4276475891037036 0.18319384757613555 0.5069074303173142 0.17050701216502687 0.08700316602369754 -0.032533433581174886 -0.2257964730402418 -0.18639659564692987 -0.15508185064889723 0.14039234953654878 -0.17313143936226588 -0.29764018492300554 -0.021649958713299472 0.23605341731297017 -0.038590931881862536 0.05096926978444783 0.15387455671100214 -0.009907627217961854 -0.0024687003763005783
-0.08211787722994733 -0.3684626274519543 -0.42625003485327945 0.16619979486110817 0.5303151648587257 0.18081547662444292 0.08049208298597574 -0.017660287227270716 -0.23100522437465204 -0.168481347097769 -0.1445919618797808 0.13329115646746703 -0.17094461904242572 -0.3068056662948952 -0.00973279721968785 0.24062018240900565 -0.023235605566530062 0.026127456863757687 0.15636157337035927 0.0008522567492241415 -0.004656200132152528
-0.08219471229741333 -0.38262810250734297 -0.42069575963986616 0.16878954960213868 0.5308786550121026 0.196002363980954 0.08962191245519119 -0.016184052591268216 -0.2105673269538055 -0.17302113988934822 -0.1480219919750586 0.13139490415679475 -0.1686563023245217 -0.308087606276586 -0.02618312152826555 0.22427368712801635 -0.01462906016086215 0.032977132246470024 0.15401340366200225 -0.001720869538171276 -0.00021644982496497788
-0.0800221077154881 -0.3654038297028255 -0.4292525347334593 0.1822259447986182 0.5220602940645824 0.17724022577639606 0.060681513554043755 -0.014892379133169983 -0.2324063777924533 -0.17909272312666064 -0.1332894793689173 0.14212529724843032 -0.16793929611544053 -0.32091413876674124 -0.006132864673229059 0.23140995612778956 -0.014613918343266783 0.014555211291432009 0.1594183697301171 -0.0067734876167905 0.00562052770533531
-0.09761432752867909 -0.3772932282322216 -0.4425826543837453 0.161328176429856 0.5128796296610924 0.17168154334215682 0.07983030781230759 -0.028722004632230205 -0.2054538929175522 -0.17294983321838525 -0.1339956280841176 0.1467175800804987 -0.17797287820126045 -0.31198252767234774 -0.02915571815309419 0.24295121194823668 -0.028308977675515205 0.054175559589959114 0.14835188024607268 -0.016172466228931582 -0.0020846477800627967
-0.08796449822008219 -0.3712279302421607 -0.43167445489549333 0.17255872265290176 0.5196588464117832 0.17709108445787608 0.06813956222645497 -0.027823393255553722 -0.21597726818729435 -0.17009572946333076 -0.14549130015403536 0.1342964049352944 -0.17294755818338603 -0.31808212356960186 -0.015432579418451125 0.23859071207646548 -0.017558096559088746 0.03328323677058935 0.16415286939332174 0.002533675213594967 -0.010373064875249399
-0.09136958721171551 -0.3836031065915817 -0.42283581263417125 0.1732940655177851 0.518271587651758 0.1748767807874261 0.07891651740646469 -0.02774532065009498 -0.22936972836831024 -0.18549559332704793 -0.14776147478438703 0.14449424194954294 -0.16004206488927142 -0.2995007240143374 -0.015778808656449695 0.2384070004850521 -0.01828740719714409 0.03578043826763582 0.16038697289741718 -0.0034600747775150047 -0.003403975812167844
-0.09654190160463597 -0.3750506344015125 -0.43192861005808664 0.1614396996272191 0.5230253468068623 0.17792167413979088 0.08394725849268787 -0.026985123751234 -0.22937285134978064 -0.15627077188915237 -0.14478362600697342 0.13390219762555594 -0.180495638580233 -0.3061015382154482 -0.01737287510643164 0.2334245174206198 -0.032529363383165186 0.042781421301598795 0.15564320445050386 -0.01710643284923556 0.0029249714264664222
-0.08465710227997883 -0.3822329913193398 -0.4326067286185255 0.15356541030803167 0.5137103210288058 0.17292235382050516 0.07117696385508483 -0.02507547836081205 -0.2261374073251696 -0.16619221390521002 -0.1403193075464744 0.13939401982323746 -0.17724354669145098 -0.32275100194192335 -0.009779238301375568 0.24336849907794827 -0.017443353198167023 0.029116989583314 0.1500162651053372 -0.007628716560370115 -0.0020380907918132385
-0.08600933647363451 -0.3906893153626167 -0.44162023610685724 0.1741858057912282 0.5148588421132424 0.16762999879397877 0.07920826755462246 -0.012024962493672816 -0.22396498344973814 -0.17150313672682824 -0.14316840129902608 0.14288334752103915 -0.16316567710496144 -0.2999072511059268 -0.014652556129603417 0.22779811664733957 -0.02601806761035514 0.03983023724319563 0.1533796215289106 -0.0024354562844878407 -0.006476558943671184
-0.08750452303376119 -0.38954073975371034 -0.42603350248678434 0.17318124293691486 0.513998521024524 0.1740202748203462 0.08463966946128892 -0.020998950434984214 -0.2142370919351679 -0.17095148830182424 -0.1333785900970622 0.1459407679338513 -0.18244602960004255 -0.31670189166281226 -0.013243149976771307 0.22068793209979484 -0.044545613353151756 0.024325893238635175 0.16605164720308702 -0.013637505463676489 0.0033823141990846997
-0.09567542616207814 -0.4021721526621539 -0.423233472376555 0.16090272150689525 0.5170783122853115 0.18267464353448115 0.07268348456921964 -0.029485719517190215 -0.2147309715651283 -0.17582535927770146 -0.14364117818000674 0.13987159955201575 -0.1756427174963669 -0.29924751219270374 -0.009607429648478785 0.23428446236099731 -0.01575964050596384 0.022041065963536926 0.15444479144465126 -0.0019095329457965672 -0.0015644227969171527
-0.10127601255534623 -0.38492731337510516 -0.4204914289128428 0.1672941191081226 0.5199773737194668 0.17817281242807875 0.08729375281907009 -0.024347373277959633 -0.20914957250102362 -0.1844681119742488 -0.1545101488862863 0.14025944986252084 -0.18094112867399822 -0.29789904598065303 -0.004981876316199627 0.24251923147601728 -0.04052285326810844 0.036388697632677505 0.14747788698386208 -0.00865663954741144 -0.0024069086733724434
-0.10651524517006812 -0.38046807294287444 -0.4336601857537793 0.1697028072523797 0.514475522496421 0.17740123412341155 0.08281390700874271 -0.015463336545669323 -0.21636866856559836 -0.15745685631768125 -0.1373153208168186 0.14724684258568174 -0.1729002337557173 -0.3173626898013586 -0.017857842643210043 0.2321085524449453 -0.02491290515004664 0.034652055039968536 0.15803357779974295 -0.005831218833752058 -0.0016595638742258876
-0.09455077254886357 -0.36771200783274427 -0.42630099130428817 0.17206891277798395 0.5178013488925073 0.18935945077074243 0.06330224036090457 -0.0318003063294522 -0.20936666256109618 -0.17791933122677625 -0.14947823779265773 0.13881500012142262 -0.18725932672832668 -0.31794373921464875 -0.011124651665114336 0.2382425345905593 -0.011764623890803879 0.027405774283935903 0.15639450548335374 -0.0044423820645769245 -0.002253583582463233
-0.08858101328726967 -0.3800124966985603 -0.44140584809436534 0.1764127674894571 0.5135114663364291 0.17656292931018666 0.06850656841101146 -0.023760673336479028 -0.22196974431495584 -0.1700665521870247 -0.13541851574870273 0.13304291049823133 -0.18613799100360648 -0.30564943419426155 -0.021838192340223918 0.2359885571511966 -0.01390022578139706 0.037689944542325195 0.14674233737748596 -0.005490584917719613 -0.0034166096638104976
-0.08348978570229915 -0.39600247231803876 -0.42725985897738633 0.17379933019035823 0.5158948829815402 0.17445450169609059 0.0703758371550416 -0.026621263138907447 -0.21878985922636557 -0.17903398581128116 -0.14116606329205547 0.13602657667112206 -0.17113187630161844 -0.30309703562439133 -0.009849591972817933 0.2388526014463642 -0.01682617560426191 0.024499510187794733 0.15379852829845225 -0.0018329617195401988 -0.003935378705630453
-0.08522421379326595 -0.3804185070116319 -0.43410386293059733 0.16279434453336925 0.5145075204715651 0.16680049969256233 0.06558552990114647 -0.012672984611343708 -0.23013344184652493 -0.17257048923714796 -0.14816625714363674 0.13731673216753185 -0.18081981790858487 -0.3137655922523739 -0.013123865402533606 0.23714661593333466 -0.010635444257505011 0.0397246031655503 0.15242054671641264 -0.00599896437082386 -0.001515012740400852
-0.10368683415649457 -0.38022745069037617 -0.447943006417967 0.1629352139293251 0.512240799645915 0.1745412922129098 0.07092450125553938 -0.0063372387384980355 -0.22116760590579193 -0.17458763840782504 -0.13192523819509117 0.1322621178957613 -0.1676640874439661 -0.30864159810299735 -0.016658608343436448 0.23605295348705954 -0.025652255566581874 0.03148938113046069 0.15554597942765103 -0.0020712307053289115 -0.006182323384583894
-0.0732813549927656 -0.376476292980398 -0.4243832539530425 0.16822404099935165 0.5195212435817411 0.17753984009500162 0.0716970725749128 -0.005466855397206762 -0.23319612070193677 -0.170955610505944 -0.1482707567331008 0.1307246227148174 -0.17000247124443707 -0.30613647661701643 -0.029931204494076002 0.2391413246557457 -0.036079178892778875 0.06347534014731461 0.17047900090268972 -0.006789014639989549 -0.008812528613325455
-0.09220510373865322 -0.3999423843988318 -0.44280502761097634 0.1772999645047877 0.5147039930709111 0.15982925958475974 0.07432415506951369 -0.025663545383491932 -0.2136964895811714 -0.16591979346403746 -0.14154843133670705 0.14123183706384793 -0.16437914612441062 -0.29395881137394425 -0.01623789481808224 0.23316178078341884 -0.037756861499333105 0.04278786491315258 0.15111793033776585 -0.007125981901269496 -0.0015257503937582044
-0.09349128801216208 -0.3685828152081801 -0.4427258169967503 0.16693331616730073 0.5157002115957616 0.17309267213076465 0.07977304930295358 -0.03456420510717177 -0.22467504794594548 -0.17732780566164583 -0.12706801772138782 0.13779737747640336 -0.15660513018994815 -0.30960782270155446 -0.028149208438868555 0.24746859434430896 -0.016524858449040142 0.03859971824386224 0.16354389605708403 -0.0023888050256966964 -0.008831746151303199
-0.09360593803994408 -0.37693798019618097 -0.44261079610748594 0.16075242101535056 0.5088673548532593 0.17712890253168717 0.07147152673787328 -0.019402008329117298 -0.21493479142243194 -0.17611436509621745 -0.1396501609791377 0.1419927566555055 -0.1859222641186044 -0.31339987196762087 -0.014437738461864358 0.23835286173265396 -0.00937511933492434 0.03345646849759913 0.15352271424389105 -0.011460316241968818 0.0035413796225637366
-0.09505000201504832 -0.36299480648613325 -0.44148129010728576 0.17646051601491317 0.5288488698962553 0.16796248480012882 0.07629054218810705 -0.025957199818528804 -0.21637376537501962 -0.16305390344036413 -0.1311348669242402 0.14614225940592374 -0.15354347964708534 -0.32120213597076863 -0.015776401730896998 0.2305298716067866 -0.013910863783301669 0.0391287286962237 0.15765968364271338 -0.009176257916470826 -0.0026276969082359492
-0.10233593986847137 -0.3895300181744812 -0.41286903031076577 0.16649802023471189 0.5174475796877837 0.18506955681404627 0.07251710950881861 -0.024994587293845884 -0.21055090743198945 -0.1827241895266705 -0.14038699456385823 0.16308103489382633 -0.15821481805233004 -0.31839308770910413 -0.022138599802759847 0.24118569009114169 -0.01811707487099521 0.028628990100832724 0.14635496549178345 -0.008184312310929306 1.0276994159665455e-06
-0.0855392819874474 -0.38546751948339153 -0.426560764582148 0.1590532788263146 0.5312068197831709 0.18262783164975974 0.07749636044850908 -0.014931489422244615 -0.21611348740167072 -0.1596938786000277 -0.15167573110435098 0.14239760728211695 -0.15805567761821349 -0.3182969128102273 -0.023218940614917635 0.2256040364234743 -0.01839678538569511 0.047616814566650616 0.13859187042149845 -0.003811723543816782 -0.005908008272084107
-0.10528955091918123 -0.3883881687978521 -0.4217254745349466 0.16204867811883858 0.5228616980941452 0.1839932486750915 0.07424730299930442 -0.03979604890588083 -0.21226535302133825 -0.16247526578170393 -0.1401821496820889 0.1348854785459161 -0.16850979528915552 -0.31251032928296246 -0.02406437789155095 0.23480115325612666 -0.02436570841129303 0.034357697397310906 0.16329128125822562 0.005028190476709408 -0.009487662100651323
-0.098143348457088 -0.3898069184767241 -0.43213427535165805 0.17335851542657918 0.5250247307034437 0.18157824696012498 0.08180761896093361 -0.008210523610131113 -0.22767643097308032 -0.17479966506884984 -0.13435014972595755 0.13171497652162745 -0.15469535129630707 -0.3048149579738361 -0.022001713750806298 0.21637477882367775 -0.026063091898855795 0.02585525397089547 0.15144593726223196 0.0020431159086208746 -0.004547760957521389
-0.10222679095870613 -0.38125826813381464 -0.43127081394150896 0.17661961740251728 0.5133831037653166 0.17262628161350707 0.06643729521299033 -0.017824126799561198 -0.22050106515336299 -0.16567077750345477 -0.1463542563740321 0.14489115801445002 -0.1848083627129528 -0.31794550167607327 -0.016496297564347895 0.22978500263598717 -0.01735579934993678 0.029759524587434992 0.1446510726254471 0.0001682240970090668 -0.0010243299008018635
-0.09496469768003335 -0.38209936068249395 -0.4270153119365958 0.16666182759558323 0.5150153031955069 0.18291984156484611 0.07130256246737816 -0.03086628497704638 -0.218562660768136 -0.1805062604687582 -0.15740368887093478 0.14921753662848694 -0.1604930806286901 -0.3061628172046996 -0.011214730825672389 0.2416233546285801 -0.022311614026253153 0.034898828757622145 0.15162117204860065 -0.0011445107413642647 -0.005004680316919404
-0.1046750457474681 -0.38110252658668886 -0.4391452589127293 0.17178877633742717 0.5065879273421166 0.16989994159827876 0.07296009058539656 -0.015562331282293633 -0.22284733647776814 -0.18295036121135388 -0.12424688122281653 0.1319199822650134 -0.18522977953804073 -0.3118320205865104 -0.020685340268796273 0.23356249646321453 -0.026257091658743653 0.027438403834032 0.1625429018832709 0.001597404497047947 -0.003973354235671871
-0.11172463261986453 -0.38169490421396135 -0.43315865260782055 0.17424541855715495 0.5217176556419963 0.17778107083843944 0.08543249617507548 -0.030247483549549082 -0.21652544245947022 -0.16467733529730663 -0.14100443581798966 0.14178169688783185 -0.1799107581287082 -0.30447225707274084 -0.03432791155180146 0.22095796027360298 -0.019909275063681266 0.05078430666397136 0.1404220619758858 -0.008597269012393365 -0.0019316680051329313
-0.08470613875946291 -0.38588751650218966 -0.4265363711213505 0.16464273149312583 0.5153181259786299 0.17888257233587265 0.08789032555516477 -0.01260481783976411 -0.22866294686337993 -0.18141864339888858 -0.14340899760118564 0.1264386754805064 -0.17752772703917596 -0.3025226255048062 -0.026317937273454887 0.24029810677275243 -0.021602537229723502 0.045725660362379066 0.15346696854482564 -0.0020908209506929273 -0.010083268107896599
-0.10667330511604979 -0.3754186052169449 -0.42910219715108655 0.16194540923127773 0.5167721504295213 0.17863517152934422 0.08884250280082925 -0.01201168861786835 -0.23064186069794337 -0.18322422611622585 -0.14065302682468364 0.13953784319527832 -0.165700811876478 -0.3049739937543911 -0.02385985209858313 0.23815230428046805 -0.02775123473375921 0.03505025010271801 0.1564887643524931 -0.007689441654348882 0.002515095307515744
-0.36806737500403885 0.013322753676222189 -0.0517455260113318 0.04120597371157916 0.16450202314835274 0.08482324121546507 0.3523611489112564 -0.13342475098893927 0.01491921978622842 0.017978301488071707 0.06845486630826204 -0.11050912951187826 -0.16012833672608026 0.0571019135052304 0.009319876152240279 -0.5671077480630641 0.02707579771319003 -0.023808330331414305 -0.5521779891133666 -0.007106883206795288 0.09727309064209844
-0.4280512349145178 0.0963692084482403 -0.061844076717700126 -0.07283802263982458 0.07350095634047943 0.08797554413621658 0.3428565177342686 -0.09952997924992255 -0.07218369412365887 0.0027125308113169497 0.04948849761567253 -0.05320943426098015 -0.18153747769239498 0.08460273676565086 -0.0033554030446687364 -0.48225033408886714 -0.012997619688836814 -0.0007899748158814555 -0.6117814120854118 0.002734962542545259 -0.010690818332944005
-0.4311693149766759 0.11395389786280911 -0.06998018942223054 -0.06771665791443292 0.07288432695514872 0.08279104575117362 0.33378816344142503 -0.11386638725808963 -0.07315486607568322 0.02720800534976962 0.05624252744836253 -0.04394305915347665 -0.1924033940526733 0.08951319389485199 0.0019628881015104098 -0.4882002777548247 0.005370053389518775 -0.0016844220357004813 -0.600335556321905 0.001458507429562779 -0.008968566237789275
-0.1946326708026372 0.13466745600620547 0.03020019832291177 -0.23326955673877106 0.023066341194604892 0.1693286129242782 0.49058171957109614 -0.0016102830519382925 0.02453721040384631 0.05581463686711522 -0.028773359799089116 -0.09387274301462001 0.08132307324365111 0.20180813208897516 -0.10466699059633622 -0.42904784537576296 -0.16718276216295563 -0.03640263009115669 -0.5499552074283889 0.07596018042730145 0.15983854272332984
-0.17836807294632892 -0.08811583165284084 -0.004342616955091899 -0.11484641261565842 0.10582251560264329 0.1340474317522093 0.2728089726640302 0.08070888705194289 0.0011479175713868938 0.09437543803519592 0.08741265209098384 -0.056687854222608546 0.08196428977810151 0.2129803967308659 -0.08724580639105017 -0.45708270100408654 -0.19722472845746386 -0.04879137868216514 -0.7010788833426194 0.04692621450986687 0.11720275885122267
-0.1362273156963469 0.19383901894760194 -0.014109590852246822 -0.08486053774156285 -0.07575109695460236 0.17084703628536158 0.348705802715981 0.0040667846678424475 0.11926783248004727 0.040945105749693456 0.08170368587306663 -0.02165870672870745 0.0374662684917166 0.32062537285664466 -0.10455572456957733 -0.4794049764857757 -0.005452431997818388 -0.06956811303984159 -0.6379572185627875 -0.0034987662141284246 0.006822815814755237
-0.32830731410065256 0.07042779367172823 0.047145383768223754 -0.09151691791799686 0.026282757087564522 0.046437777040683095 0.22889091409222953 0.054478764460656526 -0.0432751428745933 0.027803277212536236 0.10521145496903236 -0.1562917980998434 0.1117627080436732 0.09649044648807004 0.03797222689027078 -0.51403575394926 0.018757489802436626 -0.09643409689263868 -0.6735483402462433 -0.12478148468789864 0.11807839317971372
-0.350171670083593 0.11814096622271944 0.08629773430188713 -0.11006646029635815 -0.006515451547576099 0.08321662529907649 0.3473135975062542 0.008373565373914258 0.04934486505005047 -0.045222359832695534 0.04659893352398942 -0.1763099102123601 0.026267836965564763 0.13023076703189318 -0.07085214245416892 -0.5241642943664362 -0.02240242713050067 -0.023430635421402814 -0.6060488456454207 -0.03185274410862889 0.1080773212348867
-0.3729059821174237 0.10919394810943191 0.04449522027295659 -0.08265582068137546 -0.003521710611148393 0.07827124721180552 0.36959711997789835 0.016872713028554802 0.07751972205645602 -0.07068701290242849 0.0325906374005552 -0.15426309506176528 0.04666683132823228 0.1383994352693082 -0.0902564170467922 -0.5150010876459027 -0.06435061957912928 -0.037252678957157226 -0.5901496071455975 -0.06287241618925365 0.09408759600024647
-0.3981527055067411 0.11546841901613156 0.05551521240219294 -0.10331621572264146 -0.007576533624364283 0.07301903297932097 0.3538847961193132 0.023909220329430197 0.0587444789361146 -0.04995242707267142 0.03222411417975601 -0.15427006668008522 0.026307284295733025 0.1358083101139485 -0.06858657795589904 -0.5026229293870994 -0.09319801899591576 -0.052949827940806736 -0.589086727667771 -0.06493977270547933 0.11491910007719061
-0.382906222082752 0.1159746682723965 0.026530505335355635 -0.08665719745237548 -0.0048720887612008655 0.09958359360606461 0.32413263716321433 0.013281823544900432 0.045884934141342655 -0.05339938438734056 0.03450890612213425 -0.18220203485538713 0.03914825675572724 0.11032656252674619 -0.0640678913695842 -0.5471427795353346 -0.037976909401123624 -0.030985243894380232 -0.5939818160564982 -0.05100497456277561 0.046928723379932195
-0.37888307051213166 0.07277581253696619 0.04396208411747409 -0.08199658447241281 -0.026774533602023445 0.06148978753066584 0.3284439084565961 0.0009932789938551883 0.045208763921590366 -0.04930498684512547 0.03824132906231926 -0.16582194941211684 0.02877251687093475 0.14820932289338046 -0.06704536291313261 -0.5332732977358139 -0.03797246790603488 -0.026312574844688134 -0.6123099448473697 -0.04815715978828108 0.07510401748461146
-0.3568981500734294 0.12278478303634065 0.04123344898161573 -0.10934508044971236 0.019217944567064063 0.07465557133031585 0.3623044081892585 -0.003999899894592648 0.058392878621711844 -0.058473007206686536 0.04584031842948647 -0.1701575454268325 0.013275839460227508 0.12942722769954665 -0.06523584437234428 -0.5327999945776847 -0.031854182081247046 -0.043833388440193306 -0.5906114080541633 -0.05865430413627108 0.0923397433500177
-0.37958060529451154 0.0930757854897318 0.07023180503041235 -0.12146547693496136 0.021041391208227234 0.07688094445000447 0.33959847891391715 -0.025324046503748317 0.06655533426607799 -0.042289297549274005 0.04544453413234613 -0.17984920438402982 0.043955062342154676 0.10551608950717402 -0.07596909502123507 -0.5522798952762208 -0.05505005444154626 -0.04813249425306313 -0.5720766704877249 -0.05894668826445728 0.06837066101093958
-0.35673473169982656 0.09890065786420532 0.055229838826321376 -0.10212549177555919 0.011394516960681271 0.06683975674868167 0.350624401819642 0.02868733610707092 0.06332960284265143 -0.05277312582914204 0.043314299052342256 -0.17684617065265718 0.035769383295921886 0.1104046951910581 -0.062099587975545247 -0.5361452394264411 -0.03688577254807502 -0.04813608461718448 -0.6064013587531363 -0.04754647033241914 0.05231863658663261
-0.39037112345694663 0.07202336257441738 0.04001734103150782 -0.09026054831693417 -0.01302744051428967 0.09406767080467068 0.33858352204994047 0.020260480751873828 0.07286881419873403 -0.052669902608292435 0.010302516957828934 -0.17347535082122742 0.031051854707702567 0.1245658388992221 -0.05649439936081401 -0.5427074186963967 -0.03601179778399565 -0.01348298304374178 -0.587352675806769 -0.0017437472599705832 0.09825702791168751
-0.3658724631108715 0.1046718783085264 0.031128573370274273 -0.1176802399477659 0.04213540897552044 0.08111993507275958 0.3177891135426366 0.0209430799599497 0.07445360271071808 -0.05016080582697594 0.03119679984868611 -0.1668410247134719 0.04520153103892263 0.13710279020293403 -0.07805051279467043 -0.5403549390363355 -0.03735817808427513 -0.02611410153905026 -0.6006300483470254 -0.03603640186091916 0.10325781038026798
-0.3722616901424319 0.08924781357645044 0.05600906234198039 -0.09761094238649422 -0.008134694215418322 0.07351348361844409 0.34079911721898015 0.009338722843600355 0.05623639891904736 -0.03941565886056635 0.024006207953414217 -0.17332633500440173 0.023803324634219587 0.12436426190117877 -0.07201175647463291 -0.5393446996343446 -0.031079015076145713 -0.036644095090502087 -0.5965185201920873 -0.0774528900487762 0.08661175427975232
-0.355297458811063 0.04136148348273614 0.02967415937103479 -0.10062659209364447 0.017846915495683274 0.07070569051350853 0.34629154874730333 0.00048682022681078777 0.0487130256259377 -0.05325634065099448 0.06149038207224952 -0.16443850939161533 0.05392323326559867 0.1384029755772762 -0.06714395198092409 -0.5391709118940338 -0.03366911190015718 -0.04016755092081015 -0.6083459631472132 -0.041786801700447095 0.08902717882258337
-0.37609356148236 0.06047437251302712 0.06753963643491122 -0.09611289363142478 -0.013625065432621986 0.07391259659137325 0.33299040424677806 0.0010897854736488276 0.08469849231737979 -0.057071064635646415 0.020948035242123613 -0.17290408000534868 0.02765690526371563 0.13767666001516485 -0.08528185839980623 -0.5308738498905572 -0.056172530974223894 -0.02867680368841277 -0.6052768196520267 -0.046313063375534154 0.04996650423944212
-0.38665230771104675 0.0749632087939329 0.0846966212956469 -0.10269500360667833 -0.04085605609269244 0.10622647883632456 0.3523641779930796 0.008928205323938943 0.07004103262664424 -0.05308147238210952 0.02108479707876806 -0.17739564498973695 0.050939732418687274 0.12539715456602138 -0.08810517682133524 -0.538224720174551 -0.05373390722965315 -0.02679302313191082 -0.5677012232252964 -0.07004493846675454 0.06136938986346804
-0.3724141872298222 0.13148646942339537 0.08098978276909684 -0.09544994098132958 -0.03395377165377797 0.08383913972258031 0.31636896411280674 -0.0006119153074836876 0.05501726795169128 -0.05591791963958743 0.04814587824863064 -0.17215942087488026 0.03630131553117571 0.13109703338863332 -0.06090016493794464 -0.5404626111440829 -0.03393308038131918 -0.04133775757183929 -0.599178851852804 -0.04235680406000525 0.06312085947855214
-0.37123629390180257 0.09802277090795448 0.04482416559413018 -0.11651146529929997 -0.008542093168104139 0.07298490277536399 0.3596525446107232 0.029904357582152923 0.05797058302761686 -0.07283090424865828 0.05768767702289177 -0.17602593060856875 0.02479791309858962 0.12430621087441804 -0.04974553262271178 -0.5353924925929848 -0.04035589265905574 -0.0372114313079586 -0.5864189194917802 -0.05189695654597533 0.059905502310350835
-0.3299696381811224 0.11066156071374875 0.07711114416706759 -0.11060140712886159 -0.0028002579465248715 0.08705397713852471 0.33899927381533906 0.0010288505046768992 0.05567099322317899 -0.03859377517388118 0.045470647379186976 -0.18988456385746016 0.07106537754163286 0.12411175927281645 -0.08168035335781929 -0.5618423789579852 -0.059862702365646184 -0.04625555176187753 -0.5824749838753562 -0.06478187845071519 0.05903824810385388
-0.3619127089548278 0.12258531014836675 0.05523166761796123 -0.09533530929198603 -0.011941460358208065 0.09945262260571391 0.3386540185012609 -0.0014973094831069874 0.05426135627859452 -0.04128000129763415 0.06242064622661214 -0.15227585038217928 0.040947239766973204 0.12560154508849622 -0.07348447639205864 -0.5109127771379918 -0.04092547315588243 -0.04266222680697303 -0.6229505268770736 -0.05709520140375039 0.08180110728427645
-0.36724908862156225 0.09858548916807776 0.07594565880445987 -0.0893320864897017 -0.017243249666391697 0.05285334911395873 0.3347322160887054 0.0037317350611132116 0.06610386223626805 -0.04565995099172436 0.028613226202443328 -0.18702081724457986 0.05561251489131694 0.13502626780085433 -0.05167765378503954 -0.5521570842572356 -0.013117798667706983 -0.05406103615393222 -0.5867148754910901 -0.04795173512295841 0.07589034018950552
-0.40055563969281766 0.06920550131978735 0.011952651732081583 -0.06685725484653282 0.018962488977139594 0.0656634927053643 0.33776669586168095 0.01264518060744974 0.04464925266943054 -0.04758947625998114 0.04032417581714704 -0.1631663099747975 0.05137867445597178 0.10232806954400579 -0.0568873712926793 -0.5353528190408139 -0.03864598865246485 -0.03401002980018657 -0.6049722034009244 -0.04844087471031012 0.06921137514718063
-0.35465224654649197 0.15326049682613554 0.04537392865428487 -0.11437926363477398 -0.006372162795250843 0.08753141078151198 0.3245243295805635 0.004646896969761067 0.05486644590952255 -0.046691111070987286 0.036774549513112424 -0.16035706724992357 -0.0013115978180177844 0.13097765984817414 -0.054827862394547185 -0.5242349310789544 -0.05141828063058367 -0.03695914146333942 -0.6206296256321155 -0.03061611001378575 0.07197877331163316
-0.3621861152637592 0.11355599565315144 0.058427506571440566 -0.10385021444810584 -0.00013535997483748817 0.07006043366742591 0.34896078779688466 0.005390992436453955 0.056140984175133725 -0.05282608839394173 0.03711008945650876 -0.18014816618547203 0.03308372429538832 0.11845942895757233 -0.04716677738763033 -0.5426426714285828 -0.035073407304106144 -0.054165819485835216 -0.5949999361439527 -0.02197503287335742 0.0689830501090036
-0.3667214526807673 0.06759050184906121 0.03741905570747667 -0.08691516435047186 0.012099219952504377 0.07292855064855032 0.3589971409729623 0.01780533381177215 0.07572191181136885 -0.07902879598686065 0.04356444007937278 -0.1613925874629217 0.043758800313969066 0.13545914763184747 -0.07606006549242342 -0.5266815163850894 -0.04588086049162421 -0.031148270948035198 -0.6008671353343215 -0.053934771160016666 0.08329845204133061
-0.3638811944338243 0.09019994648842335 0.035468913082304696 -0.11211049789233593 -0.001190603090944235 0.07758270125512612 0.3666648840622045 -0.010475640967793921 0.07692316700628289 -0.034683963790646984 0.05367709907160454 -0.16047090366130456 0.031648538815491185 0.12211147478686744 -0.0484137065183051 -0.5281563495611556 -0.04700749625153579 -0.05098836988020608 -0.6005818476544662 -0.05160725048167918 0.06264770411971599
-0.37033873898396136 0.09474754855512361 0.05640424244414134 -0.09095751062302916 -0.005998260016232933 0.07969781800299175 0.3473556643889848 -0.0025503605140127445 0.0348304160706933 -0.05144578686500261 0.03190205518265204 -0.1551623312191235 0.030344915881121926 0.08782449770302843 -0.04789072543656123 -0.5200251512170103 -0.006773672943204151 -0.02164806751274432 -0.6225691082906366 -0.05098834522769848 0.1198083872931489
-0.3695848035625821 0.10089940604435481 0.05829612892454664 -0.09208224493053553 0.009942500850507503 0.05637801195647807 0.3397157125543185 -0.011381582431266534 0.07669232603538559 -0.05235624884868904 0.023964562862752656 -0.1552225956732787 0.054016515560137306 0.13354018109876 -0.0824704399413213 -0.5310727100318439 -0.04847765927837859 -0.034426830748870534 -0.6046577402393335 -0.06595858015452011 0.07846497882207057
-0.35320408448786844 0.07419908286014203 0.0605620108913853 -0.10130643825694574 0.010749258355775277 0.0720692895799702 0.3552377145311095 -0.011511378725497073 0.06669525190325304 -0.04933296441717405 0.04365011757863828 -0.15426236394814583 0.04095939866285028 0.11278881121101803 -0.062445181530630556 -0.5258283394460529 -0.04722124120216631 -0.045703595434716596 -0.61959673025047 -0.060219219739499154 0.07036745294030843
-0.37715427652810485 0.08958835155605412 0.05957476028568951 -0.12059332590549007 0.001758428955324646 0.07881901274662863 0.3470241634882613 -0.02489588554318675 0.04053436023727516 -0.047324786825912686 0.036202934799327124 -0.15529933887557487 0.047004444079886354 0.1104918927174921 -0.06322473377723026 -0.5330017245412283 -0.07803430873615795 -0.023512953223612385 -0.599164445628264 -0.052537853031958334 0.06448110599361638
-0.3739006889756565 0.05066867815073935 0.06488546486005954 -0.10210484344591508 -0.03774879894305289 0.0861961031673818 0.33966104685068094 0.02787565620983655 0.07547190875126922 -0.05920973863733477 -0.0010692410360332303 -0.17206695537901914 0.03213325069069375 0.1816835491782948 -0.04898798717201884 -0.5295826593216854 -0.0015400322411217786 -0.026886706163839872 -0.5915294807626496 0.00528898531941047 0.10781741628856167
-0.3901625978277619 0.0955050503704735 0.06066202933859875 -0.09287194592882815 -0.03246174791693172 0.09130019678982455 0.34802242162429625 0.022368761672799425 0.040870672853713076 -0.02954755120977544 0.00555851407385152 -0.19093064106440863 -0.008957144877305695 0.1426030785698698 -0.04276823344474576 -0.5536699413424132 -0.01906407175569317 -0.036166059159399196 -0.5601765857299755 -0.0193962331544441 0.10801703391829008
-0.3992771331493581 0.05804415198842141 0.02161988722460253 -0.09251126689686606 0.00014650352111886215 0.08858043097147413 0.3449828126675775 0.02652621761641716 0.060731416764781575 -0.0467630389421929 0.010997115503229956 -0.17035335260334855 0.04242318004073842 0.12408652759292743 -0.06860032489257094 -0.5337133159183781 -0.03812691315026532 -0.015279965173510738 -0.5825193434790348 -0.01030169953732447 0.133147135525469
-0.3647877754727762 0.06512809220292554 0.02996633017696685 -0.10305262902554804 0.008317360739537778 0.08007006966996241 0.3341632825057195 0.029104496395297958 0.03473934586247126 -0.0226780407873882 -0.003360061997237773 -0.16843416896267427 0.027715599233384285 0.15167258274018908 -0.07426232527014189 -0.5417376456217969 -0.017274265441987825 -0.006720995860028308 -0.6082307449008858 0.020986757572216283 0.0926250131888859
-0.42306505550078805 0.07012067076176012 0.07588744523303753 -0.10887897270292486 -0.0018135469414170878 0.06064919335986865 0.3232150534139743 0.06685751057693202 0.0637118717538497 -0.04982092598729359 0.015311636051953873 -0.16661057474548777 0.041941071599695665 0.15504181078242998 -0.04934169272526177 -0.5230819585408285 -0.049997222624269054 -0.03257865809275426 -0.5783506434557938 -0.021893157070132202 0.10466577389146013
-0.42363413869714545 0.09560297376389988 0.03643003389927569 -0.09788082084360318 -0.0129710360493999 0.11381998584365888 0.3277135923257165 0.03353466482741989 0.0362139445592297 -0.04911755547231766 0.014472433463191754 -0.13552943960761177 0.028317506494915275 0.1600241264807798 -0.05071857015772709 -0.48968273171905524 -0.05572683264786391 -0.022804990662755754 -0.6168675657268958 0.0033667571840613753 0.0600589902493581
-0.39385630730544885 0.10730471273987197 0.04254983817956075 -0.08552552944599699 0.01058492752289489 0.08103520237576538 0.3488654238769978 0.03226530047366191 0.04107031519346656 -0.0421227575955936 0.023789798423889178 -0.1602807656151742 0.03947279363446174 0.12953031113108085 -0.057244877663690776 -0.5183704682635344 -0.00870897800853017 -0.011309048156905758 -0.6053960355672762 -0.0007242775069471394 0.08980090262453679
-0.4071654378897566 0.09008367581297574 0.02813873642498987 -0.08160178404510023 -0.02222842159458337 0.08160462790539215 0.3410794528413203 0.017014939037753394 0.04645298684994461 -0.04463014428072039 0.028194407752878507 -0.18470701083189192 0.005974238999422832 0.1391310787967298 -0.06774086952358659 -0.5462008355320616 -0.022480220571828254 -0.023378972838397686 -0.5656349354642178 0.02886013156056029 0.10800969154407375
-0.36154017013331 0.062494268275324685 0.03727728535863523 -0.07965872041369375 -0.019118173633857316 0.093947857212193 0.330360075378468 -0.002321894810602136 0.0829250421347041 -0.04863683117391366 -0.0029596901539061487 -0.18531324836955393 0.012237223276832932 0.12430210482546768 -0.04927418095325677 -0.5566229843917949 -0.016000490276994406 -0.03129513952017323 -0.6003403187494698 -0.0005740287507075691 0.07886216745390454
-0.3857135097794824 0.07164733402584617 0.05026875527875748 -0.06877330886431068 -0.03381936014953915 0.08424498419899906 0.3411627404065292 0.031953417554167945 0.06867997855606839 -0.03271428009173512 -0.015259273163887893 -0.1735271750077251 0.031833492179214704 0.13277753464231212 -0.037852302737046054 -0.536742849552958 -0.04385821904337834 -0.015949556333163667 -0.5969213587862124 0.013314510405477212 0.10104501504918698
-0.4100752316423726 0.078794205414132 0.04005562815173985 -0.08733166232022328 0.008732620822562674 0.08944062350877963 0.33678206001284433 0.007162910334133243 0.07421649519304435 -0.049552652041227954 0.024897424954094936 -0.16884224553383695 0.041558546156257065 0.13829913118312795 -0.07298546894083972 -0.5283344248385695 -0.05139241012436693 -0.04540822050977614 -0.57599429503385 -0.029937352944631443 0.12276544271194485
-0.39990983364173294 0.07604055095248499 0.05743969080706243 -0.10541807314149772 -0.008616017898368482 0.08208750872780207 0.33821218433113065 0.04966538791719574 0.05783398092413914 -0.0791227420919302 0.017270824729052458 -0.15311978813429117 0.03406385777016489 0.14655320499158417 -0.029686241608450122 -0.5095929499131934 -0.03710189582116186 -0.03675359323150817 -0.6054568355236594 0.003697549475699081 0.1016776811610885
-0.35964939638935134 0.05347483084166089 0.04632484365705478 -0.08471122161804182 -0.009022751229418204 0.08390696389619218 0.3390636554579885 0.04045379193416871 0.05962086161456231 -0.050174758280407475 0.01130825218602968 -0.1872129816206858 0.031915226106794446 0.15611315699143372 -0.05905552724073704 -0.5623789676488101 -0.02706594163312415 -0.020140273245201734 -0.5824072969411137 -0.003876898334519173 0.08944572286837044
-0.4053065488029037 0.07635388879805609 0.05317365090655044 -0.0800447649911545 -0.041139285378921545 0.09632453738972174 0.3291565395732192 0.022739978335219457 0.07701386762649885 -0.04143370330614642 0.015561172253016235 -0.17974049467991243 0.027977231771969223 0.15846692647205893 -0.08016952489232512 -0.5343941654863398 -0.014494116879606282 -0.015981037156454485 -0.5741421345932557 0.022986945845087047 0.11000716605062617
-0.40330285460928417 0.07344164731646848 0.0379645698132338 -0.08093908758876275 0.006514125879494826 0.08627116688120263 0.33994750622161324 0.017751806397079944 0.06513510723128858 -0.050434348716435366 0.020419665844820807 -0.19563470675452282 0.014098929197069123 0.1306525184577031 -0.07185880149052355 -0.5535133305619054 -0.03524097603400294 -0.030033389272760013 -0.5575557637249705 0.0051115596844118144 0.11520397292077994
-0.3813113505418043 0.06808539187635403 0.05862732159553216 -0.08590566293777696 -0.023432104925389514 0.09855385630993174 0.37833455438045294 0.0009519448326728101 0.08408763105185987 -0.052301915756485934 0.015894256518866817 -0.16674839377608547 0.021515300996557712 0.13471640015062353 -0.07794165260355627 -0.5257294836136258 -0.0266578421356911 -0.008473242682073471 -0.5762703265699604 -0.006577990390352629 0.11787426560798726
-0.3899274241143569 0.08116473574841393 0.04650645199247372 -0.09097468773255608 -0.008549804090889715 0.08118016143261814 0.32575478571563454 0.03875029331316229 0.05108201656274058 -0.03779984817616797 -0.007074906193618304 -0.18461020358430907 0.04191963646285597 0.1304995974987505 -0.06278036749800495 -0.5466916233798279 -0.050629501100981945 -0.006118268342582848 -0.5853799689806759 0.0045652304946328884 0.10764545652049687
-0.3969160071565664 0.08591862127476345 0.06362586340429036 -0.09841554459392653 0.0018451446697194487 0.0758440485447556 0.3362938101088814 0.01465717934809257 0.0580404975671504 -0.029173799187896855 0.03712259315207689 -0.19799182029359763 0.031071307001704115 0.11290140492793055 -0.03292705253280229 -0.5510060270803394 -0.02717382458739081 -0.03947438061182805 -0.5707442556252394 0.005358345242935281 0.10488429607604667
-0.3945998540583251 0.059460209121653985 0.06698304719426464 -0.10155382675445383 -0.0010976774916681353 0.07833137172999387 0.3224882432082517 -0.0005004234141337449 0.09388565907667107 -0.06962606690812609 0.027151724951749303 -0.16675310769112778 0.012292577925723538 0.1501337831089659 -0.0857780811399311 -0.5221268311572236 -0.026709456906185855 -0.0016350676872289832 -0.6005575566894974 -0.030851520131864936 0.09279359854863685
-0.39962268565539916 0.049420330487606606 0.044565836921316375 -0.1336022423472093 0.024657908388235235 0.09176010261695075 0.32101722767382307 0.028077490827004132 0.06998357560830183 -0.05369009403904182 0.02209315283945791 -0.1675645170227672 0.07816304364251447 0.1423435559549772 -0.07922246369907504 -0.5367705551041937 -0.05634304766125427 -0.022997273491393456 -0.5768837370567589 0.0043776381846763 0.10733885648237841
-0.3839278517859838 0.07593422736216737 0.04810284875215614 -0.11198713850591487 0.03568144680020681 0.07244312820549971 0.36153069925761083 0.009437855686560161 0.08306261175150291 -0.03476126541432043 -0.014806313407776868 -0.1863651838718278 0.028056675218151052 0.09757383132827804 -0.052685373943237974 -0.5412749487116798 -0.06602997390827156 -0.010665511033198575 -0.5776201798146464 0.003922710407890152 0.0860722486767138
-0.3797496342757821 0.05082874830360526 0.05516269869141729 -0.09364514540469968 -0.009992223770108421 0.08037707462968131 0.3442074131089095 0.0014793045784393549 0.07747543188129077 -0.03681893365297659 -0.000944017463840396 -0.17297359757308753 0.013266786290045735 0.12226683026225116 -0.05108502828407835 -0.5373564211201206 -0.04644342028643069 -0.017389211667967846 -0.6040815696487277 -0.030933289107052286 0.06524306682956685
-0.405609217743612 0.06930099529498036 0.045153328336002226 -0.09711843848828779 -0.002264288284684261 0.06707656363021954 0.3354683382436477 0.019608896050291633 0.0867417285469174 -0.045497861800663064 -0.0016847868283772036 -0.18532245759966837 0.031040930870743222 0.1472633441400149 -0.06353394554435747 -0.5466510737248041 -0.055927805025155326 -0.014690463064744839 -0.5674122236150109 0.032286361608776654 0.07734092210344277
-0.40504641431266947 0.039594000767788594 0.04581297185224773 -0.12209178845754151 -0.01839355385534216 0.08852632750632597 0.3568540804032303 0.042264723541398715 0.052462013438143974 -0.042383369676971504 0.014209229129267097 -0.1567142968238392 0.0648966227687156 0.12309853574786316 -0.04573270017374868 -0.5248536988602347 -0.05357004402315873 -0.012240054518353046 -0.5852698894638655 -0.007098579513963675 0.09060747815043871
-0.39661773278920015 0.08494530169313969 0.02481348565806884 -0.07826930928528202 -0.009895785144046444 0.09019749983758617 0.32318510678242296 0.002916741690223741 0.062161371324207605 -0.04343155672650886 0.004339623762768436 -0.17779953110049992 0.021227397800836198 0.13902590929132264 -0.07062848216155067 -0.5460901633687097 -0.0515873631064521 -0.022797454691293788 -0.5892652774208018 0.002244907859146374 0.07254761397709954
-0.389318767720017 0.09150776697820612 0.07425834357983559 -0.11044025469784596 -0.02633552207668526 0.09463953389600173 0.34333049301904656 0.022883464545286808 0.06855711036738174 -0.05331076140601209 0.013820139681845759 -0.16969938222519185 0.029758255783071674 0.14385665030492298 -0.04620118709418485 -0.5239323313316978 -0.050602283344162544 -0.04597224847932282 -0.5893738302641901 -0.02333340561878867 0.08345822932166157
-0.3816219951493167 0.047661764756955605 0.03743503730919627 -0.09285003953327907 0.0035601060254171393 0.0822182601728039 0.3439884421396509 0.02272763379663994 0.08217439276910964 -0.06496083637947382 0.012871666641219033 -0.18885889389820537 0.01964212656162274 0.16179638456845696 -0.06139914049244044 -0.5515907308222623 -0.059587652868860086 -0.015654285722447994 -0.5633650313397173 0.024954521053810467 0.11516414566562326
-0.4015142757144447 0.1070345835119569 0.05176879645582649 -0.09734024156875973 0.00644316935238698 0.07605377574743363 0.33031598687174457 0.02164400681209888 0.0782112019714686 -0.04975393941180624 -0.009383525595634353 -0.17254973965336648 0.04570416542374887 0.11881934006007028 -0.05378189456301273 -0.5458906023142862 -0.029645957985299533 -0.0030855206534425245 -0.57468623935377 0.005872690468496192 0.11417059389577096
-0.42637311136839096 0.08143117862160477 0.03684101693914437 -0.10348519598130188 -0.014170662895703595 0.10334340468276115 0.32598651453653354 0.030626741340810597 0.0655450391920366 -0.025103717699940107 0.01685290554565707 -0.16583364700808395 0.03677838974598031 0.1457884109003224 -0.04248427816580962 -0.5260416586599346 -0.017886379862614613 -0.029559902682116435 -0.5811646442289914 0.0011912568937650658 0.09291029346805037
-0.3751210640195314 0.07139346859212307 0.05045483031308574 -0.1023440766277996 -0.017796012507019437 0.13023748189694276 0.3427350549859249 0.01142636984437149 0.056650857668289915 -0.05444488841891164 0.02694513080222217 -0.18700818862795746 0.006252543950685734 0.12273243858644323 -0.07929100767257577 -0.5477182744898879 -0.04598460114272019 -0.009044649565229908 -0.5785476587855548 -0.006256114700049737 0.07798379725678656
-0.3584053687283027 0.06106078359511096 0.04374169117401442 -0.09565222408715499 -0.00976716384581229 0.09488624923818881 0.33488039133467684 -0.008370218237972647 0.06321806069785799 -0.03201380453982219 0.005318816307577762 -0.18794178811155304 -0.009647701348571867 0.13004679746346492 -0.07612931766143977 -0.5620259504644532 -0.03876952979223126 0.000809239759451605 -0.5805318059012101 0.008924580024061572 0.13339525791907306
-0.3713943941685684 0.07632672471383369 0.028711572158904772 -0.0656911001761672 -0.017768414930629334 0.09702865186046225 0.3325356696867019 0.018316515460692396 0.06498488257407294 -0.06161982310903307 0.0023364062208247596 -0.18537456152594634 0.03545830888280943 0.1634001392473748 -0.07705805732209 -0.5506344584947106 -0.015928669483905433 -0.025793837562874167 -0.5817047518456154 -0.05814392395716986 0.09106298039893618
-0.38465011235971314 0.07220468803622287 0.041109688635542534 -0.09375665347698671 0.01224143978895842 0.06537108148893592 0.34062257712982535 -0.0021453075881517052 0.10175284027532125 -0.04843217240967263 0.005877647572432648 -0.18405563510176962 0.014936861487573238 0.12220285206245055 -0.07577638088578398 -0.5528226479360168 -0.020761082757386463 -0.04087866916321386 -0.5769608794186096 0.01601625013451017 0.08680145703705144
-0.38911900085641254 0.06358451078880879 0.03940553158854903 -0.08066608560357813 -0.013585662603264097 0.10966519010582894 0.30012513314608047 0.023361663463642428 0.06083582694051652 -0.04821334912086481 0.04457485056417635 -0.18448233946587883 0.02839034967613619 0.12893066354201765 -0.07058164541353137 -0.5586887555388749 -0.036979228948350776 -0.022017438612375803 -0.5907740310407861 0.00020509164402807495 0.07871013991732415
-0.3766821958271875 0.07431191226548531 0.02255967202278414 -0.10879351868922178 -0.011513230351349681 0.07622975494304028 0.3415000111786549 0.017132134462879353 0.08034259229454913 -0.026650085347945423 0.0007527224532434966 -0.1857135329078768 0.029601992733909503 0.1568202264893691 -0.05584693733703729 -0.5519692959543682 -0.0460138010438221 -0.027725458462790786 -0.5741838083734045 0.015344225250673377 0.09829774816983113
-0.3876811799206362 0.0578208364170804 0.04663893583156751 -0.0773138271277615 -0.02806717162668027 0.09770037029766011 0.3574598317795603 0.04682637774309697 0.07286200227474976 -0.06970540754444633 0.00944903379552857 -0.16051350792300048 0.05292421506009293 0.12836656036177213 -0.06580482533092698 -0.5307979438931743 -0.05625465875210456 -0.019213048970898504 -0.5856760818790904 -0.019277764859915007 0.09800494191036055
-0.3547902495861061 0.07223538206263376 0.01267500917628017 -0.10523391068041703 -0.0018371049452028713 0.1053134815151246 0.34665225348653944 0.01981199802331439 0.06399722214919523 -0.039051191634519714 0.018211137325094922 -0.16099274483610881 0.0424331622933501 0.12958321449192978 -0.06185155698515126 -0.5290564674626744 -0.03789305544980242 -0.011122698516194072 -0.6202975872240911 0.0018095741157058876 0.07412711871107755
-0.4055390692648802 0.06573392491761328 0.033988331891629316 -0.09507035676852231 -0.028394424768441808 0.09323649215527653 0.3336518938687238 0.009429425488176433 0.08380558917901473 -0.04523365765190138 0.0020809971663792223 -0.17632346872252583 0.027268632036940445 0.13819586452368737 -0.05940610280075108 -0.5380201041630168 -0.008421274813052385 -0.010608246174758782 -0.5827708832673746 0.006579487389152792 0.08522296329277332
-0.3885982071783486 0.06368880418771683 0.04312716213114983 -0.1222775692993712 -0.007026777650380632 0.10914448910559453 0.34103761318002773 0.03026509786703764 0.09289580072468571 -0.052530825262607744 0.00985021248390008 -0.17407595530670714 0.022426338795069885 0.1251456277251014 -0.06581623773993187 -0.5368672428291398 -0.05334223303109688 -0.02971379866775161 -0.5806307580896161 0.023616736135410918 0.08372331139476183
-0.3983768456774402 0.08366974902722688 0.0534943522715886 -0.1025326795648391 -0.019233250587499282 0.11579099966703689 0.33877950113683103 0.017797843414327025 0.06726578846859295 -0.04402975000613525 0.002959484803708026 -0.18095029639076102 0.03785259541655718 0.1305472690763035 -0.06050376830465611 -0.5403785874154224 -0.047840185629457 -0.03428761613573259 -0.5668919787556275 -0.018491110963382944 0.11628375754403833
-0.40560207595403375 0.04367882850764004 0.026756728340043848 -0.06698796781672839 -0.006220495198362398 0.1356961895624723 0.34998701077930505 0.0013378418478172936 0.06466345210988816 -0.04022769081988514 -0.026554585681995015 -0.1830016836934948 0.03062281064005938 0.11091657940391664 -0.073191633956914 -0.5495143378710162 -0.01717520636580725 0.011234143497325239 -0.5632239116158295 -0.0031151250340588636 0.09602721999099596
-0.3703651133106553 0.0681442263214301 0.04530759161274069 -0.10139674096910292 -0.007155614488443201 0.1038888971125507 0.3776744903441687 0.024697731970653464 0.07640642470493066 -0.06503658344923192 0.014238912247259119 -0.1756989955474904 0.01859867919245149 0.14650153293753634 -0.09033361105485341 -0.5344977898892791 -0.028871726693102284 -0.02634838922226485 -0.5691785239829198 -0.007283705480629782 0.09704414413444266
-0.398045050651142 0.09269868194823398 0.07912774055994572 -0.0999877907977706 -0.025924868537451216 0.08212631344546195 0.3262661448328087 0.03140517709224407 0.08402527262592016 -0.027373807280659943 -0.032033918622334824 -0.18292570828738464 0.040477460614011314 0.1353439842360408 -0.051107591033078464 -0.5454577210197148 -0.011018093908429097 -0.03389520390125884 -0.5647014312514439 -0.001514235911729039 0.13894333580687973
-0.3531082071298332 0.06227188333551097 0.03767290626301782 -0.06675637484373724 -0.02913440117305822 0.08981036921737141 0.3373230758796132 0.030170358277483975 0.05566526189863981 -0.04254287527744673 0.024957430475356958 -0.16800152676316882 0.04613227392384028 0.13599981516098913 -0.08271937898055359 -0.5398625502652467 0.005579563526585099 -0.018018519020616477 -0.6096881385599721 0.004421957457947695 0.1310733900931538
-0.3993080805876842 0.08667269546255843 0.06043349577188577 -0.10103931111987115 0.005926462330957543 0.07140286900153384 0.3404747169260243 0.014298324690003214 0.07235520474335404 -0.031445273142135466 0.007028334038807727 -0.1942731980558842 0.02014538843607758 0.11724275885501993 -0.06967318466180183 -0.5500526378177825 -0.055347252262409274 -0.027500849543671907 -0.5648700788386156 -0.016306288648932344 0.09578911795875523
-0.3728527646180736 0.09180514192200309 0.07705105336854792 -0.08904470855296295 -0.05074814834203739 0.09816579477237707 0.3528632566632951 -0.006075342632789426 0.0704984022762144 -0.047713159881717114 0.02528976360034005 -0.1932823129089746 -0.0068730067167034085 0.11940991845339374 -0.05420357058203379 -0.5498337506052534 -0.029459841113132924 -0.004826089109784077 -0.5730375501822755 0.0028605980858037883 0.08859339064969478
-0.3775845699316874 0.05156136224411493 0.03891201856348148 -0.09025321019035372 0.005180355506940144 0.08868859874888833 0.363055928064166 -0.0008027237971665459 0.07746850251315134 -0.027463336844674346 0.007520428925316993 -0.16773095719035638 0.024987926675695868 0.12410241230596655 -0.06619307075424596 -0.5358750254595629 -0.03151236408600461 -0.01855911746871007 -0.5934241237974417 0.012102074199665431 0.09621564451207658
-0.3971557415598746 0.08029216603655129 0.061968800978296885 -0.07626300468794354 -0.03710657761339445 0.06760514959459546 0.3317420685810818 0.022297809429608066 0.06556077899061745 -0.0176030304562082 -0.004973304963665704 -0.15984634041082427 0.05572981558541495 0.10792414930404666 -0.05019687619236628 -0.5428976158131508 -0.04391851533974987 -0.005551282657652287 -0.5916260867534805 0.0032230738946544494 0.12442203157820464
-0.3884192111437705 0.07464178466155215 0.0463001548678188 -0.10180325737474731 -0.010648566075018077 0.10585304377161253 0.3293036384259361 0.00995341166515069 0.09129971216242813 -0.04173552510359839 -0.01765753391326835 -0.16074555910098925 0.04559810004544276 0.1437539340833262 -0.05718730731588859 -0.5299628923350269 -0.04581600205659314 -0.03779002695184377 -0.5943568389409813 0.02014735331940688 0.10438528089672691
-0.36752593960366986 0.04127549881326752 0.04613848769964904 -0.09197714506347525 0.013112331120411214 0.09986288196461778 0.3259326328178738 0.02224513529606637 0.05864914441137694 -0.04542623782567924 0.006494102797034866 -0.1774314429413455 0.019107115640351998 0.10564149028748149 -0.07780618445225439 -0.5505988542253605 -0.01012096740328817 -0.008249089485397505 -0.60835555280132 0.009533076311958438 0.08739395823791321
-0.41632865917625933 0.07914067695961476 0.05323083790513699 -0.12315898867501979 -0.010505245613203476 0.11388877575034695 0.3081608972317594 0.027778575285453206 0.0487829381622908 -0.05628139314620651 0.035962638843366784 -0.1567521622002731 0.04354099911263934 0.10360577608555861 -0.04747174112330257 -0.5271992126597069 -0.03154057595541709 -0.01816220699030307 -0.5985563000684073 0.00807712964569564 0.09846679331444859
-0.37838029061290906 0.05978213763773205 0.044736615838655264 -0.07793205890551919 -0.016946886428490016 0.0860735324188111 0.30928591094292657 0.02277514266490529 0.10033046609782201 -0.0316194115940613 0.013331135756441945 -0.186388909442678 0.06550738945181851 0.14598451325992218 -0.06277907087444641 -0.5609827283585248 -0.006130664823818862 -0.02828277192732774 -0.5842872042493935 -0.017210275143991 0.09247731969753674
-0.38163523973129754 0.06872187685102958 0.05064167178343539 -0.10182358993078017 -0.018331503422279783 0.10479405176297343 0.3325285384979732 0.013765919049755602 0.09063141504255762 -0.02225236257639741 -0.006659139668549753 -0.18040808720037757 0.041932159645104355 0.1352667031755718 -0.043692949813820506 -0.5527543955497344 -0.04661932665865549 -0.013191296908971403 -0.5819525072957177 -0.0001767821244932122 0.06926765917585867
-0.3718439384340461 0.07349576982380737 0.03336898332175684 -0.12212938227435771 0.013316918400383399 0.09702618379436923 0.33751347387780367 0.009563661546882249 0.06792018286580111 -0.04130042365179984 0.006948387676612614 -0.18198173863388625 0.038908358551840785 0.1032655380147589 -0.048008344243055105 -0.5522526567367365 -0.02330825536521941 -0.0320156184677588 -0.5913870837638115 0.023288747218702808 0.07683677813774127
-0.37875383929711237 0.05764846407346933 0.04413912469385044 -0.10596041555293699 -0.0035519138580041277 0.07504625008763066 0.3165224267976013 0.0027729887042595575 0.08572835201020476 -0.02303282212636121 0.00310794282694054 -0.17668171012758288 0.014918005708535985 0.10195568032806918 -0.04848010876310776 -0.5494176215649277 -0.03507640099722023 -0.017952882136947863 -0.6064723771384513 0.01642168619630787 0.1031651362231369
-0.4029430857272601 0.07511551568312302 0.01801339341326968 -0.12590455698872596 -0.011604079811873592 0.09123222743102835 0.31216158900247665 0.010856569569843993 0.046654592747853926 -0.02907769059058167 0.00964201578186302 -0.17553502458259265 0.045219923055561675 0.13211737242970734 -0.0539089109728953 -0.5452358697671408 -0.030981452809215868 -0.01815838151358413 -0.5909136635953026 -0.0028739654442162255 0.07552983076525087
-0.3647465837247743 0.08133987689296537 0.05504404080204133 -0.08258996829887058 -0.029305905224664936 0.08739085674285402 0.3254027365864237 0.029131523829419713 0.07897842742999954 -0.02542601401529233 -0.004426706914422061 -0.17742194899252112 0.03310667858730978 0.16242422313132865 -0.045199562204345574 -0.5405936553152805 -0.03958886667082851 -0.036937935999132886 -0.6042337723960238 -0.012320208026962714 0.08327600243183572
-0.36529755550682147 0.06374257948564152 0.023828936515089664 -0.0892075986118278 -0.009142444372938615 0.08434184048712265 0.333638452188779 0.018527374011126255 0.05292422114016161 -0.04230802717391642 0.009296730335397534 -0.177559104623551 0.05874404685244668 0.1542147274741952 -0.08241030538811 -0.5531098443742513 -0.032276309215446775 0.006772763741654956 -0.5903083396638841 -0.014719904417927573 0.09584311258724801
-0.3927558637411163 0.07409410276560574 0.04235418474152031 -0.10300133792799639 -0.006026375777515261 0.1249854893462213 0.306814703318907 0.03753523350532789 0.05496280372745917 -0.033099597595815475 0.002249443815613282 -0.16699171531660892 0.06284661459991739 0.14804514597837265 -0.05458768966936772 -0.5262793155410743 -0.016861734030575382 -0.048411096463780834 -0.6070933609083121 3.413115599047455e-05 0.08736711414044461
-0.39365695749359647 0.05896861598999997 0.0185053296702344 -0.08471257571228813 -0.026222084975322843 0.12302488934123847 0.33396523196737055 0.037114062762137745 0.0687692397492022 -0.025875417984689893 -0.009988714416572095 -0.1665654622339067 0.06431901626945054 0.13880048247903518 -0.0728197555254742 -0.5401982913641481 -0.034798887701495494 -0.013027348143593097 -0.5823627879698874 0.014921188741020868 0.10389204307737415
-0.38763199412644095 0.045453757403513484 0.03609749931352775 -0.09839892689580157 -0.0037249361552468686 0.10431729602939875 0.3385353713321207 0.03681108399786688 0.06598825239715897 -0.060464771625098036 0.011552904073848335 -0.1773120770254559 0.04580832160035504 0.13637047331789023 -0.03997754863877942 -0.5460484264652365 -0.04071106593935013 -0.024738459219009423 -0.5826041857043871 -0.004050453908289878 0.08985257448610141
-0.39860069818127397 0.0764780666431789 0.02577046300357704 -0.10336870201872427 0.0429232092704258 0.08641954646463203 0.31763943200181427 0.005600333247843015 0.07282221488492109 -0.039848371085564854 0.0005289883526279211 -0.15462018696426053 0.05191910170003508 0.10945816806390549 -0.05040939672863921 -0.535647243970727 -0.04502284087876374 -0.010722842486995322 -0.6033917349130927 0.0006825045155512553 0.1119105591621942
-0.3787713176303884 0.07703722292662908 0.014690410553602288 -0.10776161433556475 0.0024237509748444345 0.10635802345489676 0.34978160140058534 0.03858428699983532 0.03924037844312566 -0.04703675250666031 0.007184839246779051 -0.17927372469537986 0.059347808848380146 0.14153273515704295 -0.05298583006268711 -0.5503298014107864 -0.055119090216306225 -0.016023662056923803 -0.5709902575618686 0.020536992703886557 0.09328358950006778
-0.3897879594077528 0.0383167682426561 0.040761856469640256 -0.0992223276937997 -0.00691493888658127 0.0924761060117926 0.3492131618472742 0.015046240489868155 0.07227133395952057 -0.05264280052818024 -0.02000642766372756 -0.17263569161761727 0.03335456128617976 0.12937414235231184 -0.04079876257872693 -0.5373675797543213 -0.03143072016413931 -0.02190047230476526 -0.5879653244568953 0.019294728150824655 0.10146563281727837
-0.396937852240288 0.08151026959848577 0.05435316935760699 -0.09058171388927293 -0.025337612970263112 0.09955548922426209 0.3357589234126292 0.030969305184545715 0.09431722871338528 -0.02685730102832604 -0.011665130705360726 -0.15919919176863853 0.051445083124012914 0.11478942852128228 -0.058288828970045566 -0.5236782598472374 -0.009177383916603157 -0.01128654848380303 -0.6022079641961772 -0.002229502313866291 0.09467005050072341
-0.39277780922659783 0.061573699023765326 0.04455904135956616 -0.08977686950603474 -0.019913961245945164 0.08429640255553113 0.3346064430810958 0.0005799415346146053 0.09687463291944405 -0.04721627590389243 -0.0034042014616630077 -0.1566836479639296 0.05180684049551169 0.17433590997394596 -0.07269198322377202 -0.5181001770045458 -0.015275600719656493 -0.0355403306873454 -0.5950958629388665 -0.008665436405055876 0.11725904621291494
-0.4038954239130234 0.1049629625334368 0.03235518619914975 -0.07576304654978241 -0.01827867581159261 0.10799466645502594 0.3133069269312929 0.031155785610089207 0.08015339442126206 -0.04758359853264563 0.007484462958100568 -0.15848643127043774 0.0425070363212267 0.13104894568765993 -0.04790784224792305 -0.5237357681980757 -0.011585142118474145 -0.01823434095850083 -0.6104691252846455 -0.006700249105121206 0.07289457625147641
-0.37802739912107386 0.08846968875085559 0.0547282625040448 -0.07382265875837792 -0.03495800258442783 0.08015193513000984 0.35566964830483194 0.031158031506546714 0.09278430674578447 -0.045741608807276395 0.002005707540209834 -0.1814944571053869 0.02444669866041777 0.15307478067285796 -0.08539191279573359 -0.5408421850846328 -0.03870773429691494 -0.02306748692440767 -0.5701063965528221 -0.002861523447426363 0.10568048872776276
-0.4078377890460973 0.026659980934441753 0.03992303284191363 -0.09256115891462338 0.03479898534706416 0.07588194000299758 0.34911112119000776 0.017629075596933313 0.09026926678534129 -0.02688094979163152 -0.0029867248889046344 -0.1913265440181348 0.051676439045390925 0.10622704304094155 -0.05304991503296271 -0.5510993918500893 -0.015459557808457395 -0.01899433413273949 -0.5661988314016412 -0.0008281857865056033 0.08056561742154893
-0.4115997691694333 0.0853246009372484 0.040593274509329355 -0.08956355936503439 -0.00565719871677985 0.09788248284449375 0.30718087572734076 0.038013788017967724 0.08581353820613127 -0.03957650513153251 -0.006672741782575564 -0.16588949670205952 0.05434728976149264 0.16940102247046107 -0.0639947434909106 -0.5244070454642745 -0.022036122790886608 -0.01787556192895913 -0.5923768261098233 0.02592845432295927 0.09266895238448601
-0.36180479417081285 0.08067213296769206 0.05177970783278898 -0.10204775493505974 -0.0032055517963933988 0.10609168722029558 0.3458971462412529 0.0054625372001964375 0.09812587510046006 -0.05936211576803176 0.01163536418439037 -0.16568690935549665 0.018020039533418998 0.1190502144179552 -0.06783440724447146 -0.5376162996831192 -0.0550204887862436 -0.032463655700301325 -0.5931711408437971 -0.023227621743627608 0.11493824939616137
-0.39451238196908656 0.06773583160836119 0.06348830507388768 -0.09913670917990113 -0.008275320297210422 0.0872364354719785 0.3171178876894625 0.03226040217604359 0.06775585817302943 -0.03170396366491085 -0.014864560106265986 -0.1629552579636164 0.04230401248840375 0.12697270169193783 -0.06297042892648495 -0.5389986341606151 -0.05128316647873261 -0.016589930341070164 -0.5981046098868168 0.012582446859572735 0.1052108435608468
-0.3902813875573246 0.07298765196712953 0.054764721568503996 -0.10902393963014342 -0.026249790801915602 0.08177046980246042 0.33878427045246995 0.016322976834202137 0.07521199824833671 -0.06132421563005939 0.025999816026736202 -0.1765517015414627 0.04408792058836876 0.13470416425745477 -0.049361488261861264 -0.5408758032104917 -0.008556039726061816 -0.018891468056608383 -0.5820577239083728 -0.011271453136390223 0.09678163996277873
-0.37363678190224736 0.059783393906082734 0.04227540983276811 -0.08319046983194985 0.011492664125116934 0.040217499098746765 0.32411260705239203 -0.0015579196444125976 0.09084084976701547 -0.0462537030483222 -0.0077460294895785944 -0.17360419748394693 0.05963340177746904 0.12711334805413385 -0.061428579331825585 -0.5537929582382892 -0.025218231181475266 0.0025745853390419567 -0.5939936209519181 -0.039310429868852005 0.12462920702752756
-0.3875085114714477 0.061311402479805786 0.05210154496286737 -0.08786885738981902 -0.001849463402690309 0.08087916187897554 0.33907625572805095 0.008669670936449657 0.07954428267352415 -0.03150847142068522 0.0020552372158414377 -0.17908343639191643 0.02837217288785874 0.1446245234815166 -0.07158806861229311 -0.5463155819303404 -0.013610529527438677 -0.0015928178908601028 -0.5809957492084623 -0.0022659371268426262 0.10769806177071221
-0.3713380089641856 0.07186354485888713 0.06437453464810151 -0.09998264925794256 -0.013441683079996164 0.11046908208910235 0.34411606349866913 0.01497825820627319 0.07633571770352278 -0.026096944819429244 0.008762675620864918 -0.18538743540790448 0.057896454707538555 0.11622332110833462 -0.06472875085480534 -0.5553166579795822 -0.007823014073737205 -0.04116675334392727 -0.5792408264032833 -0.0017059579392147532 0.06418961575204409
-0.37830158605598796 0.050013803382668524 0.04685909028491023 -0.09380740354119631 -0.040651191281289106 0.07910277342622715 0.3492088745290468 0.026629542590173833 0.041436482899464694 -0.06459270382456504 0.03751866710119708 -0.15818882638256646 0.043510852486828934 0.15613837940670644 -0.06633346767791681 -0.5202765049921869 -0.05710317896971427 -0.004314565874564006 -0.607091369024406 0.013747763493874897 0.08435730268127163
-0.43392059199662697 0.09353591416962079 0.051119415040586515 -0.10538497260015046 -0.004941034271734476 0.08449477246995198 0.3166785062204897 0.042248815811272857 0.06131445427127806 -0.06842480521701864 0.011421223687131537 -0.17762100168075698 0.0257520122591695 0.12744737367252562 -0.048575584609696486 -0.5372479123135123 -0.0283844471039096 -0.0036202518393646573 -0.5713951156693621 -0.001497216224549666 0.06837658033875861
-0.3971711874908004 0.08301974489252441 0.025934084401360618 -0.09669740471902111 -0.0070949145010330535 0.10173415119308195 0.3209310853977462 0.026989408582034413 0.05619021662068004 -0.026361336134645686 0.0027196508220835467 -0.1662924351413687 0.05410781656077664 0.13993826184734323 -0.048815345762511196 -0.5306071734736232 -0.008269721043699 -0.024504721864961 -0.6023027336850012 -0.017008005389587102 0.09766063957166903
-0.4028643793615991 0.07435747143397428 0.0316126717595458 -0.07635157602018224 0.02522719034073991 0.0864558543816541 0.34953539444000553 -0.00278213200872374 0.09222921641508254 -0.06309532688233581 0.007476912479051989 -0.18147438392748705 0.00670803313089419 0.1422037882977917 -0.08600085354946613 -0.5394511818954012 -0.036721940085230824 -0.017504867712160917 -0.5681199216534515 0.007631936586738113 0.08017741844591919
-0.3929413480576654 0.04252931566784628 0.08062155975968613 -0.1079367842638114 -0.0234223232611922 0.08316351114181861 0.3194404608488536 0.017022906081519296 0.08907017574028903 -0.060966711093740834 0.019656676151126547 -0.17674572217274265 0.04103090346831497 0.1399583173062966 -0.07781848918556812 -0.5363942893163995 -0.030496504280614564 -0.028648356544494973 -0.5901705216977517 0.0035945738464534713 0.0863376412472016
-0.4139638133156763 0.035349531031440486 0.02399258416004256 -0.06327245334863683 -0.016370031402289313 0.07767323871095258 0.31633811056910877 0.013208651390163986 0.05414923072695278 -0.03376555448247843 -0.004060325250946547 -0.16388202994209858 0.012248062590489462 0.15340723470686782 -0.0619199120381295 -0.5310505150517678 -0.051072254479678954 -0.0044632584491517595 -0.6030776623334297 0.00921402612928959 0.0967755514003354
-0.40039302518797615 0.07652084004978678 0.0480285174330276 -0.07020775729312953 -0.019644588525649435 0.08455019934165857 0.383283792388465 -0.001971148025714498 0.0779803381550973 -0.04521397323782994 0.02936557714841719 -0.16145950195073078 0.024813695435023847 0.13778401656253628 -0.0868467155092222 -0.5164957108023633 -0.02053323707394198 -0.019699486485531256 -0.5754889748465828 0.023153109425143297 0.10319273778091681
-0.383623777341445 0.07867442264499047 0.05388092466935363 -0.08943748474042058 -0.009471166301243606 0.06859990479919445 0.3732595192521705 0.017342451685331123 0.07910877737918635 -0.06383513594732579 0.0034390796415050863 -0.1672182844477871 0.034732741230201765 0.13066833860176452 -0.051644653839913936 -0.5306232236155959 -0.025366010404109993 0.0007785682989523945 -0.580261905159107 0.006176424980019451 0.11454304575828271
-0.4140176516345308 0.05847816811967776 0.04775478945995685 -0.11086386618452959 0.010672019070456956 0.09463648064086524 0.32320997327266654 0.010558089462898436 0.08170700587035727 -0.04753569151867293 0.026339675843578637 -0.18041207820868813 0.029562682968499645 0.1266807801360973 -0.026094813839243388 -0.5428445035991136 -0.01212088014507319 -0.029876540149477313 -0.5755025146503288 -0.0023244896746577146 0.10120842239044507
-0.37633265805228755 0.09728697292406423 0.04408353504922919 -0.10728152251927107 -0.007343095944851854 0.06110811380523859 0.34982615184242244 0.009565727907244517 0.05664184813327313 -0.055007895341133685 0.04678027734073404 -0.16918018730307138 0.02110745566466799 0.14886523744701885 -0.05143863022979479 -0.5277997996401113 -0.05875042674885982 -0.03346059538024622 -0.5976172999217149 0.0012277936191658358 0.08130017714624266
-0.3861555464753779 0.07292866741314785 0.023863556220840753 -0.10696121353895834 0.0048817724036709685 0.10446619503663372 0.3172681998021188 0.005069296782039759 0.0696870221501007 -0.032736923228997225 -0.008558079196789676 -0.17788918285920283 0.019005843550983243 0.16477227298613167 -0.0736898845711645 -0.5501546612366268 -0.07974414846814551 -0.0267259096054372 -0.5729820150571364 0.009781821391446135 0.11488501263749133
-0.3991729883071478 0.04095557419399079 0.06299061151048176 -0.12028002614633916 0.0025962402580165795 0.07051609527168448 0.3533637941936596 0.018780019074792542 0.08070557168661191 -0.02645625450371319 0.022892029565940143 -0.16261106260257127 0.050834337016482996 0.13341017084489523 -0.05122335429294392 -0.5265901799122358 -0.04478335441943605 -0.04196580575123521 -0.5846100576817324 0.008472553423998342 0.10129158059557677
-0.38970882801657686 0.1072868950894008 0.024669121065246085 -0.07928860983842047 -0.016067716327197074 0.10956218380171477 0.362101389073172 0.02455807730648003 0.06904266230139144 -0.03234172619574157 0.031982255649348305 -0.17237368929706015 0.023064279980056654 0.1256169635762556 -0.05843835829139972 -0.5336133479053009 -0.057374699444085554 -0.0347147121439789 -0.5747127040183018 0.00048772617635507037 0.09964229480200201
-0.38854029609741536 0.06610502386349583 0.04522785252996315 -0.10148221692529623 -0.012261773876051442 0.12029337013898521 0.3423278514055273 0.01101566281885451 0.06696053844469006 -0.02717440882806718 0.003055212563424828 -0.15581157962794706 0.026234246969705617 0.12231544791425081 -0.06842415610063084 -0.5321288876945803 -0.09000118973163332 0.001288195089731969 -0.5893171012260144 0.014409257983645984 0.10856612133796767
-0.3795019920031593 0.04783529440666967 0.04689705224704686 -0.08714734909381067 0.005352689150676489 0.07710998870795077 0.3696870727849945 0.003119558113958322 0.0575281189619119 0.0030617423347086324 0.005714887652276568 -0.16464069686214763 0.05677844769796646 0.12071983719463909 -0.05933789434469854 -0.5404760836615509 -0.038674238349164905 -0.05160464055261412 -0.5866086920726241 0.01593814510929339 0.09396868759808888
-0.3953379928212184 0.06896781334667848 0.04784770897727433 -0.09607227093734784 0.009251702543862804 0.07726328534137669 0.35552253277082707 0.01963308100333845 0.08253020087366236 -0.04478018518715362 0.02169153433738416 -0.1779914917194099 0.03794516625704349 0.11968666566849756 -0.05673269558254437 -0.5468642875003052 -0.05001351000761891 -0.03545680782114212 -0.5683021788817746 -0.0039786327188443184 0.09402915863169116
-0.4014816554513338 0.07433155971350595 0.05145584435478914 -0.11930706384133313 -0.008627398005073228 0.10633827585081033 0.3500236527213645 0.017192222928049027 0.06682278811216869 -0.03404509928212655 0.014508939142306311 -0.1594817006604832 0.026303626344687144 0.09565541394649846 -0.04819855270762038 -0.522977838685745 -0.05169644456582957 -0.022442169031399076 -0.5985862596972447 0.002309660353331057 0.061514030364462256
-0.4003626543431651 0.08099368139176252 0.02527419518070235 -0.08170304676971912 -0.010355003908118039 0.10327102614671589 0.3247801388558094 0.023374364259513714 0.059891908433799136 -0.052339197837237623 -0.004359929794568105 -0.18362081167657307 0.03123515400916676 0.1135553352553175 -0.048106790858410145 -0.5537193818237836 -0.04647467163976997 -0.023836557488819632 -0.5793975904389014 -0.02788385210500055 0.08352186426434945
-0.3554050143827693 0.047796936978841596 0.05311751864250245 -0.1085139068214155 -0.02563437407452771 0.07659832573274121 0.3357892025780984 0.020286175845645973 0.058906581123887164 -0.05122031100402648 0.03109962807496682 -0.18299956238944215 0.03800395880392176 0.14446708557044646 -0.049152324176874276 -0.546026987486079 -0.0381954760819986 -0.025168859173019482 -0.6045084697162183 0.009781246572808829 0.07791742467039166
-0.37746164097034673 0.0914363562437148 0.056599237312674244 -0.0718625819500392 -0.05846242563636626 0.1190018285279654 0.35129367251498816 0.027884911739065644 0.051731240160621306 -0.06230894256626539 0.035879205115498844 -0.18019605409911432 0.018200180530055614 0.12087040781427988 -0.04236058180331131 -0.5411695987272821 -0.019648116931519896 -0.02891710245477585 -0.5843369190878668 -0.0051176713316243485 0.08009934910364275
-0.38934299785327386 0.07292119069342437 0.05278394296881199 -0.09799222208676814 -0.006782889842501567 0.10607815619919037 0.33195864894214444 0.01656164708519336 0.07940553958493403 -0.044515783810062666 -0.008109217322292767 -0.16947274502759815 0.02911202029190305 0.1393679421448656 -0.045393511205620525 -0.5321181724643589 -0.038108736192245 -0.024283601567853363 -0.5995746637546716 -0.005375343661727906 0.06943295013269504
-0.3970152207283019 0.05804577745162892 0.05084370603313657 -0.09469599925074251 0.0059304015713393535 0.10269122208424526 0.3576706428131755 0.018043433784509347 0.07379018548255765 -0.05386657521054613 0.02084431695906807 -0.17989268152818666 0.03468774282214676 0.12102956924518281 -0.06151201538465518 -0.5370347988653811 -0.030297526147386684 -0.03576670611474693 -0.5708801377578835 -0.006043124088930923 0.10630553585482509
-0.41485859386916046 0.056225892517570916 0.040692541960521036 -0.10813619562137387 -0.012575395754659192 0.08757943354281718 0.33608730376281565 0.014008060665515564 0.06925137667858178 -0.043769067325740596 0.00805162031930854 -0.16647322912932908 0.0490067767391966 0.12098708324574362 -0.06121172797043688 -0.5254825308885366 -0.015449606621946766 -0.008549668783026616 -0.590318469123199 -0.015765156803230852 0.09979128868170305
-0.38266974311171403 0.06321015540555394 0.04252452496591828 -0.08304771690707385 -0.01980852294816515 0.08575622212785951 0.3500619098550194 0.00509208040347001 0.07994371460373198 -0.04041303807146096 -0.013286187138444846 -0.18425521914011084 0.018638844062228883 0.13535071278114705 -0.06747222227334934 -0.5483316018133217 -0.03958033629633238 -0.014792765475368598 -0.5790447124500671 0.022502719655794146 0.08321502208293735
-0.3938499930835405 0.08079620933466936 0.04448254935865555 -0.09189222506256832 -0.009474600985565835 0.07678682083819006 0.31952560208346625 -0.0047568600335217166 0.06879817082151765 -0.01798170872841743 0.01045610936382915 -0.16105195349236562 0.019082578198504598 0.1024737355560434 -0.05078235018787996 -0.5338328531092194 -0.04194707361946054 -0.02379355557415274 -0.6095311309380823 0.02033385187310879 0.12662438291609984
-0.40048671495068566 0.09204149628272475 0.061544535443751505 -0.11325022715969593 -0.020803209631003863 0.10142208577111778 0.35555160881105363 0.010491291013777973 0.08504617566124131 -0.02824739286259203 -0.016470923432526825 -0.15268811402842378 0.03893022814617525 0.11588277921580825 -0.06151998766508983 -0.5123537419458991 -0.01777397174842739 -0.029903507707578235 -0.594292044162015 0.024184946376974964 0.09721079530338632
-0.3845998480962675 0.01641990290073079 0.042530693113948706 -0.07097177504522721 -0.026495803991838367 0.09430038944477316 0.36012655717823655 0.010576130123693137 0.08249731215202935 -0.04722379110392371 0.023088544179161813 -0.16722678615598818 0.0369644178278863 0.15614347036379406 -0.06098106696984311 -0.5286216432184975 -0.017745703090225228 -0.011951020982698403 -0.5941472662301033 -0.013300922395588652 0.07405286743867365
-0.38162623355318326 0.0794922511076103 0.029083753776826444 -0.09903083727957314 0.006494786516907098 0.10249290003090396 0.332399037028117 0.05156881085244603 0.01408615147184348 -0.025056064774125635 -0.005138304807589637 -0.15536258140667988 0.03810938653113253 0.1431460313152955 -0.056721384608748086 -0.5375226866103673 -0.0482359409406718 -0.020014425653840363 -0.5989999540440333 0.014058170100620097 0.11352049845926154
-0.39451472557975326 0.07554874183657107 0.02436138803648061 -0.10839899400181628 0.020112282294383162 0.11334490747510662 0.32624058774690895 0.021434311696445836 0.08698308104871787 -0.039926914020326845 -0.004958649064118186 -0.17082970958392005 0.05368838356023248 0.1282765710660211 -0.08431478998663923 -0.5336444606604338 -0.008026019966376235 -0.03247187245135362 -0.5868989234678695 -0.015479398129032578 0.10374811439737625
-0.3781362007111373 0.041918706532475244 0.04546510383444585 -0.08707630252067278 0.0019962358673919376 0.08774329749607328 0.3394911427038923 0.018908485844701253 0.0674938141019331 -0.03389243713087271 -0.017604458814266553 -0.17581924144681774 0.021683491628614163 0.12792315052696165 -0.04717424910423756 -0.5436343739357069 -0.013743795436048247 -0.035710909332699464 -0.5978120402245531 -0.008831403215969806 0.10883825660713657
-0.4072384680693603 0.0889605130298675 0.05274447877265482 -0.12068278706317943 -0.009036592686833923 0.1189700122947909 0.3310414837865382 0.011057941409969206 0.07306258691373874 -0.05166594334269625 0.02480167579139293 -0.1694607253432055 0.025232102076154877 0.11832076949745876 -0.0680452350914159 -0.524618483083764 -0.042149538552989446 -0.046602810841675925 -0.5835013683361311 0.007287973202264337 0.09297401301210965
-0.37283281219255393 0.0684704905705413 0.04481115250001653 -0.09036547486983583 -0.003925927725372051 0.09424546365358176 0.34873416999193857 0.01693807645210102 0.07076075672440492 -0.02224981152160403 -0.029094878310639005 -0.1708564591587918 0.0507640998671786 0.11804460320925488 -0.0731944522207901 -0.5382011774594262 -0.0436234191174856 -0.02105106266021815 -0.593876949611675 0.00977629624438954 0.11459446998121556
-0.3533366889015207 0.09639559743791964 0.040060534298367194 -0.0901203633468079 0.009636088967319037 0.09111809900842427 0.33555038856768565 0.022009218421262078 0.05983440405364931 -0.06943022287471044 0.01264138132696439 -0.1528591694066475 0.03664308500113734 0.1163567193022222 -0.06632622318174757 -0.5286934549208908 -0.04132704494966252 -0.001684727402417379 -0.6251431298169644 0.0003394026342307693 0.10687340088249103
-0.39224421757185024 0.09034760618240578 0.03511916280188303 -0.08455261635403515 -0.00689598963852843 0.09012440486477954 0.32607422722302687 0.006810469394118112 0.06459988728904163 -0.04640491538254834 -0.015014209326154247 -0.1780875771502592 0.035649420532774964 0.12716793084296957 -0.06380813038343734 -0.5452634900999105 -0.028519307731255092 -0.01367595971163229 -0.5888476685601581 0.023440967990792025 0.09835450885160174
-0.3764371505050282 0.05441426717558597 0.04442159851373197 -0.09348789885467977 0.00529028777974165 0.10001201732784139 0.3408367488302039 0.02920248736903612 0.09349534203084847 -0.05600415771863813 -0.021381859284105798 -0.18049668568535365 0.03623564493469961 0.14598504586943403 -0.0779614541035351 -0.5463674669259254 -0.022126184114632283 5.372902728569974e-05 -0.5829046775235676 -0.012413908328012651 0.0707979814658703
-0.39725700084313675 0.05540376902053676 0.03760555996849921 -0.11063527454051035 -0.01651586795604858 0.0812371434137141 0.32585951658364093 0.025074420576554422 0.07122120902504042 -0.05424975847174803 0.05450582868698312 -0.1750478517974464 0.03405444640440225 0.12994190050479423 -0.05063681279150959 -0.5431097730140941 -0.03813537630303174 -0.03622729555401756 -0.5876153598794434 0.019547075471438094 0.07830635991435544
-0.37973461557264937 0.06767097333718938 0.021163389491163545 -0.06210488309621439 -0.03083895572294815 0.0568795324655295 0.34583276737061014 0.032808874230307435 0.04464388426730012 -0.06204908418347605 0.029109387559729527 -0.18570636796391585 0.04483801255165906 0.12999974050127494 -0.04149798824054264 -0.5584358931764148 -0.028979676958995598 -0.009460158941332515 -0.5842536848696392 0.0001396143696946965 0.07818003167595718
-0.3791509647851197 0.052368537418165294 0.03421912462448259 -0.11242423035755673 -0.01184699004007771 0.08670515399760127 0.3281561461434799 0.035983912134270206 0.045205441322874476 -0.015410897426000363 0.01387747609746751 -0.17202740749357784 0.046153840096322285 0.13802519920104117 -0.049041807553471616 -0.540558656546003 -0.06859918274805278 -0.03487722706057896 -0.5976108641616975 -0.01184902808952602 0.10951778937341014
-0.37527662810904716 0.07707179088506033 0.05934165843823441 -0.09665815315653008 -0.0011474289762480757 0.06309186220977886 0.3579184484673521 0.016448022729147454 0.07691644225935937 -0.03933909331958231 0.022386187763971135 -0.17812672686070644 0.021046047549856027 0.15986089923438707 -0.05451967920673985 -0.5381438565571283 -0.050219762355340335 -0.04505781344903261 -0.5814706225306587 -0.007469292692098289 0.08381752035301451
-0.39955401746610186 0.07327550118543064 0.01635045404619229 -0.0606895349016624 -0.0012576437113457014 0.10311840418797456 0.33207910680428965 0.02024197005465222 0.056824116342386065 -0.030676931243769863 0.023681009662823743 -0.18432020575320437 0.04258907897752079 0.14149856510276687 -0.055978468413380875 -0.5508257135240912 -0.008344644806815585 -0.029542260536589794 -0.5788899110802191 -0.002977385028423952 0.08104128206459178
-0.3781471334826949 0.06562063229570077 0.051819054783379136 -0.09286633607248043 -0.009240178542707167 0.0835915088383866 0.3397672555637264 0.014722789966829781 0.09228906581016373 -0.05646003077084044 0.023178965323751983 -0.16310258755819432 0.06233268201314662 0.14920126189533636 -0.06890909556291855 -0.5368565832767161 -0.027390986821396904 -0.042160068652902456 -0.5917856523656093 0.007063328651949434 0.08896848592614628
-0.3961060436807326 0.068596624717592 0.04971369828252513 -0.10350265832542914 -0.009410689708822128 0.09002247534483158 0.3474876877017101 0.020168758891607724 0.05884641989656413 -0.0331426669320878 -0.03239616501729582 -0.17294323547766557 0.03690018427857392 0.15641182104033555 -0.07479463365768099 -0.5330411835885026 -0.0325405658305314 0.016022309516494252 -0.5788572254291476 -0.00538223121479465 0.0914837783609498
-0.39679229220083884 0.059378105985382054 0.06046621041384122 -0.10209843929741697 -0.036757794085052656 0.09968791237566296 0.31512752485915857 0.019261388339713494 0.06905907618906791 -0.023188201017719998 -0.00011050281979716224 -0.17694299250177753 0.03527567889600904 0.15322283463792763 -0.06457156048706747 -0.5385219540047315 -0.04406800345088735 -0.004885622008899374 -0.5866891269468574 0.0018437782510333706 0.11089916734651169
-0.3685718170322378 0.09293117628212688 0.04781217230983747 -0.09447560074079896 -0.008600748999848569 0.10894442093958771 0.3285968688389816 0.021681146451281264 0.05536171617356822 -0.03830610104341602 0.03170947634344982 -0.19053694454920544 0.04188497030412648 0.12865929358521436 -0.04666597729057855 -0.5659758440237344 -0.039636614678198644 -0.026727622056544345 -0.5752365742598631 -0.009218614177724191 0.08941241407121378
-0.373507512083122 0.09421912605874658 0.037559182621177176 -0.08932930705340585 -0.022080640162412738 0.06897251706376671 0.3359136670258806 -0.004331640835835128 0.0438941334143488 -0.027620508670367847 0.01998697207591002 -0.16665606286074555 0.03294751460405336 0.10654302189007465 -0.042483963335754694 -0.5432460747085568 -0.02645563645592901 -0.021232766768486306 -0.6075412621133855 -0.004088170887989029 0.11673766133209539
-0.39052427381613825 0.08558062118235013 0.059561705984226276 -0.11063716600143197 0.013427840642317068 0.11724438547569827 0.31386337740376546 0.00908226349769591 0.07343342055398269 -0.04563003747520868 0.03399269310973198 -0.18144796368286167 0.03816817323159922 0.12370904909173402 -0.0524822090097468 -0.5422594288946246 -0.018307339741777225 -0.04428155967414576 -0.5875706585925867 -0.00869534015213566 0.0955749102070522
-0.385688072604162 0.08398312170674442 0.050463763871465894 -0.12027113791802292 -0.01471812856126718 0.06894904956386931 0.35849960536790626 0.023449531478488526 0.08700819870412334 -0.03608196951408109 0.018984984856368983 -0.1648095175526192 0.05561047103483259 0.16283582465886362 -0.06807671102273866 -0.5317732029871816 -0.07479798350403499 -0.01692708828213276 -0.5704553165309078 -0.009752049431861426 0.09122269491398713
-0.37173775067271136 0.0557425746291 0.03514945566381354 -0.1123388812349327 -0.024828926749231192 0.07421744176864672 0.31909770286679684 0.023916770638864524 0.06326146895300615 -0.014394920302270964 0.02539411623944926 -0.17470245339442286 0.03570835924652764 0.15527774310324804 -0.06351216256880975 -0.540202768096462 -0.04881060025568467 -0.04762539272066964 -0.6002909689597753 0.011459494049733496 0.12075966171961514
-0.39705618085409605 0.06175414267930235 0.03629127277588364 -0.0808724340034766 0.006833485412648102 0.09091324154350552 0.3577725885306618 0.039379986006297316 0.07434006434756787 -0.0550236735940859 0.04337738627047038 -0.18602186487236402 0.046456425370106746 0.1325638080625548 -0.05542829370065276 -0.5481348075308425 -0.014243581669413932 -0.022929880457383478 -0.5621507650701434 0.005425950763347643 0.08800395262404435
-0.3797570485879843 0.0693952674419411 0.05431656110602361 -0.10931683783251477 -0.0035330334965905687 0.07961924760467198 0.3578401763915681 0.01296048109685748 0.09430301784932242 -0.021153347356939044 0.022812919965421907 -0.16543692043785088 0.029349339331678433 0.12954555436825585 -0.07124336727703048 -0.5293353271157296 -0.04154573454574932 -0.02413185792114889 -0.5899323902820847 0.03610291213932991 0.09859939507962763
-0.3975369628525159 0.08400901709473589 0.026060770814369888 -0.08568227533550665 0.003939419312707535 0.11420578657785044 0.3064720342912616 0.031168207355525054 0.04027548733993742 -0.05232158558407755 0.022706416079430122 -0.18361139968660445 0.056781376822758974 0.13429404647778284 -0.07825693809112802 -0.5534304453841351 -0.023417946751238365 -0.005241958120131768 -0.5815150179475647 -0.007558619272373556 0.08877863905109969
-0.3975761690265944 0.059520780633740465 0.03417083394892629 -0.09492650591486641 -0.0026040175956994933 0.1249697924364137 0.3457772035362405 0.03493116972627556 0.06482644890683503 -0.04412252996879074 0.00698473735549505 -0.1814370009178262 0.02797850171328073 0.12298280451043345 -0.054972819305025324 -0.5452790482877885 -0.03548668767606204 -0.01477567246054396 -0.5723217703373715 -0.0011887063327057279 0.08601153763369512
-0.39979857077891623 0.08379099913322312 0.07072637789623529 -0.09765878768562014 -0.019253956100373837 0.054329014922623174 0.32692166264780503 0.02048851943727167 0.04627601159739755 -0.05821480273002338 0.02807240915184398 -0.18815885416884073 0.008008413684742928 0.12158490487532168 -0.05000670890705332 -0.5498880811797248 -0.03882211592812448 -0.004132629054915992 -0.5832007649446331 -0.015528096137110587 0.06815768029754214
-0.3883199498422249 0.05494338163891897 0.057596218494558295 -0.09797423679650039 -0.013133244442860976 0.10775430346441406 0.33297106097030876 -0.009633047216927223 0.08519106784573872 -0.03985425276394788 0.0023520385550889053 -0.17450672962678052 0.016093430712693722 0.14194669265819881 -0.0619814590161888 -0.5437931674393482 -0.05591588067942344 -0.024384592052893696 -0.581666002824445 0.011075553187684283 0.09530365953214043
-0.38763971136379016 0.0943216611712614 0.042798591513624584 -0.09436563942107085 -0.006720623707588037 0.09826954865200418 0.3294646249632416 0.01632749630172944 0.056414956261716824 -0.026451890162362518 0.006636876096693409 -0.17478162396668642 0.03332492840328284 0.11860093618455544 -0.061708251157448525 -0.5380849051678999 -0.018282591851297995 -0.02646394959903906 -0.596223023721937 -0.029177043653152653 0.10594281400303206
-0.3933741484154411 0.06840574620509035 0.02547846112593512 -0.08534434247897695 -0.023276714264963607 0.08124730108121964 0.3249410539578534 0.026931894738964776 0.03911637632828677 -0.04011469616513241 0.022583275443080413 -0.17198308437895451 0.049696678243394035 0.1464333242352511 -0.05630388535214208 -0.5380203727544184 -0.04199041793429032 -0.021104407919238913 -0.5934550651278117 0.010910825585841891 0.12205382119620246
-0.40747222912337805 0.08272979193311718 0.043528822662403654 -0.1105375824550079 0.00013812547631160088 0.10236786407306418 0.3381425387737359 0.011191468879111524 0.03212224849612306 -0.027492184901316438 0.03964722023241601 -0.1686067402678488 0.05810590245568355 0.11714701941496775 -0.05415534172928534 -0.5326043674317608 -0.037930946056017954 -0.02086216501867957 -0.5868759571584261 0.007767687705397462 0.078858001026687
-0.42427033267152425 0.09921061327311671 0.051917924830614165 -0.10600001038342402 0.01690952854186292 0.08580641259950066 0.33875123887705855 0.03342773193105099 0.08247170784541812 -0.04077663991736556 -0.006308630347207093 -0.16346562530322795 0.020355018656002154 0.1519250611429141 -0.07469097983442356 -0.5196995889811812 -0.0434415810898783 -0.01260553220965714 -0.5708140402295891 -0.001276873107032765 0.10216910587405892
-0.400227864861441 0.060126834795813315 0.051649176551014524 -0.09143373037323736 -8.195481377699851e-05 0.0915400256126613 0.33215521430938766 0.046100139925357234 0.05546949338900779 -0.04838851805780346 0.006938441646063375 -0.17122422678541843 0.01270703661640867 0.11844964364427611 -0.07631872518134657 -0.5375557304201151 -0.057815227640905534 -0.006350220247435544 -0.5942516824888583 0.03624504563130222 0.05238685572221408
-0.3757300716309169 0.07451631729930487 0.03932060178642355 -0.07805755507029392 -0.01707704755487208 0.13484454652320038 0.344283108158873 0.01101763472998559 0.06901047572492791 -0.018371990718597214 -0.00867435746528298 -0.16226580667536022 0.03203996655667217 0.12984588995914106 -0.061522506378904565 -0.530032398636757 -0.04805040571555437 -0.02066222163023852 -0.5959653860909953 0.0035536187648774237 0.12835025584673584
-0.3769862517679021 0.09253726855622302 0.05355307632561372 -0.1064655319079826 -0.008181787800416443 0.08822495100363133 0.3374969625219233 0.008869034372480258 0.09567478208209687 -0.061583108023350035 0.0018102451343900879 -0.17920131144532872 0.024281852345872854 0.13393596844252897 -0.06062454073216673 -0.548160846531251 -0.026399518148508248 -0.02061001033484663 -0.5782631862235444 0.01271725740527217 0.09931543850912179
-0.4282625149816309 0.0320805577416795 0.03699010812302525 -0.09305777698510388 -0.00012587180499036647 0.08963813916553903 0.3107893752137863 0.040950149226619346 0.08335392981063466 -0.02191332006220788 0.009896330423604709 -0.1852089630891855 0.03753626224160886 0.14864648094081429 -0.06612457264939985 -0.5473885934889273 -0.0554302858132204 -0.004490213718027938 -0.5663554809475059 -0.0022066132738477596 0.07769266391075279
-0.3838098785337861 0.07562730984104492 0.02231713190918775 -0.08463581639956157 -0.022816793977338913 0.10628527852346452 0.3005062108508779 0.01654408898719613 0.07481764265719577 -0.03915380400311773 0.009441013880846245 -0.17857775050424876 0.0445454803318013 0.14218250523267562 -0.07507513014827125 -0.5554690194169907 -0.04438815567356213 -0.02484825142907449 -0.5918649326901119 -0.004133452550868275 0.09226760104041606
-0.39006535051329694 0.08729175680278119 0.05577979756203823 -0.10330046573422759 -0.03593270451343354 0.060330823583638164 0.3588528587274606 0.042562276414438785 0.06586969887192191 -0.038370613709851016 0.03392411869457994 -0.16803542095000196 0.03563638324711153 0.1370260422460564 -0.04126707015065901 -0.5345802557438823 -0.024796593958172457 -0.02661417403035864 -0.5747107024099246 0.011503319447407073 0.1282888478794896
-0.38032661790800765 0.06009579068679543 0.017237260580706553 -0.0621490935821024 0.020596060673935077 0.05583991648696483 0.34757240631904046 0.026006926992279848 0.07915739346322828 -0.03515888575150309 -0.00265042691831952 -0.1740843439055513 0.03283149387466036 0.0948819149164042 -0.04765800271413879 -0.5503577423015819 -0.026039518096522735 -0.0031696862649174947 -0.5980875897384191 -0.0061699623657728245 0.10516900540898953
-0.39822067745179823 0.09896391231055657 0.028716119357030553 -0.0898919906473368 0.03198642331742003 0.10889230691065753 0.34829223964759226 0.012916624757311135 0.07754666322455481 -0.06959689706986032 0.011962956237686381 -0.17718687072160103 0.01780618108731496 0.1478073723519758 -0.03809507247228164 -0.5347959867178298 -0.024257961724148656 -0.039567050222850696 -0.5707167486592968 -0.02137960036490881 0.08955441284286092
-0.4132681967384414 0.07811578871322518 0.05471074266329605 -0.08880597830471579 -0.005876460788787922 0.0681419079873279 0.3493555395154398 0.031211793387846336 0.04289087630836078 -0.03803907895736058 -0.013532392165942054 -0.18729729156641473 0.021301854105821853 0.12596976765692533 -0.05115149567420388 -0.5463398926679247 -0.01030952064347531 0.010445398979148436 -0.5618888460967978 -0.0158191610790245 0.11120078090303412
-0.40957558587059 0.043904756576437054 0.01808377679821445 -0.08673985045591337 -0.008946730467080425 0.0862157693753117 0.3372108250548097 0.024532903682495548 0.0604388478913708 -0.05641587765172595 0.01315320396129753 -0.171276869023033 0.029106877772965944 0.14220140120938893 -0.023022821795798926 -0.5353343533137621 -0.027785498099428443 -0.029148925553892285 -0.5878782764857714 0.01138555128086165 0.09362286400920977
-0.343019164179756 0.082949758097834 0.030877436252509976 -0.0948072387151074 -0.0021207077466617688 0.12473266623659854 0.3448737161827204 0.04160533220410233 0.05381762026387354 -0.05078629342291142 0.014353735852856974 -0.18068848673456067 0.04181275890301874 0.14533495635597066 -0.03973763594903377 -0.548892376651126 -0.0592461681557055 -0.04138946238202423 -0.5938742077750032 -0.005855035277643103 0.08530692049837645
-0.3795464021967185 0.09597786798411635 0.0538386252215861 -0.0872858528711052 0.00046747073337028875 0.05647160297476869 0.3602194290288939 0.0173474659635147 0.07800276699450068 -0.052230235433256465 0.012787059138131824 -0.17278760013677338 0.026145067067526735 0.12465983886016908 -0.05977049459211165 -0.5365884329793004 -0.04435639995171622 -0.025032158522386678 -0.5871898926759231 -0.0070185831759134116 0.09474706714795453
-0.387651036091408 0.06589135522449592 0.04176138519477522 -0.08644468829936401 -0.028234676785330336 0.12184056160249067 0.35229198771862685 0.017671786179569365 0.06460327800264984 -0.06870271196090941 0.01923282523082952 -0.17742726378871482 0.0317980578549289 0.12051721728274026 -0.0725674781180207 -0.5419689596575807 -0.03846387243922496 -0.014729617793443669 -0.5769358528370637 -0.013225008782963576 0.07811433827757752
-0.3823759036085145 0.05840689250760726 0.0531482815310484 -0.0831944666466233 -0.015204354731621064 0.09991910352105421 0.3416121516966197 -0.0027337580278418783 0.06871667997108709 -0.023858516051953552 -0.015068252581033165 -0.17097101624682018 -0.0062992801056324 0.12792655282592438 -0.07037226074367484 -0.530843008702386 -0.036702335330750485 -0.024130419900228003 -0.5970933784873421 -0.001551811668671372 0.13174547121157404
-0.39687436715060403 0.06887549789684584 0.045708777899156096 -0.0926129964265473 -0.02782134874508639 0.12153297874864422 0.33997286813827327 0.007667604754070617 0.07370523789598575 -0.03890798394033855 -0.007803748330561619 -0.1590141013725728 0.0436959389899734 0.14561147778385555 -0.06757252348418306 -0.5242345378227566 -0.040474087514192535 -0.008684149663919468 -0.5850265091101365 -0.006104087161642978 0.13075302899288657
-0.37829078349459444 0.07180007389930898 0.06792413243754865 -0.08622466312658 -0.03521379536927633 0.09228094310098034 0.33992116301970043 0.03455189165481023 0.09190155689459525 -0.06824648642183241 0.006160144266604529 -0.178522300796859 0.040754765154822174 0.1646705053172682 -0.07818291081251072 -0.5323263415083574 0.0062511186227979096 -0.02886490389805303 -0.5863061161203913 0.02724522111097116 0.06748443605335451
-0.03391340281788383 -0.06631486582684565 0.1315156765578233 0.40301138552090976 0.20478755886153266 -0.03797060744258199 -0.009845110001712004 -0.2507872454343991 -0.6590074599728151 -0.35178849821034586 0.10371100201729207 0.09278600940221839 0.29525624811567536 0.16536940810900452 -0.105615631527226 -0.007996795652016532 0.012403990546614655 0.06483896566774233 -0.01398657277177039 -0.025415312744839342 -0.0037653798792973278
-0.01994750427848541 -0.12048077731990862 -0.020935352020014394 0.03440898200405742 -0.2609109036465029 -0.21215382580715703 -0.11588346969183592 -0.16835655786536843 -0.16466724001127947 -0.2888747710934662 -0.2105535606117498 -0.14098632257311428 -0.5576355151653607 -0.4829150895641816 0.019235881833164197 -0.23118926741087806 -0.1817328907367147 0.043785877324878195 0.144544754600994 0.003098440573987112 -0.001999595573944325
0.06129928112768874 0.10846089120403002 0.028688325023837887 -0.03522463091328223 -0.016513944039963608 -0.0004370620926757146 -0.07139145826179609 -0.409647642286023 -0.5005913224897425 -0.17804966471957742 -0.00400993152780985 -0.22004546940994743 -0.5781880312365159 -0.31800767484721426 -0.007633087797215751 -0.12079830949107388 -0.16774453401160205 -0.00444365373020541 -0.01628198887988825 -0.0008390557583955935 -6.638708289817486e-05
0.13359541807947142 -0.4408762985368658 -0.0028643911272475597 0.20137926022007077 -0.3069745682851667 -0.36286198908491646 -0.06077019850432827 -0.08143677145264383 0.10802074323404719 -0.074057950539667 -0.1929630455334893 0.006573569708115707 -0.12009407721761442 -0.13472191286303362 0.21637603359466345 0.2184750023881134 -0.030498703053017117 -0.027472519858363093 0.542296019246779 -0.053836176902556335 0.175412789722128
-0.10786143734790848 -0.3887089921810248 0.01148160838556574 0.377597983543249 -0.3042565072113173 -0.4294101505368706 -0.21875771802193714 0.019531707700587028 -0.09051291943055959 -0.04397175972397604 -0.04018913562651757 -0.025670875275961638 -0.27059160094956797 -0.3045354723085608 0.2197195998326865 0.07817150102522756 -0.040037594025673 0.1216296179552489 0.3386250398691557 0.0005479565568635346 -0.07445957868941441
0.009791526365503735 -0.3729792577774688 0.08137198313647347 0.3241111431715727 -0.2145079530905024 -0.2800249062386019 -0.12125637360267112 -0.023606451636766456 0.17587746680264632 -0.26164954707066473 -0.25033602840434677 0.014514690110907408 -0.2025708032098602 -0.40095965964425717 0.018302152087777926 0.19771573751466487 -0.19132594460228658 0.0807160793783685 0.4018556944194213 0.03425112071146659 -0.012211062214085425
-0.05116902162861057 -0.38868270145442557 -0.010299409937972183 0.37273884728806594 -0.16981479279462997 -0.31156838207839466 -0.03048817567797232 0.0616693905509428 0.04886068100704308 -0.19468710663639952 -0.1483097782491884 -0.02218393146472581 -0.25021127129104803 -0.2581294958444089 0.13764177657358467 0.13093623599290025 0.019486304884863092 0.10053297813508724 0.5807701106775947 -0.006257116348338828 -0.026429237068383377
-0.055707311915788 -0.3141310845101994 0.01661972583720626 0.36544154860449224 -0.09727321265909147 -0.4346258715845684 -0.10559518526786886 0.00259887241699938 0.11272921059934701 0.0005713081561914803 -0.13402819810017752 -0.02202607762557325 -0.2486180330095923 -0.37819107584816725 0.2224453970743222 0.043310533671415505 -0.05091119327024937 -0.05238972649305346 0.5072587553784726 0.0019871657646093584 0.06978313333979128
0.02789352163142411 -0.3665479494223088 -0.07055367430885764 0.35993431933874154 -0.15402051150220938 -0.286954219564531 -0.12487721312007433 -0.012046161025916944 -0.03320808375230602 -0.011427617035248082 -0.06643762872336627 0.010758909503631968 -0.21070791341421713 -0.3598894626343108 0.3459367071094863 0.11344286993679907 0.04566170626718682 0.07811512812866471 0.5276420163449926 -0.09829068073300451 0.0072530363776049656
0.3140732295033609 -0.29393278939789086 0.047715233569979046 0.31878513194322133 -0.24647906642999912 -0.30014531104255004 -0.3116138106347927 -0.0518945296593187 0.34958880601322684 0.07292105208018888 -0.11431867566988128 -0.060670887827741424 -0.17101170816345326 -0.16683112487790924 0.18941843375994943 -0.005850624866118439 -0.17329061276730973 -0.11887965685653085 0.40768050889153623 -0.05213593446056295 0.10035525790101832
0.3122131939689439 -0.3983390627817561 0.05370516068488847 0.33242006542126107 -0.37715354521937183 -0.2998984759722953 -0.1768686322009034 -0.14673402970376762 0.2557959078982141 -0.01698312350355652 0.013593482455518446 -0.11116496125952932 -0.2579151790157931 -0.16235628322199178 0.23613837636215085 -0.027239280307926658 -0.10690766848118105 -0.1509727203746704 0.2726640375919916 -0.05018362991714381 0.08205293113974489
0.20564292683403174 -0.31553000830410133 -0.0026298472476116203 0.33705342674632777 -0.21409600264877654 -0.49775015038442 -0.17660368940581556 0.09251005208186457 0.003658249100528306 0.0022788972465162946 -0.047310689470244444 -0.03374208728730674 -0.24284167608882187 -0.29795935112157074 0.27325841728278033 -0.10546730582369579 -0.11801121673510857 -0.011922000134166359 0.38021302376582006 -0.014568740415726537 0.12416456735384203
0.10430374169599149 -0.3375241698685475 0.16657245514970875 0.45808539050468283 -0.02836656674346733 -0.2130065172599777 -0.3310375079104827 0.09410209067759419 0.12957985760676863 -0.0019905143829264524 -0.12277817697200555 -0.0661108931977049 -0.31110215680693265 -0.1845113949574764 0.2927044460690019 -0.08317336906545993 -0.1320578662033154 -0.045712755827700444 0.3218565867224753 -0.22433592526420065 0.1997051212420236
0.09255185632311659 -0.4381103732448303 -0.013040314954578712 0.29862451267369144 -0.08423780896696441 -0.41210128566547943 -0.08635392462216832 -0.029590842716046714 0.1336422654961211 0.06166861586478905 -0.16295062676468516 -0.012580222374237107 -0.1507046965199686 -0.34717061893648526 0.23437758352195218 0.06098403091642479 -0.11938346469492649 -0.010543518480636293 0.509250370502862 0.026245224927438627 0.015384729912366267
-0.10729297289666798 -0.42722995811418973 0.004538122592349553 0.26353024976787615 -0.32480389248800295 -0.39531027201449576 -0.05204295913685413 0.034023396592113675 0.1440904241756884 -0.07259621093759809 -0.11987469313792166 -0.03320794477355402 -0.19856414471758896 -0.16639996860945158 0.14092358211890135 -0.10631767367693203 -0.08755690244463539 -0.0903228700882335 0.5492084439119993 0.036825301016742695 0.11074818525819134
0.002328416166312449 -0.3756582080051494 -0.06652724485450091 0.3229039963875243 -0.21366455594222883 -0.27389812675788655 -0.1584045946347622 -0.07628335799783424 0.20266930987363876 -0.04162972202010664 -0.23177929065715783 -0.0864501066412332 -0.21528803719613387 -0.10914225353253937 0.07153392965186361 -0.0767655121134199 -0.26414224928780267 -0.0195800820904663 0.5445264535916562 -0.10370251814937406 0.2188762028654422
-0.004769328158326522 -0.36120856017159764 -0.09361274275734324 0.3711241827470897 -0.03510656468291956 -0.39564480112606454 -0.016898861944361986 -0.015241149124556272 0.21659177348084907 -0.0608768257860786 -0.15204237531723266 -0.01618201503340041 -0.1205188113929029 -0.35391802453032917 0.190066085263724 0.010712993489456932 -0.16547002977177686 -0.012010207795899376 0.5256224002194149 -0.0437649893067474 0.09479325265250942
-0.015630566578102283 -0.3565172754312262 0.0024028067868299596 0.30445345006751734 -0.2694487924252706 -0.4062737709548495 -0.008954453262131167 0.09085962234930665 0.12022179919425127 -0.10996448201725936 -0.21656170382908307 -0.04018340008370967 -0.28807446217765226 -0.25043949427826295 0.14772211603923088 0.009588566456846885 -0.16758080460560706 -0.0009300366435656643 0.5129293256900475 -0.0016856096287748944 -0.009668911129070626
-0.17069592111237877 -0.27545886933405384 0.0038610380717871125 0.29951522269981434 -0.2563541237327333 -0.3824960673424787 -0.09809296175327276 0.01917757227905527 0.19134703345313703 -0.07016221975865913 -0.3193979201106585 -0.026679939931642877 -0.19102328474843536 -0.2887775530788586 0.09492179174751338 -0.018157245979289586 -0.2757043276111505 0.08821721746481624 0.47275218269683483 0.004697830980292264 0.049528010432042864
0.10720972298566483 -0.25751979248182916 0.021853456294144386 0.2746149969540158 -0.24491059303803547 -0.40383241532711167 -0.2768269538911995 -0.03450504329501823 0.12869453429615066 -0.10888300941115048 -0.275925274157361 -0.05577641580454453 -0.25733179161677994 -0.25991940514995837 0.15081985190303035 0.06944325856880358 -0.0694631004761649 0.032064136537471546 0.5074130238582316 0.0501877575510289 0.10277530650054968
-0.0233745724824143 -0.3101804229319218 0.039818453003058515 0.3302585370075903 -0.3194869236529094 -0.3948217603825355 -0.09140766587648641 -0.013704675632216223 0.12532984008977316 -0.11996030293661554 -0.20065708203625482 -0.03125229497190702 -0.2035807337250583 -0.2787683050210172 0.17528456077151036 -0.06894707940352245 0.0071569359083447515 -0.010698794722370735 0.5419945916309127 -0.04150934362438189 0.0668289249233336
-0.1595309797219043 -0.41173197118316646 0.01453811507863268 0.3213802198246631 -0.24738325214039292 -0.4531339227064043 0.05055865382486595 0.049969777796228465 0.012109945683255635 -0.14248971482756415 -0.170687049904069 -0.025500835890004327 -0.22407976325826387 -0.23127094015671104 0.16939601140016977 0.09481820755111699 -0.10935949324407018 0.08734077372169453 0.46582306882720637 0.03614097451483776 -0.021095851006969833
0.01805090765913014 -0.31435379923971335 0.09462912097841208 0.31113879181007487 -0.32091826938495943 -0.4013238720400345 -0.030942814284523324 0.00773258858608132 0.15177114834167552 -0.1365923135970936 -0.3432551266190489 -0.05733925929277472 -0.3554431341552069 -0.2367510727935929 0.15707384709679367 0.06985377956734033 -0.20259753246904388 0.14801905061930548 0.30177649399461665 0.023462131656846973 -0.02656736790674554
0.09109817653633846 -0.3121995835060237 0.025666800662543867 0.29982108041521816 -0.4259017707396786 -0.16273052822991 0.08067587040448211 0.019421668363758426 0.22810603931291243 -0.1593347216322681 -0.19453706573874782 -0.06799771779282902 -0.2864378538001441 -0.16147370620541301 0.18112083642343454 -0.23565204467428985 -0.16566685247636853 -0.03665399898942661 0.43939680365756306 -0.1036736413000845 0.1999240272220141
0.04606083197377781 -0.3073948983128772 0.025066771868069812 0.43497745669058796 -0.06968293262985575 -0.2758268925149369 -0.0942248266932175 -0.04481098378514411 0.1455602336679587 0.07834295644573105 -0.29202555675006425 -0.030490743260825348 -0.20659750925034048 -0.27203466195549403 0.2084864537898542 0.009562805819019875 -0.12636251143968794 -0.1301266026169519 0.39899391795286326 -0.09804703212521335 0.3824176837571552
0.10512471749021948 0.028150513442125796 0.2943628389699446 0.5006140790723898 -0.15579392378849627 -0.08476403224889796 -0.23247669216496117 0.4045256505933571 0.11084925263620589 -0.19507771766011212 -0.07488790334352971 -0.12354456885315744 -0.10544332223173716 0.12956894281911552 -0.030063504754561293 -0.05143418636667795 -0.23290090216576875 0.07488672139558447 0.3411283892542041 0.24244643124705154 -0.25313943875441836
0.13052983168092755 0.14308309329413577 0.09760949606399091 0.6097841651742207 -0.17941181957655547 -0.1408261727492709 -0.2615451289389306 0.19089218367063338 0.025103470783983308 -0.09356076869035501 -0.08592972358456531 -0.08403269486533266 -0.25027825633640477 0.15068950311485685 -0.008813518759273936 0.030834687837570936 -0.267366116133865 0.14175173146358214 0.2802379891893901 0.2569131496583178 -0.27917461568882457
0.05469381120817477 -0.03030050311624666 0.10565374936142904 0.6623262807454298 -0.051412825235106846 -0.1397575276574484 -0.0634819630726698 0.24929854463483636 0.20624358660747572 -0.03097508061427621 -0.06715745384436667 -0.10613834047973648 -0.17672185306504998 0.13776866548419436 0.02432535605488437 -0.010303587266601135 -0.17862837982699964 0.17877676162995348 0.3437349694962873 0.23593851072108202 -0.3317024160952209
0.3105866042702331 0.1395506461517338 0.23230959043212476 0.5650805703818715 -0.04283842203652615 -0.11319804591042047 -0.11744844727498349 0.24148050401864504 0.22731745223008423 0.013323857342926517 -0.03845786453259912 -0.0666200017045141 -0.09095382862517595 0.019306897239087305 0.029894082535265078 -0.16107370317293865 -0.19559619024070832 0.05646655257681617 0.4236222261659549 0.20306138497711904 -0.2619810942398413
0.08357247059841469 0.0003527603022904896 0.1799283451804741 0.5810172714441016 -0.1423659394988137 -0.22194645396859233 -0.082112900996626 0.14085932642581714 0.12948241085710174 -0.16578487953433116 -0.1607666483419441 -0.04501004794486938 -0.1596044842553857 0.01951836044923133 0.050056624785980254 -0.08557077628132667 -0.24547647983890045 0.22755195521173852 0.384546229330359 0.21295910505668417 -0.3374572148185187
0.155298435259879 0.07400011018345717 0.23686800609103897 0.5370490321475063 -0.10623311969592088 -0.15039000603837155 -0.1495720837678564 0.21122514187464614 -0.0009728991003412554 -0.06006555102423051 -0.10071593566420287 -0.14009669462972138 -0.2708372966617986 0.09165309658107648 0.040224753525414984 0.06033868274178487 -0.1283933007361072 0.21741920693778186 0.29857907036489717 0.3547396005084123 -0.3547543517261207
-0.006111397811062705 -0.3305089877693704 -0.13370811412018838 0.3724638193864998 0.01145248535663161 -0.530363722891742 0.07531527083573311 -0.006661148354585489 0.029723885403023967 0.042049589517631 -0.2704558246781731 -0.004349943444688605 -0.14592635257839007 -0.32086860683924584 0.20041652885318165 -0.04318828643338544 0.1162277296122884 0.12630613836081803 0.4145766659105613 0.05431993504378332 -0.024474121069120825
0.19296312981945504 -0.29569000659310346 0.040173390586725456 0.14632325280064162 0.05033001594195568 -0.44383657671758264 -0.1413179086934682 0.057466563048736645 0.06873193906912087 -0.07058087160447753 -0.16331970759440229 -0.14914659476426265 -0.1763407748656778 -0.32907206200926886 0.19795863705842154 -0.026775596526971042 -0.11789319894842108 0.060365530766207244 0.6058463617091555 0.049131464401567154 0.06776240845319267
-0.07108558070062462 -0.4166031336283555 -0.08983388698371882 0.3463270592270992 0.016609336042341084 -0.4401501324468076 -0.07915242074196144 -0.07774804148343831 0.09462676765962413 -0.031080051937372538 -0.1346854131510516 -0.0059790065589695515 -0.10617064598743393 -0.44130665598171426 0.3030390346261492 0.05595494886083225 0.05100899368040427 -0.04471507003457843 0.37900388124999773 -0.01741114846270209 0.09708915970419348
0.026547656908908653 -0.120058552890409 0.29341294182687844 0.39941954422851034 -0.23385613067318844 -0.08328477137648371 -0.25638495660938937 0.23689629211564978 0.17755523515033697 -0.2178252104810081 -0.13606491797545578 -0.16420438537422943 -0.24339800875155662 0.15172250221822153 0.005728154950033132 -0.046861999502398874 -0.2061789565080707 0.18901317840928714 0.3710223280941548 0.2511120797209113 -0.2605450356105813
0.12587062319710213 0.13982051250338998 0.049820702611882595 0.5847821465510007 -0.3483945153920725 -0.11722731877102759 -0.07791329510874372 0.2974119240918748 -0.0011746746809914014 -0.21765187059552413 -0.10151419283594781 -0.13332793940891186 -0.21480034669879364 0.12127803988318125 -0.024986146113907155 -0.028460427857588774 -0.263636175561922 0.12074702080106313 0.29984067592598795 0.1994821524719318 -0.19746076432001494
0.0963296863534124 0.015607290774339014 0.2854671053990059 0.5743449420530187 -0.24723062893399467 -0.006421138918252968 -0.2150420645030677 0.32170031914925745 0.11444283097941349 -0.17405513295716185 -0.04802814452940188 -0.09247472812102496 -0.1428716903939351 0.04073168843040299 -0.06652262454966332 -0.06034238336511138 -0.2433286046798508 0.10140381004239712 0.30270877737651997 0.2654741167170834 -0.22852984133684107
0.009350547068309983 0.05278608840487207 0.3591939603977164 0.43116912881010505 -0.32971788068088703 -0.18508184645671455 -0.31236595303549675 0.30008817145774536 0.10511379005916857 -0.21175634020183198 -0.0794236222273273 -0.0791239522835631 -0.06102362190474826 0.14853596926335755 -0.05284573121811445 -0.060638361485526426 -0.17570485884097203 0.12995442703075083 0.29977715579681563 0.26428980597712476 -0.20835989359757115
0.1187751367037961 0.02914900210380132 0.4031164657153832 0.4095455890335282 -0.18731462798331905 -0.11361749649913747 -0.22678634576149884 0.27378206805238053 0.12736713522264584 -0.15712618354348207 -0.12354930445657465 -0.12457240449134581 -0.1520664854032605 0.07492192589691388 -0.03413759498868114 -0.03832177169397963 -0.1902133845193521 0.0962654488817193 0.3560895777941375 0.3531546643593391 -0.2835429400952179
0.48433570330266296 -0.3388808868696984 -0.006694241461033999 0.3119200380130481 -0.4297428916464335 -0.22140297117229532 -0.09713691085752378 -0.07168237970145751 0.190966570147556 -0.021569098398109846 -0.0004158570300108339 -0.120754226784295 -0.25052336357073 -0.022394847620448376 0.14219457517986636 -0.07760331658240385 -0.19542541423798354 -0.04109317232518047 0.3519093868145389 -0.0010857885175629774 0.015038938232289188
0.2893251308030723 -0.47879908774217905 0.007869693595621096 0.3096022298063641 -0.27872371651754135 -0.26479382524063033 -0.3107671732238761 -0.13796629437155308 0.1565000878673176 0.09421300520590101 -0.000663393969527712 -0.09720544873650233 -0.3105140188174843 -0.09970928486665963 0.2025687990194487 -0.07294381196220405 -0.1495990627294794 -0.11754430837846756 0.2740131457428832 -0.05809531525212506 0.13238194287412663
0.32262100901153223 -0.35207356770587106 0.06307888254387004 0.3099403753459107 -0.369227386843113 -0.2208105824963046 -0.305390951513878 -0.08329571035550351 0.32768530067856294 -0.09484882906398251 0.0013656990454699995 -0.11277900823238175 -0.18486981468474942 -0.13283921937430912 0.15251564178630844 -0.04385783504595545 -0.0907865861367072 -0.2048004576469587 0.3139049992452176 -0.020554164317549337 0.17715276727485632
0.15979571673498177 -0.39176119422252315 0.05629483461212189 0.43041224483771706 -0.35421779199252823 -0.23006759388283515 -0.09768228318219226 -0.06929468161843647 0.302625354758402 0.10420192921718137 0.013131787106573296 -0.07310388309356614 -0.268772561302916 -0.04598095132156387 0.17837092279312383 -0.05790911372273963 -0.1519932870408247 -0.08979098937380742 0.41586425591230514 -0.07557992848025291 0.1118955733212605
0.17180703212086007 -0.3348046650463425 0.015716032382723146 0.45319606587110206 -0.36811879979653916 -0.15213151886779405 -0.174004116509867 -0.14412690048882418 0.3317470320460933 -0.06293183703919446 -0.08075798780477965 -0.1582652070213269 -0.2803238886658488 -0.10826871320634193 0.07587628785112027 -0.032439030040699576 -0.14250689116025436 -0.05199439901397367 0.4134292536898668 -0.019628611971089522 0.07764707548043051
0.30589890714706275 -0.33151656508462457 0.06966986292976377 0.38926629356895304 -0.35019148534872196 -0.12023943158338232 -0.18701480671981283 -0.1437755569385971 0.18775225108424945 0.07316895203440814 -0.06343065420788976 -0.12021492794196055 -0.350032195841182 -0.1335250764213385 0.12257839307702524 -0.06416654139527779 -0.06146856739781236 -0.06643952765491541 0.45402307683983 -0.005761418916771366 0.12027562894631778
0.33601374364423325 -0.44713445426727433 0.057444243951899024 0.382147303476413 -0.31490281263548187 -0.262635725772586 -0.041716707343532305 -0.034806334936292364 0.2500028134715289 -0.04078508992570546 -0.16848919211877073 -0.07141512359399926 -0.30364136789700347 -0.1470511693687332 0.12064943435591934 -0.05493161071201747 -0.12040979046241233 -0.006050386812797011 0.34670116127894035 -0.04086856896065667 0.03577091123010398
0.18546481154270122 -0.34846537751177575 0.031114041255028906 0.33362413449432565 -0.48435291130562835 -0.2888960791687765 -0.21374146227579804 -0.11304119262326189 0.22145989320393034 -0.06733275471890611 -0.19151868288325877 -0.0886711101956705 -0.33919405984687373 -0.04462299708999049 0.13176653526888238 -0.26705185884303767 -0.046877739562710345 -0.048432558164180184 0.1960924807404177 -0.0235769511760997 0.08935695075239963
0.28362015047447353 -0.42754555276857376 0.11813356621417892 0.23884392203133983 -0.47278152984074895 -0.26860090957530997 0.005169713537981122 -0.011612572690579012 0.3420420078123389 -0.005647178594904684 -0.007988162554563126 -0.049674793479459814 -0.11101591273286034 -0.04154753668048975 0.2274292038866947 0.052266213100014405 -0.17537456218585992 -0.06972366853043022 0.37703623685239046 -0.0494281397388885 0.04064980488136398
0.24199007242495704 -0.22253357905581866 0.06618520401803507 0.44262224417918394 -0.302765757995843 -0.24886402288218573 -0.1902366943821301 -0.006831136849496845 0.3850935439834197 0.006390506285052519 -0.04679216790085044 -0.07761187474094798 -0.25693146933505245 -0.2001625473643192 0.1753561563186317 -0.1267954791159223 -0.16066801634269148 -0.1496525593935523 0.36448989495602147 -0.009023756598840239 0.10576629888308284
0.1921395911507018 -0.3891951052092462 0.01170767317668296 0.43986358319469643 -0.3141717521747888 -0.3651022804373258 -0.06814733958524867 -0.03965133603966714 0.19094544661187274 -0.028525479827467105 0.0022590650804457783 -0.0524558167593824 -0.23273418958925532 -0.2939224579569572 0.20889351655593633 -0.014052847075740596 -0.12796918228618231 -0.13516561677125216 0.32933593384864845 -0.06972054770337936 0.08592732029200519
0.09491851888314425 -0.37639331619811056 -0.06964960461380469 0.2956481379205128 -0.08781259055107968 -0.43693187415020446 -0.028877772926687497 -0.10078627165967995 0.16601167920725624 0.06639405475072664 -0.2569453857456582 -0.03291046560148693 -0.1266300040260792 -0.16233769193318776 0.18118786535871406 0.04487508002322432 -0.18151940691002943 -0.0595518171285693 0.5301819589646695 -0.058910055108389835 0.2237962232193191
0.11423164626346018 -0.3821181093151185 -0.011548909398017703 0.2721563521098868 -0.3834314658503835 -0.4283628382662378 -0.17998051206197768 -0.001553222220545951 0.05023028462776741 -0.22400734060069588 -0.16651824276639396 -0.01155911689847263 -0.15731160049543005 -0.3319072630217365 0.11479973279081539 0.05478220168269922 -0.050846445198627195 -0.08302895141728452 0.3822276362115962 0.018128004398092652 0.12753474404576937
0.20992486178714806 -0.2816343123775819 -0.0583389667431642 0.34520873558810355 -0.29863659313354585 -0.31832249688647796 -0.085785423609001 -0.03623240688889507 0.11134455658085686 -0.1518681555517512 -0.06450693363563809 0.01446116867950779 -0.09991558662040322 -0.3139890841650667 0.21944221233404698 0.16791448350526034 0.05576385888315219 -0.04653971036530787 0.5682807785722278 -0.028630896280660834 0.03261347315455306
-0.2515842884074396 0.29832807642980735 0.3058104119792794 0.4018890457656109 -0.174764580955965 -0.07546289762283757 -0.22094177756850578 0.2055696819910184 0.2700283423112007 -0.2550464417977224 -0.18459907486932817 -0.09452589560888375 -0.26910815838490465 0.033145056058172764 -0.13267168267408289 0.023086663909652957 -0.17948413417898762 0.05308753456067381 0.1722418062787751 0.31264943034440223 -0.17401480422710477
-0.13607781800806754 0.28876403733320044 0.22061802390175742 0.40542892788203544 -0.12473211986602069 -0.11127082786421898 -0.20515517562924868 0.2963637547772262 0.2648510094446889 -0.25696042420208015 -0.2153235514781643 -0.09474159180818353 -0.31470855117307683 -0.16221395283766143 -0.04591416309273547 0.059500661870892695 0.031966183881151376 0.2289152997739083 0.20201418815916983 0.20712136092767774 -0.2598895393199086
-0.23229048696891588 0.17785647733827623 0.16486804082207288 0.4940850363240807 -0.21334866467014454 -0.1535273603519774 -0.30432086296912647 0.09834291040111126 0.25755366666566193 -0.12460952539921959 -0.21090755743765913 -0.011153503804813407 -0.2551101003682986 -0.023573146557126726 -0.0474914610699678 0.1036335585374548 -0.07046457900499639 0.19774349617733988 0.07923703863214834 0.3131062062074033 -0.34388094625420124
-0.04487573374742013 0.40957711350619436 0.12836476250000353 0.4457765979928516 -0.06761337196744463 -0.10127852635173136 -0.2365051658915541 0.21245876516074597 0.27929489200937624 -0.05243056295078237 -0.25511854132740175 -0.07260999896934005 -0.2711652590842178 0.017219653207102677 -0.13068217770317517 0.037725651766170286 -0.16381935190751268 0.2711378416148886 0.19090114465318453 0.271506520981101 -0.2125656139464611
0.09444072544538616 -0.24799310782415496 0.004747884438485458 0.4537355125054649 -0.18554703941821227 -0.28286095711512294 -0.12234131318049254 0.046147455754926646 0.2317215406655227 0.05518906235408914 -0.17318298146770647 -0.03328856467466518 -0.23172741950372233 -0.3337983416563852 0.17310762660339535 -0.126944651041691 -0.2716263487377717 -0.08086626919304046 0.4249813975505164 -0.12461746647981209 0.1290219723032258
0.08757658335020788 -0.21883270442558406 -0.01926299582626586 0.4692021814527619 -0.14395977572168875 -0.402532917294154 0.10772074010032198 -0.13653323607209328 0.16922983600753957 -0.0726549426290744 -0.19945454380631905 -0.0749570863946017 -0.3163045834719555 -0.3070963127080045 0.1883128547687175 -0.025395156412047173 0.146584656231687 0.009099706144544015 0.42083462475190414 -0.04604190957986622 0.018588910855574754
0.21448071314523312 -0.203310462058956 -0.18587873408998037 0.422885440680238 -0.16343375165403054 -0.30362293955880426 -0.16688244027848442 -0.03685263965936312 0.06875893638619883 0.12317665111368385 0.06172364733949703 0.013497690963275868 -0.16691519029317028 0.014908910765019604 0.34064665933999655 -0.19745586426213016 -0.14511239993023697 -0.2665047495539936 0.38805370584968607 -0.1506254484990991 0.28073874457670717
-0.028977666854689166 -0.2582492905788629 0.015304642837688799 0.4227237421057706 -0.09383525474734179 -0.26835790929601183 -0.17462484147948668 -0.04592448534719287 0.06817260545966577 0.09632976884302866 -0.22682073840480377 -0.030312169433531655 -0.16936212885462248 -0.045561092803839784 0.3410534784295642 0.017969134910934006 -0.18913473690262075 -0.19841133256462679 0.31885832704886424 -0.2913307446437895 0.40587896590773426
0.12482261044623999 -0.38217154834709494 0.036100149159947546 0.1461194336013993 -0.2950325756439284 -0.33675119189157066 0.006632630140715117 -0.057529100897345566 0.12879727484107042 -0.14555285928058176 -0.2787468058088888 -0.011361150629064782 -0.15762768491053844 -0.2363956061601694 0.27661214613292895 0.2057573631392831 -0.12003331112863269 0.013369443867071694 0.5122441062448753 -0.11547690167710596 0.08007677473905696
0.15915428724869538 -0.39892816611085763 0.013589316592948547 0.30636639118437803 -0.4258834303528032 -0.30235062445206545 0.08797182086669623 -0.01557110010981519 -0.010676898316340154 -0.19086833990957122 -0.2636273815293046 0.014721254513906176 -0.2330104486316953 -0.15019083768989008 0.11095183953943788 0.24537804031011795 -0.013281507284745598 0.14220092864898473 0.4055306074100393 0.008301815784840771 -0.012366152148157509
0.055623741482215765 -0.3151373433639306 0.12863907289726223 0.09605861821863211 -0.36887092654219816 -0.28032808941372844 -0.19815669323564059 -0.04026793032865864 0.19303712099248846 -0.20156961466937248 -0.2733610902727015 -0.12139654686468494 -0.2914202857603756 -0.23480365386396823 0.2025750579977945 0.06323963521232588 -0.17826443306238968 0.02552188932944284 0.4620596690932656 -0.11424241761256139 0.0696453265996365
0.146562290191465 -0.5404428453653511 0.048530023192221085 0.29783252025224793 -0.3336643881889706 -0.24879132346912922 -0.035991103255083666 -0.028105579379655462 0.18305497600566617 -0.15926309157658855 -0.2067033377305655 -0.021847103378306674 -0.13346333818679182 -0.22368939516320072 0.1342980946664351 0.10794088358984143 0.013663200100152331 -0.00886905833768933 0.4498019397766707 -0.011092613691971127 0.13320324932163305
-0.027906077883227156 -0.22259598824506494 -0.005673581135928629 0.27005303670827885 -0.3899151141910542 -0.26129904736039583 -0.16319633275294018 -0.03643591158987668 0.08795610593563111 -0.11160573264486563 -0.24005529216167326 0.02151368106952223 -0.15761015159476224 -0.1798471259918881 0.16452364762918306 0.23471527059935682 -0.02855193914821665 0.035821181509083484 0.6296736180063185 -0.050876796958053194 0.09817035307761088
0.058925078200146065 -0.49079921969466905 0.029249770973126855 0.3018028319298249 -0.09792987161351098 -0.4502684810712378 -0.13334850797390627 0.040093519128783305 0.2831123265090033 -0.043270357855349155 -0.30756594511955887 -0.00257762103982072 -0.10454700471554526 -0.30895978093980153 0.10729555126468195 -0.10579641059112438 -0.059996512492599643 -0.13032021392096946 0.3103902092634439 -0.01676506637846501 0.09516452908867386
0.15410634095709064 -0.22955088897257925 -0.16563626826933808 0.3278700001414432 -0.09334297649908221 -0.23849004871542326 -0.12746051986472054 -0.050806477938397494 -0.02768906336076817 0.20121111507508951 0.1752943510998113 0.025241133895692686 -0.04169921709949557 -0.015078324282741234 0.28461688229045845 -0.19831583572347655 -0.2337557588179246 -0.3848005262498041 0.34360482931776115 -0.2102106868003663 0.3798942800676544
0.1920793937410042 -0.2901370829321657 -0.17283059738721548 0.4832392528930771 -0.18661961953400608 -0.31376855547723936 -0.15553676780118453 -0.0016073454539497867 0.15334399495735943 0.09605010109830929 0.03925894450597376 0.04421360782438689 -0.1701801485285098 -0.1690700434618346 0.2854221886143195 -0.19589773470243907 -0.13827364053681235 -0.2573880979833868 0.3394228039753354 -0.09630834398020077 0.1859794054034688
0.019284776644447853 -0.0922189262701802 -0.19781197691253147 0.48384090602953805 -0.18848024803523902 -0.36629454571986775 -0.130638568942635 -0.046177734549270925 0.21889093934721307 0.08548283464760417 -0.07709440563954024 0.009161912936182279 -0.042218035696968456 -0.015130135239523773 0.3829403919268158 -0.11177557577360345 -0.22917550019945312 -0.2632655064437314 0.3345297893028671 -0.13427020219089744 0.23416146686489633
0.23845019496603487 -0.38315662502589026 -0.2038048142615033 0.43705981301834185 -0.21557414939078176 -0.1327710917603921 -0.12549405190982432 0.0031187246891892285 0.10275110226328296 0.05153641067673602 0.04564593047505079 0.07033918202129934 -0.04964990185437142 -0.08134855016131438 0.20614608489973188 -0.3099292522147998 -0.09755553117322789 -0.11112010314695003 0.4339709659410338 -0.23463034185314038 0.22536418473012504
0.2879422311977014 -0.06465038453876586 -0.21986822126906866 0.474925711022607 -0.1612644659666225 -0.24220351722495534 -0.02893309234173531 -0.11897237613777231 0.13389468051416106 0.12157724576710603 0.03611751360524591 -0.03396969773477072 -0.127537432013257 0.035711075189304525 0.21898715502350435 -0.029842161552320914 -0.20765959746680687 -0.2561846434194462 0.4919082387708736 -0.11434662054663675 0.27202322201937634
0.010970319589286152 -0.1401365555397849 -0.10456104490258909 0.4676004541823337 -0.24545269140204062 -0.31646256081504337 -0.07510580266417326 0.004178314084163347 0.15996209137283718 0.2315640520011056 -0.022101835451990102 0.006472907476482783 -0.1487582062014918 -0.07737539196620091 0.28175480109581413 -0.11894383360159587 -0.1792166128688606 -0.20242194026226473 0.4776231931094363 -0.10660895453913061 0.26576707056176324
0.04552383711823216 -0.19692819475297854 -0.21473772198998875 0.4566104763585541 -0.2189199181679693 -0.22111452990398509 -0.20578801861688722 -0.057247092317882914 0.06031665163449539 0.12327447682377068 0.10706483543307035 0.11130970776935895 -0.13186447383830055 -0.06996884583926413 0.263913541272635 -0.3885127743746191 -0.18469868324614247 -0.32346709644850424 0.2257740262243923 -0.06233874624276457 0.2879748470475619
0.16307470837523727 -0.20694771178418314 -0.010733444924038665 0.32085854229723637 -0.18000232491201956 -0.32859549321096243 -0.12661293791560124 -0.08775945255237283 0.20036760685901292 0.2640352717427625 0.08898241615571527 -0.06354214916856434 -0.2221319825422882 -0.05621886083231077 0.31676842350987444 -0.1795362612111679 -0.2608966446169791 -0.2609913398907137 0.41089088878558055 -0.10386546761457048 0.20175882866832343
-0.012347250490817622 -0.12550662480284822 -0.2694477505329946 0.459589371291327 -0.10092025998510298 -0.19168520002954825 -0.1730255001980564 -0.20088499865499493 0.16055455861504514 0.1434016290345116 0.013034512216114713 -0.04094445100336982 -0.1847218007443846 0.023128339518493236 0.2233760946568433 -0.0808048415651567 -0.020756004915168123 -0.21005618027144377 0.5546681142114663 -0.045017201688722044 0.299234438145462
0.22405419931206363 -0.27118881461835287 -0.12214217850555491 0.3511154058686039 -0.12619727431028924 -0.3484389942571904 -0.19793551954938263 -0.015614169567049148 0.07654916556053845 0.18637778088554288 0.007010073022193244 0.02966553847491696 -0.07568385811078145 -0.05624864148447899 0.2571461808189774 -0.219338417715834 -0.05454313338318429 -0.3084660960803777 0.36174555560414895 -0.1134380521155135 0.3934366887340218
0.16328840987905735 -0.1218218460525562 -0.14531685803938407 0.34116885789282947 -0.10153537726815283 -0.18887371899581176 -0.1518037777484093 -0.034967784408148836 0.046798127647307425 0.20000807207793986 0.14955511919783118 0.023832160986447536 -0.21596168022916862 -0.07643669516992506 0.1888909683463342 -0.26617381273601437 -0.12241851642499524 -0.2706832764417907 0.5397008138489342 -0.07401571754943705 0.37627645567710516
0.19698302568048667 -0.19681910311850925 -0.15153768799894102 0.3737959155481726 -0.1245264178411133 -0.22406066405701577 -0.23269173616341188 -0.026286047549684628 0.10954675219367115 0.19695520825732968 0.12145568112586805 0.038140421594936746 -0.14732137373609674 -0.0254992662072255 0.3328536065879595 -0.28351641043718584 -0.15215142581969668 -0.3566718701611329 0.3031427596431084 -0.14866299856236787 0.30714892807892547
0.1938126521824974 -0.2994935206594157 -0.09476461938635045 0.35737556944503474 -0.13438553300594253 -0.2977548273077142 -0.2061183299560846 -0.06143110269122092 0.14789350593467854 0.13818429386839712 0.07568098161642159 -0.0024679618838080023 -0.23834418090491413 -0.1412921468296015 0.28543291306338947 -0.2638340229308536 -0.2016700864255038 -0.24055967299529563 0.38186430972085983 -0.08484372704470484 0.23865301865030747
0.2999626422814024 -0.17114248220397885 -0.17485013292271526 0.4295328815209346 -0.1870560872754885 -0.24127220822541143 -0.24175033235713772 -0.09924627416982641 0.1554467055079488 0.14932930930761423 0.018963811575660475 -0.029763787610043453 -0.12904497760260136 0.04712754171615531 0.275886579665671 -0.14108855923398134 -0.07997383547925313 -0.2814950847873221 0.4354387862335618 -0.048570848472184056 0.2529100738566927
0.3100581713967215 -0.3408980088373796 -0.0909120640879271 0.3246561160386715 -0.20841887155530353 -0.32255743645700724 -0.15157565773913595 0.004461513506218889 0.11704004891085454 0.07747169515256061 0.09974554508768879 0.06544954622597096 -0.11541948755869395 -0.0178152960335978 0.31698809639073916 -0.2999714658098339 -0.21524493797484376 -0.2082940075465022 0.3510461259493149 -0.12089999088974643 0.19469379225500605
0.16089563394800185 -0.19752641504113214 -0.13778711984339387 0.37850551129301047 -0.17799839920903868 -0.23381494532572566 -0.17629254651649423 -0.16346739086964127 0.14708319061583636 0.06984074219376993 0.1947413744652728 -0.022218784067894463 -0.23754185527760177 0.0221472845607611 0.27752979690723295 -0.30451783211609257 0.006787014561659224 -0.3211190933535706 0.3551602264387285 -0.1474127972045457 0.2933568293855706
0.25252225691992886 -0.20147967448842377 -0.18835114903249342 0.4384285491309022 -0.20137327143308645 -0.14095411050160145 -0.22233987468383676 -0.020408378733460686 0.16487235002901854 0.11936854698300303 0.002355728624217699 0.07174179340400552 -0.17593769121586092 0.03495658089246349 0.22648996383372222 -0.3603241584188465 -0.12377535965865454 -0.2255514260149254 0.327539248188848 -0.1673735394222126 0.31030769561140986
0.11403093036544971 -0.20113956862128038 -0.16257098013307894 0.44848644162066753 -0.2647286858169639 -0.30370145626436335 -0.1677739837499652 -0.0927098430907434 0.04443365954512441 0.14292752775284653 0.04677649387760923 -0.024661355948522836 -0.16388587091818715 -0.03200673567021201 0.29386925315708257 -0.20405923660870698 -0.13030279368521536 -0.08683087566902922 0.4298100205135523 -0.2626623555117765 0.24613731124826263
0.16892024758475552 -0.11458478529903855 -0.19748375472521265 0.4503605957155256 -0.16903845916385277 -0.24989656130221297 -0.21064636597525876 -0.1271006477220297 0.111083005726915 0.1179756058308033 0.09192135122480323 0.026660705803660728 -0.26492382387097707 0.009510849566820774 0.25831251443838477 -0.3419031504137041 -0.09079430362134092 -0.29862178868314737 0.3319113231125804 -0.06073326643367777 0.2537214437628335
0.08085154711057933 -0.14339741854622678 -0.189455368852261 0.5498684095714103 -0.183481892252718 -0.33254840328294955 -0.23885215095605358 0.016817605138732507 0.1831860402346075 0.1908381978351983 -0.006617441957226713 -0.00847386502087645 -0.1389250325000802 -0.02655606869021625 0.15782983635786954 -0.20732012015561335 -0.16308470485379453 -0.1448058555299635 0.41996810074086804 -0.08937705687449007 0.20772177611582396
0.25337298902014255 -0.18747379865566122 -0.16104822289213025 0.4241714730217871 -0.25130078700467917 -0.11367113760505015 -0.11008897893709298 -0.15180363847416178 0.17025661510912365 0.05507513873186598 0.069104615741425 -0.040981405006083854 -0.09417409443643787 0.07525475219636019 0.25601443314620576 -0.09888492156422245 -0.2563903865619401 -0.23949928039499596 0.49650666940391197 -0.18558648247553655 0.22621732448539186
0.2829789031066233 -0.3069854335941048 -0.1786988980316761 0.4851190109638567 -0.07527961629679973 -0.43784833252687144 0.0007245989025032171 -0.032040829742818175 0.17434777826656145 0.16944344660914148 0.00789353221439122 0.005411905212712447 -0.08902281857776032 -0.04640088626748958 0.23666976926027727 -0.16636067471531452 -0.1574028601765958 -0.189243440092719 0.32905613381956444 0.0063426879733657834 0.19527036937123854
0.18552812101225108 -0.28843393233813824 -0.1706421530487794 0.42941593376988285 -0.13263021530905736 -0.326597774224638 -0.10399615247012117 -0.08023654932198157 0.07855355171830826 0.18052864773769325 -0.0019210896699266454 -0.0094959728151203 -0.08644377467896683 -0.008279619652465436 0.1832047473766548 -0.14499470845594536 -0.13676594570338288 -0.13485086435638738 0.5781402556894599 -0.05374089497361445 0.22880308495778495
0.09345004114421475 0.05928260327197156 -0.137475209277368 0.4863815401777511 -0.38760460455533496 -0.2982420013363653 -0.04993804120773672 -0.0726425681911345 0.24408032913079838 0.06999625677642955 -0.06138920434626954 0.061837199445604576 -0.029004999377746365 0.023484001432113162 0.25106596356353955 -0.334346386945105 -0.15620954520563665 -0.16463748185685653 0.37396588138943515 -0.04472514981063188 0.20902283137108144
0.19068323701535564 -0.19618673336938394 -0.18359313900161148 0.4972550635919821 -0.18835323139230678 -0.3426574433685459 -0.2574432995544105 -0.07257612594132644 0.18802993167239482 0.12606342166221793 0.08163536218778433 -0.005249149543268448 -0.12872361877640737 -0.027430748952982403 0.2753788519963291 -0.09658832513292558 -0.19576607108462618 -0.2093712824746864 0.3760565830989515 -0.0662165626734266 0.1770824229262349
0.020439112555252624 -0.32247173161730874 -0.01284813689919499 0.40293103273047126 -0.31171022471738247 -0.4495399021708386 0.16370938148559985 -0.03795365190028831 0.30249348238596185 0.03943128132436315 -0.17608945861064984 -0.0056466381624402364 -0.08709041776411944 -0.07912774817478846 0.19822885883306682 0.09876290714530493 -0.05279134169438726 -0.1237907855517665 0.43473362165832224 -0.006054626625876878 0.10701771335915504
0.33301742704343157 -0.08230196649647203 0.030342424093969814 0.28481101614799986 -0.35977983051448814 -0.5242181001782079 0.09129113200714445 -0.038012468275855464 0.16925290390131356 -0.07786138319270146 -0.2678510394394939 -0.009421038156440971 -0.13182305325179802 -0.20922331334443675 0.15793019680827025 0.11080018793270564 -0.03304264417250499 -0.10814766209206281 0.38534988232424905 -0.05470476696015897 0.13067343754133393
-0.05202309459210605 0.07354219481446664 0.03581246813169531 0.5398709776545539 -0.07022266749664752 -0.05885985154658773 -0.11245714584503935 0.22438113096698079 0.21613376706094348 -0.020086365971193877 -0.06395608320248972 -0.09742800650301021 -0.22472420117687453 0.19075653347903362 -0.005008072926653547 0.08220523722115171 -0.24160886636097423 0.18011763162694555 0.34424852490819136 0.26218804023232234 -0.44194370947197437
-0.004328962328850378 0.11348055116647315 0.053981898865227695 0.6531265553924186 -0.05728288234834286 -0.10434602151828436 -0.02241148815980954 0.21622557952681506 0.12118408899156906 -0.052913393112954586 -0.05695682639114662 -0.05520861260854994 -0.13409907428038348 0.06788322400918406 0.01248450143625842 -0.09148638623198066 -0.27938345660316627 0.17634386925156223 0.42868740952093976 0.15041706250463965 -0.3546062945111664
0.0009467453961544961 -0.11812052555442544 0.026294197173711092 0.6238840848044608 0.012966967271388847 -0.15217115096289788 -0.055686306799919996 0.2209456790002155 0.25543686829716816 -0.017619786940511098 -0.12346409797983578 -0.0394614725867037 -0.15282005209669852 -0.017605495829666595 0.11075535879207127 -0.11899168148162548 -0.16077973085394887 0.15852471065741677 0.4417126433606219 0.17648828348825188 -0.3334585987317861
0.01165347266545466 -0.08248751111773356 0.0826716378673618 0.6476043361029619 -0.056144881506134954 -0.13486405334478058 -0.17284009637659314 0.1304961125043734 0.3340852340056764 -0.03623517937602272 -0.14202883627717888 -0.034757469281829226 -0.15993574200633764 0.1321626084893284 0.010677421464989083 0.039050181407822744 -0.22805143953957444 0.1748515617385858 0.21403244706388197 0.26801352334981304 -0.34551027056387057
0.15437127822748614 0.04284900892026217 0.1791375165538969 0.6330118266803348 -0.07251759579039241 -0.10156625915447004 -0.07234888776858024 0.2318914016624547 0.21523367400112348 0.004546512993213239 -0.07713950356130402 -0.08114004408998102 -0.19849973006286775 0.17418282644004748 -0.0047274074063144295 0.07794044370073865 -0.21615119664709195 0.20980537349086162 0.28511359766200295 0.19591265759917864 -0.3490362651671052
0.11246260443199715 -0.07488395913645046 0.1194941912684528 0.6603930056293953 -0.030362706796930195 -0.17873650898563367 -0.051548991610669274 0.25101901839854535 0.11693238865587297 -0.07583028993121262 -0.07835832647322316 -0.07264905216404706 -0.18605390854659992 0.012738145427737485 0.03835266758655801 -0.0493198605673039 -0.20968638269332937 0.15885679297318175 0.3760239612621664 0.20870441844799684 -0.33035111158231106
0.08375513916219966 -0.08449568084785582 0.1763178249568426 0.6767012741234458 -0.20115545604156218 -0.14855764407756014 -0.2198389548804252 0.19969400441211382 -0.0668370131245373 -0.008844650317834194 -0.054678359208581155 -0.08678562696755682 -0.15952925015563685 0.14844273532768568 0.114329916403519 -0.08776107004136549 -0.1557602900247819 0.1696745629613424 0.3566986249483355 0.15220475470624548 -0.24355132483938782
-0.08430283104774207 -0.06291921074586276 0.0928793208403671 0.7219341804131713 -0.008040456960443048 -0.15173262147848393 -0.03676628391004984 0.192576774180188 0.2814882277799273 -0.06210116859111455 -0.02729935076399432 -0.05031794567383527 -0.1575390204494127 0.09901941058535355 0.04126506971180441 0.07061079122435629 -0.12262853978439735 0.2210977390265338 0.22471689870820052 0.1665258817044002 -0.35743774081300533
0.16013073814935988 0.07899206932723372 0.1784653659067719 0.5722792158427286 -0.18743845809466025 -0.1516394773813405 -0.035162963305507534 0.2215909322425778 -0.03260402255035912 -0.07246707774024545 -0.03854668562353951 -0.10779404831370856 -0.2193576092505635 0.18636318667577087 0.00942764013714432 0.04545268684117951 -0.29866447981629174 0.1437338068348334 0.3001412230144236 0.30828377603904433 -0.3176335660976819
0.047294266711647624 -0.20125556926096597 -0.002627914975987119 0.6084573383119233 -0.17454306898334368 -0.1271739713599766 -0.05397485222181314 0.30741630995815805 0.12241215880097162 -0.11076856502226935 -0.07472753895509877 -0.08701808594978101 -0.263767967094025 -0.004951623991086298 0.01359788816265871 0.027751146630361996 -0.2748528404358062 0.1197071062163684 0.3331851495030869 0.2292198046704212 -0.2803281039583425
0.021106879936201917 0.024518960976058095 0.05163637266136445 0.551776721976953 -0.018845078776582702 -0.07164867351248617 -0.05066278157840293 0.21174302020893546 0.2402415890584492 -0.03880170955509087 -0.006586028598183751 -0.132800587856311 -0.23900218500451148 0.1124572834457904 -0.0021126646895549025 -0.00919476721115314 -0.274703807416369 0.15115351762604684 0.410851341794698 0.28959922201395527 -0.3757714742449627
0.029069868683105356 -0.10089873430397453 0.13350028926002913 0.667535026967128 -0.10683779749938858 -0.10233810956027414 0.06408174910173013 0.17125899461052704 0.16484684526067458 0.0036624841310649715 -0.01639718557689651 -0.1497496681558999 -0.26795755436036406 0.22061860137187297 -0.005848963411695581 0.02799734946789003 -0.2913253490101384 0.10847084111557359 0.3034733093611561 0.2326297002916077 -0.23707153939968612
0.05175172531542642 0.020933941738558642 0.05968509931913543 0.6408154416534864 -0.0749068593735709 -0.09268989349894843 -0.09627395637463348 0.20310883648666395 0.11022711219749218 -0.07453316201950715 -0.0662219467724278 -0.09117649295272819 -0.19889396059167425 0.08339527949269265 -0.01311751280200118 -0.0058939660966258875 -0.2853812812851499 0.14803566900500775 0.3536031664441038 0.29002598019232956 -0.3582192907951979
0.046079524635779044 -0.060908218409791375 0.04553393376212677 0.5767112905544657 -0.0667829299685762 -0.07863430840922181 -0.1799478946232552 0.18409567668988247 0.27939946596519993 -0.08232377797204106 -0.06659747868873728 -0.13204080859152792 -0.2786575774382668 0.0709529105141722 0.05651743641116393 0.1316522441335278 -0.06104996094865643 0.16742350356511995 0.3043236102060991 0.11351491459424994 -0.48518393861568293
0.16975354993390487 -0.007805692731807967 0.2112032427357396 0.7328501331081108 -0.16830539268228176 -0.12025013220166704 -0.09882494507508659 0.2159383049874281 0.1161955509210571 -0.09258757576357327 -0.07065624991030298 -0.05601690233477321 -0.16292271087329482 0.041268539869999385 0.04893903072210237 0.013279498768963175 -0.19573377420649984 0.06817133247301588 0.28275199616773594 0.17761836921028015 -0.27346992113878715
0.12114337719240771 -0.16583925478986072 0.12675121174749812 0.5345172197870856 -0.08526540479267386 -0.08157671626150685 0.049230259073204094 0.25057804527848904 0.17223681059625398 -0.028085698169329338 -0.05485108531040689 -0.12128525499717678 -0.3171746093959751 0.15299725049599544 0.012613969482164337 0.07361856598245478 -0.2221423873926034 0.2227053875562959 0.3473396457853456 0.22711616386582203 -0.35773996476503855
0.022640369519092894 -0.08691532502730712 -0.05057485325124353 0.6211826683778846 0.006104419681039747 -0.19753861680881357 -0.2158373652362154 0.15485756160119274 -0.018685520318353174 -0.10072184407152814 -0.048968621837848905 -0.08407969849070374 -0.22643463969206967 0.0917420886448869 -0.005307624434230222 0.043581765614169474 -0.27657301185582256 0.14986626459160612 0.3188870017809021 0.2945123881740411 -0.3534471133291098
-0.0320914824569197 -0.017196879530582496 -0.06384949851570254 0.7224772334084314 -0.17245703640403165 -0.1021607091100428 -0.029328841056012432 0.1609003719289256 0.3250189417585308 -0.046592057041961676 -0.04685733974071656 -0.09265748063896151 -0.18635429110500604 0.033830776044567225 0.04969765204141371 -0.024492515953777074 -0.117535382210786 0.05786191209576963 0.31347217734432775 0.24140090954675802 -0.27288062560770243
0.06324028403942962 -0.1250768839050368 -0.02311807623081294 0.5988532895945561 -0.06810925016985545 -0.0837544746191787 0.13413087543225 0.10024918172111925 0.2922905564431652 -0.12021307058762369 -0.0801839498036216 -0.035171226690409854 -0.25489528368399167 0.03439982449742136 0.03237648255160263 0.06379129189873228 -0.2894254447024087 0.22055500712976284 0.27644173617090445 0.24718197485693164 -0.364345366770489
-0.02018428678221349 0.004772841830569961 0.11282377959784604 0.6612532040781257 -0.09844379973622851 -0.133522322102547 -0.09706701645039824 0.09412064325502414 0.18914647048444172 0.03680827374771208 -0.014413179706285407 -0.0781352227636357 -0.33553299029854633 0.13777903394464988 0.07563360994982633 0.07952370244102622 -0.11333439897025427 0.2627193827279746 0.28793979924815316 0.14687091826329635 -0.3610874690109002
-0.001652902026677232 -0.05539693438221264 0.15620698184791554 0.5434077336067238 -0.1047993230260034 -0.11954913351355795 -0.24393355953484613 0.20146198133421805 0.3026213730458138 -0.12733291185893938 -0.07936228085982841 -0.0507121155667468 -0.12391229897267386 0.1436275177996457 -0.012129289329607367 -0.034466785012690175 -0.1975446654435214 0.1863881819624027 0.30848332226004266 0.3470320872318194 -0.3294406182332866
-0.045004073261231556 -0.2259154610770297 0.03220992102424308 0.5182473875644479 -0.021462926473481147 -0.19250235194715026 -0.0006106433296857433 0.08477918933712429 0.0992355487522431 0.005493574807986408 -0.11896946039297834 -0.031369970357011036 -0.19372637109738197 0.13076526026476049 0.004059649351079103 0.050476598140367424 -0.3574889539102658 0.2547726111924657 0.30279345119547146 0.2882977165029525 -0.42766448956994485
0.14376261504486446 0.01693075437232062 0.08795101707407771 0.5480871222481295 -0.038343384137331564 -0.10876504424592567 -0.047243232703605614 0.4116952415727831 0.0920670828256828 -0.04845998923633279 -0.02207945682745556 -0.14386071440537634 -0.19248114571378316 0.12900953632643436 0.003391066993003117 0.025561550421796763 -0.19805398037798022 0.16443184261387075 0.39029269581350096 0.25980188793286313 -0.33679630461891125
0.20895343935977329 0.0027566250463965393 0.2554223996527287 0.5028738015404975 -0.04609862108991045 -0.09568132220961882 -0.036538623554519395 0.29492020203470676 0.1786292171008777 -0.09385978733235655 -0.06847804777919195 -0.1511257486209282 -0.2577888513433024 0.03346911157321786 0.05585853952982059 0.04192921817712303 -0.11282647988298371 0.10178689870486056 0.40362016786224086 0.20490497583392947 -0.41222533472499534
0.1277657172320788 -0.030185359274482806 0.1228577500880947 0.6612757503180716 -0.11026972647502341 -0.1590311942175784 -0.12374261550429451 0.16482267710011417 0.20818131077814075 -0.008153775779198092 -0.03732340981466876 -0.06962895918918956 -0.22167717995521904 0.0494027444058803 0.04892263853548672 0.04909975364978367 -0.17797752390048502 0.05888781001836246 0.27820542724383457 0.32367263355342013 -0.3565350563503255
0.21550903198655041 -0.366794652494029 -0.051347610459499336 0.38508773357067216 -0.23476618545309713 -0.17141165861419358 -0.11183397043829851 -0.029998369804256478 0.20923255648164446 0.12911254425643384 0.1925907895455094 -0.00962615508426548 -0.25093641060140753 -0.04820805269537405 0.21555881143236472 -0.2496181220241283 -0.11935756358137772 -0.2776408640271801 0.380233727283706 -0.1438555260411129 0.20465012147125347
0.04346533989258178 -0.11354212956326365 -0.12167828472252841 0.36493477960190995 -0.03331231513815231 -0.301366866918684 0.014989869834619333 -0.13223827531272275 0.2233259093164142 0.08950370947010163 -0.07081586944933664 -0.04309557286151296 -0.30301577465992163 -0.24079384530441922 0.25209097492314253 -0.2253541893781977 -0.019748782195006823 -0.21951745870532458 0.4985442898569204 0.08257325810303423 0.307827574744295
0.31211135478573776 -0.29307613671372695 -0.12605680488343268 0.3325020124987831 -0.12319872346027859 -0.2576495440417441 -0.1983457514990046 -0.0989429089376144 0.1414239995717638 0.14439179200147007 0.03631871736750701 -0.005695316712444382 -0.24674796226227108 -0.04545749969710672 0.3111643699011387 -0.21979869474265507 -0.27545525924364017 -0.240879241727823 0.32374028120111636 -0.09230460390941751 0.24907792045565033
0.31241350461025535 -0.18023419917301825 -0.05515336189718811 0.3735266925712352 -0.12847084297671263 -0.2555250813250093 -0.12679455497814243 -0.01777517769087813 0.28551435942639247 0.20034720350610524 0.12169347755432493 0.009710474396731603 -0.2232025285507631 -0.11152419424861494 0.22717107696681066 -0.31505803388608133 -0.10672415650468768 -0.22485502486480607 0.4210775177889458 -0.06979919226972249 0.18800094578685655
-0.055979499694476666 -0.19874442562591724 -0.14417334332362214 0.3682539429630044 -0.04514639325215216 -0.3709642456164311 -0.18234162824867056 -0.0644250732431952 0.15533923697319954 0.10197698377014434 -0.07670890055109733 0.014014823315914032 -0.22694735483017697 -0.21894424810653076 0.32746721420669805 -0.18486724598154547 -0.15995848013110534 -0.19075051631469203 0.4363807005034162 -0.02342469330229019 0.29917616828897214
0.06558814400575368 -0.37041624158730724 -0.01679220924931408 0.35191387575251976 -0.10901515878772015 -0.30359569702195266 -0.1609614272473221 -0.023513161989844964 0.32083923425009314 0.21110357657757964 -0.04551126003562642 -0.020060545234338336 -0.27048239510484995 -0.07374127519393928 0.31451777070717385 -0.29831208147747934 -0.22000030127468936 -0.17720559264499697 0.27053871036849175 -0.11235478143119856 0.1474636887154538
0.19276702662462808 -0.2084103518556582 -0.1384728717404221 0.37269796551173373 -0.07281368857098418 -0.2802242877371221 -0.21902117997113787 -0.08961272455814022 0.18943383444132747 0.0793567711522381 0.08581396176866331 -0.00950007011706199 -0.1817887128548717 -0.1465427062956319 0.3550741760368473 -0.19738829215060166 -0.14479667120195588 -0.24629617104629462 0.46141795210284486 -0.14413623969010367 0.19233032330215752
0.07502391643805115 -0.398780966356799 -0.17698476356257273 0.4041339629487616 -0.14006368890999027 -0.2344189688745141 -0.2755258162817217 -0.05696293023714118 0.006140173477583551 0.15985025735722125 0.07545773281205752 -0.004147658848660126 -0.15992997351025082 -0.18304498622061743 0.3170124231307394 -0.1270412487273843 -0.05277623554966892 -0.24575640487493264 0.3610957703325772 -0.13316403802698662 0.2619986447190417
0.12918914625637956 -0.2575888811487598 -0.1631220363616464 0.4588347359069327 -0.07448935699064943 -0.275939494833976 -0.17326064020271725 -0.023561600661781167 0.2796018047805775 0.13584741622587948 -0.008862306597404104 -0.02726231433331327 -0.18400268979225515 -0.04557241700892594 0.21260192320669588 -0.25268005202821925 -0.17106068852704445 -0.21696112874335285 0.39353434910291774 -0.1401664904737747 0.2725260475493231
0.1569152253352866 -0.2506728031382224 -0.14470993978356225 0.39337307871557803 -0.12705918244283937 -0.269211020849935 -0.20825205621541795 -0.08572796165556087 0.06379313543656429 0.2259248633495949 0.08276983915845651 -0.0003699264866295428 -0.1731112876755181 -0.20400279390865797 0.34012744271034473 -0.21360508389511418 -0.23081066411710285 -0.21175637001070394 0.3366845718317999 -0.17602361678803113 0.2453658586025949
0.23015302171710786 -0.3191607437516862 -0.05415216756178885 0.33387703888813397 -0.17491568039356536 -0.18123861382310347 -0.1052222027268189 -0.058296454483902894 0.14838443791735295 0.13001426251515366 0.020851713492003036 -0.022731243075753214 -0.22068587221804817 -0.11109341021355675 0.1952925969567798 -0.2929330956647402 -0.3269331330327841 -0.13628005111934888 0.45020946547883806 -0.15013407681660615 0.2780181165422967
0.1335574837663842 -0.28718750731064996 -0.0857151743371542 0.3646187794994922 -0.11263178787980221 -0.30533406930006185 -0.13778391002259924 -0.02815670520319611 0.20702811957622239 0.16358276877937322 0.07783355494285547 0.01616714643639134 -0.269036934523803 -0.12986347093799827 0.23777218450624082 -0.3382331963934136 -0.11611215553962186 -0.2581683433054795 0.4030194322273887 0.10827754483890831 0.20807702931960287
0.13474275969819846 -0.35118606927839335 0.018610545791952385 0.3374964230467668 -0.137326720464531 -0.2589832721875841 -0.15474068599179128 0.057375203621831045 0.24092536179616597 0.23670191652968348 0.0868293965283338 0.01037877863029393 -0.2547320761622965 -0.18258383138051462 0.22219865413763995 -0.35821611180480123 -0.2906528967835462 -0.13328898406042564 0.326248721322791 -0.1067159282523985 0.11570311061412733
0.23454410277661497 -0.31380686067929936 -0.10996356827773661 0.38834433123996187 -0.16475320229937296 -0.1912507060943794 -0.11709120021058628 -0.06488837119989482 0.17691105005866226 0.1408693672022523 0.050292179556204956 -0.03813263073501448 -0.24950324071525493 -0.057621772604441 0.25404791104387087 -0.21884511030780487 -0.1470173736865106 -0.21889951124847068 0.4214242837622993 -0.050340039650218195 0.3452177615816735
0.06674042870499125 -0.48615757278377786 -0.0650508593942805 0.3130704624994699 -0.1423840826597363 -0.24724246393522786 -0.12914829480302012 -0.028927115132823082 0.1407965896147232 0.08300688844395233 0.030348586196133606 0.025330908264949506 -0.2828667761103195 -0.15336427353293458 0.25850486653864846 -0.3828546324551874 -0.1645660846711557 -0.13190033335705528 0.34693176725965225 -0.08244814781197726 0.20293218474802574
0.21805653560135196 -0.11070342202433074 -0.10544358313736894 0.25828983649955967 -0.10065356090476514 -0.16029140320316645 -0.08770481282413947 -0.12020845809314212 0.1794460215126393 0.12065644941228534 -0.05342289925615814 -0.03616338370328808 -0.22446948958281798 0.0375330918071291 0.2851446722880249 -0.36239614981303553 -0.3470436473808162 -0.17011176106009432 0.40045048957046064 -0.12775021554103347 0.4037140388135481
0.21614927961880484 -0.25293246384289547 0.022362534711727947 0.2192206406717469 -0.22712163974367983 -0.28915449359452183 -0.1733430310966049 0.02945129815763789 0.18436611923040275 0.1536864910179568 0.1184988770085463 -0.0026731771773226233 -0.22343628011268263 -0.12677088847730397 0.3167176669399988 -0.22776556409676021 -0.13479177691746655 -0.2810128737803395 0.4635353627065599 -0.08080379894363997 0.25741872405955707
0.14718049924460655 -0.17548365756706552 -0.0821254782961065 0.2928833815900364 -0.10920127272022251 -0.40124414611090375 -0.1715978773734193 0.0019698377089819355 0.08343145594002058 0.1019865592083415 0.014010771486513121 0.024270514863588156 -0.12021488152121979 -0.21469021818314687 0.3142399989944712 -0.2458523993162118 -0.15733047071967868 -0.2543183817174039 0.48291532573388335 -0.040094717575196295 0.3008654112538428
0.14176529897206996 -0.3136512030798148 -0.10454589869946695 0.39151290649025494 -0.1870091484609385 -0.4019277024719 -0.1710450661356038 -0.04433587006728531 0.12493872381646888 0.1825146976883542 -0.09360899360239118 0.048083222139975165 -0.21621647087923873 -0.17116360916260015 0.27633168332197044 -0.31676903186314126 -0.13210128989071637 -0.150007931969835 0.3025571099050462 0.027512917561549593 0.21113441406093975
0.14637850359383173 -0.23922812315943634 -0.1096370034206871 0.3218665282089043 -0.08510888720486097 -0.2859293603216704 -0.4203570088831771 -0.058404691336321216 0.17299071560153054 0.054794317584174294 0.05535433219295603 0.003840552930446561 -0.17613220745125518 -0.10681609993109197 0.26634991226490357 -0.2792550682593288 -0.14336612645675684 -0.2267234152470067 0.42203154895048 -0.03365255530539895 0.24093406589030908
0.0945008329980577 -0.10241885471314222 -0.13671420245381366 0.39579632713518786 -0.18412581836961944 -0.3531092095163237 -0.27580974649643764 -0.04355372725239981 0.07779466593530951 0.16453738254193265 0.05384581148687009 0.027618829144597876 -0.15071905625265983 -0.07193001059172707 0.3135540545192164 -0.25221421562960217 -0.2031306680311339 -0.2765538603563789 0.3547534421284394 -0.15821150409964269 0.2710130119083183
0.26450628378537633 -0.23138395216709792 -0.10480195732188036 0.3322995249605158 -0.15334608714988993 -0.22713497206278888 -0.11493321321545821 -0.0797538726743377 0.09915805330135573 0.008083415325972393 0.1385542114171929 -0.015114906158528046 -0.19640516646609354 -0.1765789940860858 0.26572958625353954 -0.19055603597203805 0.07189142241315223 -0.2657812506797469 0.5274439649157703 -0.10306612576954113 0.29964258141715233
0.21176782542510794 -0.3251540630525691 -0.04775171884837952 0.3472777043545229 -0.19643273730998267 -0.26146955574880193 -0.3111185101164855 0.012458386028103417 0.2686031430860918 0.0011097233816454587 0.0008134003029310675 0.04300674613694627 -0.24594784477802822 -0.1541070075221 0.23873172579623195 -0.38060064682427747 -0.1248488553540665 -0.14876614096172366 0.33675249213177016 0.0011566409933496146 0.10693363304858199
0.13545996759660123 -0.3113652830814183 -0.08078227768287796 0.38821977194538365 -0.2008168553355207 -0.2665352220572354 -0.08027692184204974 0.07736061252722369 0.1734488703563437 0.11666707631160522 0.11951382451763722 0.07575690796908152 -0.1842341970418122 -0.08993918606541534 0.1781089736425221 -0.39830048588685824 -0.2468370417599812 -0.23536845570973258 0.3807893977610523 -0.040426308024346956 0.2111562447203766
0.025292949298372565 -0.3385656519352236 -0.10919630973709712 0.36347145950677784 -0.08923373676417737 -0.28429132489828535 -0.14911948050247364 -0.015660586310506118 0.07771502833250396 0.18317641451875774 0.1604124871213527 0.006341503892203523 -0.16395907197785425 -0.13129778635438785 0.21318579996119222 -0.18938561466547643 -0.21995178523325404 -0.24535737937685403 0.45038219423039383 -0.18441167408624531 0.3052850047685532
0.22978797378782273 -0.40232037035566365 -0.12983587598364155 0.3915372808610782 -0.22537370253587855 -0.31224537696560983 -0.0979747723315985 -0.0986221873948552 0.16776812293671747 0.18679367562885693 -0.012902671268276105 0.0300787064550103 -0.2721112303499033 -0.05483834399769881 0.2555794405274683 -0.3261895057093434 -0.16944851922077095 -0.15203229973485988 0.21581826914713537 -0.03131898117669349 0.18786876897624005
0.11689388499166738 -0.3081738945505078 -0.08330282547140348 0.35794506919357627 -0.09520566194980142 -0.35052120929978964 -0.1530553862192938 -0.05863887116152449 0.17472976244854774 0.16766069775059944 0.04611749207994441 -0.04182705926715032 -0.2824022561221945 -0.11231015672019352 0.3079805187263689 -0.2445587232935553 -0.22830411917334498 -0.2743631935869108 0.3095008315920242 0.0858167520572819 0.23960638519323516
0.1771299547485857 -0.3045577004791722 -0.033222948010351465 0.44904344862686524 -0.2651519262598033 -0.30806091374776834 -0.05698347785891226 0.10277058465810418 0.18945274882545712 0.07638997387267676 0.06215309316879243 0.03434594917211242 -0.22642068483408911 -0.20719779224532756 0.18946385821363668 -0.317228205515254 -0.12862074104871227 -0.15671226019296206 0.39902418803381495 -0.059078683419968046 0.11313372111035079
0.20647088707295777 -0.288540520563267 -0.026245032907257968 0.32203685436854634 -0.14089273604827485 -0.25686448889546526 -0.3932454001925044 0.012090982425655246 0.1059423562762573 0.21709293286427522 0.03191346622771307 -0.005961301896856359 -0.2677363253811989 -0.22303781246952403 0.26624406097914644 -0.21285607003592683 -0.1908168056542503 -0.18939317299288755 0.36250664658911236 -0.045352460701204106 0.16223826064864116
0.03589727713554923 -0.34636016473739967 -0.05461041324741091 0.4355349961737162 -0.07060728515420737 -0.3539784989947203 -0.1599319441328394 0.06619956176775271 0.20819210018322523 0.20865349072475306 -0.014391294405756646 0.005141763567938473 -0.22516071102711033 -0.25022488050547875 0.18835852205845383 -0.2512608261139214 -0.12739853197629536 -0.0891167810480246 0.43962031424202036 -0.014914388409595821 0.09555637664346413
0.27259565120006457 -0.2355272146732327 0.013988344411102652 0.2066468639401141 -0.17593066588374712 -0.2630863184108373 -0.22336454238382283 0.04982457746706871 0.11242146690741889 0.15609640615970824 0.10849371419156084 -0.0030528571033644914 -0.2074526557653376 -0.08665123478641658 0.23207374896266272 -0.18083922107193487 -0.052556865683579417 -0.28098287598629135 0.5456681824567695 -0.0305635627178016 0.3293740383661317
0.02428101948157798 -0.25950958575310534 -0.06999594256698331 0.37075885078605114 -0.18572189750930337 -0.3284054973459324 -0.18785607109222305 0.04426316164595347 0.12921742422306437 0.10177439410225397 0.10261183024775355 0.02537071806189086 -0.20119895657568174 -0.16669397429666802 0.23756340538744647 -0.27503005325840824 -0.283099158596918 -0.19431722803600562 0.4203281296637591 -0.08135738404702586 0.26521465173141945
0.170407739128931 -0.17842107960834014 -0.14409017748550132 0.3378127706937091 -0.024329110701226963 -0.2517529652260176 -0.3598007932630573 -0.15083912213540834 0.23043500183032636 0.11124387410976252 0.03864768520934817 -0.03926558653882179 -0.1826390609614971 -0.15646361747636098 0.2637109384740875 -0.1629078389046794 -0.07648093225247579 -0.2918222246903442 0.44865559972526103 0.011713976176956646 0.27055003210093215
0.2398516671959282 -0.3088560864726938 -0.06960131822540323 0.33020076421171435 -0.07088203902655069 -0.28216861384235686 -0.22849974181123062 -0.015115676029223509 0.18986190261818686 0.25555744521028434 -0.0409614198019009 0.0481123746656306 -0.17567794373707282 -0.2651248843336782 0.2889486454666811 -0.3080805748694472 -0.1561010541468102 -0.19246315840740608 0.32705029461100965 -0.07894892533459405 0.19132452603638742
0.10943540867071673 -0.2870061458792204 -0.09106321563133517 0.3647176125135586 -0.12049754417090058 -0.24807718349092003 -0.15072127728266507 -0.1281598722785561 0.07715009266781916 0.2481755713483604 0.055962301448115016 -0.05330165013524619 -0.3317053797839331 -0.19418522593793175 0.16822870929169914 -0.27486982098776624 -0.16167431834940424 -0.20294109026805077 0.4640902989661584 -0.03433094905313761 0.200367784002839
0.21851227168466894 -0.041999846948511894 -0.03934794457898751 0.3625176230110616 -0.3578589919953612 -0.17923462184852923 -0.1858705232007216 -0.08525555127363074 0.16289288566292912 0.19784384282118342 0.08001432764853682 -0.032945138675828226 -0.37661808563333143 -0.029279683751574172 0.0903292324101648 -0.3854917296264966 -0.1362441194738028 -0.17608519570636694 0.3946358857312961 0.026548307847227736 0.19204221809668717
0.15190375026354527 -0.24267704484029012 -0.026178895703815992 0.39298435507872903 -0.23965578405563587 -0.24742517449642018 -0.2508040487877547 0.07803572171697522 0.21865235865390895 0.2473031528617108 -0.01252571511983821 0.02350664719564734 -0.09095902485493931 -0.07124305599388774 0.29816619127498806 -0.2532128674324759 -0.2698505940859469 -0.1422531387004431 0.32382500351404203 -0.2016120916216014 0.24627876614969849
0.17684644686307885 -0.2858651000788096 -0.11839555665166485 0.3567859448378286 -0.14285573548902794 -0.27494000205374486 -0.3404330490066251 -0.04671234717763243 0.04501119651454846 0.22805241686240862 0.0993360014626738 0.0040805334418092505 -0.18749909508511245 -0.16107919459878325 0.2857740127731163 -0.21558725931802708 -0.13845943942766525 -0.22221119977310375 0.35192445093238195 -0.1218698469334712 0.2668316005120355
0.09026035368391484 -0.25983482737801367 -0.011680684112313012 0.4203282879877762 -0.3313275415434535 -0.40592035370195917 -0.014958244701121242 0.028153205886673055 0.2418687450287181 0.08272721586583598 -0.005323677262866418 -0.021337662177513265 -0.24335065574353884 -0.0703760981484026 0.30663094558984594 -0.22895312918325672 -0.07781468850016111 -0.14472953136676905 0.3409022297219319 -0.08099610246445191 0.21387427914171075
0.13780839940897024 -0.43430204295989183 -0.13682229978183888 0.46897492604331625 -0.126758100992685 -0.3332279875050217 -0.16166507635921334 0.0328613751277186 0.1504582293838308 0.17095263442941105 -0.040411028020372726 0.03274893744415278 -0.1858129502765668 -0.17329281270697847 0.2253844345971063 -0.25880629604426336 -0.17586037511460495 -0.18867103601756333 0.21674711262728816 -0.017018769102275635 0.22070904464744176
0.19539609149734036 -0.20774496708931361 -0.07931613463063462 0.4287355019451538 -0.21383881431722887 -0.2551507683934381 -0.2115134142583026 -0.032393202089600094 0.1328486822984087 0.14571679949128571 0.04557755772141822 -0.009385872036299375 -0.3276613800083483 -0.22648431850454173 0.23633545018539673 -0.16912523696043916 -0.169152118249715 -0.1476835492651864 0.46023343346771267 -0.06008140888529942 0.14809144702731425
0.1545523654805464 -0.26364871266999135 -0.14523680761914215 0.36832445132702263 -0.10591526534648506 -0.3032338360453817 -0.21668595151896397 -0.014117786615895297 0.11050868096132635 0.12813120550490104 0.009647237623299576 0.07038593506200969 -0.031317273932555345 -0.11591467404921235 0.31483679560931827 -0.2786510508947054 -0.2554951707740379 -0.19672280973952067 0.3130505146033585 -0.26418074487360393 0.32076941104342693
0.2558853516847444 -0.33881077786052916 -0.09130539581966957 0.222583255771822 -0.045191756992998613 -0.18381238679551573 -0.2815100830767815 0.0008832873366157702 0.046946487131674694 0.03684387468018995 0.122093781431296 0.04663927485392514 -0.11255729901686101 -0.2221334422654001 0.19961987606678858 -0.24691271676056875 -0.13524152076370763 -0.2312198774082659 0.5722228237285286 -0.07948082233350694 0.24040164670592226
0.3271791735797706 -0.17959906686026733 -0.19856243559967504 0.37861397628900795 0.09222574198368945 -0.38476878058249747 -0.324053978025522 -0.13928392490579522 0.07386288913937568 0.18349025092278998 -0.007856837993890944 -0.021586014112235596 -0.23269427001778234 -0.23205529019965823 0.15124449966711445 -0.18150645391108694 0.013279996152256212 -0.14125857505145695 0.38898545312130495 0.016781565630356602 0.1475441672412828
0.14259785211652354 -0.26435774199434103 -0.007572461815952279 0.3083545230538146 -0.20513125580767408 -0.3847606960566366 -0.2642670520791282 -0.0032134928266125814 0.07541430376378301 0.20534234771268253 0.18324739881515242 -0.008452111927093874 -0.2920738987884031 -0.1858060948989779 0.1837055811696134 -0.22067007248589787 -0.08641600798503729 -0.3052248389345063 0.33898667747387456 0.047109381925265766 0.23050994102463762
0.09601652933801866 -0.2663081866460047 -0.08580504385765524 0.35369472609772984 -0.21781452958118405 -0.27530389112773496 -0.05080131816836877 -0.10241430433314949 0.2670367165299917 -0.03321720323113945 -0.0801433996310705 -0.001424180307881943 -0.26738816637224466 -0.05791603417950238 0.22508269554298607 -0.4609658303031997 -0.10765098247069523 -0.12382199636257399 0.3700256467097031 -0.13848563624264063 0.22635409354112113
0.18590562158908783 -0.26448161375916573 -0.13199140535068762 0.39579184672216083 -0.017300486980686904 -0.40816489153278684 -0.11194420539653954 0.0668220595795107 0.14971029461832716 0.060305205638075544 0.06111260236583588 0.06118187296729865 -0.11619257750914098 -0.2731340297120621 0.23933799815691936 -0.27638880873617294 -0.21814220601016746 -0.22548256041146586 0.3618700043473468 -0.058254665742426374 0.2223621847528987
-0.03073880134242609 -0.28138998273877147 0.00432336730312599 0.27593589154810183 -0.2915234217983573 -0.19702315286721328 -0.33304606862248637 -0.027872728987301282 0.14801486875993564 0.16435171783859814 -0.00040180423021920683 0.00037515740134076416 -0.2247551782323566 -0.06324270471917032 0.2674987317543521 -0.32331647304424344 -0.30561102475660107 -0.08441405862752939 0.4533484419812766 -0.1257246108675042 0.08267854450904949
-0.01458731700482569 -0.24450027051284823 -0.19181859267219672 0.4715193620619952 -0.1479562207318917 -0.3078825818728207 -0.21181432008528261 -0.053481504474836974 0.07111841877039499 0.14898293000477236 0.05219508330997553 0.030518807784362997 -0.29834469042889716 -0.17350737209833356 0.3139317320067618 -0.20657509239193028 -0.14623914804940463 -0.1875919704228039 0.3308121589138269 -0.10931848114658446 0.21739264043724107
0.19123380579989085 -0.1669133516692832 -0.03466246693363168 0.4115490900270032 -0.23410214060953044 -0.21530478110033127 -0.15310040148044463 -0.02441087516355141 0.17094054695880237 0.24981807091584046 0.09310393369759969 0.005355222425310821 -0.19349225944543738 -0.12902440790774689 0.3165302774812171 -0.22663268801748485 -0.3463981231617705 -0.18304888613770803 0.35260844376123274 -0.18684859742094137 0.14522075640159895
0.24851621377176086 -0.36217066857127 -0.07409140138416541 0.33783782379754046 -0.2269679534026777 -0.18487452726321119 -0.17672345076888282 -0.0655599357804329 0.18688863900305983 0.11990546653164852 0.057798034727325975 0.004510212246460793 -0.18201737653013436 -0.08938983479662582 0.18348084824291036 -0.30310088694736187 -0.19654569372657107 -0.16461571901508254 0.4605326761244012 -0.14875777465454543 0.2166937910525993
0.20321729736089097 -0.36390386780144807 -0.09310238821874471 0.29710803347551623 -0.18568107270893802 -0.33225231913948583 -0.22295078417666364 -0.029900527386293424 0.07587066353449555 0.13331512913178428 0.11959030005084414 0.05285672829575091 -0.15946263967096372 -0.1596329720992527 0.31277711671902947 -0.29332383901626524 -0.11996295788730164 -0.24221198526750437 0.33314828165922644 -0.07995734285684054 0.26081070549540836
0.28281657497172996 -0.17149065020137647 -0.17105472799074992 0.45335996599202716 -0.06853069100194759 -0.31147693604261195 -0.2010665341187379 0.009975756557880182 0.20807946707607194 0.03242054758033558 0.1336075743668834 0.04140407361598586 -0.15182674920736572 -0.23682700501460738 0.2383610619769217 -0.260668143166071 -0.13696210012917942 -0.29349224401376683 0.3140691213319947 -0.04028169772251798 0.20148228219852324
0.1722887349725017 -0.4615639891334005 -0.04245570139233902 0.2832549240193756 -0.2147310159900029 -0.2533313480791853 -0.24666889032316144 0.004374420152146716 0.1486297257579763 0.10254843947152735 0.002260087124346576 -0.013389096920042377 -0.16608736287888654 -0.06835017354095319 0.26058199248357716 -0.25285096620965136 -0.2598418170294167 -0.1810869943934518 0.39359719391299197 -0.13894452618874506 0.1807464500745983
0.0948606557858071 -0.11953210900816122 0.06144729223862142 0.43375403654676853 -0.19047572128155596 -0.21703491659399185 -0.3008577275558597 0.05221451948306946 0.1912765493403361 0.31057433215213553 0.1729558859687206 -0.02220335716710197 -0.2517222366279443 -0.1762824306965314 0.16654667938910842 -0.19740479380116138 -0.2038967588237832 -0.23392675075787867 0.35879931483697075 -0.047656305591727725 0.23721032438886375
0.13928602518570427 -0.18409121091677189 -0.09197399807301243 0.39422189431092214 -0.17677795308282174 -0.22395205456660847 -0.2537632909564459 0.012067984094225093 0.11494878162389663 0.23666425500822136 0.047875917456665924 -0.012839482588587196 -0.22605533549473175 -0.043815377511912675 0.258409202073279 -0.257896533539491 -0.16076094926141696 -0.24076400775272452 0.3211631484422466 -0.04379597348026071 0.43592564330373296
0.2198466537740748 -0.13384828748288088 -0.10194030857283505 0.34994728444161793 -0.07842714299093376 -0.40487565417272614 -0.252542062025349 -0.05622081935390954 0.19021519769167333 0.12464119224836619 -0.06896720148458108 0.007925697357125233 -0.14368608153060974 -0.15447244928149104 0.269683687679229 -0.19333604044667005 -0.15787161342593745 -0.30136192783374727 0.3816887991043788 -0.08483999106917431 0.2900087343106468
-0.03498690902141341 -0.23816106082036437 -0.011988061229218732 0.27953631689024827 -0.1940331165121898 -0.30181350155188325 -0.32205260851428813 0.019527329908993262 0.1247903546787481 0.07973061563558713 0.1332010097423394 0.01257593788943444 -0.17278469703161725 -0.27247600888395773 0.30553462289713557 -0.1954930305273638 -0.16027038577612257 -0.3204311191075711 0.4057889578490213 -0.08835375903924715 0.23366820842573513
0.09999527969628111 -0.1923492466263864 -0.15515254111824225 0.38853568798323745 -0.10733669087794943 -0.3557587711205171 -0.047165874279445075 -0.09610434243150547 0.10046166208652609 0.14833134526695144 0.16994628003845938 0.00885601332429039 -0.26653109660691504 -0.08585159736334132 0.343288175717792 -0.2806912820677963 -0.10147222239538578 -0.35209943910441843 0.2966969078913209 -0.0860910363327706 0.2502285912158338
0.14906901479918006 -0.3204045328908164 -0.05547599413048491 0.38760606248626284 -0.09302630127708096 -0.2093673810846664 -0.13402205994628633 -0.03656942695063263 0.18249775737715818 0.2163624833407738 0.08582549115700772 -0.05103208460285919 -0.2784086416226782 -0.18251896571722268 0.26772666401058404 -0.18440786260128833 -0.19122179279132362 -0.26525882125520767 0.44384901915143565 -0.06446816858713818 0.1879695771090186
0.28603686631557196 -0.2476113179153204 -0.08995172084589526 0.32026200937997223 -0.15705481063841506 -0.278028208991996 -0.06233888247227602 -0.09251713351684988 0.08432709502524627 0.1657302325401612 0.04519964654465615 -0.031234156528000594 -0.3298375964250941 -0.10314350655763757 0.27313037337088936 -0.3422222308946722 -0.17607041251184413 -0.19510158879736086 0.4230821134686 -0.046281196790449085 0.1812494196759051
0.30768671465699743 -0.15888515698386327 -0.08614876154726972 0.3653307523609502 -0.24359410468562898 -0.2892513318486308 -0.06438458374914449 -0.025794342685973047 0.16116424065453894 0.2505372714896729 0.06493856159323615 0.010065822961484318 -0.09709800028197568 -0.1268080553855369 0.26841260924423643 -0.19166049750277175 -0.2654531785862156 -0.23565799440783122 0.45827248797384296 -0.031081106374500792 0.1644771666474979
0.14430213391821206 -0.2871116884135181 -0.1433812850685611 0.3506270363672475 -0.03359722026970619 -0.2760444222622192 -0.18553568716998708 -0.09434253777549209 0.1686672385796108 0.19069049308984456 0.03570221436598476 0.01787787571343404 -0.26014819805639583 -0.08635484874612047 0.29801406611970666 -0.37682070625210956 -0.19691861967301855 -0.2109289015238015 0.2897154771702091 -0.17550913178452826 0.24947998024920948
0.30141239561668703 -0.21039915449459193 -0.0993565919003745 0.447879348355862 -0.21845068923889496 -0.3383950976202742 -0.2565325061790592 -0.06289751935254025 0.1874499265839285 0.2219533442219482 0.15711995223728173 0.002509613175053643 -0.1601983971605149 -0.061716911587462925 0.22761710149731346 -0.18951285098307372 -0.1529583677444031 -0.26932338612819023 0.27880189263976896 -0.022896135137671816 0.14812550239400177
0.2117112934364455 -0.5841508140535772 0.020569811829745443 0.35724253477600615 -0.25442556016468854 -0.24043671852584958 0.05828627376724583 0.02466123856772837 0.33625005421016146 0.10704714214724223 0.107870578303172 0.004893668019567005 -0.0925933287445397 -0.1310088794386687 0.1348819891098791 -0.2113562357260807 -0.1796387347235265 -0.0900803613767443 0.3053171074200106 -0.0029682795230009246 0.030929084402710378
0.2727719498761452 -0.28384863525286436 -0.08434729302686708 0.28969133576069445 -0.10086133898050739 -0.32937078309377643 -0.18541690418540932 -0.0837938180357649 0.14300392869532427 0.105297377777293 -0.042845685747270955 -0.0131278283768736 -0.30325012256747164 -0.09509378983581945 0.3057738525477815 -0.3359259937469747 -0.13906514470797424 -0.20384319448221358 0.29726538775849604 -0.012188121168839702 0.321918249894238
0.10385115552457151 -0.33301391594209817 -0.1040122305361607 0.34351183907178223 -0.14545841366246254 -0.271939828582678 -0.0721448124076285 -0.08967872293669708 0.16924673217646585 0.12671233321561112 0.045390223823336275 -0.02430427679752941 -0.20712562545373867 -0.1211802557037942 0.2502142948019121 -0.1985328736066546 -0.22384643609291258 -0.24364677301873722 0.4779901664935661 -0.0689507161177813 0.30245955101750766
0.01601147384070186 -0.14464494466852937 -0.21503114380843935 0.5021063944856295 -0.021411675301235954 -0.2828483718646119 -0.11757185321538412 0.037524031250520326 0.13441296663781338 0.20388907889827376 0.05654502399742084 0.12316432637108968 -0.2413956472669077 -0.24931657682730185 0.20393822536956027 -0.36375591495267373 -0.042187003479877694 -0.21194890213867784 0.3407923506793422 0.03546978055566405 0.21985360823141165
0.19423609629720442 -0.24877049903747944 -0.05892488271083525 0.3779810236499173 -0.10162089851419896 -0.3090977113146644 -0.10797191096998762 -0.027050529806748626 0.09652107040464224 0.29554308305455995 0.1458397235017907 -0.01348431494632062 -0.2849546337146498 -0.25097981607143904 0.21307161759943619 -0.23086356135383615 -0.1660233387973184 -0.24654314758441193 0.40854825079563506 -0.018285322444859746 0.13853527955817227
0.21948601944970694 -0.33706517264310587 -0.08349821185313182 0.3713786398483335 -0.1368024769544611 -0.1843167082904341 -0.11739834432902682 -0.05317172307312846 0.07812017877067147 0.1755799553114499 0.08060146595386647 0.01750664001671424 -0.313544500150712 -0.1959181197051014 0.1926399312711952 -0.35013791182020443 -0.22245968329746676 -0.18812742029672994 0.35763486541833095 -0.04053861734260307 0.26355360415610546
0.12682718256330386 -0.21907060321252173 -0.06617489930716897 0.3523753106892286 -0.2154615608138322 -0.3033903532752794 -0.348947326052845 0.04907761296539494 0.05526028880013301 0.13632322955319906 0.10610714177376432 0.051772592648485584 -0.16721032535331928 -0.21631714897863993 0.25008654241238765 -0.32193448403357594 -0.18286788701033957 -0.20832242146171898 0.40580241150605695 -0.013050515945939551 0.16289281807738495
-0.5660677187600706 0.023258912295238354 0.03736966127732061 -0.03767270223855409 -0.25790678720582305 0.37823205680117256 -0.13447489633521462 -0.012222479249931893 0.04517272221909089 0.07769908198308595 -0.04298019054329963 -0.016240031065203244 -0.4655809197786176 0.07310891041586329 -0.20043149996736048 -0.367360674608021 0.16204620856200383 -0.004367206203330009 0.07831580414743036 0.0833890188245437 0.04014094921321718
0.32302018691220835 -0.41343432787808837 0.10126139580895323 0.3889364585569654 -0.27158508602922415 -0.18367348143445789 -0.22765142845010217 -0.08575892846815589 0.3695802180166377 -0.015497595059105328 -0.07591382566858887 -0.13694410355677084 -0.2635625110681565 -0.08900571186112481 0.22523154170288753 -0.11084552220300575 -0.07635329674978183 -0.06365791037599107 0.259360741765635 -0.08750664065193937 0.09986661249596987
0.1739434614135848 -0.4275588052840759 -0.03345217068760542 0.46108319797892644 -0.4146915286575359 -0.16300728775348 -0.10699395655795371 -0.08004909474308865 0.2544644549011863 0.03402546561843032 -0.005768024880506518 -0.10193151731181638 -0.2879481698583865 -0.0026369723555621383 0.12064397548393435 0.01744213334644443 -0.21829226498352944 -0.05913763097258535 0.35875708890309316 -0.03173333077766477 0.04299363974505645
0.22553111684966834 -0.35368279475590736 0.19700326288973016 0.3128112207151727 -0.4566062004508494 -0.24372717788554601 -0.21435505445355083 -0.02171959816449208 0.2962568965413147 0.1041643129571247 0.04843359652237395 -0.06859253904228539 -0.22736053887307908 -0.09331218731198176 0.2508326121471287 0.05106530991210305 -0.1772369305390522 -0.0831036551466834 0.30001269923621715 -0.10046960957288167 0.05528476222091469
